DesignID,k,family,nc,rf,ra,alpha,N,Nf,Na,Nc,lambda,lambda_eff,Dcrit,Acrit,Gcrit,Deff,Aeff,Geff
FCCD_k3_nc1_rf1_ra1,3,FCCD,1,1,1,1,15,8,6,1,0.01,0.099,6.847940526947445,2.0582659432333155,3.21329329697691,0.18631888853686826,0.17625348747680994,0.06691817681565881
FCCD_k4_nc1_rf1_ra1,4,FCCD,1,1,1,1,25,16,8,1,0.01,0.1766666666666667,11.434214980667601,2.2160500924987327,5.56146447625145,0.18005978201612308,0.14687843949901663,0.034552023452827596
FCCD_k5_nc1_rf1_ra1,5,FCCD,1,1,1,1,43,32,10,1,0.01,0.33476190476190476,20.055471498240454,2.332040773630537,8.391609335159544,0.1692971327845961,0.11157578120231364,0.017696568442355124
FCCD_k6_nc1_rf1_ra1,6,FCCD,1,1,1,1,45,32,12,1,0.01,0.3332142857142857,20.912737130952735,2.9095510175450485,10.952845083649333,0.1514385499878294,0.09838597850480212,0.01794327204326945
FCCD_k7_nc1_rf1_ra1,7,FCCD,1,1,1,1,47,32,14,1,0.01,0.33194444444444443,15.655063554241107,12.429502058158718,52.57222941530776,0.126299683531154,0.1147100546110152,0.09525918264280381
FCCD_k8_nc1_rf1_ra1,8,FCCD,1,1,1,1,49,32,16,1,0.01,0.3308888888888889,11.088022442725936,28.007225272831437,64.76272672865171,0.09804009742312403,0.08248045968873237,0.07706116198324861
FCCD_k9_nc1_rf1_ra1,9,FCCD,1,1,1,1,51,32,18,1,0.01,0.33,7.803800359454314,49.6679094036191,81.5583398695207,0.06978042289771426,0.05268974394211783,0.050115085017953316
FCCD_k10_nc1_rf1_ra1,10,FCCD,1,1,1,1,53,32,20,1,0.01,0.3292424242424242,5.565953221603489,77.43369707072925,107.18900585134892,0.045330106108025646,0.03129458646089109,0.02849934182274503
RCCD_k3_nc1_rf1_ra1,3,RCCD,1,1,1,1.681792830507429,15,8,6,1,0.01,0.15197056274847714,10.61596686087703,1.841145694784357,0.8153709188412759,0.2888394165339711,0.19703848080969363,0.2637176823932452
RCCD_k4_nc1_rf1_ra1,4,RCCD,1,1,1,2,25,16,8,1,0.01,0.27266666666666667,19.78956025110319,1.5681914710029314,0.7238284903511589,0.31163520285679697,0.20755754986328254,0.26547704819173806
RCCD_k5_nc1_rf1_ra1,5,RCCD,1,1,1,2.378414230005442,43,32,10,1,0.01,0.5045564488071066,37.90790001940628,1.177042429929219,0.5675890625328138,0.31999740239134583,0.2210619298822745,0.2616376860372846
RCCD_k6_nc1_rf1_ra1,6,RCCD,1,1,1,2.8284271247461903,45,32,12,1,0.01,0.633214285714286,44.9647339176939,1.0754642057760382,0.5964729467394924,0.3256098932647903,0.26617252562511107,0.3294866599700793
RCCD_k7_nc1_rf1_ra1,7,RCCD,1,1,1,3.363585661014858,47,32,14,1,0.01,0.8659421997182739,40.830919801198895,4.36504497713886,18.715429205962135,0.32940985715642707,0.32663783932271623,0.267586040838262
RCCD_k8_nc1_rf1_ra1,8,RCCD,1,1,1,4,49,32,16,1,0.01,1.290888888888889,37.474742455689054,6.964553603081691,16.35772165609276,0.33135100693023084,0.3316865583584373,0.30509694930862274
RCCD_k9_nc1_rf1_ra1,9,RCCD,1,1,1,4.756828460010884,51,32,18,1,0.01,2.073144273811536,37.15717817405254,7.866031691853042,12.820844629561432,0.33225396438158117,0.3326950018937057,0.31880139371316735
RCCD_k10_nc1_rf1_ra1,10,RCCD,1,1,1,5.656854249492381,53,32,20,1,0.01,3.5231818181818193,40.850573314037476,7.277168175192121,9.226918357358795,0.33269428419046754,0.3329943007538657,0.33107653054732905
SCCD_k3_nc1_rf1_ra1,3,SCCD,1,1,1,1.7320508075688772,15,8,6,1,0.01,0.159,11.001486475087336,1.8116499869410267,0.8228245266215958,0.299328641103923,0.20024648981019022,0.26132877916333674
SCCD_k4_nc1_rf1_ra1,4,SCCD,1,1,1,2,25,16,8,1,0.01,0.27266666666666667,19.78956025110319,1.5681914710029314,0.7419304306431806,0.31163520285679697,0.20755754986328254,0.2589998240790905
SCCD_k5_nc1_rf1_ra1,5,SCCD,1,1,1,2.23606797749979,43,32,10,1,0.01,0.4680952380952382,35.612609027617104,1.2776591694503736,0.6223237474498976,0.30062183279427546,0.2036531160539537,0.2386261002407156
SCCD_k6_nc1_rf1_ra1,6,SCCD,1,1,1,2.449489742783178,45,32,12,1,0.01,0.5046428571428572,38.82425283970924,1.4030358365738174,0.6156985314800446,0.28114390371714004,0.20402830519985185,0.31919822597477815
SCCD_k7_nc1_rf1_ra1,7,SCCD,1,1,1,2.6457513110645907,47,32,14,1,0.01,0.5419444444444446,30.967413197969318,6.962942285267439,24.422342844325254,0.24983446877304005,0.20476815711884785,0.20505762431288754
SCCD_k8_nc1_rf1_ra1,8,SCCD,1,1,1,2.8284271247461903,49,32,16,1,0.01,0.579777777777778,23.476823299624257,15.2030986845527,36.32869124657706,0.20758165447172164,0.15194591991014136,0.13737601888930484
SCCD_k9_nc1_rf1_ra1,9,SCCD,1,1,1,3,51,32,18,1,0.01,0.618,17.756709516757994,25.598424059287034,39.85779072995915,0.15877785723338045,0.10223244300336375,0.10254715732179144
SCCD_k10_nc1_rf1_ra1,10,SCCD,1,1,1,3.1622776601683795,53,32,20,1,0.01,0.6565151515151517,13.651176038315088,37.74750765108329,49.76701614278223,0.11117758875772371,0.06419643782486503,0.061382344254546056
FCCD_k3_nc3_rf1_ra1,3,FCCD,3,1,1,1,17,8,6,3,0.01,0.10099999999999999,7.159724873843853,1.914442592188555,3.2196559671307585,0.19480192263278892,0.1894946090991938,0.0667859334049585
FCCD_k4_nc3_rf1_ra1,4,FCCD,3,1,1,1,27,16,8,3,0.01,0.17800000000000002,11.67188880559219,2.1540821155759766,5.469480580229923,0.18380253979872696,0.151103793622479,0.03513310783296167
FCCD_k5_nc3_rf1_ra1,5,FCCD,3,1,1,1,45,32,10,3,0.01,0.3357142857142857,20.278567089695905,2.2988852072938966,7.66143513439533,0.1711803816513009,0.11318497778310788,0.019383142496954317
FCCD_k6_nc3_rf1_ra1,6,FCCD,3,1,1,1,47,32,12,3,0.01,0.33392857142857146,21.055544676662368,2.887784226573387,11.789099285318684,0.15247268375588496,0.09912756681633518,0.01667047449744111
FCCD_k7_nc3_rf1_ra1,7,FCCD,3,1,1,1,49,32,14,3,0.01,0.3325,15.72751455928752,12.399043816651627,47.4990223944142,0.12688419339131343,0.11499183977108873,0.10543348791955591
FCCD_k8_nc3_rf1_ra1,8,FCCD,3,1,1,1,51,32,16,3,0.01,0.3313333333333333,11.125113947672604,27.96337550074848,67.41719625450264,0.09836805985080897,0.08260979848613727,0.07402697311934234
FCCD_k9_nc3_rf1_ra1,9,FCCD,3,1,1,1,53,32,18,3,0.01,0.3303636363636364,7.823611247063988,49.60904448340307,82.72219259573266,0.06995756891013208,0.05275226434753289,0.04940999516851552
FCCD_k10_nc3_rf1_ra1,10,FCCD,3,1,1,1,55,32,20,3,0.01,0.32954545454545453,5.577085275870484,77.35962237959257,102.74554064752488,0.045420767524144735,0.031324552181444455,0.02973186084910051
RCCD_k3_nc3_rf1_ra1,3,RCCD,3,1,1,1.681792830507429,17,8,6,3,0.01,0.15397056274847715,11.702606533010059,1.1522646117028275,0.6626157605026525,0.3184047282003302,0.31483788269215607,0.3245134538371901
RCCD_k4_nc3_rf1_ra1,4,RCCD,3,1,1,2,27,16,8,3,0.01,0.27399999999999997,21.033408167237997,1.0103809530190804,0.5774034089916095,0.3312226415239127,0.3221457990328116,0.332799993943749
RCCD_k5_nc3_rf1_ra1,5,RCCD,3,1,1,2.378414230005442,45,32,10,3,0.01,0.5055088297594875,39.326575329200956,0.8067929359174544,0.4453071964516189,0.3319730700948755,0.32251059662239884,0.3334836942328448
RCCD_k6_nc3_rf1_ra1,6,RCCD,3,1,1,2.8284271247461903,47,32,12,3,0.01,0.6339285714285716,45.91428314835067,0.8760286798603774,0.5960439998810091,0.33248600698114766,0.32676900933932507,0.32972377714219164
RCCD_k7_nc3_rf1_ra1,7,RCCD,3,1,1,3.363585661014858,49,32,14,3,0.01,0.8664977552738294,41.258786658449786,4.286107998872959,16.066366669199535,0.3328617402150313,0.3326535076237058,0.31170629345917295
RCCD_k8_nc3_rf1_ra1,8,RCCD,3,1,1,4,51,32,16,3,0.01,1.2913333333333332,37.67020228556794,6.934121109467384,15.003499701257372,0.33307925927302845,0.33314226542063624,0.3326351234235868
RCCD_k9_nc3_rf1_ra1,9,RCCD,3,1,1,4.756828460010884,53,32,18,3,0.01,2.0735079101751728,37.261839131613286,7.852846847893828,13.257630762128207,0.3331898271078259,0.3332535931626995,0.3082981574777271
RCCD_k10_nc3_rf1_ra1,10,RCCD,3,1,1,5.656854249492381,55,32,20,3,0.01,3.5234848484848498,40.918389049875906,7.270726337776248,9.402611605291634,0.33324658752090486,0.3332893325080831,0.32489017367032474
SCCD_k3_nc3_rf1_ra1,3,SCCD,3,1,1,1.7320508075688772,17,8,6,3,0.01,0.161,12.130565806523107,1.1272977826153205,0.6498385290910473,0.3300486517808903,0.32181075510321616,0.3308940904264928
SCCD_k4_nc3_rf1_ra1,4,SCCD,3,1,1,2,27,16,8,3,0.01,0.27399999999999997,21.033408167237997,1.0103809530190804,0.5766982527796403,0.3312226415239127,0.3221457990328116,0.3332069242265123
SCCD_k5_nc3_rf1_ra1,5,SCCD,3,1,1,2.23606797749979,45,32,10,3,0.01,0.46904761904761916,37.04011847165739,0.8463043878841658,0.5181462037451592,0.31267207334434954,0.30745352953208205,0.286603834724215
SCCD_k6_nc3_rf1_ra1,6,SCCD,3,1,1,2.449489742783178,47,32,12,3,0.01,0.5053571428571428,39.97181195393439,0.9938705143467308,0.615531192906366,0.2894538961966208,0.2880244657011178,0.3192850033411747
SCCD_k7_nc3_rf1_ra1,7,SCCD,3,1,1,2.6457513110645907,49,32,14,3,0.01,0.5425000000000001,31.670282146165718,6.5673437082315544,24.784998038624128,0.255504974383797,0.21710282318435972,0.2020572120283367
SCCD_k8_nc3_rf1_ra1,8,SCCD,3,1,1,2.8284271247461903,51,32,16,3,0.01,0.5802222222222223,23.89783104801329,14.819707829709744,36.855965062314525,0.21130419750237983,0.15587681225927813,0.13541067141982152
SCCD_k9_nc3_rf1_ra1,9,SCCD,3,1,1,3,53,32,18,3,0.01,0.6183636363636363,18.01398573737874,25.226806182220688,43.06045359979615,0.16107838295796428,0.10373843639633601,0.09492011334742444
SCCD_k10_nc3_rf1_ra1,10,SCCD,3,1,1,3.1622776601683795,55,32,20,3,0.01,0.6568181818181821,13.813900692140692,37.38746375237141,50.14036985885369,0.11250284707927699,0.0648146540245775,0.06092528088638334
FCCD_k3_nc5_rf1_ra1,3,FCCD,5,1,1,1,19,8,6,5,0.01,0.10300000000000001,7.384219690574858,1.8457681997517936,3.2177065482601,0.2009099816281923,0.19654502157876666,0.06682639506823372
FCCD_k4_nc5_rf1_ra1,4,FCCD,5,1,1,1,29,16,8,5,0.01,0.17933333333333334,11.857445990318267,2.1175961448060474,5.469911705908857,0.18672459315261206,0.15370729694432705,0.03513033872337052
FCCD_k5_nc5_rf1_ra1,5,FCCD,5,1,1,1,47,32,10,5,0.01,0.33666666666666667,20.461991442114574,2.2767986141585577,7.389924894995321,0.1727287479886406,0.1142829539228429,0.020095290689859043
FCCD_k6_nc5_rf1_ra1,6,FCCD,5,1,1,1,49,32,12,5,0.01,0.3346428571428572,21.17664208042996,2.872205622367778,10.151123603803697,0.15334960460651392,0.09966522648710197,0.019360406458853993
FCCD_k7_nc5_rf1_ra1,7,FCCD,5,1,1,1,51,32,14,5,0.01,0.3330555555555556,15.79066895300236,12.372419952756493,47.05916652991346,0.12739370137971281,0.1152392874897086,0.10641896091867299
FCCD_k8_nc5_rf1_ra1,8,FCCD,5,1,1,1,53,32,16,5,0.01,0.3317777777777778,11.158177364917453,27.922085853560702,63.636517255983954,0.09866040599860677,0.08273195731952941,0.07842495457188463
FCCD_k9_nc5_rf1_ra1,9,FCCD,5,1,1,1,55,32,18,5,0.01,0.3307272727272727,7.8415933379102185,49.551990982740435,77.27820501076363,0.07011836209371408,0.052813002600208866,0.0528907618378929
FCCD_k10_nc5_rf1_ra1,10,FCCD,5,1,1,1,57,32,20,5,0.01,0.32984848484848484,5.58733905177117,77.28688957499796,102.19762243851122,0.04550427608612508,0.03135403095262227,0.029891264048102367
RCCD_k3_nc5_rf1_ra1,3,RCCD,5,1,1,1.681792830507429,19,8,6,5,0.01,0.15597056274847712,12.284384454187554,0.9916565310018018,0.6604025140179738,0.3342337523021794,0.3658288321694706,0.3256010152042211
RCCD_k4_nc5_rf1_ra1,4,RCCD,5,1,1,2,29,16,8,5,0.01,0.2753333333333334,21.703116072904496,0.8704107891383224,0.576849544147731,0.3417688364059109,0.373949844716527,0.3331195334468281
RCCD_k5_nc5_rf1_ra1,5,RCCD,5,1,1,2.378414230005442,47,32,10,5,0.01,0.5064612107118684,40.14131725179935,0.6954064629595563,0.44600087781986886,0.3388506681342643,0.3741686121323951,0.3329650149279177
RCCD_k6_nc5_rf1_ra1,6,RCCD,5,1,1,2.8284271247461903,49,32,12,5,0.01,0.6346428571428573,46.520012781177925,0.7989855707173017,0.5861176349388834,0.33687236811147764,0.35827808957027696,0.3353079096557114
RCCD_k7_nc5_rf1_ra1,7,RCCD,5,1,1,3.363585661014858,51,32,14,5,0.01,0.867053310829385,41.573234243115806,4.243596415173494,17.15602536502194,0.33539859548188167,0.3359859704803763,0.2919083818809556
RCCD_k8_nc5_rf1_ra1,8,RCCD,5,1,1,4,53,32,16,5,0.01,1.2917777777777777,37.83009615609518,6.91336779221846,16.737544180306323,0.3344930380351859,0.3341423289686919,0.29817343100940846
RCCD_k9_nc5_rf1_ra1,9,RCCD,5,1,1,4.756828460010884,55,32,18,5,0.01,2.073871546538809,37.35317313316364,7.842604695183648,12.902302515522898,0.3340065221742755,0.333688810074051,0.3167886609050348
RCCD_k10_nc5_rf1_ra1,10,RCCD,5,1,1,5.656854249492381,57,32,20,5,0.01,3.52378787878788,40.97985715904069,7.265365766050477,9.940319982252106,0.33374719465857977,0.33353524185798705,0.3073156722169926
SCCD_k3_nc5_rf1_ra1,3,SCCD,5,1,1,1.7320508075688772,19,8,6,5,0.01,0.163,12.734306319733768,0.9682385507333738,0.6457779609592301,0.346475234480234,0.37467682976972916,0.33297470958636116
SCCD_k4_nc5_rf1_ra1,4,SCCD,5,1,1,2,29,16,8,5,0.01,0.2753333333333334,21.703116072904496,0.8704107891383224,0.5772274584458644,0.3417688364059109,0.373949844716527,0.33290143807933464
SCCD_k5_nc5_rf1_ra1,5,SCCD,5,1,1,2.23606797749979,47,32,10,5,0.01,0.4700000000000001,37.835663114531485,0.725232979580385,0.5305950694187419,0.3193876186284655,0.35878025191852775,0.27987951170341496
SCCD_k6_nc5_rf1_ra1,6,SCCD,5,1,1,2.449489742783178,49,32,12,5,0.01,0.5060714285714285,40.60999431340266,0.8775882144056718,0.6153655335804921,0.29407526213932383,0.32618831836144835,0.31937095638132534
SCCD_k7_nc5_rf1_ra1,7,SCCD,5,1,1,2.6457513110645907,51,32,14,5,0.01,0.5430555555555556,32.06281552855379,6.4493425369810575,23.627626652432397,0.25867179908554633,0.2210750710950027,0.21195474592013783
SCCD_k8_nc5_rf1_ra1,8,SCCD,5,1,1,2.8284271247461903,53,32,16,5,0.01,0.5806666666666668,24.13436540136986,14.700191288542767,33.49243768963541,0.21339563005194206,0.15714413300930696,0.14900948748970624
SCCD_k9_nc5_rf1_ra1,9,SCCD,5,1,1,3,55,32,18,5,0.01,0.6187272727272728,18.15950242982027,25.106576699665247,40.84630143136931,0.16237957159292787,0.10423521533510739,0.10006544027864361
SCCD_k10_nc5_rf1_ra1,10,SCCD,5,1,1,3.1622776601683795,57,32,20,5,0.01,0.6571212121212123,13.906577835418112,37.26734287826329,51.39254700456568,0.11325762610297563,0.0650235659644998,0.05944083909922624
FCCD_k3_nc7_rf1_ra1,3,FCCD,7,1,1,1,21,8,6,7,0.01,0.105,7.561278826696965,1.8052714883303498,3.227508276410075,0.2057274097757867,0.20095401328535936,0.06662344774738899
FCCD_k4_nc7_rf1_ra1,4,FCCD,7,1,1,1,31,16,8,7,0.01,0.18066666666666667,12.010278828202125,2.09339860237654,5.492924629353735,0.18913132133822,0.15548399577049082,0.034983158150144876
FCCD_k5_nc7_rf1_ra1,5,FCCD,7,1,1,1,49,32,10,7,0.01,0.3376190476190476,20.61806233594638,2.2609422911524897,7.778495314938239,0.17404621164633483,0.11508443719757279,0.019091441587162045
FCCD_k6_nc7_rf1_ra1,6,FCCD,7,1,1,1,51,32,12,7,0.01,0.33535714285714285,21.281904532828282,2.8604410501123483,11.323648474656435,0.15411185744121203,0.10007513486759988,0.017355702927688166
FCCD_k7_nc7_rf1_ra1,7,FCCD,7,1,1,1,53,32,14,7,0.01,0.33361111111111114,15.846752906414915,12.348338510358479,42.51773450185401,0.1278461674807056,0.11546402446637503,0.11778585247983542
FCCD_k8_nc7_rf1_ra1,8,FCCD,7,1,1,1,55,32,16,7,0.01,0.3322222222222222,11.188076869686146,27.88259616101628,63.88389478453078,0.09892477688850777,0.08284912931955694,0.07812126971510147
FCCD_k9_nc7_rf1_ra1,9,FCCD,7,1,1,1,57,32,18,7,0.01,0.3310909090909091,7.858101793510649,49.49627359491135,80.81313554253542,0.07026597824996167,0.052872453591860824,0.05057721259105011
FCCD_k10_nc7_rf1_ra1,10,FCCD,7,1,1,1,59,32,20,7,0.01,0.33015151515151514,5.596870296062762,77.21518668754983,101.64463966337622,0.045581900223065804,0.03138314665704371,0.0300538830922581
RCCD_k3_nc7_rf1_ra1,3,RCCD,7,1,1,1.681792830507429,21,8,6,7,0.01,0.15797056274847715,12.691565739113589,0.9200124295217291,0.6621209973751371,0.3453123479970299,0.39431701030192373,0.32475594318880074
RCCD_k4_nc7_rf1_ra1,4,RCCD,7,1,1,2,31,16,8,7,0.01,0.27666666666666667,22.169591746373428,0.806700018941424,0.5770827580450708,0.3491146409252987,0.40348329217220436,0.3329849113261841
RCCD_k5_nc7_rf1_ra1,5,RCCD,7,1,1,2.378414230005442,49,32,10,7,0.01,0.5074135916642495,40.71939692763283,0.6417194801850247,0.4455726538964117,0.34373049515046,0.40547198448526556,0.3332850156815985
RCCD_k6_nc7_rf1_ra1,6,RCCD,7,1,1,2.8284271247461903,51,32,12,7,0.01,0.635357142857143,46.96754445575459,0.7581178324035127,0.5887307276096866,0.3401131465637255,0.37759172998643986,0.33381963904218126
RCCD_k7_nc7_rf1_ra1,7,RCCD,7,1,1,3.363585661014858,53,32,14,7,0.01,0.8676088663849406,41.822621870150904,4.216545689702874,16.358699573146563,0.3374105693242099,0.33814144676790703,0.3061360459258626
RCCD_k8_nc7_rf1_ra1,8,RCCD,7,1,1,4,55,32,16,7,0.01,1.2922222222222224,37.96561348071333,6.898053384461659,16.68902530597991,0.3356912798115453,0.3348841602636135,0.29904029045514474
RCCD_k9_nc7_rf1_ra1,9,RCCD,7,1,1,4.756828460010884,57,32,18,7,0.01,2.0742351829024455,37.43426817725773,7.834334958454656,13.261098604444353,0.3347316620050169,0.33404104400626816,0.30821753599768376
RCCD_k10_nc7_rf1_ra1,10,RCCD,7,1,1,5.656854249492381,59,32,20,7,0.01,3.52409090909091,41.03609301789591,7.260812277216842,9.537856008255778,0.3342051894256017,0.333744412532209,0.3202833125970472
SCCD_k3_nc7_rf1_ra1,3,SCCD,7,1,1,1.7320508075688772,21,8,6,7,0.01,0.165,13.156687107143561,0.8973468205548464,0.64649366419036,0.3579673785109591,0.40427685521335666,0.33260608868760266
SCCD_k4_nc7_rf1_ra1,4,SCCD,7,1,1,2,31,16,8,7,0.01,0.27666666666666667,22.169591746373428,0.806700018941424,0.577195983566509,0.3491146409252987,0.40348329217220436,0.3329195914152883
SCCD_k5_nc7_rf1_ra1,5,SCCD,7,1,1,2.23606797749979,49,32,10,7,0.01,0.470952380952381,38.39418058017606,0.668208329194262,0.5224795427109603,0.3241023123494305,0.38939842522949114,0.28422680086311025
SCCD_k6_nc7_rf1_ra1,6,SCCD,7,1,1,2.449489742783178,51,32,12,7,0.01,0.5067857142857143,41.05686485621481,0.8225976418668428,0.6158643355755725,0.2973112530386492,0.34799397579254204,0.31911229085872306
SCCD_k7_nc7_rf1_ra1,7,SCCD,7,1,1,2.6457513110645907,53,32,14,7,0.01,0.5436111111111112,32.33828320958236,6.390330551120768,23.60613946262803,0.26089417785880553,0.22311660538891065,0.21214767504617016
SCCD_k8_nc7_rf1_ra1,8,SCCD,7,1,1,2.8284271247461903,55,32,16,7,0.01,0.5811111111111112,24.300881262290808,14.637648201951144,33.05597825430804,0.21486796033549907,0.15781557141133498,0.15097695601439595
SCCD_k9_nc7_rf1_ra1,9,SCCD,7,1,1,3,57,32,18,7,0.01,0.619090909090909,18.262290720669032,25.041510732854533,42.483194389115,0.16329868921177754,0.10450605223204441,0.09620988240779291
SCCD_k10_nc7_rf1_ra1,10,SCCD,7,1,1,3.1622776601683795,59,32,20,7,0.01,0.6574242424242425,13.97226121793896,37.2007318162812,48.8400373363221,0.11379256317137347,0.06513999616818904,0.06254737473605407
FCCD_k3_nc10_rf1_ra1,3,FCCD,10,1,1,1,24,8,6,10,0.01,0.10800000000000001,7.773591423568395,1.768007630113895,3.06253222568812,0.2115040147150084,0.20518947117114394,0.07021239718036194
FCCD_k4_nc10_rf1_ra1,4,FCCD,10,1,1,1,34,16,8,10,0.01,0.18266666666666667,12.199265189420931,2.0690878959045462,5.25178215200035,0.19210737549345608,0.15731085184062246,0.03658945581783432
FCCD_k5_nc10_rf1_ra1,5,FCCD,10,1,1,1,52,32,10,10,0.01,0.33904761904761904,20.816145956379053,2.243950736458366,7.79351565102298,0.17571832336875362,0.11595587500470186,0.01905464691299677
FCCD_k6_nc10_rf1_ra1,6,FCCD,10,1,1,1,54,32,12,10,0.01,0.33642857142857147,21.417997194002123,2.8472598983566013,11.164034474793414,0.1550973657055342,0.10053842434125419,0.01760384020915011
FCCD_k7_nc10_rf1_ra1,7,FCCD,10,1,1,1,56,32,14,10,0.01,0.33444444444444443,15.920798279059444,12.315393198423418,47.95646655458334,0.1284435401518256,0.11577290606211728,0.10442778552319253
FCCD_k8_nc10_rf1_ra1,8,FCCD,10,1,1,1,58,32,16,10,0.01,0.3328888888888889,11.228286791967752,27.82573767440743,65.11132700848007,0.09928031230685924,0.08301842136726799,0.07664858334500706
FCCD_k9_nc10_rf1_ra1,9,FCCD,10,1,1,1,60,32,18,10,0.01,0.3316363636363637,7.880653423111151,49.414544775261746,84.60575099727942,0.07046763156989178,0.05295990159413817,0.048309991794950116
FCCD_k10_nc10_rf1_ra1,10,FCCD,10,1,1,1,62,32,20,10,0.01,0.3306060606060606,5.610062151832045,77.10911286816145,106.10270389745195,0.045689337026426344,0.03142631834073342,0.0287911241201759
RCCD_k3_nc10_rf1_ra1,3,RCCD,10,1,1,1.681792830507429,24,8,6,10,0.01,0.16097056274847713,13.143495360316129,0.8650467903068347,0.6626269303928936,0.35760845722695045,0.4193721712104609,0.32450798351973864
RCCD_k4_nc10_rf1_ra1,4,RCCD,10,1,1,2,34,16,8,10,0.01,0.2786666666666667,22.683848556886158,0.7573165114649546,0.5765831713406415,0.3572128767340348,0.42979385040507945,0.3332734296922115
RCCD_k5_nc10_rf1_ra1,5,RCCD,10,1,1,2.378414230005442,52,32,10,10,0.01,0.5088421630928209,41.36227662612626,0.5987377615632875,0.4457421137436032,0.3491573279072921,0.43457969050440715,0.33315830917106876
RCCD_k6_nc10_rf1_ra1,6,RCCD,10,1,1,2.8284271247461903,54,32,12,10,0.01,0.6364285714285716,47.47756683072331,0.7234207041148952,0.5880373439426989,0.3438064483272854,0.3957020060976137,0.3342132621476113
RCCD_k7_nc10_rf1_ra1,7,RCCD,10,1,1,3.363585661014858,56,32,14,10,0.01,0.8684421997182739,42.121505456427265,4.189845041180311,18.873035116219565,0.33982185959004424,0.3402963226242508,0.2653514695952799
RCCD_k8_nc10_rf1_ra1,8,RCCD,10,1,1,4,58,32,16,10,0.01,1.292888888888889,38.13696040571875,6.881004752757135,15.354656127722855,0.3372063262778973,0.3357138816367496,0.3250278569184492
RCCD_k9_nc10_rf1_ra1,9,RCCD,10,1,1,4.756828460010884,60,32,18,10,0.01,2.0747806374479,37.54118702258201,7.824407449814449,12.966842153519991,0.33568771442804246,0.33446487103365985,0.31521191421109557
RCCD_k10_nc10_rf1_ra1,10,RCCD,10,1,1,5.656854249492381,62,32,20,10,0.01,3.5245454545454558,41.11243021765335,7.2550980289816245,9.292097766256598,0.3348268930632757,0.33400727575097017,0.3287541946115865
SCCD_k3_nc10_rf1_ra1,3,SCCD,10,1,1,1.7320508075688772,24,8,6,10,0.01,0.168,13.625364968425453,0.8429857541797764,0.6468559836391873,0.37071917415700045,0.4303471901522209,0.33241978809245026
SCCD_k4_nc10_rf1_ra1,4,SCCD,10,1,1,2,34,16,8,10,0.01,0.2786666666666667,22.683848556886158,0.7573165114649546,0.5774491502007968,0.3572128767340348,0.42979385040507945,0.3327736320136375
SCCD_k5_nc10_rf1_ra1,5,SCCD,10,1,1,2.23606797749979,52,32,10,10,0.01,0.4723809523809524,39.011397939164134,0.623160091092203,0.5192732688594449,0.3293125179130707,0.41754803433805876,0.28598177076847225
SCCD_k6_nc10_rf1_ra1,6,SCCD,10,1,1,2.449489742783178,54,32,12,10,0.01,0.5078571428571429,41.5493583242912,0.7790553656164604,0.6156750709505524,0.3008776200912708,0.36744374855091044,0.3192103891428966
SCCD_k7_nc10_rf1_ra1,7,SCCD,10,1,1,2.6457513110645907,56,32,14,10,0.01,0.5444444444444445,32.642614406365375,6.339519430253426,25.713078972755476,0.26334941757783814,0.2249048804985074,0.19476421353967152
SCCD_k8_nc10_rf1_ra1,8,SCCD,10,1,1,2.8284271247461903,58,32,16,10,0.01,0.581777777777778,24.485425884316147,14.580476235373265,35.4377545438674,0.21649970060440044,0.15843438704043689,0.14082977432262694
SCCD_k9_nc10_rf1_ra1,9,SCCD,10,1,1,3,60,32,18,10,0.01,0.6196363636363637,18.37657024909917,24.97961117293078,45.220406572129136,0.16432055976908175,0.10476501857854793,0.09038625360355128
SCCD_k10_nc10_rf1_ra1,10,SCCD,10,1,1,3.1622776601683795,62,32,20,10,0.01,0.657878787878788,14.04550429274556,37.135661491225825,50.0097330027023,0.11438906770895649,0.06525413660771699,0.06108443164919
FCCD_k3_nc1_rf2_ra1,3,FCCD,1,2,1,1,23,16,6,1,0.01,0.179,10.87260964995938,1.6521776009573235,2.9180187902377015,0.2958221581370353,0.21957479053063875,0.07368963137833529
FCCD_k4_nc1_rf2_ra1,4,FCCD,1,2,1,1,41,32,8,1,0.01,0.33666666666666667,19.025109972791554,1.810718084583187,5.0434218042508245,0.2995970567568956,0.17975740244113736,0.03810108661812633
FCCD_k5_nc1_rf2_ra1,5,FCCD,1,2,1,1,75,64,10,1,0.01,0.6547619047619049,34.67855211751326,1.8878347326965927,7.039935846399436,0.2927370440097239,0.1378294755398451,0.02109432417869383
FCCD_k6_nc1_rf2_ra1,6,FCCD,1,2,1,1,77,64,12,1,0.01,0.6532142857142857,36.69943591631034,2.325925671979294,9.013775261679488,0.26575714722256016,0.12307316064283959,0.021803281452913437
FCCD_k7_nc1_rf2_ra1,7,FCCD,1,2,1,1,79,64,14,1,0.01,0.6519444444444444,27.772857492975454,7.322607809909864,23.783762480323404,0.2240618889834126,0.19471053167009128,0.21056330376471571
FCCD_k8_nc1_rf2_ra1,8,FCCD,1,2,1,1,81,64,16,1,0.01,0.6508888888888889,19.84744034542401,15.387568219032929,34.279580284089036,0.17549071487869713,0.1501243589777697,0.14558786699118184
FCCD_k9_nc1_rf2_ra1,9,FCCD,1,2,1,1,83,64,18,1,0.01,0.65,14.074884960563109,26.5237292438537,42.45749680347294,0.1258555292992464,0.09866596829416163,0.09626811385992562
FCCD_k10_nc1_rf2_ra1,10,FCCD,1,2,1,1,85,64,20,1,0.01,0.6492424242424243,10.104514994486951,40.735405239322084,56.91856073140643,0.08229295479746664,0.059487699060060045,0.05366994664206659
RCCD_k3_nc1_rf2_ra1,3,RCCD,1,2,1,1.681792830507429,23,16,6,1,0.01,0.2319705627484772,15.859325540627536,1.4719366819079567,0.7473639714563388,0.43150081342649593,0.24646206260678186,0.2877148714951589
RCCD_k4_nc1_rf2_ra1,4,RCCD,1,2,1,2,41,32,8,1,0.01,0.43266666666666664,31.230766776693816,1.1931898677224004,0.6405093626650008,0.49180508390962036,0.27278976149803486,0.30001099471204934
RCCD_k5_nc1_rf2_ra1,5,RCCD,1,2,1,2.378414230005442,75,64,10,1,0.01,0.8245564488071065,62.307333697865246,0.8445182517530896,0.4522253243541095,0.5259638471938737,0.3081037864763035,0.3283820718206259
RCCD_k6_nc1_rf2_ra1,6,RCCD,1,2,1,2.8284271247461903,77,64,12,1,0.01,0.9532142857142859,74.32009193500691,0.7163200202667738,0.3186591404388068,0.5381852641824353,0.3996244915285251,0.6167401277524209
RCCD_k7_nc1_rf2_ra1,7,RCCD,1,2,1,3.363585661014858,79,64,14,1,0.01,1.185942199718274,65.72511491746029,3.0815803289507016,10.759307144471151,0.5302476853806912,0.46268106220829974,0.4654563287921028
RCCD_k8_nc1_rf2_ra1,8,RCCD,1,2,1,4,81,64,16,1,0.01,1.610888888888889,57.460886716641696,5.412144556572218,12.711191626112992,0.5080681393654976,0.42682688737569296,0.39262180303072164
RCCD_k9_nc1_rf2_ra1,9,RCCD,1,2,1,4.756828460010884,83,64,18,1,0.01,2.393144273811536,53.470824991153656,6.6301034461920425,11.20836336599802,0.4781281694440064,0.3947132122229628,0.3646654737196966
RCCD_k10_nc1_rf2_ra1,10,RCCD,1,2,1,5.656854249492381,85,64,20,1,0.01,3.843181818181819,54.93646816451114,6.516765077920246,8.757257968330046,0.44741229973543367,0.3718494527563576,0.34883249168236435
SCCD_k3_nc1_rf2_ra1,3,SCCD,1,2,1,1.7320508075688772,23,16,6,1,0.01,0.239,16.353773453447992,1.4539121305990512,0.7522405474266309,0.4449537610964646,0.2495175210486371,0.2858496922869538
SCCD_k4_nc1_rf2_ra1,4,SCCD,1,2,1,2,41,32,8,1,0.01,0.43266666666666664,31.230766776693816,1.1931898677224004,0.6383985910019612,0.49180508390962036,0.27278976149803486,0.30100293723066396
SCCD_k5_nc1_rf2_ra1,5,SCCD,1,2,1,2.23606797749979,75,64,10,1,0.01,0.7880952380952383,58.85397783729934,0.9190702103538442,0.5043128805198953,0.49681253824908117,0.28311141867311496,0.29446538979544973
SCCD_k6_nc1_rf2_ra1,6,SCCD,1,2,1,2.449489742783178,77,64,12,1,0.01,0.8246428571428571,64.95370052430152,0.9747153598422184,0.47353165775678785,0.47035900476102865,0.2936847367596119,0.4150300740497622
SCCD_k7_nc1_rf2_ra1,7,SCCD,1,2,1,2.6457513110645907,79,64,14,1,0.01,0.8619444444444444,51.41923399745991,4.461879144775822,17.518941168381023,0.41483274461279285,0.3195489643749076,0.2858613175122037
SCCD_k8_nc1_rf2_ra1,8,SCCD,1,2,1,2.8284271247461903,81,64,16,1,0.01,0.8997777777777779,38.38028807363926,9.856823973927693,23.33744483595512,0.33935782519412816,0.23436036001244775,0.2138490743093059
SCCD_k9_nc1_rf2_ra1,9,SCCD,1,2,1,3,83,64,18,1,0.01,0.938,28.433987533992457,16.91455898083421,28.247593012120014,0.2542524902481066,0.1547181591658578,0.14469562538409728
SCCD_k10_nc1_rf2_ra1,10,SCCD,1,2,1,3.1622776601683795,85,64,20,1,0.01,0.9765151515151517,21.343760848208106,25.429274677578643,33.244118662734124,0.17382735813127562,0.09529393027096461,0.0918904227358022
FCCD_k3_nc3_rf2_ra1,3,FCCD,3,2,1,1,25,16,6,3,0.01,0.18100000000000002,11.344829631816872,1.5258567980373239,2.9346646238225995,0.30867032786315407,0.23775268499393198,0.073271653347422
FCCD_k4_nc3_rf2_ra1,4,FCCD,3,2,1,1,43,32,8,3,0.01,0.33799999999999997,19.404276492960726,1.7546853355851746,4.905444697549157,0.30556796434302236,0.18549763472509836,0.039172768803512135
FCCD_k5_nc3_rf2_ra1,5,FCCD,3,2,1,1,77,64,10,3,0.01,0.6557142857142857,35.04571458551723,1.858056764694255,7.054617805902706,0.29583642529849796,0.14003838637098423,0.021050423003341524
FCCD_k6_nc3_rf2_ra1,6,FCCD,3,2,1,1,79,64,12,3,0.01,0.6539285714285714,36.940093414841385,2.3060334392325976,9.334622110979835,0.26749985657681763,0.12413481045013537,0.021053865560614216
FCCD_k7_nc3_rf2_ra1,7,FCCD,3,2,1,1,81,64,14,3,0.01,0.6525,27.895272629356366,7.304495799112411,26.392768157175205,0.22504949231895727,0.19519333012038476,0.18974847859794128
FCCD_k8_nc3_rf2_ra1,8,FCCD,3,2,1,1,83,64,16,3,0.01,0.6513333333333334,19.909687137189447,15.36854775431102,34.00642976928259,0.17604109990546662,0.15031015630354727,0.14675727527920315
FCCD_k9_nc3_rf2_ra1,9,FCCD,3,2,1,1,85,64,18,3,0.01,0.6503636363636364,14.107711761742957,26.502558297056204,42.24154858573049,0.12614906167619064,0.09874478528767848,0.09676025792920108
FCCD_k10_nc3_rf2_ra1,10,FCCD,3,2,1,1,87,64,20,3,0.01,0.6495454545454545,10.122664641374396,40.71154056382028,55.17795645945864,0.08244076872734979,0.05952257012155161,0.05536298031700939
RCCD_k3_nc3_rf2_ra1,3,RCCD,3,2,1,1.681792830507429,25,16,6,3,0.01,0.23397056274847716,17.389851382160213,0.8634660552597397,0.5431614071854727,0.47314338794202543,0.4201399098896719,0.39588182474504646
RCCD_k4_nc3_rf2_ra1,4,RCCD,3,2,1,2,43,32,8,3,0.01,0.434,33.01445367668902,0.7351523853343013,0.47685304993398736,0.519893612500448,0.4427517150608889,0.4029749857783422
RCCD_k5_nc3_rf2_ra1,5,RCCD,3,2,1,2.378414230005442,77,64,10,3,0.01,0.8255088297594876,64.30728372065069,0.5728897362921299,0.362222953550457,0.542846312639763,0.4541873499035656,0.40997592086739715
RCCD_k6_nc3_rf2_ra1,6,RCCD,3,2,1,2.8284271247461903,79,64,12,3,0.01,0.9539285714285716,75.65695687904508,0.5707572686350167,0.31817337724108374,0.5478661054509393,0.5015424938089871,0.6176817202238555
RCCD_k7_nc3_rf2_ra1,7,RCCD,3,2,1,3.363585661014858,81,64,14,3,0.01,1.1864977552738294,66.2800443962945,3.029918365812365,10.960912544041573,0.5347246660915029,0.4705700575853098,0.45689513383943214
RCCD_k8_nc3_rf2_ra1,8,RCCD,3,2,1,4,83,64,16,3,0.01,1.6113333333333333,57.68273521605666,5.395085153419386,13.304339608287448,0.510029719855451,0.4281765253779023,0.3751175272017806
RCCD_k9_nc3_rf2_ra1,9,RCCD,3,2,1,4.756828460010884,85,64,18,3,0.01,2.3935079101751726,53.57384123865704,6.62356906243475,10.915343976853013,0.4790493254173794,0.39510261068449115,0.3744548174708614
RCCD_k10_nc3_rf2_ra1,10,RCCD,3,2,1,5.656854249492381,87,64,20,3,0.01,3.84348484848485,54.99561468159067,6.51383331963415,8.419417113058378,0.44789399941712144,0.3720168154536825,0.3628298819712638
SCCD_k3_nc3_rf2_ra1,3,SCCD,3,2,1,1.7320508075688772,25,16,6,3,0.01,0.24100000000000002,17.9382455308039,0.8450947347961596,0.5050574411182228,0.48806410576271014,0.4292732349552749,0.4257490564471039
SCCD_k4_nc3_rf2_ra1,4,SCCD,3,2,1,2,43,32,8,3,0.01,0.434,33.01445367668902,0.7351523853343013,0.47406915091797336,0.519893612500448,0.4427517150608889,0.4053413951180224
SCCD_k5_nc3_rf2_ra1,5,SCCD,3,2,1,2.23606797749979,77,64,10,3,0.01,0.7890476190476191,60.8710563005704,0.6065056681562149,0.4392721734619316,0.5138395924603626,0.42901375003548475,0.33806532239635856
SCCD_k6_nc3_rf2_ra1,6,SCCD,3,2,1,2.449489742783178,79,64,12,3,0.01,0.8253571428571429,66.60588187790361,0.6745991588600919,0.46624226460290985,0.4823231941896858,0.4243394319591507,0.4215187980675396
SCCD_k7_nc3_rf2_ra1,7,SCCD,3,2,1,2.6457513110645907,81,64,14,3,0.01,0.8625,52.42776594816921,4.170720337967644,18.117836054058962,0.422969234494441,0.3418567404051567,0.27641201680320093
SCCD_k8_nc3_rf2_ra1,8,SCCD,3,2,1,2.8284271247461903,83,64,16,3,0.01,0.9002222222222223,38.97712632249284,9.573766856626335,22.094725219141914,0.3446350583856824,0.24128943703179437,0.22587703288519628
SCCD_k9_nc3_rf2_ra1,9,SCCD,3,2,1,3,85,64,18,3,0.01,0.9383636363636364,28.792344469322142,16.639181624944857,28.139684572042945,0.25745686469950313,0.1572787344717544,0.14525049582627295
SCCD_k10_nc3_rf2_ra1,10,SCCD,3,2,1,3.1622776601683795,87,64,20,3,0.01,0.976818181818182,21.565704633010366,25.161321197494246,35.47881049275239,0.17563490751492006,0.09630875536884413,0.08610255177585077
FCCD_k3_nc5_rf2_ra1,3,FCCD,5,2,1,1,27,16,6,5,0.01,0.18300000000000002,11.688815821091818,1.4638389905343296,2.9270226790102605,0.3180295102634005,0.2478254459646529,0.07346295283246022
FCCD_k4_nc5_rf2_ra1,4,FCCD,5,2,1,1,45,32,8,5,0.01,0.3393333333333333,19.702746999319796,1.7210956238197879,4.87816221844338,0.31026811511018226,0.18911789381898206,0.03939185340925907
FCCD_k5_nc5_rf2_ra1,5,FCCD,5,2,1,1,79,64,10,5,0.01,0.6566666666666667,35.35000761476481,1.8379055536309201,6.8267101444198754,0.298405097761894,0.14157379882738363,0.021753185033429684
FCCD_k6_nc5_rf2_ra1,6,FCCD,5,2,1,1,81,64,12,5,0.01,0.6546428571428571,37.14527405175132,2.2916579536633517,10.075903535945235,0.2689856619950491,0.12491350352403602,0.01950493851817822
FCCD_k7_nc5_rf2_ra1,7,FCCD,5,2,1,1,83,64,14,5,0.01,0.6530555555555556,28.002150241068392,7.289822933198898,21.7960720128177,0.22591174423438545,0.19558621285379454,0.229765601841796
FCCD_k8_nc5_rf2_ra1,8,FCCD,5,2,1,1,85,64,16,5,0.01,0.6517777777777778,19.965081958050536,15.35181116460472,33.627499583169914,0.17653089992724785,0.15047402487825606,0.14841100399303145
FCCD_k9_nc5_rf2_ra1,9,FCCD,5,2,1,1,87,64,18,5,0.01,0.6507272727272728,14.137382919620974,26.48298051561211,44.818935814590084,0.1264143767597684,0.09881778325797744,0.09119589883599168
FCCD_k10_nc5_rf2_ra1,10,FCCD,5,2,1,1,89,64,20,5,0.01,0.6498484848484849,10.13928068881622,40.68883170379881,55.10247870374076,0.08257609275248,0.05955579028680109,0.05543881490018028
RCCD_k3_nc5_rf2_ra1,3,RCCD,5,2,1,1.681792830507429,27,16,6,5,0.01,0.23597056274847716,18.230225795586104,0.7120833606755353,0.543221927834089,0.4960083100376808,0.5094579801801024,0.3958377193369594
RCCD_k4_nc5_rf2_ra1,4,RCCD,5,2,1,2,45,32,8,5,0.01,0.43533333333333335,34.01638599589447,0.6078614204899084,0.47684811644734215,0.5356714962726234,0.5354674083042403,0.4029791549710937
RCCD_k5_nc5_rf2_ra1,5,RCCD,5,2,1,2.378414230005442,79,64,10,5,0.01,0.8264612107118685,65.53003750483045,0.47863649759409455,0.3591948137849971,0.5531681198224717,0.5436260553079172,0.41343216338876804
RCCD_k6_nc5_rf2_ra1,6,RCCD,5,2,1,2.8284271247461903,81,64,12,5,0.01,0.9546428571428573,76.55822689702629,0.5073001490025865,0.3182151605837568,0.5543926076402947,0.5642794003385021,0.6176006153295077
RCCD_k7_nc5_rf2_ra1,7,RCCD,5,2,1,3.363585661014858,83,64,14,5,0.01,1.187053310829385,66.70985362168484,2.9990870013740345,10.940533626734712,0.5381922195100813,0.4754076354656887,0.45774619179218756
RCCD_k8_nc5_rf2_ra1,8,RCCD,5,2,1,4,85,64,16,5,0.01,1.6117777777777778,57.87324377347182,5.382289056371973,12.922699387320323,0.5117141931351,0.429194491584246,0.3861957030286049
RCCD_k9_nc5_rf2_ra1,9,RCCD,5,2,1,4.756828460010884,87,64,18,5,0.01,2.3938715465388087,53.667580680872945,6.618033951515129,10.843942008011002,0.4798875295767281,0.39543306181103294,0.37692041634533374
RCCD_k10_nc5_rf2_ra1,10,RCCD,5,2,1,5.656854249492381,89,64,20,5,0.01,3.84378787878788,55.05110262994633,6.511206750942758,8.957578231295457,0.44834590306893723,0.3721668840596287,0.34103147508386517
SCCD_k3_nc5_rf2_ra1,3,SCCD,5,2,1,1.7320508075688772,27,16,6,5,0.01,0.24300000000000002,18.80669639176483,0.6942895832646486,0.5030043197020844,0.5116929323458836,0.5225147537772215,0.4274868437213961
SCCD_k4_nc5_rf2_ra1,4,SCCD,5,2,1,2,45,32,8,5,0.01,0.43533333333333335,34.01638599589447,0.6078614204899084,0.4782634725060585,0.5356714962726234,0.5354674083042403,0.4017865926674411
SCCD_k5_nc5_rf2_ra1,5,SCCD,5,2,1,2.23606797749979,79,64,10,5,0.01,0.7900000000000001,62.072504964105256,0.5042680380641101,0.4490502531368492,0.5239815536674168,0.5159939783460846,0.33070394216190424
SCCD_k6_nc5_rf2_ra1,6,SCCD,5,2,1,2.449489742783178,81,64,12,5,0.01,0.8260714285714287,67.58597258989167,0.5758661580431848,0.46174248290434966,0.4894204725301824,0.49709297876355746,0.4256265911413173
SCCD_k7_nc5_rf2_ra1,7,SCCD,5,2,1,2.6457513110645907,83,64,14,5,0.01,0.8630555555555556,53.02670967132533,4.072680424883422,16.574199612075663,0.42780130703285596,0.35008611310815646,0.30215562265603796
SCCD_k8_nc5_rf2_ra1,8,SCCD,5,2,1,2.8284271247461903,85,64,16,5,0.01,0.9006666666666668,39.332677464525815,9.476132768635575,21.232765152553302,0.34777883526599385,0.24377548009404193,0.23504668087535216
SCCD_k9_nc5_rf2_ra1,9,SCCD,5,2,1,3,87,64,18,5,0.01,0.9387272727272727,29.006710425227947,16.54202365732665,30.1294409332653,0.2593736932149658,0.15820249582691792,0.13565811411958373
SCCD_k10_nc5_rf2_ra1,10,SCCD,5,2,1,3.1622776601683795,89,64,20,5,0.01,0.9771212121212124,21.699090019907572,25.064818459903734,34.32423698904514,0.1767212216646406,0.09667955632085964,0.08899880624798097
FCCD_k3_nc7_rf2_ra1,3,FCCD,7,2,1,1,29,16,6,7,0.01,0.185,11.961671501632685,1.4267682950300629,2.896233484208665,0.32545337250771916,0.2542645164693498,0.07424392065766891
FCCD_k4_nc7_rf2_ra1,4,FCCD,7,2,1,1,47,32,8,7,0.01,0.34066666666666673,19.949784698786786,1.6985899754954346,5.071316822285171,0.3141583300826135,0.19162363144344377,0.03789150978915158
FCCD_k5_nc7_rf2_ra1,5,FCCD,7,2,1,1,81,64,10,7,0.01,0.6576190476190477,35.610310845482196,1.8232985480816102,6.469050399997649,0.30060243281925664,0.14270799008052992,0.02295587138124801
FCCD_k6_nc7_rf2_ra1,6,FCCD,7,2,1,1,83,64,12,7,0.01,0.655357142857143,37.32430933894286,2.280737436583669,9.509057862581795,0.2702821371584466,0.12551160834173067,0.02066764992114021
FCCD_k7_nc7_rf2_ra1,7,FCCD,7,2,1,1,85,64,14,7,0.01,0.6536111111111111,28.097120045401297,7.277444220044348,26.0214253931144,0.22667792804390516,0.19591889910362292,0.19245631352452208
FCCD_k8_nc7_rf2_ra1,8,FCCD,7,2,1,1,87,64,16,7,0.01,0.6522222222222223,20.01506302513373,15.336674533061213,34.93564202849578,0.17697283163431818,0.15062253620426358,0.14285385025535705
FCCD_k9_nc7_rf2_ra1,9,FCCD,7,2,1,1,89,64,18,7,0.01,0.651090909090909,14.16449939202997,26.464563294117305,47.125973506878694,0.12665684822559745,0.09888655253943737,0.08673143135998161
FCCD_k10_nc7_rf2_ra1,10,FCCD,7,2,1,1,91,64,20,7,0.01,0.6501515151515151,10.154630308056166,40.666992106261425,53.31751610317315,0.0827011027626547,0.05958777382980535,0.05729479429399009
RCCD_k3_nc7_rf2_ra1,3,RCCD,7,2,1,1.681792830507429,29,16,6,7,0.01,0.23797056274847717,18.82272002939125,0.64334693943155,0.5454360202864987,0.5121289037654839,0.5638894481571025,0.39423089236887116
RCCD_k4_nc7_rf2_ra1,4,RCCD,7,2,1,2,47,32,8,7,0.01,0.43666666666666665,34.72386608709096,0.5480976355653887,0.4849368416940509,0.5468125069337811,0.5938540112513111,0.3962574803436821
RCCD_k5_nc7_rf2_ra1,5,RCCD,7,2,1,2.378414230005442,81,64,10,7,0.01,0.8274135916642494,66.41854315639965,0.4307804857934575,0.35878785547422815,0.5606683902243306,0.6040182405992979,0.41390110249097894
RCCD_k6_nc7_rf2_ra1,6,RCCD,7,2,1,2.8284271247461903,83,64,12,7,0.01,0.9553571428571431,77.24124467278483,0.4717613973878493,0.3177180605290949,0.5593386470290695,0.6067877224712179,0.6185669100976687
RCCD_k7_nc7_rf2_ra1,7,RCCD,7,2,1,3.363585661014858,85,64,14,7,0.01,1.1876088663849407,67.06135422113121,2.9783980199398545,11.298135197650572,0.5410280057920898,0.47870998111525226,0.44325789311262515
RCCD_k8_nc7_rf2_ra1,8,RCCD,7,2,1,4,87,64,16,7,0.01,1.6122222222222222,58.040347813258954,5.37222677191239,12.547903980570089,0.5131917240857409,0.4299983811529786,0.39773104596922104
RCCD_k9_nc7_rf2_ra1,9,RCCD,7,2,1,4.756828460010884,89,64,18,7,0.01,2.3942351829024453,53.753623046534436,6.613251921466264,11.199230578600943,0.4806569076215809,0.39571899871565275,0.36496285238505777
RCCD_k10_nc7_rf2_ra1,10,RCCD,7,2,1,5.656854249492381,91,64,20,7,0.01,3.84409090909091,55.103373196410466,6.5088314865245955,8.642234963331864,0.4487716037943672,0.3723026987230066,0.3534752445818805
SCCD_k3_nc7_rf2_ra1,3,SCCD,7,2,1,1.7320508075688772,29,16,6,7,0.01,0.245,19.41862945650513,0.6259037350775589,0.5019015208979433,0.5283424181340138,0.5796043869344606,0.42842613551552855
SCCD_k4_nc7_rf2_ra1,4,SCCD,7,2,1,2,47,32,8,7,0.01,0.43666666666666665,34.72386608709096,0.5480976355653887,0.4846748077968061,0.5468125069337811,0.5938540112513111,0.3964717124230403
SCCD_k5_nc7_rf2_ra1,5,SCCD,7,2,1,2.23606797749979,81,64,10,7,0.01,0.7909523809523811,62.93657617854285,0.4535055158154693,0.4391607369633196,0.5312755621447953,0.5737510615402299,0.33815110605746285
SCCD_k6_nc7_rf2_ra1,6,SCCD,7,2,1,2.449489742783178,83,64,12,7,0.01,0.8267857142857143,68.28860104402601,0.5267393967825196,0.4668259457766137,0.49450852167496917,0.54345474369179,0.42099176526437143
SCCD_k7_nc7_rf2_ra1,7,SCCD,7,2,1,2.6457513110645907,85,64,14,7,0.01,0.8636111111111111,53.45633025151955,4.022636785974669,18.231788374151037,0.4312673385266918,0.35444136165866874,0.27468438647041843
SCCD_k8_nc7_rf2_ra1,8,SCCD,7,2,1,2.8284271247461903,87,64,16,7,0.01,0.9011111111111112,39.58814107996253,9.425058847104667,24.132454399404317,0.3500376400145277,0.24509648720322375,0.20680411914656652
SCCD_k9_nc7_rf2_ra1,9,SCCD,7,2,1,3,89,64,18,7,0.01,0.9390909090909091,29.161067944345433,16.490116856036202,27.038491247751683,0.260753935208011,0.15870047807811918,0.15116609499518693
SCCD_k10_nc7_rf2_ra1,10,SCCD,7,2,1,3.1622776601683795,91,64,20,7,0.01,0.9774242424242425,21.795365155659187,25.012355843760396,33.65022090626465,0.17750530337453466,0.09688233859710152,0.09078145804472552
FCCD_k3_nc10_rf2_ra1,3,FCCD,10,2,1,1,32,16,6,10,0.01,0.188,12.290073414469207,1.3923652745558268,2.9334328903121847,0.33438853763543935,0.26054696801121063,0.07330241974098416
FCCD_k4_nc10_rf2_ra1,4,FCCD,10,2,1,1,50,32,8,10,0.01,0.3426666666666667,20.25639038992585,1.6758212026372832,4.79225701756854,0.3189865893032723,0.19422715199308455,0.04009798521052702
FCCD_k5_nc10_rf2_ra1,5,FCCD,10,2,1,1,84,64,10,10,0.01,0.659047619047619,35.942168133890945,1.80754010721472,6.837292839575178,0.3034037874234703,0.1439521425139617,0.021719515665849988
FCCD_k6_nc10_rf2_ra1,6,FCCD,10,2,1,1,86,64,12,10,0.01,0.6564285714285714,37.55655745666997,2.268454965013545,9.979259489340734,0.2719639503981846,0.12619118663839246,0.019693833915595454
FCCD_k7_nc10_rf2_ra1,7,FCCD,10,2,1,1,88,64,14,10,0.01,0.6544444444444445,28.22248515116052,7.261747139519034,23.127199463079656,0.22768933072064165,0.19634239976766066,0.21654103047828832
FCCD_k8_nc10_rf2_ra1,8,FCCD,10,2,1,1,90,64,16,10,0.01,0.652888888888889,20.082054696592387,15.316060484408787,35.08658975313028,0.17756517080302658,0.15082526067721974,0.14223927175676127
FCCD_k9_nc10_rf2_ra1,9,FCCD,10,2,1,1,92,64,18,10,0.01,0.6516363636363636,14.201324733336957,26.43850926872497,41.71411864438096,0.12698613495403624,0.09898400102734704,0.09798368680227973
FCCD_k10_nc10_rf2_ra1,10,FCCD,10,2,1,1,94,64,20,10,0.01,0.6506060606060606,10.175711087103348,40.63544572614128,53.09906082079942,0.08287278835054998,0.05963403340762362,0.05753051127791715
RCCD_k3_nc10_rf2_ra1,3,RCCD,10,2,1,1.681792830507429,32,16,6,10,0.01,0.24097056274847717,19.482819363632938,0.5901382615350153,0.5414059346990776,0.5300888982770984,0.6147314524328509,0.3971654450503726
RCCD_k4_nc10_rf2_ra1,4,RCCD,10,2,1,2,50,32,8,10,0.01,0.4386666666666667,35.50986222838614,0.5009708828323645,0.4692968352702167,0.5591899455341931,0.6497183580762741,0.4094633429711151
RCCD_k5_nc10_rf2_ra1,5,RCCD,10,2,1,2.378414230005442,84,64,10,10,0.01,0.8288421630928209,67.4211789173545,0.39125503348317103,0.37427693490835195,0.5691320835148049,0.6650375045581794,0.39677221621343145
RCCD_k6_nc10_rf2_ra1,6,RCCD,10,2,1,2.8284271247461903,86,64,12,10,0.01,0.9564285714285715,78.03296484111029,0.4404951184244341,0.31811615699430945,0.5650718494088703,0.6498574261043015,0.6177928239816562
RCCD_k7_nc10_rf2_ra1,7,RCCD,10,2,1,3.363585661014858,88,64,14,10,0.01,1.188442199718274,67.49264291869045,2.9573224680540644,12.706427732404627,0.5445074950847116,0.4821215390884613,0.3941302551180881
RCCD_k8_nc10_rf2_ra1,8,RCCD,10,2,1,4,90,64,16,10,0.01,1.612888888888889,58.258152558899525,5.360440338440131,13.105871101095753,0.5151175497766718,0.43094385335165136,0.3807981122671223
RCCD_k9_nc10_rf2_ra1,9,RCCD,10,2,1,4.756828460010884,92,64,18,10,0.01,2.3947806374478997,53.87082024904259,6.607129598614469,10.867550899064202,0.48170486758682274,0.39608568131701033,0.37610158668188215
RCCD_k10_nc10_rf2_ra1,10,RCCD,10,2,1,5.656854249492381,94,64,20,10,0.01,3.8445454545454556,55.17653000677453,6.505650603905735,8.796477823721244,0.44936740577909395,0.3724847329660709,0.3472771919187886
SCCD_k3_nc10_rf2_ra1,3,SCCD,10,2,1,1.7320508075688772,32,16,6,10,0.01,0.24800000000000003,20.10014226914352,0.5730058358071419,0.5058118843367782,0.5468850309494645,0.6331114414194522,0.42511403086073596
SCCD_k4_nc10_rf2_ra1,4,SCCD,10,2,1,2,50,32,8,10,0.01,0.4386666666666667,35.50986222838614,0.5009708828323645,0.47726021781152933,0.5591899455341931,0.6497183580762741,0.40263119330719455
SCCD_k5_nc10_rf2_ra1,5,SCCD,10,2,1,2.23606797749979,84,64,10,10,0.01,0.7923809523809525,63.90538072806514,0.4121456353319321,0.45025475205114557,0.5394536711699152,0.6313284645218111,0.3298192595739406
SCCD_k6_nc10_rf2_ra1,6,SCCD,10,2,1,2.449489742783178,86,64,12,10,0.01,0.827857142857143,69.07400180419567,0.48666119212290665,0.45426909094218154,0.5001959623736518,0.588210090519232,0.43262877202605066
SCCD_k7_nc10_rf2_ra1,7,SCCD,10,2,1,2.6457513110645907,88,64,14,10,0.01,0.8644444444444445,53.9369462429261,3.9802174039224307,15.926274432827052,0.43514478350826863,0.3582188396226859,0.31444815452192504
SCCD_k8_nc10_rf2_ra1,8,SCCD,10,2,1,2.8284271247461903,90,64,16,10,0.01,0.9017777777777779,39.87442293557756,9.380257144526547,24.254111694804834,0.35256893909513004,0.24626710968760077,0.20576680101553613
SCCD_k9_nc10_rf2_ra1,9,SCCD,10,2,1,3,92,64,18,10,0.01,0.9396363636363637,29.33440335394513,16.443319210024175,27.395233683251718,0.26230387467697264,0.15915213924823815,0.149197600711943
SCCD_k10_nc10_rf2_ra1,10,SCCD,10,2,1,3.1622776601683795,94,64,20,10,0.01,0.977878787878788,21.90370736704769,24.96404462931274,33.84392635235418,0.17838766147972984,0.09706982838514089,0.09026187108415443
FCCD_k3_nc1_rf3_ra1,3,FCCD,1,3,1,1,31,24,6,1,0.01,0.259,14.412992501618547,1.4830673406057262,2.7296613336004265,0.3921489581903306,0.2446123252241867,0.07877450816363739
FCCD_k4_nc1_rf3_ra1,4,FCCD,1,3,1,1,57,48,8,1,0.01,0.49666666666666665,25.871624839979045,1.61756344966003,4.344266096230698,0.4074122392281235,0.20122238760171968,0.04423298360619187
FCCD_k5_nc1_rf3_ra1,5,FCCD,1,3,1,1,107,96,10,1,0.01,0.9747619047619048,48.25226721182966,1.6414017350607224,5.7402554012973885,0.4073187952741792,0.15852260026022766,0.02587039749269572
FCCD_k6_nc1_rf3_ra1,6,FCCD,1,3,1,1,109,96,12,1,0.01,0.9732142857142857,51.457626892210904,2.0109076974684594,8.913121852217373,0.3726278561038911,0.1423531394460248,0.022049499854511063
FCCD_k7_nc1_rf3_ra1,7,FCCD,1,3,1,1,111,96,14,1,0.01,0.9719444444444445,39.17320956681104,5.440679437814839,17.20650501680873,0.31603601953103966,0.2620608098998307,0.29105199451718816
FCCD_k8_nc1_rf3_ra1,8,FCCD,1,3,1,1,113,96,16,1,0.01,0.9708888888888889,28.132802229796535,10.92570012466067,23.516369221545908,0.24874973744341172,0.21143256622016846,0.21222200280564477
FCCD_k9_nc1_rf3_ra1,9,FCCD,1,3,1,1,115,96,18,1,0.01,0.97,20.03379966659088,18.465419926976622,33.52298938594962,0.17913925889828275,0.14172379718230874,0.12192537752009845
FCCD_k10_nc1_rf3_ra1,10,FCCD,1,3,1,1,117,96,20,1,0.01,0.9692424242424242,14.434045988441598,28.06100150176583,37.538794750540724,0.11755341990382089,0.08635670141045729,0.08137757585714195
RCCD_k3_nc1_rf3_ra1,3,RCCD,1,3,1,1.681792830507429,31,24,6,1,0.01,0.3119705627484772,20.48818837920727,1.2907464785062706,0.6893659183085933,0.5574429964638586,0.28105949285210863,0.31192103249788944
RCCD_k4_nc1_rf3_ra1,4,RCCD,1,3,1,2,57,48,8,1,0.01,0.5926666666666667,41.44371342131465,1.0081048315286787,0.5702433813134544,0.6526329981723757,0.3228731469764866,0.33697866088844647
RCCD_k5_nc1_rf3_ra1,5,RCCD,1,3,1,2.378414230005442,107,96,10,1,0.01,1.1445564488071065,84.31278394290194,0.6861646750820561,0.3598055754845802,0.7117216157133348,0.3792081996677527,0.41273037178803046
RCCD_k6_nc1_rf3_ra1,6,RCCD,1,3,1,2.8284271247461903,109,96,12,1,0.01,1.2732142857142859,100.83951942293454,0.5709334115105923,0.2768149138983402,0.7302243846539019,0.5013877592369657,0.7099685353509587
RCCD_k7_nc1_rf3_ra1,7,RCCD,1,3,1,3.363585661014858,111,96,14,1,0.01,1.5059421997182738,88.18588378273354,2.4147486564782246,9.579616346902807,0.7114534652053216,0.5904502135466743,0.5227753829026067
RCCD_k8_nc1_rf3_ra1,8,RCCD,1,3,1,4,113,96,16,1,0.01,1.930888888888889,75.29078642027635,4.471396021785949,10.12909835675052,0.6657197957377877,0.5166280964275556,0.4927083141203241
RCCD_k9_nc1_rf3_ra1,9,RCCD,1,3,1,4.756828460010884,115,96,18,1,0.01,2.7131442738115363,67.65510887013741,5.7909278450426145,10.191794002133156,0.6049619276112808,0.4519119385777356,0.40103863320124833
RCCD_k10_nc1_rf3_ra1,10,RCCD,1,3,1,5.656854249492381,117,96,20,1,0.01,4.163181818181819,66.7260455138435,5.962899255032191,8.015386027805953,0.5434286999702977,0.406388809256061,0.3811190261829477
SCCD_k3_nc1_rf3_ra1,3,SCCD,1,3,1,1.7320508075688772,31,24,6,1,0.01,0.319,21.07835136737964,1.2766070717417122,0.6947825148010657,0.5735001616187213,0.28417244325199525,0.30948926380111935
SCCD_k4_nc1_rf3_ra1,4,SCCD,1,3,1,2,57,48,8,1,0.01,0.5926666666666667,41.44371342131465,1.0081048315286787,0.5563552424092291,0.6526329981723757,0.3228731469764866,0.3453905640996257
SCCD_k5_nc1_rf3_ra1,5,SCCD,1,3,1,2.23606797749979,107,96,10,1,0.01,1.108095238095238,79.8521947051782,0.744637134708138,0.41215606338424793,0.674067802959907,0.34943096306291604,0.3603069374299362
SCCD_k6_nc1_rf3_ra1,6,SCCD,1,3,1,2.449489742783178,109,96,12,1,0.01,1.144642857142857,88.69264725179383,0.7786544884896434,0.42896144253714896,0.6422634115413756,0.36763292076575466,0.4581527836658336
SCCD_k7_nc1_rf3_ra1,7,SCCD,1,3,1,2.6457513110645907,111,96,14,1,0.01,1.1819444444444445,70.112488169888465,3.318846252177646,13.115651578627011,0.5656435080418271,0.4296037693652086,0.3818329248676517
SCCD_k8_nc1_rf3_ra1,8,SCCD,1,3,1,2.8284271247461903,113,96,16,1,0.01,1.2197777777777778,52.07227798194758,7.326876075428198,17.05064525469773,0.4604221566798214,0.31528427549854743,0.29269807097408684
SCCD_k9_nc1_rf3_ra1,9,SCCD,1,3,1,3,115,96,18,1,0.01,1.258,38.28649199669274,12.662005684987513,21.335942520285947,0.34235212072826376,0.20668048125422853,0.19156890456552386
SCCD_k10_nc1_rf3_ra1,10,SCCD,1,3,1,3.1622776601683795,117,96,20,1,0.01,1.2965151515151518,28.471189875537313,19.20085663487574,25.344873395338674,0.2318743989925312,0.12620559457565408,0.1205299418840119
FCCD_k3_nc3_rf3_ra1,3,FCCD,3,3,1,1,33,24,6,3,0.01,0.261,15.019927876798667,1.3657225731231413,2.7582183895447914,0.4086624667513746,0.26562975364756425,0.07795892081016823
FCCD_k4_nc3_rf3_ra1,4,FCCD,3,3,1,1,59,48,8,3,0.01,0.498,26.370341798487136,1.5654384619095831,4.388177624369024,0.41526576192194536,0.20792256441739645,0.04379035386999366
FCCD_k5_nc3_rf3_ra1,5,FCCD,3,3,1,1,109,96,10,3,0.01,0.9757142857142858,48.74126792495857,1.614216517295727,6.056603828101937,0.41144666724515777,0.16119229875641652,0.02451913533655971
FCCD_k6_nc3_rf3_ra1,6,FCCD,3,3,1,1,111,96,12,3,0.01,0.9739285714285714,51.783229695779504,1.9924658175986716,8.802025647402289,0.3749856926766762,0.14367073268830924,0.022327801219450834
FCCD_k7_nc3_rf3_ra1,7,FCCD,3,3,1,1,113,96,14,3,0.01,0.9725,39.339913077028896,5.425623844193644,17.477759809106647,0.3173809262770965,0.26278800389100937,0.2865348682273808
FCCD_k8_nc3_rf3_ra1,8,FCCD,3,3,1,1,115,96,16,3,0.01,0.9713333333333334,28.217722396197885,10.911903475808302,23.06703124248382,0.24950060004584432,0.2116998945445586,0.216356015754722
FCCD_k9_nc3_rf3_ra1,9,FCCD,3,3,1,1,117,96,18,3,0.01,0.9703636363636363,20.078521696175677,18.45179196864414,30.043407285058276,0.1795391566395788,0.141828470268045,0.13604659077790193
FCCD_k10_nc3_rf3_ra1,10,FCCD,3,3,1,1,119,96,20,3,0.01,0.9695454545454546,14.458684824032012,28.046970615403524,38.97611859379779,0.11775408293263627,0.08639990254903046,0.07837661182311566
RCCD_k3_nc3_rf3_ra1,3,RCCD,3,3,1,1.681792830507429,33,24,6,3,0.01,0.3139705627484772,22.361167028682637,0.7468259064598111,0.4935592672939999,0.6084030331128762,0.4857578553605513,0.43566749376744235
RCCD_k4_nc3_rf3_ra1,4,RCCD,3,3,1,2,59,48,8,3,0.01,0.594,43.61477685043554,0.6243283408225845,0.4380574752019789,0.6868217210931565,0.5213442321215399,0.4386635587645362
RCCD_k5_nc3_rf3_ra1,5,RCCD,3,3,1,2.378414230005442,109,96,10,3,0.01,1.1455088297594875,86.6939828717643,0.47636741178067354,0.34228174862784155,0.7318223723214015,0.5462155149128348,0.43386096260312745
RCCD_k6_nc3_rf3_ra1,6,RCCD,3,3,1,2.8284271247461903,111,96,12,3,0.01,1.2739285714285715,102.46026702835407,0.45441499727437384,0.27722691291836893,0.7419609481522161,0.6299506521303703,0.7089134201107513
RCCD_k7_nc3_rf3_ra1,7,RCCD,3,3,1,3.363585661014858,113,96,14,3,0.01,1.5064977552738297,88.84625492413946,2.373980321383918,8.938296618932036,0.7167811130863856,0.6005900078598566,0.5602843379805569
RCCD_k8_nc3_rf3_ra1,8,RCCD,3,3,1,4,115,96,16,3,0.01,1.9313333333333333,75.53946661385726,4.458846581395699,9.862614277763559,0.6679186215908025,0.5180821481383944,0.5060211049889279
RCCD_k9_nc3_rf3_ra1,9,RCCD,3,3,1,4.756828460010884,117,96,18,3,0.01,2.713507910175173,67.76149437168534,5.786450572619763,9.083394935878607,0.6059132109535316,0.45226160593162706,0.4499752752508509
RCCD_k10_nc3_rf3_ra1,10,RCCD,3,3,1,5.656854249492381,119,96,20,3,0.01,4.16348484848485,66.78230090454838,5.960990028202784,8.236847241651756,0.543886853808153,0.40651897025517886,0.37087201301370987
SCCD_k3_nc3_rf3_ra1,3,SCCD,3,3,1,1.7320508075688772,33,24,6,3,0.01,0.321,23.01364748483037,0.7308343378867461,0.45066016115923135,0.6261557330528194,0.4963868442451801,0.4771394224298796
SCCD_k4_nc3_rf3_ra1,4,SCCD,3,3,1,2,59,48,8,3,0.01,0.594,43.61477685043554,0.6243283408225845,0.4472593794290883,0.6868217210931565,0.5213442321215399,0.4296385047548769
SCCD_k5_nc3_rf3_ra1,5,SCCD,3,3,1,2.23606797749979,109,96,10,3,0.01,1.109047619047619,82.24617590230324,0.5067236573011523,0.4121217341309012,0.6942764603653966,0.5134934344674483,0.36033695057196014
SCCD_k6_nc3_rf3_ra1,6,SCCD,3,3,1,2.449489742783178,111,96,12,3,0.01,1.145357142857143,90.6754988130192,0.548212933946787,0.4235919976413418,0.6566221328982577,0.5221675851569717,0.46396032049243174
SCCD_k7_nc3_rf3_ra1,7,SCCD,3,3,1,2.6457513110645907,113,96,14,3,0.01,1.1825,71.32523827856741,3.0941813742424955,11.475740622586601,0.5754275599811772,0.46079679483177294,0.4363977688686552
SCCD_k8_nc3_rf3_ra1,8,SCCD,3,3,1,2.8284271247461903,115,96,16,3,0.01,1.2202222222222223,52.7883933542692,7.107564171443681,15.56448090876544,0.46675403607772675,0.3250127271998735,0.320646156088822
SCCD_k9_nc3_rf3_ra1,9,SCCD,3,3,1,3,117,96,18,3,0.01,1.2583636363636364,38.71427344052162,12.447825194661673,21.75321758313067,0.3461772788157602,0.2102366789131413,0.1878941871869939
SCCD_k10_nc3_rf3_ra1,10,SCCD,3,3,1,3.1622776601683795,119,96,20,3,0.01,1.296818181818182,28.734248119434554,18.9916664887536,27.157317842794832,0.23401679179277424,0.1275957288635717,0.11248592865765239
FCCD_k3_nc5_rf3_ra1,3,FCCD,5,3,1,1,35,24,6,5,0.01,0.263,15.465462653829675,1.307062738366315,2.7729288963816128,0.42078458494651355,0.27755098512183773,0.07754534538850281
FCCD_k4_nc5_rf3_ra1,4,FCCD,5,3,1,1,61,48,8,5,0.01,0.4993333333333333,26.7655213764215,1.533748497383691,4.67001583797646,0.421488834409247,0.21221861341223466,0.041147580154411514
FCCD_k5_nc5_rf3_ra1,5,FCCD,5,3,1,1,111,96,10,5,0.01,0.9766666666666667,49.149395452220894,1.5955623687660985,5.722534424578325,0.4148918527738072,0.16307684124857857,0.02595051037235127
FCCD_k6_nc5_rf3_ra1,6,FCCD,5,3,1,1,113,96,12,5,0.01,0.9746428571428571,52.062184787848146,1.9790200420699637,8.81439791461909,0.3770057321574035,0.1446468543953696,0.02229646095937561
FCCD_k7_nc5_rf3_ra1,7,FCCD,5,3,1,1,115,96,14,5,0.01,0.9730555555555556,39.4858544030372,5.4137264656936175,16.567983995869216,0.3185583308417667,0.26336551521659446,0.3022689788365798
FCCD_k8_nc5_rf3_ra1,8,FCCD,5,3,1,1,117,96,16,5,0.01,0.9717777777777777,28.293371489575023,10.900223393480434,24.473254223833113,0.2501694879853282,0.21192674055567431,0.20392428931880024
FCCD_k9_nc5_rf3_ra1,9,FCCD,5,3,1,1,119,96,18,5,0.01,0.9707272727272728,20.118931150872974,18.439649101144486,28.888627455943308,0.1799004919772297,0.14192186707362936,0.14148485049064777
FCCD_k10_nc5_rf3_ra1,10,FCCD,5,3,1,1,121,96,20,5,0.01,0.9698484848484848,14.481210600065149,28.034020847089277,38.00407171539902,0.1179375368312038,0.08643981329627883,0.08038128493900344
RCCD_k3_nc5_rf3_ra1,3,RCCD,5,3,1,1.681792830507429,35,24,6,5,0.01,0.3159705627484772,23.41351440991136,0.6034099513466,0.48699344446666637,0.6370353195139705,0.6012107520600666,0.441541321450766
RCCD_k4_nc5_rf3_ra1,4,RCCD,5,3,1,2,61,48,8,5,0.01,0.5953333333333334,44.87973386436297,0.50803259627165,0.4340738660628066,0.7067415743207403,0.6406871957165179,0.44268928871129926
RCCD_k5_nc5_rf3_ra1,5,RCCD,5,3,1,2.378414230005442,111,96,10,5,0.01,1.1464612107118686,88.2212245503898,0.395325376970775,0.32482968512869886,0.7447144969110984,0.6581901549232206,0.457170929074169
RCCD_k6_nc5_rf3_ra1,6,RCCD,5,3,1,2.8284271247461903,113,96,12,5,0.01,1.2746428571428574,103.592279808054,0.3995810432221646,0.27467447129937383,0.7501583626203451,0.716397909076117,0.7155010731576289
RCCD_k7_nc5_rf3_ra1,7,RCCD,5,3,1,3.363585661014858,115,96,14,5,0.01,1.507053310829385,89.3709484142791,2.3484255352726975,9.043037872349775,0.7210141602104607,0.6071254287028313,0.5537948280770488
RCCD_k8_nc5_rf3_ra1,8,RCCD,5,3,1,4,117,96,16,5,0.01,1.9317777777777778,75.75742842053572,4.44907783183497,10.357852163951343,0.6698458360126398,0.5192196905569232,0.48182682045633973
RCCD_k9_nc5_rf3_ra1,9,RCCD,5,3,1,4.756828460010884,119,96,18,5,0.01,2.713871546538809,67.85995050102792,5.78253252704418,9.22827169870471,0.606793591028103,0.45256804287354463,0.4429110097677184
RCCD_k10_nc5_rf3_ra1,10,RCCD,5,3,1,5.656854249492381,121,96,20,5,0.01,4.16378787878788,66.83581930434495,5.959229174078424,7.8443332795676834,0.5443227171086376,0.40663908991906395,0.38942966961319203
SCCD_k3_nc5_rf3_ra1,3,SCCD,5,3,1,1.7320508075688772,35,24,6,5,0.01,0.32299999999999995,24.098953236119232,0.5875970989470952,0.4544967932241578,0.6556847513769535,0.6173899621010219,0.4731116527407938
SCCD_k4_nc5_rf3_ra1,4,SCCD,5,3,1,2,61,48,8,5,0.01,0.5953333333333334,44.87973386436297,0.50803259627165,0.4438327731834012,0.7067415743207403,0.6406871957165179,0.43295552430082285
SCCD_k5_nc5_rf3_ra1,5,SCCD,5,3,1,2.23606797749979,111,96,10,5,0.01,1.11,83.74839844641855,0.41919798094600286,0.42461240427214214,0.7069573873406321,0.62070735771743,0.3497370482987088
SCCD_k6_nc5_rf3_ra1,6,SCCD,5,3,1,2.449489742783178,113,96,12,5,0.01,1.1460714285714286,91.91327734992478,0.4632942422016619,0.4293271017616002,0.665585444857915,0.6178773612865449,0.45776257351868
SCCD_k7_nc5_rf3_ra1,7,SCCD,5,3,1,2.6457513110645907,115,96,14,5,0.01,1.1830555555555555,72.08183708283136,3.010291309099727,13.917181237377372,0.5815315396429332,0.47363816769796807,0.35984209146908525
SCCD_k8_nc5_rf3_ra1,8,SCCD,5,3,1,2.8284271247461903,117,96,16,5,0.01,1.2206666666666666,53.23578490615351,7.024437705577709,15.90483270955641,0.4707098642300945,0.32885889403998,0.31378456259491744
SCCD_k9_nc5_rf3_ra1,9,SCCD,5,3,1,3,119,96,18,5,0.01,1.2587272727272727,38.982206530044564,12.36541472330063,20.78886461681163,0.3485730966780856,0.2116378210660175,0.196610214738655
SCCD_k10_nc5_rf3_ra1,10,SCCD,5,3,1,3.1622776601683795,121,96,20,5,0.01,1.2971212121212126,28.89953524698043,18.910007986876206,25.18394776418997,0.23536291935289536,0.12814672154809012,0.12130012919346868
FCCD_k3_nc7_rf3_ra1,3,FCCD,7,3,1,1,37,24,6,7,0.01,0.265,15.820270379556653,1.2716786517122054,2.694305385902489,0.43043819990441284,0.28527376012892114,0.07980822446214503
FCCD_k4_nc7_rf3_ra1,4,FCCD,7,3,1,1,63,48,8,7,0.01,0.5006666666666667,27.093931097845285,1.5123413442954703,4.838853635497796,0.4266604516082871,0.21522256246290486,0.039711854395806545
FCCD_k5_nc7_rf3_ra1,5,FCCD,7,3,1,1,113,96,10,7,0.01,0.9776190476190476,49.50021051152666,1.5819200744610582,5.873752902248387,0.4178532383330215,0.16448319691633087,0.025282420185621424
FCCD_k6_nc7_rf3_ra1,6,FCCD,7,3,1,1,115,96,12,7,0.01,0.9753571428571429,52.306449761003755,1.968747148267528,8.086061285254836,0.37877456486045274,0.14540161956435924,0.024304772379364004
FCCD_k7_nc7_rf3_ra1,7,FCCD,7,3,1,1,117,96,14,7,0.01,0.9736111111111112,39.61577620553247,5.40395628970303,16.134023081068623,0.3196064953849572,0.26384167144280607,0.3103991842982095
FCCD_k8_nc7_rf3_ra1,8,FCCD,7,3,1,1,119,96,16,7,0.01,0.9722222222222223,28.361657219954253,10.89003567959626,22.41157206581779,0.250773269200019,0.2121249996854614,0.22268366361168004
FCCD_k9_nc7_rf3_ra1,9,FCCD,7,3,1,1,121,96,18,7,0.01,0.9710909090909091,20.15583479944774,18.428592356468982,29.44109977036242,0.18023047891761776,0.14200701703070423,0.13882983884313796
FCCD_k10_nc7_rf3_ra1,10,FCCD,7,3,1,1,123,96,20,7,0.01,0.9701515151515152,14.501985526966607,28.021885724537995,37.712910680486885,0.118106731505204,0.086477246812994,0.08100186546933405
RCCD_k3_nc7_rf3_ra1,3,RCCD,7,3,1,1.681792830507429,37,24,6,7,0.01,0.3179705627484772,24.160847894636685,0.5371647389930954,0.4893061955191615,0.6573687823547286,0.6753543639696734,0.4394543354995216
RCCD_k4_nc7_rf3_ra1,4,RCCD,7,3,1,2,63,48,8,7,0.01,0.5966666666666667,45.78445765786296,0.4518412480821945,0.4396769105316377,0.720988671241503,0.7203635808359298,0.437047855852054
RCCD_k5_nc7_rf3_ra1,5,RCCD,7,3,1,2.378414230005442,113,96,10,7,0.01,1.1474135916642494,89.35358364268288,0.3523407158672401,0.3474905738791701,0.7542732423948235,0.7384876609364572,0.42735745975312295
RCCD_k6_nc7_rf3_ra1,6,RCCD,7,3,1,2.8284271247461903,115,96,12,7,0.01,1.275357142857143,104.4654232401893,0.3676998778726334,0.2764174958426646,0.756481187531593,0.7785126977114982,0.7109892895331419
RCCD_k7_nc7_rf3_ra1,7,RCCD,7,3,1,3.363585661014858,117,96,14,7,0.01,1.5076088663849407,89.80696224294229,2.3307971238649827,10.133932631986562,0.7245317702402487,0.6117172727220616,0.49418007654847274
RCCD_k8_nc7_rf3_ra1,8,RCCD,7,3,1,4,119,96,16,7,0.01,1.9322222222222223,75.95157885138738,4.441196857837064,11.212525677940103,0.6715625106725045,0.5201410541018107,0.44509962503206085
RCCD_k9_nc7_rf3_ra1,9,RCCD,7,3,1,4.756828460010884,121,96,18,7,0.01,2.7142351829024456,67.95161322427181,5.779056963081255,9.719826381092043,0.6076132254750768,0.4528402203569353,0.4205119491059206
RCCD_k10_nc7_rf3_ra1,10,RCCD,7,3,1,5.656854249492381,123,96,20,7,0.01,4.16409090909091,66.88686495208299,5.957595590077726,7.897522050378964,0.5447384418796142,0.40675059112811823,0.38680691208088797
SCCD_k3_nc7_rf3_ra1,3,SCCD,7,3,1,1.7320508075688772,37,24,6,7,0.01,0.325,24.869197688381206,0.5215293013409297,0.45338077510333513,0.6766415762328948,0.6956014738133887,0.4742762393457524
SCCD_k4_nc7_rf3_ra1,4,SCCD,7,3,1,2,63,48,8,7,0.01,0.5966666666666667,45.78445765786296,0.4518412480821945,0.43933166708446447,0.720988671241503,0.7203635808359298,0.43739130459394726
SCCD_k5_nc7_rf3_ra1,5,SCCD,7,3,1,2.23606797749979,113,96,10,7,0.01,1.1109523809523811,84.85175386286723,0.3737105386830727,0.40747075848523223,0.7162712999287008,0.6962588532568477,0.3644499288567701
SCCD_k6_nc7_rf3_ra1,6,SCCD,7,3,1,2.449489742783178,115,96,12,7,0.01,1.1467857142857143,92.81914168246398,0.4191316939156544,0.4388855368698485,0.6721452165485554,0.6829810964579994,0.44779301770882296
SCCD_k7_nc7_rf3_ra1,7,SCCD,7,3,1,2.6457513110645907,117,96,14,7,0.01,1.1836111111111112,72.63535111749614,2.9660187519126464,12.65433833343355,0.5859971010356416,0.48070797224720446,0.39575262426647545
SCCD_k8_nc7_rf3_ra1,8,SCCD,7,3,1,2.8284271247461903,119,96,16,7,0.01,1.2211111111111113,53.56335231050184,6.979890862305519,16.174086551711213,0.4736062093990221,0.33095772708772564,0.3085609168071059
SCCD_k9_nc7_rf3_ra1,9,SCCD,7,3,1,3,121,96,18,7,0.01,1.259090909090909,39.17865531847344,12.32062199582995,21.812048722382876,0.35032971254508466,0.21240724936636687,0.18738740172948046
SCCD_k10_nc7_rf3_ra1,10,SCCD,7,3,1,3.1622776601683795,123,96,20,7,0.01,1.2974242424242428,29.020931900456873,18.86506550295653,26.000725009092243,0.23635159514015988,0.12845200710204868,0.11748965139739624
FCCD_k3_nc10_rf3_ra1,3,FCCD,10,3,1,1,40,24,6,10,0.01,0.268,16.24847358796817,1.2386443317278526,2.723675978222664,0.44208876047006057,0.2928819366117477,0.07894761738435148
FCCD_k4_nc10_rf3_ra1,4,FCCD,10,3,1,1,66,48,8,10,0.01,0.5026666666666667,27.502827130880945,1.490559840172352,4.838198279935598,0.4330995233504348,0.21836760300762512,0.039717233543819445
FCCD_k5_nc10_rf3_ra1,5,FCCD,10,3,1,1,116,96,10,10,0.01,0.97904761904761906,49.94931718946721,1.5671046806589353,5.861668857385076,0.4216443470534732,0.166038219606406,0.0253345408200703
FCCD_k6_nc10_rf3_ra1,6,FCCD,10,3,1,1,118,96,12,10,0.01,0.9764285714285714,52.624313008061684,1.9571450083765427,8.307720708835477,0.38107635581815713,0.14626357405589732,0.023656293449380368
FCCD_k7_nc10_rf3_ra1,7,FCCD,10,3,1,1,120,96,14,10,0.01,0.9744444444444444,39.78753339747752,5.391984167289707,17.249089925095632,0.3209921735019255,0.2644274937839419,0.2903334393616955
FCCD_k8_nc10_rf3_ra1,8,FCCD,10,3,1,1,122,96,16,10,0.01,0.9728888888888889,28.453181297191566,10.876714030937572,24.1312385665519,0.2515825234647229,0.21238480744628843,0.20681453880411457
FCCD_k9_nc10_rf3_ra1,9,FCCD,10,3,1,1,124,96,18,10,0.01,0.9716363636363636,20.205887560340308,18.413481831436624,31.524120963504807,0.18067804326593562,0.14212355124217257,0.12965637142478914
FCCD_k10_nc10_rf3_ra1,10,FCCD,10,3,1,1,126,96,20,10,0.01,0.9706060606060607,14.530452246976017,28.004820230427143,40.260763397716424,0.11833856950081731,0.08652994406061305,0.07587576239478554
RCCD_k3_nc10_rf3_ra1,3,RCCD,10,3,1,1.681792830507429,40,24,6,10,0.01,0.3209705627484772,24.99682550453213,0.48540015167560047,0.49185285266116546,0.6801140761411596,0.7473762614150686,0.4371789811612691
RCCD_k4_nc10_rf3_ra1,4,RCCD,10,3,1,2,66,48,8,10,0.01,0.5986666666666667,46.797232946225044,0.40679149206777293,0.42882560459766267,0.736937304178886,0.8001395943247445,0.44810722343829706
RCCD_k5_nc10_rf3_ra1,5,RCCD,10,3,1,2.378414230005442,116,96,10,10,0.01,1.148842163092821,90.64804651403855,0.31585276476568375,0.3324387638687927,0.7652003777970433,0.8237992512318345,0.4467068978747865
RCCD_k6_nc10_rf3_ra1,6,RCCD,10,3,1,2.8284271247461903,118,96,12,10,0.01,1.2764285714285715,105.49008340735476,0.3389210230094854,0.2754838996093076,0.7639012133739373,0.8446186705355269,0.7133987839667792
RCCD_k7_nc10_rf3_ra1,7,RCCD,10,3,1,3.363585661014858,120,96,14,10,0.01,1.508442199718274,90.34887850819305,2.3125162408175792,9.87001195179058,0.7289037648070171,0.6165530147260854,0.5073942795888565
RCCD_k8_nc10_rf3_ra1,8,RCCD,10,3,1,4,122,96,16,10,0.01,1.9328888888888889,76.20829447029321,4.431772497558032,11.056930699201233,0.6738323856134663,0.521247157064558,0.45136314142531686
RCCD_k9_nc10_rf3_ra1,9,RCCD,10,3,1,4.756828460010884,124,96,18,10,0.01,2.7147806374479,68.07830701652924,5.7744903251844155,9.662714965773358,0.6087461025343326,0.4531983398090497,0.42299738230527767
RCCD_k10_nc10_rf3_ra1,10,RCCD,10,3,1,5.656854249492381,126,96,20,10,0.01,4.164545454545456,66.95928662188425,5.95534688153485,7.960713353041012,0.5453282567497553,0.40690417807230206,0.38373647962476415
SCCD_k3_nc10_rf3_ra1,3,SCCD,10,3,1,1.7320508075688772,40,24,6,10,0.01,0.32799999999999996,25.73046362417747,0.4699464936583885,0.44184218051739366,0.7000749152434713,0.7719528830303936,0.48666184101272625
SCCD_k4_nc10_rf3_ra1,4,SCCD,10,3,1,2,66,48,8,10,0.01,0.5986666666666667,46.797232946225044,0.40679149206777293,0.4367568941698203,0.736937304178886,0.8001395943247445,0.43996981749025776
SCCD_k5_nc10_rf3_ra1,5,SCCD,10,3,1,2.23606797749979,116,96,10,10,0.01,1.1123809523809525,86.10535559935617,0.3355938262143864,0.39834524392174653,0.7268535083629423,0.7753398626208716,0.37279895067689034
SCCD_k6_nc10_rf3_ra1,6,SCCD,10,3,1,2.449489742783178,118,96,12,10,0.01,1.147857142857143,93.84498173644255,0.3821096571471931,0.4282544788806288,0.6795737864828094,0.7491541198094922,0.4589091035250722
SCCD_k7_nc10_rf3_ra1,7,SCCD,10,3,1,2.6457513110645907,120,96,14,10,0.01,1.1844444444444444,73.26213875628619,2.9280799849650725,13.342290948470872,0.5910538087357504,0.4869364454523669,0.37534690430252826
SCCD_k8_nc10_rf3_ra1,8,SCCD,10,3,1,2.8284271247461903,122,96,16,10,0.01,1.2217777777777779,53.934626454427644,6.94088054528953,15.975244124702451,0.47688900878269863,0.3328178319790777,0.3124015467905376
SCCD_k9_nc10_rf3_ra1,9,SCCD,10,3,1,3,124,96,18,10,0.01,1.2596363636363637,39.40162169439284,12.280647623949719,20.344533021964445,0.35232344473798693,0.21309864990453306,0.2009042494153791
SCCD_k10_nc10_rf3_ra1,10,SCCD,10,3,1,3.1622776601683795,126,96,20,10,0.01,1.297878787878788,29.158930504656357,18.82431967522885,25.637462708991233,0.23747548014638706,0.1287300454823436,0.11915438559863668
FCCD_k3_nc1_rf1_ra2,3,FCCD,1,1,2,1,21,8,12,1,0.01,0.11699999999999999,8.742525535496268,1.4073608766100771,1.7975214607715073,0.23786679139063072,0.25777080824034326,0.11962456844069104
FCCD_k4_nc1_rf1_ra2,4,FCCD,1,1,2,1,33,16,16,1,0.01,0.19266666666666665,13.944393771113496,1.4369695161853002,2.9309237513986246,0.21958870871492772,0.22651140178807574,0.06556289665461607
FCCD_k5_nc1_rf1_ra2,5,FCCD,1,1,2,1,53,32,20,1,0.01,0.34904761904761905,23.55588323931221,1.4615782700713988,4.169026637578414,0.1988456612936853,0.17802623126078918,0.03562047016025186
FCCD_k6_nc1_rf1_ra2,6,FCCD,1,1,2,1,57,32,24,1,0.01,0.34607142857142853,24.19156300743836,1.8521019857481416,5.947723431407392,0.17518200515050308,0.1545589962505117,0.03304287451328281
FCCD_k7_nc1_rf1_ra2,7,FCCD,1,1,2,1,61,32,28,1,0.01,0.34361111111111114,17.92436024980591,10.873835841391772,43.211417953182625,0.14460759096922268,0.13112105798505616,0.11589500740841426
FCCD_k8_nc1_rf1_ra2,8,FCCD,1,1,2,1,65,32,32,1,0.01,0.3415555555555556,12.588264362325326,25.809327455365658,62.6879989053484,0.1113052098194531,0.08950441731207412,0.07961158534425158
FCCD_k9_nc1_rf1_ra2,9,FCCD,1,1,2,1,69,32,36,1,0.01,0.33981818181818185,8.795664987833517,46.716006595963414,82.12172660695407,0.07864952897905238,0.05601911677191866,0.04977127619401573
FCCD_k10_nc1_rf1_ra2,10,FCCD,1,1,2,1,73,32,40,1,0.01,0.3383333333333334,6.233595790898069,73.63950696127283,98.64443686625626,0.05076750511290614,0.03290700369898974,0.030967951305146377
RCCD_k3_nc1_rf1_ra2,3,RCCD,1,1,2,1.681792830507429,21,8,12,1,0.01,0.22294112549695427,14.138785686691222,1.6247919978615446,0.7536898557388688,0.3846883342574198,0.22327568767391928,0.2853000174678918
RCCD_k4_nc1_rf1_ra2,4,RCCD,1,1,2,2,33,16,16,1,0.01,0.3846666666666667,25.247460690438974,1.387368555106851,0.6494410628665773,0.39758324258091315,0.23460959832176465,0.29588497248284623
RCCD_k5_nc1_rf1_ra2,5,RCCD,1,1,2,2.378414230005442,53,32,20,1,0.01,0.6886367071380226,46.71563628983283,1.0191989130390184,0.4778870100539832,0.39434741191552625,0.255297830271051,0.3107485364048331
RCCD_k6_nc1_rf1_ra2,6,RCCD,1,1,2,2.8284271247461903,57,32,24,1,0.01,0.9460714285714289,55.54262973572399,0.9194691914458568,0.5494763419586683,0.40220920183802544,0.31133074009872214,0.35766758998786763
RCCD_k7_nc1_rf1_ra2,7,RCCD,1,1,2,3.363585661014858,61,32,28,1,0.01,1.41160662165877,52.466487534280304,2.909137819484736,11.502343141997079,0.42328162697082483,0.4901070173882814,0.43538847189553415
RCCD_k8_nc1_rf1_ra2,8,RCCD,1,1,2,4,65,32,32,1,0.01,2.2615555555555558,50.954319838944144,4.213584451290129,9.657794617201299,0.45053719064361575,0.5482384040983732,0.516752651379092
RCCD_k9_nc1_rf1_ra2,9,RCCD,1,1,2,4.756828460010884,69,32,36,1,0.01,3.8261067294412543,53.88477620036501,4.471684465103451,6.748192251329236,0.48182965962920743,0.5852357090576725,0.6056886028519798
RCCD_k10_nc1_rf1_ra2,10,RCCD,1,1,2,5.656854249492381,73,32,40,1,0.01,6.726212121212123,63.10191255504415,3.9656865531522043,5.0282365561426685,0.5139131210512498,0.6110557391481717,0.6075322995028825
SCCD_k3_nc1_rf1_ra2,3,SCCD,1,1,2,1.7320508075688772,21,8,12,1,0.01,0.237,14.733525197813822,1.5956677778623582,0.7562082314577547,0.4008700175307,0.2273509283590425,0.2843498920835068
SCCD_k4_nc1_rf1_ra2,4,SCCD,1,1,2,2,33,16,16,1,0.01,0.3846666666666667,25.247460690438974,1.387368555106851,0.6463313769036244,0.39758324258091315,0.23460959832176465,0.2973085601013007
SCCD_k5_nc1_rf1_ra2,5,SCCD,1,1,2,2.23606797749979,53,32,20,1,0.01,0.6157142857142859,43.49249795388401,1.1349026172006105,0.5481190444881486,0.36713947123499313,0.22927013046748576,0.2709314526369608
SCCD_k6_nc1_rf1_ra2,6,SCCD,1,1,2,2.449489742783178,57,32,24,1,0.01,0.6889285714285714,47.014631017542186,1.2487458346347589,0.5682029086698855,0.34045412156840205,0.22923722020225126,0.3458797482113669
SCCD_k7_nc1_rf1_ra2,7,SCCD,1,1,2,2.6457513110645907,61,32,28,1,0.01,0.7636111111111114,38.211825183028125,5.190980036023459,18.74298400432096,0.3082799000491305,0.2746666043761816,0.26719265206957743
SCCD_k8_nc1_rf1_ra2,8,SCCD,1,1,2,2.8284271247461903,65,32,32,1,0.01,0.8393333333333335,29.7740700513824,10.761159982669124,21.548382028056793,0.26326179835931274,0.21466540956823982,0.23160397696752494
SCCD_k9_nc1_rf1_ra2,9,SCCD,1,1,2,3,69,32,36,1,0.01,0.9158181818181818,23.252785143086076,17.521893322841464,29.562352697347574,0.2079229485757493,0.14935540243276682,0.13826041446460677
SCCD_k10_nc1_rf1_ra2,10,SCCD,1,1,2,3.1622776601683795,73,32,40,1,0.01,0.9928787878787881,18.49730968023768,25.172576840775903,32.09636555795437,0.15064535707266075,0.09626569195892035,0.09517638724178668
FCCD_k3_nc3_rf1_ra2,3,FCCD,3,1,2,1,23,8,12,3,0.01,0.11900000000000001,9.009721564514642,1.3375506281512402,1.7842962883008964,0.24513666573493373,0.2712245376095009,0.12051122362218955
FCCD_k4_nc3_rf1_ra2,4,FCCD,3,1,2,1,35,16,16,3,0.01,0.19399999999999998,14.121039769886124,1.4131256428898356,3.055159712899102,0.22237043357201647,0.2303333614215929,0.06289682670408196
FCCD_k5_nc3_rf1_ra2,5,FCCD,3,1,2,1,55,32,20,3,0.01,0.35000000000000003,23.70850595046813,1.4501692102177213,4.15019026647967,0.20013401731158176,0.17942683466187367,0.035782139951651415
FCCD_k6_nc3_rf1_ra2,6,FCCD,3,1,2,1,59,32,24,3,0.01,0.3467857142857143,24.285165022821932,1.8450353751191177,5.931085607428055,0.1758598195081773,0.15515096768934905,0.03313556606527033
FCCD_k7_nc3_rf1_ra2,7,FCCD,3,1,2,1,63,32,28,3,0.01,0.3441666666666667,17.971489952961207,10.85495282054782,39.62073147422074,0.14498781725018328,0.1313491530962874,0.12639816120181013
FCCD_k8_nc3_rf1_ra2,8,FCCD,3,1,2,1,67,32,32,3,0.01,0.342,12.612603294106833,25.775430310535675,65.97115819730803,0.11152041422180342,0.0896221241421832,0.07564958856697987
FCCD_k9_nc3_rf1_ra2,9,FCCD,3,1,2,1,71,32,36,3,0.01,0.34018181818181814,8.808900826024688,46.666205149662794,76.95757859399049,0.0787678818768513,0.056078899499628736,0.05311111928362222
FCCD_k10_nc3_rf1_ra2,10,FCCD,3,1,2,1,75,32,40,3,0.01,0.3386363636363637,6.24120300282947,73.57397847709714,99.26848943999966,0.05082945959047849,0.0329363122414363,0.030773270900271096
RCCD_k3_nc3_rf1_ra2,3,RCCD,3,1,2,1.681792830507429,23,8,12,3,0.01,0.22494112549695428,15.508710869914456,1.0057547775842566,0.5669011789503148,0.42196128318453263,0.3607007977839073,0.37930372522036665
RCCD_k4_nc3_rf1_ra2,4,RCCD,3,1,2,2,35,16,16,3,0.01,0.386,26.730121100997323,0.9025957868829351,0.5100312854105096,0.42093137017694376,0.3606154428904738,0.3767609095995821
RCCD_k5_nc3_rf1_ra2,5,RCCD,3,1,2,2.378414230005442,55,32,20,3,0.01,0.6895890880904036,48.2826140279763,0.7252247603603185,0.4091476934839558,0.40757496621302836,0.35878431809774175,0.362956192363285
RCCD_k6_nc3_rf1_ra2,6,RCCD,3,1,2,2.8284271247461903,59,32,24,3,0.01,0.9467857142857146,56.514146896588635,0.7848850392131517,0.5461246609119333,0.4092443952327665,0.36471458821254554,0.35986267065020566
RCCD_k7_nc3_rf1_ra2,7,RCCD,3,1,2,3.363585661014858,63,32,28,3,0.01,1.4121621772143258,52.905230402058926,2.860047934508137,9.42623480594237,0.4268212539522164,0.49851921804391564,0.5312818645950885
RCCD_k8_nc3_rf1_ra2,8,RCCD,3,1,2,4,67,32,32,3,0.01,2.262,51.16789247449431,4.194684329099492,9.808791252888655,0.4524255960923248,0.5507086192597804,0.5087977556300581
RCCD_k9_nc3_rf1_ra2,9,RCCD,3,1,2,4.756828460010884,71,32,36,3,0.01,3.8264703658048904,54.008397233268724,4.463366807912559,6.715150139415882,0.4829350605310414,0.5863263185041515,0.6086689130735796
RCCD_k10_nc3_rf1_ra2,10,RCCD,3,1,2,5.656854249492381,75,32,40,3,0.01,6.726515151515153,63.186879354381404,3.9616335675058614,5.0669040207082565,0.5146051056720812,0.6116808853404386,0.6028959903153652
SCCD_k3_nc3_rf1_ra2,3,SCCD,3,1,2,1.7320508075688772,23,8,12,3,0.01,0.239,16.163459118628797,0.9851507689403927,0.5556017874146155,0.43977568526525523,0.36824470130578324,0.3870177056273733
SCCD_k4_nc3_rf1_ra2,4,SCCD,3,1,2,2,35,16,16,3,0.01,0.386,26.730121100997323,0.9025957868829351,0.5153352862226761,0.42093137017694376,0.3606154428904738,0.37288316199732435
SCCD_k5_nc3_rf1_ra2,5,SCCD,3,1,2,2.23606797749979,55,32,20,3,0.01,0.6166666666666668,45.10902384453996,0.765838409618845,0.4134126027892803,0.38078528347052837,0.33975740553803674,0.35921180907213424
SCCD_k6_nc3_rf1_ra2,6,SCCD,3,1,2,2.449489742783178,59,32,24,3,0.01,0.6896428571428571,48.285514482163244,0.9087145633934803,0.5693301743114749,0.3496571612222053,0.3150153363910158,0.3451949112329795
SCCD_k7_nc3_rf1_ra2,7,SCCD,3,1,2,2.6457513110645907,63,32,28,3,0.01,0.7641666666666669,38.99386393215833,4.8729927807762214,19.6079688541261,0.3145891204609177,0.29258997992030633,0.2554057302451475
SCCD_k8_nc3_rf1_ra2,8,SCCD,3,1,2,2.8284271247461903,67,32,32,3,0.01,0.8397777777777781,30.248961396381222,10.462736458965395,25.98925104139225,0.26746077919377403,0.22078820623734305,0.192029041812901
SCCD_k9_nc3_rf1_ra2,9,SCCD,3,1,2,3,71,32,36,3,0.01,0.9161818181818182,23.548518756127788,17.241257706947653,28.33797816760896,0.2105673545872535,0.15178645740922003,0.14423411269178174
SCCD_k10_nc3_rf1_ra2,10,SCCD,3,1,2,3.1622776601683795,75,32,40,3,0.01,0.9931818181818184,18.68843579430611,24.908252172029364,34.371671397961364,0.15220192190276194,0.09728725689904376,0.08887598400521761
FCCD_k3_nc5_rf1_ra2,3,FCCD,5,1,2,1,25,8,12,5,0.01,0.121,9.221205415549749,1.2962471315678303,1.7371621814686955,0.2508907221425939,0.2798668107452889,0.12378103282554509
FCCD_k4_nc5_rf1_ra2,4,FCCD,5,1,2,1,37,16,16,5,0.01,0.19533333333333336,14.271781849810205,1.3961538636967132,3.0264337577508686,0.2247442376414413,0.23313331567628107,0.06349382355499285
FCCD_k5_nc5_rf1_ra2,5,FCCD,5,1,2,1,57,32,20,5,0.01,0.35095238095238096,23.84403064156528,1.4412601514078034,4.427031091332407,0.20127804135640556,0.18053595033437642,0.03354453263992371
FCCD_k6_nc5_rf1_ra2,6,FCCD,5,1,2,1,61,32,24,5,0.01,0.34750000000000003,24.370142190553622,1.8392320586117767,6.162214854820436,0.17647517745882607,0.155640514491073,0.03189273396236248
FCCD_k7_nc5_rf1_ra2,7,FCCD,5,1,2,1,65,32,28,5,0.01,0.3447222222222222,18.015134478892893,10.836834097595926,45.72224101304885,0.14533992631661669,0.13156876326042616,0.1095306680698992
FCCD_k8_nc5_rf1_ra2,8,FCCD,5,1,2,1,69,32,32,5,0.01,0.3424444444444445,12.635497405280404,25.74205746466647,62.58504031454122,0.11172284354601039,0.08973831319737326,0.07974255428823204
FCCD_k9_nc5_rf1_ra2,9,FCCD,5,1,2,1,73,32,36,5,0.01,0.34054545454545454,8.82150322839723,46.61679832126443,77.18697636771513,0.07888057068571065,0.056138334738944244,0.05295327435826014
FCCD_k10_nc5_rf1_ra2,10,FCCD,5,1,2,1,77,32,40,5,0.01,0.33893939393939393,6.2485145501273855,73.50876712734032,102.23893696432282,0.050889006123054796,0.032965530815780714,0.02987918505514015
RCCD_k3_nc5_rf1_ra2,3,RCCD,5,1,2,1.681792830507429,25,8,12,5,0.01,0.22694112549695425,16.259930747412515,0.8523206866783757,0.5673798219626947,0.4424004870694753,0.42563386800268027,0.37898374366547394
RCCD_k4_nc5_rf1_ra2,4,RCCD,5,1,2,2,37,16,16,5,0.01,0.38733333333333336,27.55311890088632,0.7716898385458284,0.5120603472940303,0.4338914907185212,0.42178860363279935,0.37526797775100423
RCCD_k5_nc5_rf1_ra2,5,RCCD,5,1,2,2.378414230005442,57,32,20,5,0.01,0.6905414690427846,49.22431060529056,0.6271330527662609,0.40651702974486575,0.4155242448179397,0.4149028184142832,0.36530496406106
RCCD_k6_nc5_rf1_ra2,6,RCCD,5,1,2,2.8284271247461903,61,32,24,5,0.01,0.9475000000000003,57.17527540616023,0.7250300859408497,0.5416845337372298,0.41403192458476845,0.3948236485929305,0.3628124244711085
RCCD_k7_nc5_rf1_ra2,7,RCCD,5,1,2,3.363585661014858,65,32,28,5,0.01,1.4127177327698812,53.24573906320337,2.8307420454823102,10.243389640289546,0.42956836104591506,0.5036802495496131,0.48889945415281755
RCCD_k8_nc5_rf1_ra2,8,RCCD,5,1,2,4,69,32,32,5,0.01,2.2624444444444443,51.34886362484841,4.181074589249912,9.140818944720088,0.45402573978820365,0.5525012208699784,0.5459785392419584
RCCD_k9_nc5_rf1_ra2,9,RCCD,5,1,2,4.756828460010884,73,32,36,5,0.01,3.826834002168527,54.1187365854846,4.456712956275848,6.586551487341034,0.4839216986182851,0.5872017009603026,0.6205528256083199
RCCD_k10_nc5_rf1_ra2,10,RCCD,5,1,2,5.656854249492381,77,32,40,5,0.01,6.726818181818183,63.265189963026366,3.9581829040764265,4.9205015569057595,0.5152428811002832,0.6122141363075313,0.6208342954612985
SCCD_k3_nc5_rf1_ra2,3,SCCD,5,1,2,1.7320508075688772,25,8,12,5,0.01,0.24100000000000002,16.94697695687786,0.834112289443134,0.5549460700202019,0.4610936526449237,0.43492531550136093,0.3874750009489109
SCCD_k4_nc5_rf1_ra2,4,SCCD,5,1,2,2,37,16,16,5,0.01,0.38733333333333336,27.55311890088632,0.7716898385458284,0.5135946602762348,0.4338914907185212,0.42178860363279935,0.3741469019793844
SCCD_k5_nc5_rf1_ra2,5,SCCD,5,1,2,2.23606797749979,57,32,20,5,0.01,0.6176190476190477,46.04006580717362,0.654062832734955,0.41802254096939867,0.38864462174586384,0.3978199923476086,0.35525043361723446
SCCD_k6_nc5_rf1_ra2,6,SCCD,5,1,2,2.449489742783178,61,32,24,5,0.01,0.6903571428571429,49.02057207146914,0.8030679508572538,0.5633356191711014,0.3549800443429077,0.35645678994565566,0.3488681920608583
SCCD_k7_nc5_rf1_ra2,7,SCCD,5,1,2,2.6457513110645907,65,32,28,5,0.01,0.7647222222222223,39.45033310080812,4.769673690785971,21.459510796443368,0.31827175715814016,0.2989279670501241,0.2333691411382124
SCCD_k8_nc5_rf1_ra2,8,SCCD,5,1,2,2.8284271247461903,69,32,32,5,0.01,0.8402222222222224,30.52904059108813,10.361755897122444,23.24656209111313,0.2699372344568376,0.22293989918740914,0.21468512012025093
SCCD_k9_nc5_rf1_ra2,9,SCCD,5,1,2,3,73,32,36,5,0.01,0.9165454545454546,23.724813052347617,17.142863977672913,28.538173828312424,0.21214375198057878,0.15265765580508586,0.14322230851468115
SCCD_k10_nc5_rf1_ra2,10,SCCD,5,1,2,3.1622776601683795,77,32,40,5,0.01,0.9934848484848487,18.80359092967482,24.812652225293842,31.758157130605547,0.153139765664166,0.09766209214410929,0.09618996797688438
FCCD_k3_nc7_rf1_ra2,3,FCCD,7,1,2,1,27,8,12,7,0.01,0.12300000000000001,9.39711573581568,1.2688861430394887,1.7400027432571368,0.25567689328779264,0.2859015780412125,0.12357895976943033
FCCD_k4_nc7_rf1_ra2,4,FCCD,7,1,2,1,39,16,16,7,0.01,0.19666666666666668,14.403496558588817,1.383431470151343,2.9077832607481526,0.226818409046395,0.23527726993391135,0.0660846541107284
FCCD_k5_nc7_rf1_ra2,5,FCCD,7,1,2,1,59,32,20,7,0.01,0.3519047619047619,23.966008832499366,1.4340978264536541,4.266538304055757,0.20230771338327388,0.18143760231260897,0.03480636486961593
FCCD_k6_nc7_rf1_ra2,6,FCCD,7,1,2,1,63,32,24,7,0.01,0.3482142857142857,24.4479908299563,1.834372701250493,6.201908731788837,0.1770389145247034,0.15605281504443963,0.0316886119230298
FCCD_k7_nc7_rf1_ra2,7,FCCD,7,1,2,1,67,32,28,7,0.01,0.3452777777777778,18.055811850599653,10.819323226002751,40.97670951598677,0.14566809740040965,0.13178170483458942,0.12221546490594504
FCCD_k8_nc7_rf1_ra2,8,FCCD,7,1,2,1,71,32,32,7,0.01,0.3428888888888889,12.657134308526588,25.70912382791544,58.07701811319927,0.11191415666006187,0.0898532688461645,0.08593228676420717
FCCD_k9_nc7_rf1_ra2,9,FCCD,7,1,2,1,75,32,36,7,0.01,0.34090909090909094,8.833545168414384,46.56773603679708,79.84512736530043,0.07898824792349236,0.056197480301578194,0.051190389086415884
FCCD_k10_nc7_rf1_ra2,10,FCCD,7,1,2,1,79,32,40,7,0.01,0.33924242424242423,6.255561029676706,73.44384158110691,98.83238965934305,0.05094639389706967,0.032994672879281366,0.03090905853766357
RCCD_k3_nc7_rf1_ra2,3,RCCD,7,1,2,1.681792830507429,27,8,12,7,0.01,0.22894112549695428,16.789462097971768,0.7827027682783452,0.5635947568820405,0.45680798554195495,0.4634921011555778,0.3815289734014986
RCCD_k4_nc7_rf1_ra2,4,RCCD,7,1,2,2,39,16,16,7,0.01,0.38866666666666666,28.132012756155664,0.7107742860025918,0.5094917918477991,0.44300759545911833,0.4579371902554708,0.3771598563317222
RCCD_k5_nc7_rf1_ra2,5,RCCD,7,1,2,2.378414230005442,59,32,20,7,0.01,0.6914938499951656,49.903974229733066,0.5780643540463117,0.4103256602669423,0.4212615870133699,0.450121633157524,0.361914214296388
RCCD_k6_nc7_rf1_ra2,6,RCCD,7,1,2,2.8284271247461903,63,32,24,7,0.01,0.948214285714286,57.678642333810735,0.6911850894543857,0.5441517754463782,0.41767703125626177,0.4141568275102435,0.3611673945609919
RCCD_k7_nc7_rf1_ra2,7,RCCD,7,1,2,3.363585661014858,67,32,28,7,0.01,1.4132732883254369,53.52454890783393,2.8111220905534218,9.362029602665062,0.43181770324885177,0.5071956371693622,0.5349254185637883
RCCD_k8_nc7_rf1_ra2,8,RCCD,7,1,2,4,71,32,32,7,0.01,2.262888888888889,51.506032069557065,4.1707413430566636,8.99847457095489,0.45541542038369937,0.5538700737111704,0.5546152223425017
RCCD_k9_nc7_rf1_ra2,9,RCCD,7,1,2,4.756828460010884,75,32,36,7,0.01,3.827197638532163,54.218424255113305,4.451249665548981,6.818660751155847,0.4848130909430453,0.5879224094913217,0.5994290206902159
RCCD_k10_nc7_rf1_ra2,10,RCCD,7,1,2,5.656854249492381,79,32,40,7,0.01,6.727121212121215,63.33783100570055,3.9552047552060245,5.090957111770812,0.5158344825818475,0.6126751149297097,0.6000475058677599
SCCD_k3_nc7_rf1_ra2,3,SCCD,7,1,2,1.7320508075688772,27,8,12,7,0.01,0.24300000000000002,17.499129112974675,0.7656186154481878,0.5521353048080528,0.47611661839971714,0.4738345480761994,0.38944752696519824
SCCD_k4_nc7_rf1_ra2,4,SCCD,7,1,2,2,39,16,16,7,0.01,0.38866666666666666,28.132012756155664,0.7107742860025918,0.5139135274480171,0.44300759545911833,0.4579371902554708,0.37391475560048343
SCCD_k5_nc7_rf1_ra2,5,SCCD,7,1,2,2.23606797749979,59,32,20,7,0.01,0.6185714285714287,46.70133550022878,0.6000648044160647,0.41660496184692086,0.39422669260574916,0.43361861785358374,0.35645924206664514
SCCD_k6_nc7_rf1_ra2,6,SCCD,7,1,2,2.449489742783178,63,32,24,7,0.01,0.6910714285714287,49.54255364877103,0.7515739807799457,0.5743000479435567,0.358759948077745,0.38087936941849293,0.342207665988253
SCCD_k7_nc7_rf1_ra2,7,SCCD,7,1,2,2.6457513110645907,67,32,28,7,0.01,0.7652777777777778,39.775666121019874,4.717404947528755,20.813831978795292,0.32089643238559057,0.30224008236266037,0.24060863030480023
SCCD_k8_nc7_rf1_ra2,8,SCCD,7,1,2,2.8284271247461903,71,32,32,7,0.01,0.8406666666666669,30.72954051066202,10.309088566741192,24.804424441877657,0.2717100511831645,0.22407886013916067,0.20120164394895776
SCCD_k9_nc7_rf1_ra2,9,SCCD,7,1,2,3,75,32,36,7,0.01,0.9169090909090909,23.85159969003652,17.09032468488545,27.31292085021548,0.21327745924988284,0.15312695790568812,0.14964723688465986
SCCD_k10_nc7_rf1_ra2,10,SCCD,7,1,2,3.1622776601683795,79,32,40,7,0.01,0.9937878787878791,18.88678818983093,24.76067057099742,34.42933400467602,0.15381733884536625,0.09786712040039758,0.0887271335827443
FCCD_k3_nc10_rf1_ra2,3,FCCD,10,1,2,1,30,8,12,10,0.01,0.126,9.616628721334646,1.2415753867161052,1.756107397204916,0.2616494065303302,0.29219051418950925,0.12244565984399247
FCCD_k4_nc10_rf1_ra2,4,FCCD,10,1,2,1,42,16,16,10,0.01,0.19866666666666669,14.574701507414272,1.3693364094677614,3.0555498329134947,0.22951445121612102,0.2376990615216154,0.06288879629637115
FCCD_k5_nc10_rf1_ra2,5,FCCD,10,1,2,1,62,32,20,10,0.01,0.3533333333333334,24.128951826830143,1.4256289341051644,4.085423262625766,0.2036831874901757,0.18251542521953393,0.036349401125628296
FCCD_k6_nc10_rf1_ra2,6,FCCD,10,1,2,1,66,32,24,10,0.01,0.3492857142857143,24.55381200154713,1.8283902004893642,5.915115655968057,0.177805213296757,0.1565634205402084,0.03322502727151539
FCCD_k7_nc10_rf1_ra2,7,FCCD,10,1,2,1,70,32,28,10,0.01,0.34611111111111115,18.112139034516115,10.793954907559016,44.66779644004475,0.14612252580168705,0.13209142266108886,0.11211628965252732
FCCD_k8_nc10_rf1_ra2,8,FCCD,10,1,2,1,74,32,32,10,0.01,0.34355555555555556,12.687560003238024,25.66040912654387,59.888075092554814,0.11218318011208711,0.09002384972574107,0.0833336347378099
FCCD_k9_nc10_rf1_ra2,9,FCCD,10,1,2,1,78,32,36,10,0.01,0.3414545454545455,8.850688001365386,46.49470458069702,76.93638247103077,0.07914153658771819,0.05628575237153952,0.053125751500249875
FCCD_k10_nc10_rf1_ra2,10,FCCD,10,1,2,1,82,32,40,10,0.01,0.3396969696969697,6.2656897336927875,73.34693502498509,100.34587801910436,0.05102888385153132,0.03303826570450315,0.03044286599212594
RCCD_k3_nc10_rf1_ra2,3,RCCD,10,1,2,1.681792830507429,30,8,12,10,0.01,0.23194112549695425,17.37946221045315,0.7288049296464213,0.5691743566792024,0.4728607191720994,0.49776906809016525,0.37778885588281325
RCCD_k4_nc10_rf1_ra2,4,RCCD,10,1,2,2,42,16,16,10,0.01,0.3906666666666667,28.773788259295408,0.6629722605353168,0.5129240749475092,0.4531139260986952,0.49095565352168513,0.3746360531725335
RCCD_k5_nc10_rf1_ra2,5,RCCD,10,1,2,2.378414230005442,62,32,20,10,0.01,0.692922421423737,50.66775852084561,0.5379012593308268,0.40785141111494283,0.4277090290773779,0.4837305483113658,0.36410978335270544
RCCD_k6_nc10_rf1_ra2,6,RCCD,10,1,2,2.8284271247461903,66,32,24,10,0.01,0.9492857142857146,58.264056284447165,0.6612116850334869,0.5431039222286203,0.42191627738037674,0.43293098163610755,0.36186422329127804
RCCD_k7_nc10_rf1_ra2,7,RCCD,10,1,2,3.363585661014858,70,32,28,10,0.01,1.41410662165877,53.86696809574359,2.791237793443034,10.277122430585202,0.434580223817238,0.5108088114987797,0.4872947303720132
RCCD_k8_nc10_rf1_ra2,8,RCCD,10,1,2,4,74,32,32,10,0.01,2.2635555555555555,51.708997158203,4.159092874547027,9.583309010599894,0.45721003409115935,0.5554213105569591,0.5207690756286161
RCCD_k9_nc10_rf1_ra2,9,RCCD,10,1,2,4.756828460010884,78,32,36,10,0.01,3.827743093077618,54.35204303067844,4.444638509690579,7.046022806267136,0.486007890173745,0.5887969118098613,0.5800865607259573
RCCD_k10_nc10_rf1_ra2,10,RCCD,10,1,2,5.656854249492381,82,32,40,10,0.01,6.72757575757576,63.43783000114151,3.9514224084476526,5.055845922794108,0.5166488920627681,0.6132615745625587,0.6042146386671469
SCCD_k3_nc10_rf1_ra2,3,SCCD,10,1,2,1.7320508075688772,30,8,12,10,0.01,0.24600000000000002,18.11422770782298,0.7126073229733841,0.5587753399926421,0.49285223198773587,0.5090833885005799,0.3848196468557535
SCCD_k4_nc10_rf1_ra2,4,SCCD,10,1,2,2,42,16,16,10,0.01,0.3906666666666667,28.773788259295408,0.6629722605353168,0.5115848164930695,0.4531139260986952,0.49095565352168513,0.3756167986625749
SCCD_k5_nc10_rf1_ra2,5,SCCD,10,1,2,2.23606797749979,62,32,20,10,0.01,0.6200000000000001,47.437162929253105,0.556776676271518,0.4144794152028604,0.400438138393449,0.46733148531995283,0.358287247796069
SCCD_k6_nc10_rf1_ra2,6,SCCD,10,1,2,2.449489742783178,66,32,24,10,0.01,0.6921428571428571,50.1226863467187,0.710075568239965,0.5690283649472299,0.36296095027212966,0.403138816028202,0.34537800062380364
SCCD_k7_nc10_rf1_ra2,7,SCCD,10,1,2,2.6457513110645907,70,32,28,10,0.01,0.7661111111111113,40.13826230826435,4.673096193507898,18.445905828409476,0.3238217340644952,0.30510582295735544,0.27149588913650036
SCCD_k8_nc10_rf1_ra2,8,SCCD,10,1,2,2.8284271247461903,74,32,32,10,0.01,0.8413333333333336,30.95376818118184,10.262737650896739,24.5324727106476,0.2736926682617532,0.2250908961808229,0.20343204020960476
SCCD_k9_nc10_rf1_ra2,9,SCCD,10,1,2,3,78,32,36,10,0.01,0.9174545454545455,23.993882370986807,17.042870765525315,28.495116776280298,0.21454972983477846,0.15355332236108363,0.14343872210014894
SCCD_k10_nc10_rf1_ra2,10,SCCD,10,1,2,3.1622776601683795,82,32,40,10,0.01,0.9942424242424245,18.980466259305164,24.712873333336685,34.66927679744424,0.1545802695887976,0.09805640547258865,0.0881130614649281
FCCD_k3_nc1_rf2_ra2,3,FCCD,1,2,2,1,29,16,12,1,0.01,0.197,13.491435685323037,1.0615065508360755,1.5994874174386495,0.3670752238230297,0.3417562994442978,0.13443539890548703
FCCD_k4_nc1_rf2_ra2,4,FCCD,1,2,2,1,49,32,16,1,0.01,0.3526666666666667,22.724963363448577,1.1195225039976913,2.606899209822929,0.35786033028635833,0.2907400059182165,0.07371203700221303
FCCD_k5_nc1_rf2_ra2,5,FCCD,1,2,2,1,85,64,20,1,0.01,0.669047619047619,39.98234812830701,1.1715681873731985,3.893884089486772,0.33750873923416863,0.22209485876948754,0.03813741896994428
FCCD_k6_nc1_rf2_ra2,6,FCCD,1,2,2,1,89,64,24,1,0.01,0.6660714285714286,41.745230752610006,1.458217873338774,5.531516552696873,0.30229602057808663,0.19630744424726193,0.0355291134196984
FCCD_k7_nc1_rf2_ra2,7,FCCD,1,2,2,1,93,64,28,1,0.01,0.6636111111111112,31.270259641830364,6.218977989507146,21.53215045016333,0.2522777300147246,0.22926417528486961,0.23258186010743753
FCCD_k8_nc1_rf2_ra2,8,FCCD,1,2,2,1,97,64,32,1,0.01,0.6615555555555556,22.1559661487214,14.009360620837313,31.24770492339495,0.1959026590128425,0.16489323657448635,0.15971384097322927
FCCD_k9_nc1_rf2_ra2,9,FCCD,1,2,2,1,101,64,36,1,0.01,0.6598181818181819,15.597014746417141,24.841494249832028,44.220347886025685,0.13946618760285384,0.10534750455418729,0.0924303704488904
FCCD_k10_nc1_rf2_ra2,10,FCCD,1,2,2,1,105,64,40,1,0.01,0.6583333333333333,11.126019397509292,38.7262379832593,51.75626280286999,0.09061226707610598,0.06257399773801725,0.05902312013974112
RCCD_k3_nc1_rf2_ra2,3,RCCD,1,2,2,1.681792830507429,29,16,12,1,0.01,0.30294112549695434,20.134826890469057,1.3076848264489846,0.6919956873655844,0.5478287307478588,0.277418949361626,0.31073564898399725
RCCD_k4_nc1_rf2_ra2,4,RCCD,1,2,2,2,49,32,16,1,0.01,0.5446666666666667,38.36473332557415,1.0614420965704543,0.5852049683883945,0.6041468987061362,0.306648832272181,0.328363328057005
RCCD_k5_nc1_rf2_ra2,5,RCCD,1,2,2,2.378414230005442,85,64,20,1,0.01,1.0086367071380227,74.58626167385775,0.729562167217964,0.37750046198756776,0.6296157259435942,0.35665126675317016,0.39338412503995207
RCCD_k6_nc1_rf2_ra2,6,RCCD,1,2,2,2.8284271247461903,89,64,24,1,0.01,1.266071428571429,89.22081089722145,0.5935510267836307,0.2958855715061136,0.6460880824163067,0.48228208014736246,0.6642090656307843
RCCD_k7_nc1_rf2_ra2,7,RCCD,1,2,2,3.363585661014858,93,64,28,1,0.01,1.73160662165877,81.38894854607732,2.1984985060950426,7.55145714897966,0.6566181228640336,0.6485284642797363,0.6631816224354602
RCCD_k8_nc1_rf2_ra2,8,RCCD,1,2,2,4,97,64,32,1,0.01,2.5815555555555556,74.83639331776412,3.48730998657443,7.838688779949087,0.6617020599991738,0.6624156797079491,0.6366742085333701
RCCD_k9_nc1_rf2_ra2,9,RCCD,1,2,2,4.756828460010884,101,64,36,1,0.01,4.146106729441255,74.256853213906,3.934982301104289,6.522952367019468,0.6639937442841226,0.6650574839644339,0.6266032475033652
RCCD_k10_nc1_rf2_ra2,10,RCCD,1,2,2,5.656854249492381,105,64,40,1,0.01,7.046212121212124,81.6649225540139,3.6394959421572026,4.636320620130558,0.6650935531238038,0.6658217419333274,0.6588880208443796
SCCD_k3_nc1_rf2_ra2,3,SCCD,1,2,2,1.7320508075688772,29,16,12,1,0.01,0.317,20.86017563644681,1.2924413365452183,0.7007673263535857,0.5675640324229201,0.28069092220413144,0.3068461112856961
SCCD_k4_nc1_rf2_ra2,4,SCCD,1,2,2,2,49,32,16,1,0.01,0.5446666666666667,38.36473332557415,1.0614420965704543,0.5767466027209254,0.6041468987061362,0.306648832272181,0.33317899075426277
SCCD_k5_nc1_rf2_ra2,5,SCCD,1,2,2,2.23606797749979,85,64,20,1,0.01,0.9357142857142858,69.9268158461277,0.8198395857182434,0.4505610356670843,0.5902832764886385,0.3173782720988279,0.32959505413354123
SCCD_k6_nc1_rf2_ra2,6,SCCD,1,2,2,2.449489742783178,89,64,24,1,0.01,1.0089285714285714,76.60654396078526,0.8701898099622568,0.4101633680043279,0.5547424932640421,0.32896159044108814,0.4791502467417632
SCCD_k7_nc1_rf2_ra2,7,SCCD,1,2,2,2.6457513110645907,93,64,28,1,0.01,1.0836111111111113,61.300990199295484,3.6398406763336144,13.138592353798266,0.4945553644986597,0.3917173817935623,0.38116622153699853
SCCD_k8_nc1_rf2_ra2,8,SCCD,1,2,2,2.8284271247461903,97,64,32,1,0.01,1.1593333333333335,46.57726739984093,7.750630514566362,16.487642012011758,0.411835370749905,0.2980465667622222,0.30269282722645363
SCCD_k9_nc1_rf2_ra2,9,SCCD,1,2,2,3,101,64,36,1,0.01,1.2358181818181817,35.285587336081555,12.939802766204345,20.87464470032977,0.3155184772920274,0.202243378504342,0.19580228526809806
SCCD_k10_nc1_rf2_ra2,10,SCCD,1,2,2,3.1622776601683795,105,64,40,1,0.01,1.3128787878787882,27.159654835918708,19.00653479322605,25.585415633448825,0.22119302598358279,0.1274959141331768,0.11939677514576422
FCCD_k3_nc3_rf2_ra2,3,FCCD,3,2,2,1,31,16,12,3,0.01,0.19899999999999998,13.876355456562697,1.004624769132023,1.5989731515031869,0.3775481278546902,0.36110651637929425,0.13447863637080185
FCCD_k4_nc3_rf2_ra2,4,FCCD,3,2,2,1,51,32,16,3,0.01,0.354,23.00047255909846,1.0983978944636992,2.715040181084597,0.3621988988541201,0.2963315762698072,0.07077606156780492
FCCD_k5_nc3_rf2_ra2,5,FCCD,3,2,2,1,87,64,20,3,0.01,0.67,40.23190747489273,1.161136299286765,3.845316440662441,0.3396153803989135,0.224090204804814,0.03861910748639822
FCCD_k6_nc3_rf2_ra2,6,FCCD,3,2,2,1,91,64,24,3,0.01,0.6667857142857143,41.90183868369502,1.451664450850673,5.2306872024862905,0.3034300891532138,0.1971936584264118,0.037572477836237315
FCCD_k7_nc3_rf2_ra2,7,FCCD,3,2,2,1,95,64,28,3,0.01,0.6641666666666667,31.34841864453603,6.210712598247384,21.331965808857664,0.2529082900423242,0.2295692865069073,0.23476446796725692
FCCD_k8_nc3_rf2_ra2,8,FCCD,3,2,2,1,99,64,32,3,0.01,0.662,22.195467146235764,13.997982477500269,31.98618497815866,0.1962519261309984,0.16502726866690176,0.1560264526176323
FCCD_k9_nc3_rf2_ra2,9,FCCD,3,2,2,1,103,64,36,3,0.01,0.6601818181818182,15.617897592091282,24.826494213293696,40.32268580752346,0.13965291890495382,0.10541115495943414,0.10136485342257501
FCCD_k10_nc3_rf2_ra2,10,FCCD,3,2,2,1,107,64,40,3,0.01,0.6586363636363636,11.137657978531344,38.707515158465874,52.89070420151194,0.09070705373558215,0.0626042647802564,0.05775714586364847
RCCD_k3_nc3_rf2_ra2,3,RCCD,3,2,2,1.681792830507429,31,16,12,3,0.01,0.30494112549695435,21.977269058629354,0.7591651474341645,0.33135769776626006,0.5979579302662001,0.477862493919451,0.6489293306212938
RCCD_k4_nc3_rf2_ra2,4,RCCD,3,2,2,2,51,32,16,3,0.01,0.546,40.42555045344522,0.6575170542594432,0.288420180296572,0.6365995229962116,0.4950289537424431,0.6662496737153296
RCCD_k5_nc3_rf2_ra2,5,RCCD,3,2,2,2.378414230005442,87,64,20,3,0.01,1.0095890880904037,76.74266063847647,0.5109837002593722,0.22300110564354558,0.647818846318084,0.5092124679934007,0.6659280388435832
RCCD_k6_nc3_rf2_ra2,6,RCCD,3,2,2,2.8284271247461903,91,64,24,3,0.01,1.2667857142857146,90.51356414498842,0.500411021053335,0.2980067113697395,0.6554494910214063,0.5720478003626984,0.6594813857727856
RCCD_k7_nc3_rf2_ra2,7,RCCD,3,2,2,3.363585661014858,95,64,28,3,0.01,1.7321621772143256,81.90639170998016,2.169734376746209,8.432279955841517,0.6607926768426781,0.6571259943888906,0.5939067049526586
RCCD_k8_nc3_rf2_ra2,8,RCCD,3,2,2,4,99,64,32,3,0.01,2.582,75.05568828987975,3.4778252590085867,7.494701199180123,0.6636410622461184,0.6642222202295289,0.66589592330371306
RCCD_k9_nc3_rf2_ra2,9,RCCD,3,2,2,4.756828460010884,103,64,36,3,0.01,4.14647036580489,74.36962871272672,3.9311917758728874,6.714026411570105,0.6650021660322106,0.6656987442531767,0.6087707861024525
RCCD_k10_nc3_rf2_ra2,10,RCCD,3,2,2,5.656854249492381,107,64,40,3,0.01,7.046515151515154,81.73639355262739,3.6377184057009457,4.800943143778447,0.665675625559882,0.6661470893867752,0.6362949999431993
SCCD_k3_nc3_rf2_ra2,3,SCCD,3,2,2,1.7320508075688772,31,16,12,3,0.01,0.319,22.778018492353315,0.7452652767323085,0.3239924126933702,0.6197447352042507,0.48677506114366187,0.6636813721041567
SCCD_k4_nc3_rf2_ra2,4,SCCD,3,2,2,2,51,32,16,3,0.01,0.546,40.42555045344522,0.6575170542594432,0.28863231827037666,0.6365995229962116,0.4950289537424431,0.665759995855702
SCCD_k5_nc3_rf2_ra2,5,SCCD,3,2,2,2.23606797749979,87,64,20,3,0.01,0.9366666666666668,72.17453060356634,0.545661493255971,0.2624424024319153,0.6092572339837476,0.4768510776907891,0.5658486874265017
SCCD_k6_nc3_rf2_ra2,6,SCCD,3,2,2,2.449489742783178,91,64,24,3,0.01,1.009642857142857,78.41169415535464,0.6136295817255635,0.30633787434553983,0.567814398977007,0.46650134282287137,0.6415461339985228
SCCD_k7_nc3_rf2_ra2,7,SCCD,3,2,2,2.6457513110645907,95,64,28,3,0.01,1.084166666666667,62.4011622482279,3.3975141740914663,12.352075169491185,0.5034311752629247,0.41965648613088846,0.4054369435980754
SCCD_k8_nc3_rf2_ra2,8,SCCD,3,2,2,2.8284271247461903,99,64,32,3,0.01,1.159777777777778,47.23208254537126,7.521138021737413,18.114483693154362,0.41762523463172346,0.30714086198558943,0.2755083202729937
SCCD_k9_nc3_rf2_ra2,9,SCCD,3,2,2,3,103,64,36,3,0.01,1.2361818181818183,35.68296329368746,12.722112156822707,21.541874714054284,0.31907175404103216,0.20570400546371057,0.18973757812348316
SCCD_k10_nc3_rf2_ra2,10,SCCD,3,2,2,3.1622776601683795,107,64,40,3,0.01,1.3131818181818184,27.409188217157563,18.79978663725073,24.98788338331262,0.223225269913544,0.12889803351091442,0.12225189587037506
FCCD_k3_nc5_rf2_ra2,3,FCCD,5,2,2,1,33,16,12,5,0.01,0.201,14.18495234239886,0.9699495830747954,1.6097234016625181,0.3859444374529809,0.37401588389738283,0.13358054482254034
FCCD_k4_nc5_rf2_ra2,4,FCCD,5,2,2,1,53,32,16,5,0.01,0.35533333333333333,23.236910861237444,1.0831712971482153,2.8479930619413114,0.3659222002976725,0.3004972346431435,0.06747202217006927
FCCD_k5_nc5_rf2_ra2,5,FCCD,5,2,2,1,89,64,20,5,0.01,0.6709523809523811,40.454324660265485,1.1529275841615154,3.6988049887162653,0.34149290253889064,0.22568570193652623,0.04014882898508729
FCCD_k6_nc5_rf2_ra2,6,FCCD,5,2,2,1,93,64,24,5,0.01,0.6675,42.044349634608906,1.4462577858719123,5.499456477117529,0.3044620751447482,0.19793084377294046,0.03573623680839002
FCCD_k7_nc5_rf2_ra2,7,FCCD,5,2,2,1,97,64,28,5,0.01,0.6647222222222223,31.42076427793023,6.20311553592632,25.920490156302115,0.2534919498001329,0.22985044396181756,0.1932057447067443
FCCD_k8_nc5_rf2_ra2,8,FCCD,5,2,2,1,101,64,32,5,0.01,0.6624444444444444,22.23251972053214,13.987029675274467,32.18083039634073,0.1965795443345652,0.16515649632120266,0.15508272824062935
FCCD_k9_nc5_rf2_ra2,9,FCCD,5,2,2,1,105,64,36,5,0.01,0.6605454545454544,15.637693093093942,24.81178370641423,43.0323988294004,0.1398299273326187,0.10547365153519635,0.09498199606970673
FCCD_k10_nc5_rf2_ra2,10,FCCD,5,2,2,1,109,64,40,5,0.01,0.6589393939393939,11.148783495478703,38.689000087682764,52.28162369143183,0.09079766191061549,0.06263422477899257,0.05843001616452184
RCCD_k3_nc5_rf2_ra2,3,RCCD,5,2,2,1.681792830507429,33,16,12,5,0.01,0.30694112549695435,23.01206964477904,0.6146782488820736,0.33099508605505856,0.6261128031524361,0.5901893410241957,0.6496402456316341
RCCD_k4_nc5_rf2_ra2,4,RCCD,5,2,2,2,53,32,16,5,0.01,0.5473333333333333,41.61381827974167,0.5380862104536815,0.2886893322034653,0.6553117167184273,0.6049030306192608,0.6656285133531548
RCCD_k5_nc5_rf2_ra2,5,RCCD,5,2,2,2.378414230005442,89,64,20,5,0.01,1.0105414690427845,78.11410499022432,0.4281253296174798,0.222969088319051,0.6593958165501183,0.607764252925556,0.6660236630140476
RCCD_k6_nc5_rf2_ra2,6,RCCD,5,2,2,2.8284271247461903,93,64,24,5,0.01,1.2675000000000003,91.44431473002518,0.453636548320126,0.29613178509804355,0.6621894752767273,0.6310316594438123,0.663656820623423
RCCD_k7_nc5_rf2_ra2,7,RCCD,5,2,2,3.363585661014858,97,64,28,5,0.01,1.7327177327698813,82.33074482643852,2.150493182868666,9.311229288712166,0.6642162122456775,0.6630055241454758,0.5378438709358471
RCCD_k8_nc5_rf2_ra2,8,RCCD,5,2,2,4,101,64,32,5,0.01,2.5824444444444445,75.25052796711445,3.4702875523052854,7.843441936623736,0.6653638312102551,0.6656649572380456,0.6362883814579204
RCCD_k9_nc5_rf2_ra2,9,RCCD,5,2,2,4.756828460010884,105,64,36,5,0.01,4.146834002168527,74.47414584965777,3.927908412833486,6.455090488666748,0.6659367427357614,0.6662552059683011,0.6331906800780361
RCCD_k10_nc5_rf2_ra2,10,RCCD,5,2,2,5.656854249492381,109,64,40,5,0.01,7.046818181818184,81.80416261226627,3.63611110133184,5.059007267878792,0.666227548751106,0.6664415526463952,0.6038370683501061
SCCD_k3_nc5_rf2_ra2,3,SCCD,5,2,2,1.7320508075688772,33,16,12,5,0.01,0.321,23.852970088752215,0.6018563555143914,0.3245187605989895,0.6489920374966458,0.6027626813703107,0.6626049249380181
SCCD_k4_nc5_rf2_ra2,4,SCCD,5,2,2,2,53,32,16,5,0.01,0.5473333333333333,41.61381827974167,0.5380862104536815,0.28828138324972796,0.6553117167184273,0.6049030306192608,0.6665704488071169
SCCD_k5_nc5_rf2_ra2,5,SCCD,5,2,2,2.23606797749979,89,64,20,5,0.01,0.9376190476190478,73.54793854328418,0.45064660758067265,0.2653622675479405,0.6208507797330075,0.5773909461126818,0.5596224750164545
SCCD_k6_nc5_rf2_ra2,6,SCCD,5,2,2,2.449489742783178,93,64,24,5,0.01,1.010357142857143,79.5159486148777,0.5232370610500772,0.3077942691545297,0.575810802944628,0.5470924083556371,0.6385105204315468
SCCD_k7_nc5_rf2_ra2,7,SCCD,5,2,2,2.6457513110645907,97,64,28,5,0.01,1.0847222222222224,63.07795469001287,3.3096788728584547,12.781707051494628,0.5088913045634258,0.43079371584098974,0.39180898010227644
SCCD_k8_nc5_rf2_ra2,8,SCCD,5,2,2,2.8284271247461903,101,64,32,5,0.01,1.1602222222222225,47.63781296146671,7.4355978934735045,17.083425402424627,0.4212126957616942,0.31067425218577704,0.29213643384453636
SCCD_k9_nc5_rf2_ra2,9,SCCD,5,2,2,3,105,64,36,5,0.01,1.2365454545454546,35.93113296566251,12.63882621260526,19.844159190742875,0.32129085036117655,0.20705953105098934,0.2059700840532892
SCCD_k10_nc5_rf2_ra2,10,SCCD,5,2,2,3.1622776601683795,109,64,40,5,0.01,1.3134848484848487,27.56630284259721,18.718764736650193,24.469000083671794,0.22450483917306613,0.12945595300002888,0.12484433801756754
FCCD_k3_nc7_rf2_ra2,3,FCCD,7,2,2,1,35,16,12,7,0.01,0.203,14.44365342146307,0.9465582545754645,1.5694462775152875,0.3929831810467455,0.38325855687807026,0.13700865846016674
FCCD_k4_nc7_rf2_ra2,4,FCCD,7,2,2,1,55,32,16,7,0.01,0.35666666666666663,23.444333495338938,1.0716550423405677,2.586388806909216,0.36918857882428513,0.303726447950054,0.07429658313637011
FCCD_k5_nc7_rf2_ra2,5,FCCD,7,2,2,1,91,64,20,7,0.01,0.6719047619047619,40.65508014488053,1.1462897770202753,4.1059416595177405,0.34318756865227973,0.2269925775573524,0.03616775425849555
FCCD_k6_nc7_rf2_ra2,6,FCCD,7,2,2,1,95,64,24,7,0.01,0.6682142857142858,42.17515200459754,1.4417144577429584,5.569629228381714,0.30540927402751583,0.19855459056639985,0.035285989591951554
FCCD_k7_nc7_rf2_ra2,7,FCCD,7,2,2,1,99,64,28,7,0.01,0.6652777777777777,31.488143493551963,6.196045695772792,21.032045559891646,0.254035542202688,0.2301127089575609,0.23811224588455987
FCCD_k8_nc7_rf2_ra2,8,FCCD,7,2,2,1,103,64,32,7,0.01,0.662888888888889,22.267436418811922,13.976424626264274,32.0310510655763,0.1968882771603442,0.16528181397465652,0.15580790541953143
FCCD_k9_nc7_rf2_ra2,9,FCCD,7,2,2,1,107,64,36,7,0.01,0.660909090909091,15.656524680531787,24.797316731717718,42.21401542614488,0.13999831658845815,0.10553518579974669,0.09682336767121959
FCCD_k10_nc7_rf2_ra2,10,FCCD,7,2,2,1,111,64,40,7,0.01,0.6592424242424242,11.159448361651098,38.67066384860435,52.358605229092795,0.09088451846437633,0.0626639236774789,0.058344107984381846
RCCD_k3_nc7_rf2_ra2,3,RCCD,7,2,2,1.681792830507429,35,16,12,7,0.01,0.30894112549695435,23.746861673960666,0.5479573240036304,0.3313023732509855,0.6461050378460832,0.6620525627780715,0.6490376959804423
RCCD_k4_nc7_rf2_ra2,4,RCCD,7,2,2,2,55,32,16,7,0.01,0.5486666666666666,42.4605202332753,0.48086099155016593,0.2883205546362619,0.6686451173448503,0.6768899643711451,0.6664798881853282
RCCD_k5_nc7_rf2_ra2,5,RCCD,7,2,2,2.378414230005442,91,64,20,7,0.01,1.0114938499951656,79.1272294141329,0.38452580776658923,0.22300832537160148,0.6679480492980153,0.6766757025354678,0.6659064799204478
RCCD_k6_nc7_rf2_ra2,6,RCCD,7,2,2,2.8284271247461903,95,64,24,7,0.01,1.268214285714286,92.17384792917608,0.42550536867736116,0.2974344407555265,0.6674723537997819,0.6727506747109171,0.6607502429257756
RCCD_k7_nc7_rf2_ra2,7,RCCD,7,2,2,3.363585661014858,99,64,28,7,0.01,1.733273288325437,82.69086727778321,2.1366490522006694,9.231683984543302,0.667121556671761,0.6673013794242918,0.542478231728589
RCCD_k8_nc7_rf2_ra2,8,RCCD,7,2,2,4,103,64,32,7,0.01,2.582888888888889,75.42592331202276,3.464123930918776,8.289316016509941,0.6669146737334549,0.6668493567712327,0.6020630610503289
RCCD_k9_nc7_rf2_ra2,9,RCCD,7,2,2,4.756828460010884,107,64,36,7,0.01,4.147197638532163,74.57156014409371,3.9250286807119217,6.2929675326271655,0.6668078068774507,0.6667440269869129,0.6495032932066962
RCCD_k10_nc7_rf2_ra2,10,RCCD,7,2,2,5.656854249492381,111,64,40,7,0.01,7.047121212121215,81.8686039438737,3.634648697965826,4.707039554652283,0.6667523703374911,0.6667096958566007,0.6489888351115576
SCCD_k3_nc7_rf2_ra2,3,SCCD,7,2,2,1.7320508075688772,35,16,12,7,0.01,0.32299999999999995,24.615750674888172,0.5357349206781419,0.3233010516521307,0.6697457853493165,0.6771568114141396,0.6651006172384499
SCCD_k4_nc7_rf2_ra2,4,SCCD,7,2,2,2,55,32,16,7,0.01,0.5486666666666666,42.4605202332753,0.48086099155016593,0.28840293132454925,0.6686451173448503,0.6768899643711451,0.6662895211673971
SCCD_k5_nc7_rf2_ra2,5,SCCD,7,2,2,2.23606797749979,91,64,20,7,0.01,0.9385714285714286,74.54565571268814,0.40242837174371016,0.2600097360387549,0.6292729530100045,0.6465728795065798,0.5711428010488901
SCCD_k6_nc7_rf2_ra2,6,SCCD,7,2,2,2.449489742783178,95,64,24,7,0.01,1.0110714285714286,80.31732549791451,0.4770670739664036,0.3072053129955361,0.5816139339456503,0.6000393644667489,0.6397346356655037
SCCD_k7_nc7_rf2_ra2,7,SCCD,7,2,2,2.6457513110645907,99,64,28,7,0.01,1.0852777777777778,63.57022006962803,3.2638073119611293,13.529761323487138,0.5128627328136736,0.4368483564130495,0.37014604205312285
SCCD_k8_nc7_rf2_ra2,8,SCCD,7,2,2,2.8284271247461903,103,64,32,7,0.01,1.160666666666667,47.93387037611216,7.389992951715928,17.42233380874556,0.4238304301615483,0.31259147744824783,0.2864536421870356
SCCD_k9_nc7_rf2_ra2,9,SCCD,7,2,2,3,107,64,36,7,0.01,1.236909090909091,36.11287599544444,12.593627359728925,19.950656684395927,0.3229159695201425,0.20780267303965447,0.2048706065741173
SCCD_k10_nc7_rf2_ra2,10,SCCD,7,2,2,3.1622776601683795,111,64,40,7,0.01,1.3137878787878792,27.68179698263665,18.67412966227711,24.528511283606974,0.22544544384838439,0.12976537979499578,0.12454144004407723
FCCD_k3_nc10_rf2_ra2,3,FCCD,10,2,2,1,38,16,12,10,0.01,0.20600000000000002,14.76843938114972,0.9228840998758968,1.6139224283856612,0.40181996325638475,0.3930900431575333,0.1332330013052457
FCCD_k4_nc10_rf2_ra2,4,FCCD,10,2,2,1,58,32,16,10,0.01,0.3586666666666667,23.714891980636533,1.058798072403024,2.657844475633011,0.3734491863052241,0.30741459388865405,0.07229913291662467
FCCD_k5_nc10_rf2_ra2,5,FCCD,10,2,2,1,94,64,20,10,0.01,0.6733333333333333,40.92398288422915,1.1383993070792788,3.7264345207822767,0.3454574959772812,0.2285659078456858,0.039851146749784405
FCCD_k6_nc10_rf2_ra2,6,FCCD,10,2,2,1,98,64,24,10,0.01,0.6692857142857144,42.35328416085994,1.4361028111838885,6.061587469635689,0.306699209213028,0.19933045297420401,0.032422179828004376
FCCD_k7_nc10_rf2_ra2,7,FCCD,10,2,2,1,102,64,28,10,0.01,0.6661111111111112,31.581337906004695,6.186209976378273,23.88546495043746,0.25478740275942546,0.2304785749794162,0.20966674143475128
FCCD_k8_nc10_rf2_ra2,8,FCCD,10,2,2,1,106,64,32,10,0.01,0.6635555555555556,22.316354729834956,13.96104292678023,31.52132722260511,0.197320811997214,0.16546391463906024,0.15832743779057898
FCCD_k9_nc10_rf2_ra2,9,FCCD,10,2,2,1,110,64,36,10,0.01,0.6614545454545454,15.683186675820439,24.77599549137021,41.19264735304866,0.1402367241874282,0.10562600520041776,0.0992240945684609
FCCD_k10_nc10_rf2_ra2,10,FCCD,10,2,2,1,114,64,40,10,0.01,0.6596969696969697,11.174678103542321,38.64344478749916,52.36159761298528,0.09100855217225003,0.06270806190524424,0.05834077370932316
RCCD_k3_nc10_rf2_ra2,3,RCCD,10,2,2,1.681792830507429,38,16,12,10,0.01,0.31194112549695435,24.568768908375098,0.49582826550090103,0.33138391048537386,0.6684675046043584,0.731657664338941,0.6488779998181677
RCCD_k4_nc10_rf2_ra2,4,RCCD,10,2,2,2,58,32,16,10,0.01,0.5506666666666667,43.406232145809,0.4352053945691611,0.28871711747435197,0.6835376728118219,0.7478996894330541,0.6655644552581059
RCCD_k5_nc10_rf2_ra2,5,RCCD,10,2,2,2.378414230005442,94,64,20,10,0.01,1.012922421423737,80.28263450359874,0.34770323147977783,0.2228300118248276,0.677701336268529,0.7483372242647909,0.6664393531419763
RCCD_k6_nc10_rf2_ra2,6,RCCD,10,2,2,2.8284271247461903,98,64,24,10,0.01,1.2692857142857146,93.04002556235582,0.39949278535865096,0.29564630431803757,0.673744736222955,0.7165561791405537,0.6647466114519461
RCCD_k7_nc10_rf2_ra2,7,RCCD,10,2,2,3.363585661014858,102,64,28,10,0.01,1.73410662165877,83.14646848623165,2.121798207586747,7.1999196800418765,0.6707971909637637,0.6719719409607526,0.6955615932347536
RCCD_k8_nc10_rf2_ra2,8,RCCD,10,2,2,4,106,64,32,10,0.01,2.5835555555555554,75.66019231219047,3.456683896109222,7.539450832808988,0.6689860760703727,0.6682846579373853,0.6619435666581702
RCCD_k9_nc10_rf2_ra2,9,RCCD,10,2,2,4.756828460010884,110,64,36,10,0.01,4.147743093077618,74.70634626632729,3.921302347591818,6.188730390097689,0.6680130443485511,0.667377620148103,0.6604429145958713
RCCD_k10_nc10_rf2_ra2,10,RCCD,10,2,2,5.656854249492381,114,64,40,10,0.01,7.04757575757576,81.9597143180815,3.6326828830252325,4.779416660346262,0.6674943893171605,0.6670704837159753,0.6391608713973251
SCCD_k3_nc10_rf2_ra2,3,SCCD,10,2,2,1.7320508075688772,38,16,12,10,0.01,0.326,25.468612639467516,0.484119275366687,0.3222611790544912,0.6929504689604673,0.7493536595394582,0.6672467643746597
SCCD_k4_nc10_rf2_ra2,4,SCCD,10,2,2,2,58,32,16,10,0.01,0.5506666666666667,43.406232145809,0.4352053945691611,0.28798211737000573,0.6835376728118219,0.7478996894330541,0.6672631369281047
SCCD_k5_nc10_rf2_ra2,5,SCCD,10,2,2,2.23606797749979,94,64,20,10,0.01,0.9400000000000002,75.67132622906298,0.3626164897901928,0.26019738036677653,0.6387752372569311,0.7175605038370549,0.5707309148609656
SCCD_k6_nc10_rf2_ra2,6,SCCD,10,2,2,2.449489742783178,98,64,24,10,0.01,1.012142857142857,81.21998862680533,0.43879410720283574,0.3088880559849326,0.5881505242786478,0.6523766367228969,0.6362495252755677
SCCD_k7_nc10_rf2_ra2,7,SCCD,10,2,2,2.6457513110645907,102,64,28,10,0.01,1.0861111111111112,64.12563105710763,3.2246712684905012,14.543165511259472,0.517343598171093,0.4421501421900092,0.3443533390261527
SCCD_k8_nc10_rf2_ra2,8,SCCD,10,2,2,2.8284271247461903,106,64,32,10,0.01,1.1613333333333336,48.26873080273978,7.350095644271343,17.17096839052487,0.4267912601038847,0.3142882660186156,0.29064703058142094
SCCD_k9_nc10_rf2_ra2,9,SCCD,10,2,2,3,110,64,36,10,0.01,1.2374545454545456,36.319004859640565,12.55328834983259,21.240615795264407,0.3247591431858559,0.20847043067021534,0.1924286553592022
SCCD_k10_nc10_rf2_ra2,10,SCCD,10,2,2,3.1622776601683795,114,64,40,10,0.01,1.3142424242424247,27.81315567083619,18.633671439131692,25.342319228730023,0.22651525220595098,0.1300471319289993,0.12054208968903812
FCCD_k3_nc1_rf3_ra2,3,FCCD,1,3,2,1,37,24,12,1,0.01,0.277,17.63428688932123,0.9283776277718174,1.5253486219093864,0.4797939935998827,0.39076399494924396,0.14096956323237553
FCCD_k4_nc1_rf3_ra2,4,FCCD,1,3,2,1,65,48,16,1,0.01,0.5126666666666667,30.53958439343852,0.9919626459124463,2.6903187408682445,0.48092072066537894,0.32812725436698964,0.07142642546269147
FCCD_k5_nc1_rf3_ra2,5,FCCD,1,3,2,1,117,96,20,1,0.01,0.989047619047619,54.95053449016668,1.03784668234864,3.434312335890465,0.4638618411430747,0.2507107027838118,0.04324088039087818
FCCD_k6_nc1_rf3_ra2,6,FCCD,1,3,2,1,121,96,24,1,0.01,0.9860714285714286,57.882479909045635,1.281526728092392,5.212659924057554,0.41915311095990415,0.22337343232545853,0.037702417162623326
FCCD_k7_nc1_rf3_ra2,7,FCCD,1,3,2,1,125,96,28,1,0.01,0.9836111111111112,43.6373534241008,4.54598082176267,18.974679691765655,0.3520512011021485,0.3136372360071404,0.2639300206993995
FCCD_k8_nc1_rf3_ra2,8,FCCD,1,3,2,1,129,96,32,1,0.01,0.9815555555555555,31.08203180564782,9.847436148722663,21.786578487770807,0.2748267729502531,0.2345837820343382,0.22907181032188498
FCCD_k9_nc1_rf3_ra2,9,FCCD,1,3,2,1,133,96,36,1,0.01,0.9798181818181818,21.978654506449796,17.189799238287677,28.840508320261144,0.19652986180313606,0.152240837274472,0.141720911819461
FCCD_k10_nc1_rf3_ra2,10,FCCD,1,3,2,1,137,96,40,1,0.01,0.9783333333333333,15.738978158007246,26.577374556802376,33.780247692738016,0.12818101797284412,0.0911773855911649,0.09043202244057334
RCCD_k3_nc1_rf3_ra2,3,RCCD,1,3,2,1.681792830507429,37,24,12,1,0.01,0.38294112549695436,25.389321383017226,1.1495514573686263,0.6479761018712052,0.6907931110344786,0.31558095840270517,0.3318451535276096
RCCD_k4_nc1_rf3_ra2,4,RCCD,1,3,2,2,65,48,16,1,0.01,0.7046666666666667,50.00840527136808,0.8993118761488,0.5271441498805227,0.7875050947844553,0.36193225962025416,0.3645299887309016
RCCD_k5_nc1_rf3_ra2,5,RCCD,1,3,2,2.378414230005442,117,96,20,1,0.01,1.3286367071380227,99.61175411374897,0.5938605045109142,0.32665671055080714,0.8408670105103957,0.4381488062213657,0.45461392386751354
RCCD_k6_nc1_rf3_ra2,6,RCCD,1,3,2,2.8284271247461903,121,96,24,1,0.01,1.586071428571429,119.43651598259267,0.4657292310324921,0.20698037005578665,0.8648936140086236,0.6146468909331592,0.949509747860323
RCCD_k7_nc1_rf3_ra2,7,RCCD,1,3,2,3.363585661014858,125,96,28,1,0.01,2.05160662165877,107.11018463263403,1.8103917685715833,7.506143522041114,0.8641282339860125,0.7875581874767767,0.66718516493945
RCCD_k8_nc1_rf3_ra2,8,RCCD,1,3,2,4,129,96,32,1,0.01,2.901555555555556,95.60635459263561,3.03904024524161,6.846848381563405,0.8453496885444044,0.7601244566359358,0.7289033869001671
RCCD_k9_nc1_rf3_ra2,9,RCCD,1,3,2,4.756828460010884,133,96,36,1,0.01,4.466106729441255,91.37159058948338,3.5877024300713405,5.843648151168488,0.817031182050485,0.7294332458238346,0.6994437431464571
RCCD_k10_nc1_rf3_ra2,10,RCCD,1,3,2,5.656854249492381,137,96,40,1,0.01,7.366212121212124,96.62618961779951,3.428623640439437,4.519115680758235,0.7869407545842089,0.7067720992718243,0.6759765257625051
SCCD_k3_nc1_rf3_ra2,3,SCCD,1,3,2,1.7320508075688772,37,24,12,1,0.01,0.397,26.22236742475532,1.1400870903181084,0.6518693384094109,0.7134586426619658,0.31820073547924765,0.3298632353722128
SCCD_k4_nc1_rf3_ra2,4,SCCD,1,3,2,2,65,48,16,1,0.01,0.7046666666666667,50.00840527136808,0.8993118761488,0.525881605726977,0.7875050947844553,0.36193225962025416,0.36540515759220465
SCCD_k5_nc1_rf3_ra2,5,SCCD,1,3,2,2.23606797749979,117,96,20,1,0.01,1.2557142857142858,93.73463911787482,0.6651341650159243,0.38194929670573696,0.7912556753725436,0.39119817444236304,0.38880210075518773
SCCD_k6_nc1_rf3_ra2,6,SCCD,1,3,2,2.449489742783178,121,96,24,1,0.01,1.3289285714285715,103.37683655893451,0.6966341402723221,0.33813933870109303,0.7485982410041732,0.4109173055442135,0.5812097454813856
SCCD_k7_nc1_rf3_ra2,7,SCCD,1,3,2,2.6457513110645907,125,96,28,1,0.01,1.4036111111111111,82.24998854925374,2.8329600935289623,9.07624912418722,0.6635646982983688,0.5032858963089153,0.5517684161474194
SCCD_k8_nc1_rf3_ra2,8,SCCD,1,3,2,2.8284271247461903,129,96,32,1,0.01,1.4793333333333336,61.839837314757744,6.087780910675197,14.28150453453375,0.5467867427474726,0.37945662779326467,0.34945134546893347
SCCD_k9_nc1_rf3_ra2,9,SCCD,1,3,2,3,133,96,36,1,0.01,1.555818181818182,46.2176680769375,10.287750136926947,18.390348085052292,0.4132715183888178,0.25437917851674396,0.22225262499551754
SCCD_k10_nc1_rf3_ra2,10,SCCD,1,3,2,3.1622776601683795,137,96,40,1,0.01,1.632878787878788,35.03295981180921,15.29246994477989,19.681818707362794,0.2853146123082239,0.15846070234021076,0.15521005262867452
FCCD_k3_nc3_rf3_ra2,3,FCCD,3,3,2,1,39,24,12,3,0.01,0.27899999999999997,18.12076286493318,0.876440813719923,1.5329275253818488,0.4930300406594664,0.41392019286489673,0.14027259961563363
FCCD_k4_nc3_rf3_ra2,4,FCCD,3,3,2,1,67,48,16,3,0.01,0.514,30.90015530267795,0.9721477846951063,2.5577662245890163,0.48659879471145706,0.334815328041866,0.0751279961273177
FCCD_k5_nc3_rf3_ra2,5,FCCD,3,3,2,1,119,96,20,3,0.01,0.99,55.28380800950433,1.0280489934713168,3.478721307651791,0.4666751507808883,0.2531000689324003,0.04268887209058993
FCCD_k6_nc3_rf3_ra2,6,FCCD,3,3,2,1,123,96,24,3,0.01,0.9867857142857144,58.09466009241416,1.2753023046529637,5.386223343329655,0.4206896032470817,0.2244636607543098,0.036487510163701366
FCCD_k7_nc3_rf3_ra2,7,FCCD,3,3,2,1,127,96,28,3,0.01,0.9841666666666667,43.74339682476077,4.539969831195365,16.478206223653498,0.35290672288891844,0.3140524965787504,0.3039158228656899
FCCD_k8_nc3_rf3_ra2,8,FCCD,3,3,2,1,131,96,32,3,0.01,0.9820000000000001,31.13538002107582,9.840614565704058,22.386291290934512,0.27529847692315973,0.23474639715692847,0.22293513963764555
FCCD_k9_nc3_rf3_ra2,9,FCCD,3,3,2,1,135,96,36,3,0.01,0.9801818181818182,22.006622853363762,17.18173021101804,27.631512267370663,0.1967799506041703,0.15231233388467558,0.14792180380625608
FCCD_k10_nc3_rf3_ra2,10,FCCD,3,3,2,1,139,96,40,3,0.01,0.9786363636363636,15.754401736516055,26.56789383060477,36.68876682512051,0.1283066303203673,0.09120992214952797,0.08326298160847972
RCCD_k3_nc3_rf3_ra2,3,RCCD,3,3,2,1.681792830507429,39,24,12,3,0.01,0.3849411254969543,27.59454761526233,0.6573661116194046,0.2915456348791868,0.7507929458676538,0.551863785244309,0.7375439837978612
RCCD_k4_nc3_rf3_ra2,4,RCCD,3,3,2,2,67,48,16,3,0.01,0.706,52.485578635356966,0.5569092567154911,0.2557393417698754,0.826514270026492,0.5844578367354177,0.7513894799511169
RCCD_k5_nc3_rf3_ra2,5,RCCD,3,3,2,2.378414230005442,119,96,20,3,0.01,1.3295890880904038,102.16534109741801,0.42202225978234004,0.20010847858118394,0.8624229711712638,0.6165534283610395,0.7421109290024888
RCCD_k6_nc3_rf3_ra2,6,RCCD,3,3,2,2.8284271247461903,123,96,24,3,0.01,1.5867857142857147,120.97156553894088,0.3920683385778211,0.20621821140497032,0.8760095993297782,0.7301253268988287,0.9530190260343298
RCCD_k7_nc3_rf3_ra2,7,RCCD,3,3,2,3.363585661014858,127,96,28,3,0.01,2.052162177214326,107.69480852601029,1.7890304923179978,6.440099158364197,0.8688447790490422,0.7969617432466212,0.7776258533702807
RCCD_k8_nc3_rf3_ra2,8,RCCD,3,3,2,4,131,96,32,3,0.01,2.902,95.83571918650289,3.032580814899961,7.174895357074099,0.8473777262079569,0.7617435300517206,0.695576830955857
RCCD_k9_nc3_rf3_ra2,9,RCCD,3,3,2,4.756828460010884,135,96,36,3,0.01,4.4664703658048905,91.480627491118085,3.5852846760705948,5.984131537780034,0.8180061738182214,0.7299251426486916,0.683023611810587
RCCD_k10_nc3_rf3_ra2,10,RCCD,3,3,2,5.656854249492381,139,96,40,3,0.01,7.366515151515154,96.69102392507466,3.4275363565713355,4.471486220306206,0.7874687766338401,0.7069963016790399,0.6831769051473487
SCCD_k3_nc3_rf3_ra2,3,SCCD,3,3,2,1.7320508075688772,39,24,12,3,0.01,0.399,28.513787677110347,0.6464071429963111,0.2817475196979923,0.775803645938443,0.5612198976762975,0.7631929794383364
SCCD_k4_nc3_rf3_ra2,4,SCCD,3,3,2,2,67,48,16,3,0.01,0.706,52.485578635356966,0.5569092567154911,0.2580160806687182,0.826514270026492,0.5844578367354177,0.7447592046103236
SCCD_k5_nc3_rf3_ra2,5,SCCD,3,3,2,2.23606797749979,119,96,20,3,0.01,1.2566666666666668,96.39215554402301,0.45272006868053705,0.2347825833153231,0.8136889505670125,0.5747464915170024,0.6325115212729027
SCCD_k6_nc3_rf3_ra2,6,SCCD,3,3,2,2.449489742783178,123,96,24,3,0.01,1.3296428571428573,105.53823354050117,0.49558630862385805,0.2527815618573474,0.764249890177923,0.5776168931415703,0.7774692012331751
SCCD_k7_nc3_rf3_ra2,7,SCCD,3,3,2,2.6457513110645907,127,96,28,3,0.01,1.4041666666666666,83.56584155139475,2.6414794225696183,9.306605205243013,0.6741805490209234,0.5397690580879528,0.5381111042500074
SCCD_k8_nc3_rf3_ra2,8,SCCD,3,3,2,2.8284271247461903,131,96,32,3,0.01,1.4797777777777779,62.617926396713955,5.9050980698227695,13.516147308502752,0.5536665925847988,0.3911956732631117,0.36923916712375165
SCCD_k9_nc3_rf3_ra2,9,SCCD,3,3,2,3,135,96,36,3,0.01,1.5561818181818183,46.68516815208132,10.113275228283317,17.32569253289497,0.41745183457396046,0.2587677453193587,0.2359099429199676
SCCD_k10_nc3_rf3_ra2,10,SCCD,3,3,2,3.1622776601683795,139,96,40,3,0.01,1.6331818181818185,35.3230063533775,15.125698184823555,20.143407988598966,0.2876768025714344,0.16020784616724476,0.15165339048520565
FCCD_k3_nc5_rf3_ra2,3,FCCD,5,3,2,1,41,24,12,5,0.01,0.281,18.5131737514651,0.8443260439121474,1.4933845797948762,0.5037067630902007,0.4296640536737543,0.1439868416461132
FCCD_k4_nc5_rf3_ra2,4,FCCD,5,3,2,1,69,48,16,5,0.01,0.5153333333333333,31.210659690219984,0.9577570138929591,2.6630324435402404,0.49148844847696677,0.339846093232832,0.07215828386981646
FCCD_k5_nc5_rf3_ra2,5,FCCD,5,3,2,1,121,96,20,5,0.01,0.990952380952381,55.581694534081,1.0202938326846618,3.5667827818562556,0.469189743096029,0.2550238595766302,0.041634912475346196
FCCD_k6_nc5_rf3_ra2,6,FCCD,5,3,2,1,125,96,24,5,0.01,0.9875,58.28810067792527,1.2701488920002082,5.1019837647479855,0.4220903936646709,0.22537438380158453,0.03852028701886981
FCCD_k7_nc5_rf3_ra2,7,FCCD,5,3,2,1,129,96,28,5,0.01,0.9847222222222223,43.84160413010462,4.534585993798609,15.453370369967198,0.3536990257462272,0.3144253658060487,0.3240708974105055
FCCD_k8_nc5_rf3_ra2,8,FCCD,5,3,2,1,133,96,32,5,0.01,0.9824444444444445,31.18539229022147,9.834190891953837,22.242038170264244,0.27574068451831185,0.2348997330323394,0.22438100936206615
FCCD_k9_nc5_rf3_ra2,9,FCCD,5,3,2,1,137,96,36,5,0.01,0.9805454545454545,22.03309689635325,17.173929514138056,27.697604036895616,0.19701667756161748,0.15238151679047118,0.14756883415040226
FCCD_k10_nc5_rf3_ra2,10,FCCD,5,3,2,1,141,96,40,5,0.01,0.9789393939393939,15.769115197082918,26.558602901748927,35.04623440017405,0.12842645934194863,0.09124182988581866,0.08716531660767066
RCCD_k3_nc5_rf3_ra2,3,RCCD,5,3,2,1.681792830507429,41,24,12,5,0.01,0.38694112549695436,28.860113830775887,0.5205346684220481,0.29446160509267993,0.7852264941317487,0.6969306227947133,0.7302402937727432
RCCD_k4_nc5_rf3_ra2,4,RCCD,5,3,2,2,69,48,16,5,0.01,0.7073333333333334,53.96206086929728,0.44747787262991134,0.2537205527636775,0.8497651070663296,0.7273878762426838,0.7573680922668128
RCCD_k5_nc5_rf3_ra2,5,RCCD,5,3,2,2.378414230005442,121,96,20,5,0.01,1.3305414690427848,103.85924863467338,0.3504993067038957,0.19345306558145936,0.8767219962171078,0.7423674345047798,0.7676419522988919
RCCD_k6_nc5_rf3_ra2,6,RCCD,5,3,2,2.8284271247461903,125,96,24,5,0.01,1.5875000000000004,122.1128448241219,0.3524493950659798,0.206234630487135,0.8842741167383172,0.8121989365798842,0.9529431527551623
RCCD_k7_nc5_rf3_ra2,7,RCCD,5,3,2,3.363585661014858,129,96,28,5,0.01,2.052717732769881,108.18672524962973,1.7739802357743881,7.269312693315024,0.8728133944622952,0.8037230805205215,0.6889217475013298
RCCD_k8_nc5_rf3_ra2,8,RCCD,5,3,2,4,133,96,32,5,0.01,2.902444444444445,96.04373484580945,3.0272292880619562,7.373093931662003,0.8492169969714581,0.763090137974954,0.6768788002933416
RCCD_k9_nc5_rf3_ra2,9,RCCD,5,3,2,4.756828460010884,137,96,36,5,0.01,4.466834002168527,91.58332309265451,3.583118338859425,6.317062402504011,0.818924462623017,0.7303664521027331,0.6470259237686177
RCCD_k10_nc5_rf3_ra2,10,RCCD,5,3,2,5.656854249492381,141,96,40,5,0.01,7.366818181818184,96.7532742368722,3.4265264679743974,4.469109907157529,0.7879757541679107,0.7072046723161316,0.68354016367003
SCCD_k3_nc5_rf3_ra2,3,SCCD,5,3,2,1.7320508075688772,41,24,12,5,0.01,0.401,29.825486782481423,0.5100121836286068,0.2729162355446213,0.8114923786962441,0.7113095770939329,0.7878891066285263
SCCD_k4_nc5_rf3_ra2,4,SCCD,5,3,2,2,69,48,16,5,0.01,0.7073333333333334,53.96206086929728,0.44747787262991134,0.2611974703255906,0.8497651070663296,0.7273878762426838,0.7356880247575696
SCCD_k5_nc5_rf3_ra2,5,SCCD,5,3,2,2.23606797749979,121,96,20,5,0.01,1.2576190476190476,98.0941867092006,0.3709231273957494,0.23304685586044846,0.8280565507602999,0.7014910958514062,0.6372224520809773
SCCD_k6_nc5_rf3_ra2,6,SCCD,5,3,2,2.449489742783178,125,96,24,5,0.01,1.3303571428571428,106.92140003593221,0.4173345452335202,0.24978652855915895,0.7742660218372168,0.6859221867450143,0.7867913458637966
SCCD_k7_nc5_rf3_ra2,7,SCCD,5,3,2,2.6457513110645907,129,96,28,5,0.01,1.4047222222222222,84.41072562176124,2.565482949557914,9.39712514461854,0.6809967839303558,0.5557584626024529,0.5329276269860165
SCCD_k8_nc5_rf3_ra2,8,SCCD,5,3,2,2.8284271247461903,133,96,32,5,0.01,1.4802222222222223,63.12004762388337,5.831105410948957,13.55523748536891,0.5581063395535834,0.39615967339082653,0.36817436657235153
SCCD_k9_nc5_rf3_ra2,9,SCCD,5,3,2,3,137,96,36,5,0.01,1.5565454545454547,46.98864729232774,10.041193580530763,16.233534380315565,0.4201654999384741,0.26062533379409925,0.25178146919381506
SCCD_k10_nc5_rf3_ra2,10,SCCD,5,3,2,3.1622776601683795,141,96,40,5,0.01,1.6334848484848488,35.51248869890431,15.055487895671494,19.328515986495137,0.28921998026020657,0.16095496504388143,0.15804711130084764
FCCD_k3_nc7_rf3_ra2,3,FCCD,7,3,2,1,43,24,12,7,0.01,0.28300000000000003,18.843397658233407,0.8224675508347062,1.4863553894489756,0.5126915010614576,0.4410831166304892,0.14466777631652925
FCCD_k4_nc7_rf3_ra2,4,FCCD,7,3,2,1,71,48,16,7,0.01,0.5166666666666666,31.483738286275024,0.9468136697561182,2.591108893887448,0.49578874128780465,0.3437740601291757,0.07416124095317726
FCCD_k5_nc7_rf3_ra2,5,FCCD,7,3,2,1,123,96,20,7,0.01,0.991904761904762,55.85118124157301,1.0139944334761815,3.8152556805097806,0.47146459995521384,0.25660818493989007,0.03892339108484458
FCCD_k6_nc7_rf3_ra2,6,FCCD,7,3,2,1,127,96,24,7,0.01,0.9882142857142857,58.465918691716134,1.2658063935089097,4.9864738150550805,0.42337805400303696,0.22614755727159894,0.039412596209840015
FCCD_k7_nc7_rf3_ra2,7,FCCD,7,3,2,1,131,96,28,7,0.01,0.9852777777777777,43.93309928521559,4.5296980418298185,17.063601480095105,0.3544371772775264,0.31476465908159085,0.29348948459995755
FCCD_k8_nc7_rf3_ra2,8,FCCD,7,3,2,1,135,96,32,7,0.01,0.9828888888888889,31.23248873018454,9.828092237140085,23.04401961393701,0.276157110403641,0.23504549605053665,0.21657206765676967
FCCD_k9_nc7_rf3_ra2,9,FCCD,7,3,2,1,139,96,36,7,0.01,0.980909090909091,22.058244252063737,17.166353614532696,27.67481561498524,0.19724154147860776,0.15244876619583936,0.1476903475472836
FCCD_k10_nc7_rf3_ra2,10,FCCD,7,3,2,1,143,96,40,7,0.01,0.9792424242424242,15.783190314186589,26.54947423992541,37.309358623208624,0.12854108958162003,0.09127320210063766,0.08187801211617543
RCCD_k3_nc7_rf3_ra2,3,RCCD,7,3,2,1.681792830507429,43,24,12,7,0.01,0.38894112549695437,29.76516839928813,0.4562827309799112,0.2953328992694499,0.8098512350457274,0.7950696487472141,0.7280859312984614
RCCD_k4_nc7_rf3_ra2,4,RCCD,7,3,2,2,71,48,16,7,0.01,0.7086666666666667,55.026985236123295,0.3936011213172567,0.24854359072791085,0.8665349552525454,0.8269538926834221,0.7731434572612721
RCCD_k5_nc7_rf3_ra2,5,RCCD,7,3,2,2.378414230005442,123,96,20,7,0.01,1.3314938499951654,105.13447217794949,0.31129559774927407,0.19691851662601462,0.8874867239152324,0.8358591415836423,0.7541326813018383
RCCD_k6_nc7_rf3_ra2,6,RCCD,7,3,2,2.8284271247461903,127,96,24,7,0.01,1.5882142857142862,123.02355136159748,0.3277030891483974,0.20701281318542866,0.8908689530161381,0.8735316612812961,0.9493609403185473
RCCD_k7_nc7_rf3_ra2,7,RCCD,7,3,2,3.363585661014858,131,96,28,7,0.01,2.0532732883254368,108.6117325879461,1.762764210625157,6.882007709795362,0.8762422079028662,0.8088369682599026,0.727692820902274
RCCD_k8_nc7_rf3_ra2,8,RCCD,7,3,2,4,135,96,32,7,0.01,2.902888888888889,96.23411808158497,3.0227063514319847,6.960500523911106,0.8509003621593961,0.764231965177382,0.7170017382757445
RCCD_k9_nc7_rf3_ra2,9,RCCD,7,3,2,4.756828460010884,139,96,36,7,0.01,4.467197638532163,91.68039431810557,3.581161655108194,5.881101434622131,0.8197924590928355,0.73076551148818,0.6949893964457315
RCCD_k10_nc7_rf3_ra2,10,RCCD,7,3,2,5.656854249492381,143,96,40,7,0.01,7.367121212121215,96.81314481514583,3.4255849173416415,4.502551112931468,0.7884633507318485,0.7073990534284889,0.6784633957012242
SCCD_k3_nc7_rf3_ra2,3,SCCD,7,3,2,1.7320508075688772,43,24,12,7,0.01,0.40299999999999997,30.76270908974191,0.44609257497399857,0.2722076831851786,0.8369923400223647,0.8132315375811012,0.7899399697009734
SCCD_k4_nc7_rf3_ra2,4,SCCD,7,3,2,2,71,48,16,7,0.01,0.7086666666666667,55.026985236123295,0.3936011213172567,0.2557200244602643,0.8665349552525454,0.8269538926834221,0.7514462405558188
SCCD_k5_nc7_rf3_ra2,5,SCCD,7,3,2,2.23606797749979,123,96,20,7,0.01,1.2585714285714287,99.35533177860823,0.32759594600280834,0.2269386945616701,0.8387024358144047,0.7942688982825338,0.6543735929564085
SCCD_k6_nc7_rf3_ra2,6,SCCD,7,3,2,2.449489742783178,127,96,24,7,0.01,1.3310714285714287,107.94459494640093,0.37569555758036,0.25089547466630946,0.7816754370957756,0.7619441276187633,0.7833137654040621
SCCD_k7_nc7_rf3_ra2,7,SCCD,7,3,2,2.6457513110645907,131,96,28,7,0.01,1.4052777777777778,85.03654009240664,2.524428652721004,11.262881138991041,0.6860456404436414,0.5647966554104425,0.44464533914639304
SCCD_k8_nc7_rf3_ra2,8,SCCD,7,3,2,2.8284271247461903,135,96,32,7,0.01,1.480666666666667,63.492846242051044,5.790527470850164,13.794279762515634,0.5614026183114192,0.3989358183236214,0.3617942408617173
SCCD_k9_nc7_rf3_ra2,9,SCCD,7,3,2,3,139,96,36,7,0.01,1.556909090909091,47.21460818654835,10.001115688243749,16.485464562830337,0.422186008668936,0.2616697486754655,0.24793375527310133
SCCD_k10_nc7_rf3_ra2,10,SCCD,7,3,2,3.1622776601683795,143,96,40,7,0.01,1.633787878787879,35.65400862012719,15.015968754190846,20.329832617688883,0.29037254349421526,0.1613785675526311,0.15026272841714547
FCCD_k3_nc10_rf3_ra2,3,FCCD,10,3,2,1,46,24,12,10,0.01,0.28600000000000003,19.259238302801872,0.800188041799615,1.5088955260181243,0.5240057007685903,0.45336412405481175,0.14250670460606116
FCCD_k4_nc10_rf3_ra2,4,FCCD,10,3,2,1,74,48,16,10,0.01,0.5186666666666667,31.840732804788058,0.934537984911186,2.6352249598004507,0.5014104962830614,0.3482897267881501,0.07291971423572836
FCCD_k5_nc10_rf3_ra2,5,FCCD,10,3,2,1,126,96,20,10,0.01,0.9933333333333333,56.21294139284252,1.0064749783365583,3.661182839375523,0.474518377891625,0.25852532523313876,0.040561396536668654
FCCD_k6_nc10_rf3_ra2,6,FCCD,10,3,2,1,130,96,24,10,0.01,0.9892857142857143,58.70844855168604,1.2604289728151645,5.228245485262148,0.4251343219699036,0.2271123800268202,0.037590025093064694
FCCD_k7_nc10_rf3_ra2,7,FCCD,10,3,2,1,134,96,28,10,0.01,0.9861111111111112,44.05967231791799,4.523090592308572,13.94820190665604,0.3554583250945572,0.3152244755618291,0.3590418060569075
FCCD_k8_nc10_rf3_ra2,8,FCCD,10,3,2,1,138,96,32,10,0.01,0.9835555555555555,31.298405132797946,9.81943466198806,23.613117098531596,0.27673994206432545,0.23525273038899405,0.21135248489594136
FCCD_k9_nc10_rf3_ra2,9,FCCD,10,3,2,1,142,96,36,10,0.01,0.9814545454545455,22.09377988160882,17.155337779592088,26.605478116885227,0.1975592957961677,0.15254665703698098,0.15362637418232095
FCCD_k10_nc10_rf3_ra2,10,FCCD,10,3,2,1,146,96,40,10,0.01,0.9796969696969697,15.803238036895468,26.536037778238004,35.345513238130955,0.12870436177623543,0.09131941807656296,0.08642726721258231
RCCD_k3_nc10_rf3_ra2,3,RCCD,10,3,2,1.681792830507429,46,24,12,10,0.01,0.3919411254969543,30.78162264812996,0.4056114591485049,0.2969588237517204,0.8375069404578198,0.894394234845312,0.7240994771297021
RCCD_k4_nc10_rf3_ra2,4,RCCD,10,3,2,2,74,48,16,10,0.01,0.7106666666666667,56.22516659122417,0.349925569291279,0.2531400735672236,0.8854032618201599,0.9301691788259309,0.7591048240905163
RCCD_k5_nc10_rf3_ra2,5,RCCD,10,3,2,2.378414230005442,126,96,20,10,0.01,1.3329224214237372,106.60711087542369,0.277297615151622,0.19871258777324957,0.8999179205157161,0.9383393758045923,0.7473240150775605
RCCD_k6_nc10_rf3_ra2,6,RCCD,10,3,2,2.8284271247461903,130,96,24,10,0.01,1.5892857142857149,124.11940243135828,0.30417459553337783,0.2064321922047253,0.8988045042530711,0.9411010257738646,0.9520311579542858
RCCD_k7_nc10_rf3_ra2,7,RCCD,10,3,2,3.363585661014858,134,96,28,10,0.01,2.0541066216587702,109.157931146936,1.7503777260713185,7.163195692912053,0.8806487505468217,0.8145606737576934,0.6991275707806732
RCCD_k8_nc10_rf3_ra2,8,RCCD,10,3,2,4,138,96,32,10,0.01,2.9035555555555557,96.49262541864982,3.0170697687766976,6.938202570725369,0.8531860794404842,0.765659726869907,0.7193060340974927
RCCD_k9_nc10_rf3_ra2,9,RCCD,10,3,2,4.756828460010884,142,96,36,10,0.01,4.467743093077618,91.81674568010006,3.578549393522585,5.974698520429042,0.8210116927052289,0.7312989540828816,0.684101988160342
RCCD_k10_nc10_rf3_ra2,10,RCCD,10,3,2,5.656854249492381,146,96,40,10,0.01,7.36757575757576,96.89887889511462,3.4242841983488495,4.420925790154926,0.7891615842216619,0.7076677599174892,0.6909901369981507
SCCD_k3_nc10_rf3_ra2,3,SCCD,10,3,2,1.7320508075688772,46,24,12,10,0.01,0.406,31.814731538722768,0.3957410442009562,0.27444892049891473,0.8656157856610379,0.9167018583632196,0.7834890682636969
SCCD_k4_nc10_rf3_ra2,4,SCCD,10,3,2,2,74,48,16,10,0.01,0.7106666666666667,56.22516659122417,0.349925569291279,0.25591015018525193,0.8854032618201599,0.9301691788259309,0.7508879615615254
SCCD_k5_nc10_rf3_ra2,5,SCCD,10,3,2,2.23606797749979,126,96,20,10,0.01,1.26,100.79638846426901,0.2908489091370099,0.23055816279219657,0.8508670346414056,0.8946200688375393,0.6441007646083795
SCCD_k6_nc10_rf3_ra2,6,SCCD,10,3,2,2.449489742783178,130,96,24,10,0.01,1.3321428571428573,109.11142490676094,0.34027681058619413,0.25456174292057776,0.7901249784529297,0.8412534000705909,0.7720322650565088
SCCD_k7_nc10_rf3_ra2,7,SCCD,10,3,2,2.6457513110645907,134,96,28,10,0.01,1.406111111111111,85.75086832413693,2.488838819021504,10.877533826781862,0.691808595623754,0.572873120180465,0.4603973367089778
SCCD_k8_nc10_rf3_ra2,8,SCCD,10,3,2,2.8284271247461903,138,96,32,10,0.01,1.4813333333333336,63.919142432326446,5.7547119003302525,13.423279485010394,0.56517192165127,0.4014186731009854,0.37179371706344455
SCCD_k9_nc10_rf3_ra2,9,SCCD,10,3,2,3,142,96,36,10,0.01,1.5574545454545454,47.47356278730109,9.965190856104888,16.373684178891583,0.42450154221919445,0.2626130764985573,0.24962635725888607
SCCD_k10_nc10_rf3_ra2,10,SCCD,10,3,2,3.1622776601683795,146,96,40,10,0.01,1.6342424242424247,35.81657436207448,14.980086659567071,21.219599052202657,0.2916965076093642,0.16176512079245997,0.14396200936137438
FCCD_k3_nc1_rf1_ra3,3,FCCD,1,1,3,1,27,8,18,1,0.01,0.135,10.2772642748925,1.1563252354293725,1.2739591703084336,0.27962399050670517,0.313732278371413,0.1687869862859204
FCCD_k4_nc1_rf1_ra3,4,FCCD,1,1,3,1,41,16,24,1,0.01,0.20866666666666667,15.86006373913911,1.1498762819814292,2.0529123197187458,0.2497556346858601,0.2830652171353527,0.09360353541150458
FCCD_k5_nc1_rf1_ra3,5,FCCD,1,1,3,1,63,32,30,1,0.01,0.36333333333333334,26.119223694828744,1.1370927615570627,2.995155203818345,0.22048395533767143,0.2288285352878112,0.04958096620563763
FCCD_k6_nc1_rf1_ra3,6,FCCD,1,1,3,1,69,32,36,1,0.01,0.3589285714285715,26.55716145260626,1.4588197717037115,3.9986022807266566,0.19231236910747448,0.1962264492319699,0.049149644097134716
FCCD_k7_nc1_rf1_ra3,7,FCCD,1,1,3,1,75,32,42,1,0.01,0.3552777777777778,19.56413557735728,10.12308162795392,43.64573655821224,0.15783673591739672,0.14084533863106793,0.11474173650690513
FCCD_k8_nc1_rf1_ra3,8,FCCD,1,1,3,1,81,32,48,1,0.01,0.3522222222222222,13.677399419644022,24.564050103960223,62.31032861736898,0.12093532264417188,0.09404185406447259,0.08009412060013339
FCCD_k9_nc1_rf1_ra3,9,FCCD,1,1,3,1,87,32,54,1,0.01,0.34963636363636363,9.519716886952535,44.867902800528825,79.23057148123415,0.08512389344164496,0.058326537798110596,0.05158744989555255
FCCD_k10_nc1_rf1_ra3,10,FCCD,1,1,3,1,93,32,60,1,0.01,0.3474242424242424,6.723625137273087,71.1017211523544,95.9419152408741,0.054758390659879294,0.034081531201950996,0.031840266162378714
RCCD_k3_nc1_rf1_ra3,3,RCCD,1,1,3,1.681792830507429,27,8,18,1,0.01,0.29391168824543135,17.150338195102652,1.49254145206461,0.7019718540778528,0.46662670885772556,0.24305961495929926,0.30631958782755453
RCCD_k4_nc1_rf1_ra3,4,RCCD,1,1,3,2,41,16,24,1,0.01,0.49666666666666665,29.751772409168897,1.2702409438805247,0.5956979911410604,0.4685146871600516,0.2562427081302459,0.3225793168236562
RCCD_k5_nc1_rf1_ra3,5,RCCD,1,1,3,2.378414230005442,63,32,30,1,0.01,0.8727169654689388,53.73648320333591,0.9221595378816333,0.4116687346154628,0.45361349560146375,0.2821629668454112,0.3607334646870195
RCCD_k6_nc1_rf1_ra3,6,RCCD,1,1,3,2.8284271247461903,69,32,36,1,0.01,1.2589285714285718,63.88192380409271,0.8379341355267527,0.525426588078959,0.4625977867338148,0.3416247312694339,0.3740387019664346
RCCD_k7_nc1_rf1_ra3,7,RCCD,1,1,3,3.363585661014858,75,32,42,1,0.01,1.9572710435992664,61.873722504474124,2.2573608301535675,7.464152181776494,0.4991759723065746,0.6316176132914101,0.6709385717026293
RCCD_k8_nc1_rf1_ra3,8,RCCD,1,1,3,4,81,32,48,1,0.01,3.2322222222222226,62.15987161940259,3.102186017594914,6.485245629191672,0.5496164803826725,0.7446519331874146,0.7695454051037292
RCCD_k9_nc1_rf1_ra3,9,RCCD,1,1,3,4.756828460010884,87,32,54,1,0.01,5.579069185070973,68.19052788326478,3.195315497740473,4.7618947382643215,0.6097495648447525,0.819008148168019,0.8583354654273512
RCCD_k10_nc1_rf1_ra3,10,RCCD,1,1,3,5.656854249492381,93,32,60,1,0.01,9.929242424242426,82.66208240570998,2.7776844612209555,3.4156012254312276,0.6732145990766522,0.8724012974825882,0.894371419781925
SCCD_k3_nc1_rf1_ra3,3,SCCD,1,1,3,1.7320508075688772,27,8,18,1,0.01,0.315,17.93098124131816,1.4617497092127487,0.7009929861670114,0.4878664588442437,0.24817966329201277,0.3067473330702367
SCCD_k4_nc1_rf1_ra3,4,SCCD,1,1,3,2,41,16,24,1,0.01,0.49666666666666665,29.751772409168897,1.2702409438805247,0.597111528043163,0.4685146871600516,0.2562427081302459,0.3218156776260014
SCCD_k5_nc1_rf1_ra3,5,SCCD,1,1,3,2.23606797749979,63,32,30,1,0.01,0.7633333333333334,49.73734186726739,1.0405482635188021,0.49555942351034404,0.41985496931320576,0.2500597812095367,0.2996667642585093
SCCD_k6_nc1_rf1_ra3,6,SCCD,1,1,3,2.449489742783178,69,32,36,1,0.01,0.8732142857142857,53.43256475848606,1.1465678901123144,0.5415241099596031,0.38692927083080886,0.24966600437656697,0.36291990581613653
SCCD_k7_nc1_rf1_ra3,7,SCCD,1,1,3,2.6457513110645907,75,32,42,1,0.01,0.9852777777777779,44.04485730851107,4.198724518701022,15.00291170162303,0.35533880267977286,0.33957666275286263,0.3338010449845157
SCCD_k8_nc1_rf1_ra3,8,SCCD,1,1,3,2.8284271247461903,81,32,48,1,0.01,1.0988888888888892,34.99699699660318,8.396627378361542,19.23649171149829,0.3094428256063516,0.27511627121409626,0.2594387297726639
SCCD_k9_nc1_rf1_ra3,9,SCCD,1,1,3,3,87,32,54,1,0.01,1.2136363636363636,27.939956180568757,13.386082719717749,21.341224714446874,0.24983493531605724,0.1955007662370233,0.19152148909791827
SCCD_k10_nc1_rf1_ra3,10,SCCD,1,1,3,3.1622776601683795,93,32,60,1,0.01,1.3292424242424248,22.73689236131953,18.937615814119113,25.0514321599145,0.18517326723210384,0.12795990539419988,0.1219417755399193
FCCD_k3_nc3_rf1_ra3,3,FCCD,3,1,3,1,29,8,18,3,0.01,0.13699999999999998,10.521865224072807,1.1111088758366896,1.2748812925631572,0.28627909751398706,0.32649955241914413,0.16866490257720973
FCCD_k4_nc3_rf1_ra3,4,FCCD,3,1,3,1,43,16,24,3,0.01,0.21,16.007076000003813,1.1366508895451373,1.9875489687692756,0.25207070359874584,0.286358795327314,0.09668181968593022
FCCD_k5_nc3_rf1_ra3,5,FCCD,3,1,3,1,65,32,30,3,0.01,0.3642857142857143,26.239586327464675,1.1312322820532408,2.907195889444892,0.22149998972018178,0.2300140079464501,0.05108107419947974
FCCD_k6_nc3_rf1_ra3,6,FCCD,3,1,3,1,71,32,36,3,0.01,0.35964285714285715,26.629377027438107,1.45528378451082,4.219311314364209,0.19283531461530504,0.19670323198649228,0.046578662805619654
FCCD_k7_nc3_rf1_ra3,7,FCCD,3,1,3,1,77,32,42,3,0.01,0.3558333333333334,19.600702393628016,10.10754399540236,39.93769414354333,0.15813174444973094,0.14106185048787956,0.1253950111844857
FCCD_k8_nc3_rf1_ra3,8,FCCD,3,1,3,1,83,32,48,3,0.01,0.3526666666666667,13.696596020124014,24.533748530198814,57.202612185706016,0.12110505864452475,0.09415800493208609,0.08724585791137322
FCCD_k9_nc3_rf1_ra3,9,FCCD,3,1,3,1,89,32,54,3,0.01,0.35000000000000003,9.530378986985234,44.82207311771809,74.93723747981693,0.08521923235537796,0.058386175528826786,0.05454301858385168
FCCD_k10_nc3_rf1_ra3,10,FCCD,3,1,3,1,95,32,60,3,0.01,0.3477272727272727,6.729889373362089,71.0405443012998,98.84034470661496,0.054809407704991715,0.03411088064991146,0.030906570858947685
RCCD_k3_nc3_rf1_ra3,3,RCCD,3,1,3,1.681792830507429,29,8,18,3,0.01,0.2959116882454314,18.730203773032922,0.93242814971839,0.5194041056145698,0.5096117198050737,0.3890664934978449,0.41398927479259484
RCCD_k4_nc3_rf1_ra3,4,RCCD,3,1,3,2,43,16,24,3,0.01,0.498,31.39211543413621,0.8444447996447368,0.47845182131409536,0.4943459145776454,0.38544849772868633,0.4016284241279082
RCCD_k5_nc3_rf1_ra3,5,RCCD,3,1,3,2.378414230005442,65,32,30,3,0.01,0.8736693464213197,55.38455734081296,0.6782041511636848,0.38640356002107745,0.4675256205852015,0.3836592133312906,0.3843201882846435
RCCD_k6_nc3_rf1_ra3,6,RCCD,3,1,3,2.8284271247461903,71,32,36,3,0.01,1.2596428571428575,64.86849259859186,0.7338894938920113,0.5148105751100215,0.4697419757879133,0.39005739454410837,0.3817518296738668
RCCD_k7_nc3_rf1_ra3,7,RCCD,3,1,3,3.363585661014858,77,32,42,3,0.01,1.9578265991548223,62.32659654474679,2.2201482711479836,7.979774090997175,0.5028296047410733,0.6422043421189488,0.6275851354566822
RCCD_k8_nc3_rf1_ra3,8,RCCD,3,1,3,4,83,32,48,3,0.01,3.232666666666667,62.38875180279307,3.0878079515384127,6.6688905282248765,0.5516402348973963,0.7481193297523907,0.748354010879515
RCCD_k9_nc3_rf1_ra3,9,RCCD,3,1,3,4.756828460010884,89,32,54,3,0.01,5.579432821434609,68.3276211994137,3.189022828203882,4.8858472146971845,0.6109754329009147,0.8206242380807712,0.8365597524599394
RCCD_k10_nc3_rf1_ra3,10,RCCD,3,1,3,5.656854249492381,95,32,60,3,0.01,9.929545454545458,82.75803136586033,2.7747063816855513,3.3715406552010583,0.6739960243548396,0.8733376417631368,0.9060594042327036
SCCD_k3_nc3_rf1_ra3,3,SCCD,3,1,3,1.7320508075688772,29,8,18,3,0.01,0.317,19.58234587766315,0.9131128260248754,0.5053837237402207,0.5327968174538329,0.3972965227407009,0.4254741870519786
SCCD_k4_nc3_rf1_ra3,4,SCCD,3,1,3,2,43,16,24,3,0.01,0.498,31.39211543413621,0.8444447996447368,0.4804158055570747,0.4943459145776454,0.38544849772868633,0.3999865299866337
SCCD_k5_nc3_rf1_ra3,5,SCCD,3,1,3,2.23606797749979,65,32,30,3,0.01,0.7642857142857145,51.46145185968802,0.7207471526821805,0.39443430982611477,0.4344089466828075,0.3610132487449618,0.37649536371880027
SCCD_k6_nc3_rf1_ra3,6,SCCD,3,1,3,2.449489742783178,71,32,36,3,0.01,0.8739285714285714,54.76405522970925,0.8589960189903236,0.5365353950468167,0.3965711931206562,0.3332483708216544,0.36629434105937714
SCCD_k7_nc3_rf1_ra3,7,SCCD,3,1,3,2.6457513110645907,77,32,42,3,0.01,0.9858333333333335,44.8664076552109,3.9364640101210013,13.268601646205838,0.36196678910944075,0.36220040529096204,0.3774314533923943
SCCD_k8_nc3_rf1_ra3,8,SCCD,3,1,3,2.8284271247461903,83,32,48,3,0.01,1.0993333333333335,35.500302690183766,8.15618918764566,17.696862700035524,0.3138930456060978,0.28322648751307733,0.2820099279463515
SCCD_k9_nc3_rf1_ra3,9,SCCD,3,1,3,3,89,32,54,3,0.01,1.2140000000000002,28.257152960278283,13.164789236653707,21.686498511544876,0.25267126177373095,0.19878703574917211,0.1884722484963754
SCCD_k10_nc3_rf1_ra3,10,SCCD,3,1,3,3.1622776601683795,95,32,60,3,0.01,1.329545454545455,22.944639813700398,18.733264737033654,24.551300331775852,0.18686519917712002,0.12935575095866067,0.12442583798480412
FCCD_k3_nc5_rf1_ra3,3,FCCD,5,1,3,1,31,8,18,5,0.01,0.139,10.72469731235759,1.08139176834325,1.2945084686986716,0.2917977566057416,0.33547189951835,0.16610762633622064
FCCD_k4_nc5_rf1_ra3,4,FCCD,5,1,3,1,45,16,24,5,0.01,0.21133333333333335,16.13765933173306,1.126394746007663,1.9857568945309083,0.2541270586949078,0.2889661733522068,0.09676907155389794
FCCD_k5_nc5_rf1_ra3,5,FCCD,5,1,3,1,67,32,30,5,0.01,0.36523809523809525,26.350042946833234,1.1263327468788495,2.9450339091488305,0.22243240304977202,0.23101456637437404,0.050424780672246004
FCCD_k6_nc5_rf1_ra3,6,FCCD,5,1,3,1,73,32,36,5,0.01,0.3603571428571429,26.69679384278546,1.4522108560655236,4.481663217972157,0.19332351014404284,0.19711946283501428,0.043851996329307245
FCCD_k7_nc5_rf1_ra3,7,FCCD,5,1,3,1,79,32,42,5,0.01,0.35638888888888887,19.635381816443804,10.092302435973744,38.56905267157538,0.15841152613899087,0.1412748843907933,0.12984471375162845
FCCD_k8_nc5_rf1_ra3,8,FCCD,5,1,3,1,85,32,48,5,0.01,0.3531111111111111,13.715025709843614,24.503673183538872,58.4646770501918,0.12126801363356096,0.0942735726928022,0.08536249966161613
FCCD_k9_nc5_rf1_ra3,9,FCCD,5,1,3,1,91,32,54,5,0.01,0.3503636363636364,9.540710084489136,44.77643584057514,76.54724899707817,0.08531161149369694,0.058445684197257056,0.05339582009851425
FCCD_k10_nc5_rf1_ra3,10,FCCD,5,1,3,1,97,32,60,5,0.01,0.3480303030303031,6.736001068106715,70.97954050036047,95.92102378247333,0.05485918242645334,0.034140197455266405,0.031847200925684716
RCCD_k3_nc5_rf1_ra3,3,RCCD,5,1,3,1.681792830507429,31,8,18,5,0.01,0.2979116882454314,19.61549625172274,0.7858207097757456,0.5187403909342314,0.5336987734251294,0.46165307955951596,0.41451896317619585
RCCD_k4_nc5_rf1_ra3,4,RCCD,5,1,3,2,45,16,24,5,0.01,0.4993333333333333,32.32790907835516,0.7217312911001703,0.4809932896869245,0.509082282563994,0.4509849904688281,0.3995063031764607
RCCD_k5_nc5_rf1_ra3,5,RCCD,5,1,3,2.378414230005442,67,32,30,5,0.01,0.8746217273737007,56.41018761374882,0.5901356596366534,0.3821588355745832,0.4761834207531186,0.4409143336189509,0.38858891936354256
RCCD_k6_nc5_rf1_ra3,6,RCCD,5,1,3,2.8284271247461903,73,32,36,5,0.01,1.2603571428571432,65.56607935841535,0.6836359886709464,0.5219537068174891,0.47479351575309653,0.41873018479809276,0.37652741309571097
RCCD_k7_nc5_rf1_ra3,7,RCCD,5,1,3,3.363585661014858,79,32,42,5,0.01,1.9583821547103777,62.68806673259347,2.196687438143501,7.4440198918492655,0.505745822243021,0.6490631462271654,0.6727531194933556
RCCD_k8_nc5_rf1_ra3,8,RCCD,5,1,3,4,85,32,48,5,0.01,3.2331111111111115,62.586256755543026,3.077118205439486,6.45440418710777,0.5533865701802815,0.750718256785033,0.7732225671398232
RCCD_k9_nc5_rf1_ra3,9,RCCD,5,1,3,4.756828460010884,91,32,54,5,0.01,5.5797964577982455,68.45156919989513,3.183877736218433,4.75008753759536,0.61208375749823,0.8219503528189047,0.8604690132833382
RCCD_k10_nc5_rf1_ra3,10,RCCD,5,1,3,5.656854249492381,97,32,60,5,0.01,9.929848484848488,82.84739567292056,2.772123014575107,3.514478105255226,0.6747238230552648,0.8741515131996429,0.8692090335773952
SCCD_k3_nc5_rf1_ra3,3,SCCD,5,1,3,1.7320508075688772,31,8,18,5,0.01,0.319,20.507767948497396,0.7694749105734965,0.5089470711705714,0.557975717735869,0.4714598821412344,0.42249526755918104
SCCD_k4_nc5_rf1_ra3,4,SCCD,5,1,3,2,45,16,24,5,0.01,0.4993333333333333,32.32790907835516,0.7217312911001703,0.4789703974578532,0.509082282563994,0.4509849904688281,0.40119358531425037
SCCD_k5_nc5_rf1_ra3,5,SCCD,5,1,3,2.23606797749979,67,32,30,5,0.01,0.7652380952380954,52.48382331845952,0.6172207090257571,0.39139565786445124,0.44303923775454845,0.42156600922250764,0.37941833527592866
SCCD_k6_nc5_rf1_ra3,6,SCCD,5,1,3,2.449489742783178,73,32,36,5,0.01,0.87464285714285706,55.5607643501833,0.7625707976606589,0.5446123990545471,0.40234052275030535,0.3753868162129602,0.3608619255178257
SCCD_k7_nc5_rf1_ra3,7,SCCD,5,1,3,2.6457513110645907,79,32,42,5,0.01,0.986388888888889,45.36434885780805,3.8443487860864156,13.872451360775964,0.36598400795286756,0.3708791629519598,0.36100235449173423
SCCD_k8_nc5_rf1_ra3,8,SCCD,5,1,3,2.8284271247461903,85,32,48,5,0.01,1.099777777777778,35.80952159398876,8.068100502401334,17.722318277125726,0.31662715365924315,0.2863187951639265,0.281604860993553
SCCD_k9_nc5_rf1_ra3,9,SCCD,5,1,3,3,91,32,54,5,0.01,1.2143636363636363,28.454680507050035,13.080608303557584,21.26439124688461,0.25443752373749096,0.2000663400268047,0.19221350327077816
SCCD_k10_nc5_rf1_ra3,10,SCCD,5,1,3,3.1622776601683795,97,32,60,5,0.01,1.329848484848485,23.075718481734828,18.652869473801562,25.265780508747287,0.1879327270010042,0.12991328392502347,0.12090725304687103
FCCD_k3_nc7_rf1_ra3,3,FCCD,7,1,3,1,33,8,18,7,0.01,0.141,10.898559541813183,1.060341219142027,1.2699688557084434,0.2965282032594814,0.3421318949980625,0.16931732462661092
FCCD_k4_nc7_rf1_ra3,4,FCCD,7,1,3,1,47,16,24,7,0.01,0.21266666666666667,16.25525056648397,1.118199889486339,2.1519615938665217,0.2559788213329249,0.2910838951946094,0.08929520469287083
FCCD_k5_nc7_rf1_ra3,5,FCCD,7,1,3,1,69,32,30,7,0.01,0.36619047619047623,26.452149954099777,1.1221719992974861,2.8930063629277436,0.22329433359919632,0.23187111358719315,0.05133161504382978
FCCD_k6_nc7_rf1_ra3,6,FCCD,7,1,3,1,75,32,36,7,0.01,0.36107142857142854,26.76002818729123,1.4495132601993248,3.95448215808392,0.19378141851736672,0.1974863091845385,0.04969800624386473
FCCD_k7_nc7_rf1_ra3,7,FCCD,7,1,3,1,81,32,42,7,0.01,0.35694444444444445,19.668378217912252,10.077315926501917,40.60390023232589,0.1586777297892471,0.1414849817429549,0.12333759996349285
FCCD_k8_nc7_rf1_ra3,8,FCCD,7,1,3,1,87,32,48,7,0.01,0.35355555555555557,13.73276015369322,24.473802435387487,55.206860299597196,0.12142482127096803,0.09438863540750184,0.09039983342341798
FCCD_k9_nc7_rf1_ra3,9,FCCD,7,1,3,1,93,32,54,7,0.01,0.3507272727272727,9.550737358256198,44.73097849886976,73.67169567287466,0.0854012738853199,0.05850507895066775,0.05547996553022295
FCCD_k10_nc7_rf1_ra3,10,FCCD,7,1,3,1,99,32,60,7,0.01,0.3483333333333334,6.741971386995437,70.91870204714678,93.85952130346939,0.05490780575797436,0.03416948503027317,0.03254668333030261
RCCD_k3_nc7_rf1_ra3,3,RCCD,7,1,3,1.681792830507429,33,8,18,7,0.01,0.2999116882454314,20.24380957692479,0.7182232271866843,0.5034055676069548,0.5507939336333525,0.5051027826970051,0.42714610811686504
RCCD_k4_nc7_rf1_ra3,4,RCCD,7,1,3,2,47,16,24,7,0.01,0.5006666666666667,32.99230809797867,0.6634245346498144,0.4800599190807992,0.5195448760037188,0.49062095602128086,0.4002830550474785
RCCD_k5_nc7_rf1_ra3,5,RCCD,7,1,3,2.378414230005442,69,32,30,7,0.01,0.8755741083260816,57.160950258043975,0.5447128418708134,0.38403782465053526,0.4825209413191199,0.4776815435814254,0.3866876630610298
RCCD_k6_nc7_rf1_ra3,6,RCCD,7,1,3,2.8284271247461903,75,32,36,7,0.01,1.2610714285714288,66.10764701432954,0.6540243455406896,0.5247332688693918,0.47871525110597696,0.4376886362451211,0.37453291156315727
RCCD_k7_nc7_rf1_ra3,7,RCCD,7,1,3,3.363585661014858,81,32,42,7,0.01,1.958937710265933,62.98932464816867,2.1804792511772817,7.575400187069641,0.5081762677833136,0.6538878364053693,0.6610855506168848
RCCD_k8_nc7_rf1_ra3,8,RCCD,7,1,3,4,87,32,48,7,0.01,3.2335555555555557,62.76008422153899,3.0688315681045086,5.936658127342197,0.5549235495459969,0.7527453898474599,0.8406566232823978
RCCD_k9_nc7_rf1_ra3,9,RCCD,7,1,3,4.756828460010884,93,32,54,7,0.01,5.580160094161881,68.56471442853157,3.1795848741181234,4.876983489466602,0.6130954853153754,0.8230600950203709,0.8380801668309915
RCCD_k10_nc7_rf1_ra3,10,RCCD,7,1,3,5.656854249492381,99,32,60,7,0.01,9.930151515151518,82.93103609144674,2.7698589875294664,3.46498891210199,0.6754050053965026,0.8748660270708479,0.8816236342715007
SCCD_k3_nc7_rf1_ra3,3,SCCD,7,1,3,1.7320508075688772,33,8,18,7,0.01,0.321,21.16456619193499,0.7032416369390829,0.5091749958367972,0.5758458961097471,0.5158632987498185,0.4223061437930343
SCCD_k4_nc7_rf1_ra3,4,SCCD,7,1,3,2,47,16,24,7,0.01,0.5006666666666667,32.99230809797867,0.6634245346498144,0.4814465575938003,0.5195448760037188,0.49062095602128086,0.39913017963176345
SCCD_k5_nc7_rf1_ra3,5,SCCD,7,1,3,2.23606797749979,69,32,30,7,0.01,0.7661904761904763,53.21789246486917,0.5660112885935782,0.3922419327910237,0.4492358410986131,0.459706858073479,0.37859972768458544
SCCD_k6_nc7_rf1_ra3,6,SCCD,7,1,3,2.449489742783178,75,32,36,7,0.01,0.875357142857143,56.13390657278745,0.7142469214622645,0.5446337728490712,0.40649090376377434,0.4007844000009961,0.3608477637286894
SCCD_k7_nc7_rf1_ra3,7,SCCD,7,1,3,2.6457513110645907,81,32,42,7,0.01,0.9869444444444446,45.724394267895654,3.796735917367681,12.793509773081006,0.36888873083651186,0.3755301635167788,0.3914475146100688
SCCD_k8_nc7_rf1_ra3,8,SCCD,7,1,3,2.8284271247461903,87,32,48,7,0.01,1.1002222222222224,36.03439395909992,8.021367736673463,20.18195113586105,0.3186154711159534,0.2879868983624255,0.24728486068156214
SCCD_k9_nc7_rf1_ra3,9,SCCD,7,1,3,3,93,32,54,7,0.01,1.2147272727272727,28.59917273535649,13.03499155389408,21.825005750456338,0.25572955176642975,0.2007664844121204,0.187276153931767
SCCD_k10_nc7_rf1_ra3,10,SCCD,7,1,3,3.1622776601683795,99,32,60,7,0.01,1.3301515151515153,23.17216016521994,18.608535685223167,24.504533149323827,0.18871816510505587,0.1302227950096399,0.12466330612310009
FCCD_k3_nc10_rf1_ra3,3,FCCD,10,1,3,1,36,8,18,10,0.01,0.14400000000000002,11.120965180923676,1.0381671997147226,1.281439858515764,0.30257941987275866,0.34943942627864255,0.1678016549732809
FCCD_k4_nc10_rf1_ra3,4,FCCD,10,1,3,1,50,16,24,10,0.01,0.21466666666666664,16.412459539979494,1.1085765656061222,2.0825295775005883,0.25845446251567705,0.29361073428419565,0.0922723274096948
FCCD_k5_nc10_rf1_ra3,5,FCCD,10,1,3,1,72,32,30,10,0.01,0.3676190476190476,26.592240831756907,1.1169812025310588,3.2373431538974087,0.22447690285062033,0.232948657080234,0.0458717787647491
FCCD_k6_nc10_rf1_ra3,6,FCCD,10,1,3,1,78,32,36,10,0.01,0.36214285714285716,26.848116238083705,1.446028530589446,3.9906692922458706,0.1944193037735976,0.19796222399161392,0.04924734789865365
FCCD_k7_nc10_rf1_ra3,7,FCCD,10,1,3,1,84,32,42,10,0.01,0.3577777777777778,19.71508788990622,10.055244511495733,45.65229111308917,0.15905456740285637,0.14179554343497752,0.10969849446124125
FCCD_k8_nc10_rf1_ra3,8,FCCD,10,1,3,1,90,32,48,10,0.01,0.35422222222222227,13.75819166479499,24.429341705463482,62.052382562497826,0.12164968624025481,0.09456042012758742,0.08042706450291376
FCCD_k9_nc10_rf1_ra3,9,FCCD,10,1,3,1,96,32,54,10,0.01,0.35127272727272724,9.565260213228443,44.66310718519423,78.01556319811424,0.08553113509587966,0.05859398491389614,0.05239086880786574
FCCD_k10_nc10_rf1_ra3,10,FCCD,10,1,3,1,102,32,60,10,0.01,0.34878787878787876,6.750683320570874,70.82774006532098,93.28656367079708,0.0549787572837342,0.034213367894154675,0.03274658211420543
RCCD_k3_nc10_rf1_ra3,3,RCCD,10,1,3,1.681792830507429,36,8,18,10,0.01,0.3029116882454314,20.946575502429496,0.6654236183944708,0.5172043822437326,0.5699148015244158,0.5451813560885052,0.4157500137080051
RCCD_k4_nc10_rf1_ra3,4,RCCD,10,1,3,2,50,16,24,10,0.01,0.5026666666666667,33.732917261455086,0.6171215911358192,0.4840888179216949,0.5312075852286349,0.5274324932284372,0.3969516417266035
RCCD_k5_nc10_rf1_ra3,5,RCCD,10,1,3,2.378414230005442,72,32,30,10,0.01,0.8770026797546531,58.01217853692234,0.5068281609525122,0.3846773648875576,0.4897065368795093,0.5133875564934417,0.3860447806295149
RCCD_k6_nc10_rf1_ra3,6,RCCD,10,1,3,2.8284271247461903,78,32,36,10,0.01,1.2621428571428575,66.74623351609202,0.6270383153343573,0.5244009821458939,0.48333954362508363,0.4565255692838636,0.374770234371967
RCCD_k7_nc10_rf1_ra3,7,RCCD,10,1,3,3.363585661014858,84,32,42,10,0.01,1.9597710435992666,63.36465351714566,2.163701018462202,6.732274311048894,0.5112042923715024,0.6589583531704658,0.7438775326776512
RCCD_k8_nc10_rf1_ra3,8,RCCD,10,1,3,4,90,32,48,10,0.01,3.2342222222222223,62.98729469256265,3.059347501543607,6.489244794331765,0.5569325404936413,0.7550789225295508,0.7690711528208598
RCCD_k9_nc10_rf1_ra3,9,RCCD,10,1,3,4.756828460010884,96,32,54,10,0.01,5.5807055487073365,68.71792697736102,3.1743184225626577,4.977274364123577,0.6144654891542873,0.8244256184306413,0.8211930541634656
RCCD_k10_nc10_rf1_ra3,10,RCCD,10,1,3,5.656854249492381,102,32,60,10,0.01,9.930606060606063,83.04726584576355,2.7669399431174226,3.3241880319839407,0.6763516010444215,0.8757889863110585,0.9189661017985904
SCCD_k3_nc10_rf1_ra3,3,SCCD,10,1,3,1.7320508075688772,36,8,18,10,0.01,0.324,21.899183262307385,0.6515052270654471,0.5054408118072179,0.5958333705209783,0.5568283040239902,0.42542613098224974
SCCD_k4_nc10_rf1_ra3,4,SCCD,10,1,3,2,50,16,24,10,0.01,0.5026666666666667,33.732917261455086,0.6171215911358192,0.4767671793325083,0.5312075852286349,0.5274324932284372,0.40304756565780925
SCCD_k5_nc10_rf1_ra3,5,SCCD,10,1,3,2.23606797749979,72,32,30,10,0.01,0.7676190476190478,54.040154417881745,0.5243790365662775,0.39405232098573534,0.45617691905108626,0.4962045638157158,0.3768603330889474
SCCD_k6_nc10_rf1_ra3,6,SCCD,10,1,3,2.449489742783178,78,32,36,10,0.01,0.8764285714285714,56.77600300453488,0.6746491574896284,0.5430785596991313,0.4111406132669971,0.4243079839245379,0.3618811228574095
SCCD_k7_nc10_rf1_ra3,7,SCCD,10,1,3,2.6457513110645907,84,32,42,10,0.01,0.9877777777777779,46.1291748338544,3.756258447175138,15.129146879204173,0.37215436161488713,0.37957687947467106,0.33101586254648196
SCCD_k8_nc10_rf1_ra3,8,SCCD,10,1,3,2.8284271247461903,90,32,48,10,0.01,1.100888888888889,36.28822994198129,7.980502676922124,18.324717958270696,0.32085988436635315,0.2894615676013966,0.2723474918565385
SCCD_k9_nc10_rf1_ra3,9,SCCD,10,1,3,3,96,32,54,10,0.01,1.2152727272727273,28.762947292633473,12.994273037823781,22.467443114671198,0.25719399951499733,0.20139560104666523,0.18192115211433027
SCCD_k10_nc10_rf1_ra3,10,SCCD,10,1,3,3.1622776601683795,102,32,60,10,0.01,1.330606060606061,23.281912312409926,18.568357276435506,25.04232134074949,0.1896120059764444,0.13050457247726807,0.12198614001597916
FCCD_k3_nc1_rf2_ra3,3,FCCD,1,2,3,1,35,16,18,1,0.01,0.215,15.547696217382683,0.837471564388839,1.1201617926056848,0.42302199721686395,0.43318073839839655,0.19196131347015633
FCCD_k4_nc1_rf2_ra3,4,FCCD,1,2,3,1,57,32,24,1,0.01,0.3686666666666667,25.48759266872536,0.8598870107093706,1.9205789217936744,0.40136471002213686,0.3785264521781179,0.10005308755343674
FCCD_k5_nc1_rf2_ra3,5,FCCD,1,2,3,1,95,64,30,1,0.01,0.6833333333333333,43.86417543959518,0.8863384813387818,2.6616673088685436,0.37027696579137936,0.29356648345049124,0.055793106992129866
FCCD_k6_nc1_rf2_ra3,6,FCCD,1,2,3,1,101,64,36,1,0.01,0.6789285714285714,45.38877229350292,1.1131202516230005,4.273143468267512,0.3286805461577904,0.25716810331446965,0.04599187470374981
FCCD_k7_nc1_rf2_ra3,7,FCCD,1,2,3,1,107,64,42,1,0.01,0.6752777777777778,33.78864853349389,5.734108742565316,20.689930468536954,0.27259522785965085,0.24865047453586403,0.24204951347844306
FCCD_k8_nc1_rf2_ra3,8,FCCD,1,2,3,1,113,64,48,1,0.01,0.6722222222222223,23.818078162843456,13.347988219566954,34.517858905398725,0.2105990239087824,0.17306344425167347,0.14458286617924992
FCCD_k9_nc1_rf2_ra3,9,FCCD,1,2,3,1,119,64,54,1,0.01,0.6696363636363637,16.694055232907512,23.975305159110547,39.424727847592045,0.14927576057462644,0.10915353991323644,0.10367359166776854
FCCD_k10_nc1_rf2_ra3,10,FCCD,1,2,3,1,125,64,60,1,0.01,0.6674242424242425,11.863324035534083,37.63298707613167,53.7243443706722,0.09661700627259794,0.06439179337702135,0.05686092874993587
RCCD_k3_nc1_rf2_ra3,3,RCCD,1,2,3,1.681792830507429,35,16,18,1,0.01,0.3739116882454314,23.718439445058294,1.2050323791552378,0.6463940542722876,0.6453317253329282,0.3010512886831591,0.33265734359167487
RCCD_k4_nc1_rf2_ra3,4,RCCD,1,2,3,2,57,32,24,1,0.01,0.6566666666666667,44.08393756011577,0.9756974717261937,0.5423975273959671,0.6942098080985505,0.3335972356902923,0.3542786264864828
RCCD_k5_nc1_rf2_ra3,5,RCCD,1,2,3,2.378414230005442,95,64,30,1,0.01,1.192716965468939,84.03944229392275,0.6588523007133422,0.33888478155667545,0.7094142175827622,0.394928075430193,0.43820996699529063
RCCD_k6_nc1_rf2_ra3,6,RCCD,1,2,3,2.8284271247461903,101,64,36,1,0.01,1.5789285714285717,100.65589698475323,0.531617000071542,0.2873785671419236,0.7288946918638438,0.5384685287195277,0.6838710379074612
RCCD_k7_nc1_rf2_ra3,7,RCCD,1,2,3,3.363585661014858,107,64,42,1,0.01,2.2772710435992667,93.84425161176785,1.743343825841177,6.94173139926668,0.7571032361969118,0.8178471961439724,0.7214320629491981
RCCD_k8_nc1_rf2_ra3,8,RCCD,1,2,3,4,113,64,48,1,0.01,3.5522222222222224,89.13256914112993,2.6119250130758322,5.464010322787491,0.7881085926104406,0.8844238649825098,0.913375099988367
RCCD_k9_nc1_rf2_ra3,9,RCCD,1,2,3,4.756828460010884,119,64,54,1,0.01,5.8990691850709736,91.84931895350782,2.8358929214812862,4.69309123583824,0.8213029580745183,0.9228096762024609,0.870919172691967
RCCD_k10_nc1_rf2_ra3,10,RCCD,1,2,3,5.656854249492381,125,64,60,1,0.01,10.249242424242427,104.87750021772149,2.5546441641886495,3.2084857823938506,0.8541408854751734,0.9485687133793083,0.9521052373554892
SCCD_k3_nc1_rf2_ra3,3,SCCD,1,2,3,1.7320508075688772,35,16,18,1,0.01,0.395,24.65253946594893,1.1887100353140416,0.6518965331571632,0.6707467354355625,0.3051850660567333,0.3298494746801053
SCCD_k4_nc1_rf2_ra3,4,SCCD,1,2,3,2,57,32,24,1,0.01,0.6566666666666667,44.08393756011577,0.9756974717261937,0.5263629788865941,0.6942098080985505,0.3335972356902923,0.36507098470713084
SCCD_k5_nc1_rf2_ra3,5,SCCD,1,2,3,2.23606797749979,95,64,30,1,0.01,1.0833333333333333,78.36717124389453,0.7562854544542935,0.38877112721782453,0.6615320610734478,0.34404902220580824,0.38197972674537756
SCCD_k6_nc1_rf2_ra3,6,SCCD,1,2,3,2.449489742783178,101,64,36,1,0.01,1.1932142857142858,85.43564048801613,0.8015862013111766,0.38489302211858817,0.6186779584025316,0.3571157080830115,0.5106090983461741
SCCD_k7_nc1_rf2_ra3,7,SCCD,1,2,3,2.6457513110645907,107,64,42,1,0.01,1.3052777777777778,69.0494610591327,3.096666705329699,10.512328652124467,0.5570673698991545,0.4604269673017039,0.47639184138331775
SCCD_k8_nc1_rf2_ra3,8,SCCD,1,2,3,2.8284271247461903,113,64,48,1,0.01,1.418888888888889,53.25037995625665,6.411488442049023,15.441689104570873,0.47083891340377704,0.3602983669063217,0.32319592378247053
SCCD_k9_nc1_rf2_ra3,9,SCCD,1,2,3,3,119,64,54,1,0.01,1.5336363636363637,41.05846251323654,10.502742133634323,18.563799941742595,0.36713866907583675,0.24917201577636233,0.22017599571806654
SCCD_k10_nc1_rf2_ra3,10,SCCD,1,2,3,3.1622776601683795,125,64,60,1,0.01,1.6492424242424246,32.20913064550071,15.195673777645874,20.445191098823646,0.26231684882669304,0.15947009414819105,0.1494148967662902
FCCD_k3_nc3_rf2_ra3,3,FCCD,3,2,3,1,37,16,18,3,0.01,0.217,15.884691824481775,0.8033243204895504,1.135872982737644,0.4321909797320347,0.45159413377219737,0.18930613922114717
FCCD_k4_nc3_rf2_ra3,4,FCCD,3,2,3,1,59,32,24,3,0.01,0.37,25.711730586129722,0.8485642953073204,1.9369115625384026,0.40489431171474216,0.3835772742712257,0.09920940879906474
FCCD_k5_nc3_rf2_ra3,5,FCCD,3,2,3,1,97,64,30,3,0.01,0.6842857142857143,44.059124118225306,0.8810074686262717,2.767552769743341,0.3719226140791856,0.2953428664108783,0.0536584850575149
FCCD_k6_nc3_rf2_ra3,6,FCCD,3,2,3,1,103,64,36,3,0.01,0.6796428571428571,45.50848138977588,1.1098600257512907,3.9895685174022146,0.32954741364846907,0.2579235374091762,0.04926093589481092
FCCD_k7_nc3_rf2_ra3,7,FCCD,3,2,3,1,109,64,42,3,0.01,0.6758333333333333,33.84818376778222,5.728265677388648,20.36197381774262,0.2730755377110619,0.24890410818533973,0.2459480425934161
FCCD_k8_nc3_rf2_ra3,8,FCCD,3,2,3,1,115,64,48,3,0.01,0.6726666666666666,23.848319361727523,13.338552363092903,31.87671636154679,0.21086641605198023,0.1731858714668923,0.1565622669006716
FCCD_k9_nc3_rf2_ra3,9,FCCD,3,2,3,1,121,64,54,3,0.01,0.67,16.710205801122687,23.96196309363118,40.625978724000426,0.1494201765550696,0.10921431680664608,0.10060811492695249
FCCD_k10_nc3_rf2_ra3,10,FCCD,3,2,3,1,127,64,60,3,0.01,0.6677272727272727,11.872441332421795,37.61574257063006,51.77658633261257,0.09669125914876912,0.06442131305573202,0.058999952174785805
RCCD_k3_nc3_rf2_ra3,3,RCCD,3,2,3,1.681792830507429,37,16,18,3,0.01,0.3759116882454315,25.785363046036338,0.7067793587202006,0.29951784821968863,0.7015686196969212,0.5132811904786163,0.7179129066457329
RCCD_k4_nc3_rf2_ra3,4,RCCD,3,2,3,2,59,32,24,3,0.01,0.658,46.319873865094166,0.6164794620421413,0.2707698428815939,0.7294201136907618,0.527981870409197,0.7096796636231681
RCCD_k5_nc3_rf2_ra3,5,RCCD,3,2,3,2.378414230005442,97,64,30,3,0.01,1.1936693464213197,86.26731059968091,0.4761247548529852,0.21185585530852832,0.7282206423741028,0.5464938935884939,0.700960984651053
RCCD_k6_nc3_rf2_ra3,6,RCCD,3,2,3,2.8284271247461903,103,64,36,3,0.01,1.5796428571428576,101.92150824956194,0.46203933338082404,0.2884081258541924,0.7380595531438728,0.619555529561096,0.6814297565355838
RCCD_k7_nc3_rf2_ra3,7,RCCD,3,2,3,3.363585661014858,109,64,42,3,0.01,2.2778265991548223,94.35388724519449,1.7225859421865597,6.271107075101071,0.7612148016974265,0.8277025981468833,0.7985811028001737
RCCD_k8_nc3_rf2_ra3,8,RCCD,3,2,3,4,115,64,48,3,0.01,3.5526666666666666,89.35887708490033,2.6049436497745786,5.87130701761981,0.790109603428148,0.8867941597542512,0.8500136272786306
RCCD_k9_nc3_rf2_ra3,9,RCCD,3,2,3,4.756828460010884,121,64,54,3,0.01,5.899432821434609,91.97216144526128,2.8330363135244676,4.575336401003055,0.8224013973771049,0.9237401639096198,0.8933339055873789
RCCD_k10_nc3_rf2_ra3,10,RCCD,3,2,3,5.656854249492381,127,64,60,3,0.01,10.249545454545457,104.9586474988075,2.5532924873972394,3.370617009225361,0.8548017632647547,0.9490708721884776,0.9063076905613406
SCCD_k3_nc3_rf2_ra3,3,SCCD,3,2,3,1.7320508075688772,37,16,18,3,0.01,0.397,26.80971244941035,0.6938199133806553,0.2970297022772058,0.7294391366149654,0.5228684614743608,0.7239266893483784
SCCD_k4_nc3_rf2_ra3,4,SCCD,3,2,3,2,59,32,24,3,0.01,0.658,46.319873865094166,0.6164794620421413,0.26787606234508177,0.7294201136907618,0.527981870409197,0.7173461089926153
SCCD_k5_nc3_rf2_ra3,5,SCCD,3,2,3,2.23606797749979,97,64,30,3,0.01,1.0842857142857143,80.73956435405383,0.5136440593571556,0.2201520736557254,0.681558483859027,0.5065750618027666,0.6745459466958557
SCCD_k6_nc3_rf2_ra3,6,SCCD,3,2,3,2.449489742783178,103,64,36,3,0.01,1.1939285714285715,87.31150233777213,0.5795115223923367,0.29567957010323914,0.6322619190637152,0.4939660607421214,0.6646718233359382
SCCD_k7_nc3_rf2_ra3,7,SCCD,3,2,3,2.6457513110645907,109,64,42,3,0.01,1.3058333333333334,70.1922286768081,2.891476127993414,11.521264357469706,0.5662868271030157,0.493100685174448,0.43467343934047503
SCCD_k8_nc3_rf2_ra3,8,SCCD,3,2,3,2.8284271247461903,115,64,48,3,0.01,1.4193333333333338,53.933950698185065,6.221176262307412,14.977431607288459,0.47688303375800883,0.3713202644819826,0.33321407206325526
SCCD_k9_nc3_rf2_ra3,9,SCCD,3,2,3,3,121,64,54,3,0.01,1.534,41.47673875809375,10.325723319901792,17.03528937776872,0.37087883308693215,0.2534436908233841,0.23993153540544762
SCCD_k10_nc3_rf2_ra3,10,SCCD,3,2,3,3.1622776601683795,127,64,60,3,0.01,1.649545454545455,32.47447121809616,15.030616067952277,20.03430580611561,0.26447782931496444,0.1612213043704284,0.1524792596739392
FCCD_k3_nc5_rf2_ra3,3,FCCD,5,2,3,1,39,16,18,5,0.01,0.219,16.168190061530467,0.7801296852309735,1.107679772055419,0.4399044048444779,0.46502082604664646,0.1941244522400775
FCCD_k4_nc5_rf2_ra3,4,FCCD,5,2,3,1,61,32,24,5,0.01,0.37133333333333335,25.911846148399825,0.839683190022946,1.9014825709764986,0.40804562245897,0.3876342688591523,0.10105790815470096
FCCD_k5_nc5_rf2_ra3,5,FCCD,5,2,3,1,99,64,30,5,0.01,0.6852380952380952,44.238483210808226,0.8765263263439845,2.84886169600938,0.3734366637546469,0.29685277360552687,0.05212702643626968
FCCD_k6_nc5_rf2_ra3,6,FCCD,5,2,3,1,105,64,36,5,0.01,0.6803571428571429,45.620413085260445,1.1070176169473651,4.010464508502383,0.33035796147660457,0.25858578895987244,0.04900426835022558
FCCD_k7_nc5_rf2_ra3,7,FCCD,5,2,3,1,111,64,42,5,0.01,0.6763888888888888,33.904600459642054,5.722661981357109,21.342414519902192,0.27353068823172794,0.2491478379334562,0.23464953316983628
FCCD_k8_nc5_rf2_ra3,8,FCCD,5,2,3,1,117,64,48,5,0.01,0.6731111111111112,23.87727450321481,13.329269524988664,33.07819444197256,0.2111224368985268,0.17330648245789632,0.15087555590945012
FCCD_k9_nc5_rf2_ra3,9,FCCD,5,2,3,1,123,64,54,5,0.01,0.6703636363636364,16.72579458129327,23.948727402667068,38.49890890779082,0.14955956911031926,0.1092746760450225,0.10616672660188131
FCCD_k10_nc5_rf2_ra3,10,FCCD,5,2,3,1,129,64,60,5,0.01,0.668030303030303,11.881297066992168,37.59857694336504,52.12666108746662,0.09676338181523018,0.06445072460100151,0.05860371743879664
RCCD_k3_nc5_rf2_ra3,3,RCCD,5,2,3,1.681792830507429,39,16,18,5,0.01,0.3779116882454314,26.97011699233474,0.5687044934912253,0.30305525836954117,0.7338034262924722,0.6378999195567547,0.7095330738180772
RCCD_k4_nc5_rf2_ra3,4,RCCD,5,2,3,2,61,32,24,5,0.01,0.6593333333333334,47.64005128870369,0.504189308478655,0.2679985215112565,0.7502095478162917,0.6455709670242742,0.7170183250710079
RCCD_k5_nc5_rf2_ra3,5,RCCD,5,2,3,2.378414230005442,99,64,30,5,0.01,1.1946217273737008,87.72846581883472,0.40196020087819867,0.21324434699664419,0.7405549018392912,0.6473259555174722,0.6963968378655028
RCCD_k6_nc5_rf2_ra3,6,RCCD,5,2,3,2.8284271247461903,105,64,36,5,0.01,1.580357142857143,102.86783112814064,0.4241655924877296,0.28266490162404,0.7449123033914794,0.6748756356966725,0.6952751397663866
RCCD_k7_nc5_rf2_ra3,7,RCCD,5,2,3,3.363585661014858,111,64,42,5,0.01,2.278382154710378,94.78302495747404,1.7079564452339613,5.7011345066754755,0.7646769375785363,0.8347922828229987,0.8784194791314461
RCCD_k8_nc5_rf2_ra3,8,RCCD,5,2,3,4,117,64,48,5,0.01,3.5531111111111113,89.56291174955071,2.5992553256959225,5.621542541817922,0.7919136743076347,0.8887348588929136,0.887779633043492
RCCD_k9_nc5_rf2_ra3,9,RCCD,5,2,3,4.756828460010884,123,64,54,5,0.01,5.899796457798245,92.08696058988694,2.8305325163295794,4.43405054156509,0.8234279142651966,0.9245572744772813,0.9217989506816634
RCCD_k10_nc5_rf2_ra3,10,RCCD,5,2,3,5.656854249492381,129,64,60,5,0.01,10.249848484848487,105.0360259433559,2.552060676888882,3.1916126340554545,0.8554319469839133,0.9495289629713985,0.9571387469776297
SCCD_k3_nc5_rf2_ra3,3,SCCD,5,2,3,1.7320508075688772,39,16,18,5,0.01,0.399,28.044058108018884,0.5572567349561603,0.29428162176694095,0.7630232354074776,0.6510043358707138,0.7306869104383464
SCCD_k4_nc5_rf2_ra3,4,SCCD,5,2,3,2,61,32,24,5,0.01,0.6593333333333334,47.64005128870369,0.504189308478655,0.26776996825556176,0.7502095478162917,0.6455709670242742,0.7176303312405399
SCCD_k5_nc5_rf2_ra3,5,SCCD,5,2,3,2.23606797749979,99,64,30,5,0.01,1.0852380952380951,82.22283810262448,0.4251031080365476,0.21516152594930607,0.694079455644193,0.6120850828761872,0.6901916515322798
SCCD_k6_nc5_rf2_ra3,6,SCCD,5,2,3,2.449489742783178,105,64,36,5,0.01,1.1946428571428571,88.490551240294,0.49643376255263527,0.29244647591123124,0.6407999432852495,0.5766308528229104,0.6720199939880989
SCCD_k7_nc5_rf2_ra3,7,SCCD,5,2,3,2.6457513110645907,111,64,42,5,0.01,1.3063888888888888,70.91703697699353,2.8121357273401584,9.942948452499937,0.5721343318810703,0.5070128180575716,0.5036722887317229
SCCD_k8_nc5_rf2_ra3,8,SCCD,5,2,3,2.8284271247461903,117,64,48,5,0.01,1.4197777777777778,54.37195868585669,6.145215851458366,15.483613015294837,0.4807558926023381,0.37591011787825246,0.32232082847741345
SCCD_k9_nc5_rf2_ra3,9,SCCD,5,2,3,3,123,64,54,5,0.01,1.5343636363636364,41.74760074145078,10.252953032963825,16.158822618821514,0.3733008406825863,0.25524250625192835,0.25294560333395466
SCCD_k10_nc5_rf2_ra3,10,SCCD,5,2,3,3.1622776601683795,129,64,60,5,0.01,1.6498484848484851,32.64811518356732,14.960890284247599,19.91977351246157,0.2658920164391527,0.16197268223521724,0.15335596639624208
FCCD_k3_nc7_rf2_ra3,3,FCCD,7,2,3,1,41,16,18,7,0.01,0.22100000000000003,16.41356862075947,0.7633304838774497,1.1181406103774751,0.44658066907989546,0.4752548972063065,0.192308308107225
FCCD_k4_nc7_rf2_ra3,4,FCCD,7,2,3,1,63,32,24,7,0.01,0.37266666666666665,26.092767966345555,0.8325245222922024,1.7991833182517858,0.4108946805846348,0.39096743786199695,0.1068039310203386
FCCD_k5_nc7_rf2_ra3,5,FCCD,7,2,3,1,101,64,30,7,0.01,0.6861904761904762,44.40463263784592,0.8727038992467044,2.8134811941299787,0.37483920478260296,0.2981529833177924,0.05278254187409949
FCCD_k6_nc7_rf2_ra3,6,FCCD,7,2,3,1,107,64,36,7,0.01,0.6810714285714287,45.72554238631631,1.1045156884358804,4.048172859357042,0.33111925010245213,0.25917153270696186,0.04854779818244237
FCCD_k7_nc7_rf2_ra3,7,FCCD,7,2,3,1,113,64,42,7,0.01,0.6769444444444445,33.95822962491615,5.7172610119838305,23.22598832333711,0.27396334994393945,0.2493832023569584,0.21562000006605694
FCCD_k8_nc7_rf2_ra3,8,FCCD,7,2,3,1,119,64,48,7,0.01,0.6735555555555556,23.905061811584474,13.320120273266783,29.782367388895786,0.21136813178539776,0.17342552227138985,0.16757200358673466
FCCD_k9_nc7_rf2_ra3,9,FCCD,7,2,3,1,125,64,54,7,0.01,0.6707272727272728,16.74086708596976,23.93558687772425,39.06458823571666,0.1496943452068373,0.10933466732969511,0.10462936693000004
FCCD_k10_nc7_rf2_ra3,10,FCCD,7,2,3,1,131,64,60,7,0.01,0.6683333333333333,11.889910172918093,37.581483295814564,50.64272969502701,0.09683352847115723,0.06448003951553084,0.0603209213996572
RCCD_k3_nc7_rf2_ra3,3,RCCD,7,2,3,1.681792830507429,41,16,18,7,0.01,0.3799116882454315,27.817084828539024,0.5039304551505588,0.3032992067978666,0.7568477423532022,0.7198940785216705,0.7089623849592759
RCCD_k4_nc7_rf2_ra3,4,RCCD,7,2,3,2,63,32,24,7,0.01,0.6606666666666666,48.58890764224123,0.4493401794159092,0.26797589074020434,0.765151620225412,0.7243731906213352,0.7170788778226382
RCCD_k5_nc7_rf2_ra3,5,RCCD,7,2,3,2.378414230005442,101,64,30,7,0.01,1.1955741083260816,88.82273847677068,0.36176614295487086,0.212507148427345,0.7497921428330714,0.7192471605778046,0.6988126754330303
RCCD_k6_nc7_rf2_ra3,6,RCCD,7,2,3,2.8284271247461903,107,64,36,7,0.01,1.581071428571429,103.62546732106486,0.40034664737766007,0.28391504483196806,0.7503986883518166,0.715027903307942,0.6922136834982463
RCCD_k7_nc7_rf2_ra3,7,RCCD,7,2,3,3.363585661014858,113,64,42,7,0.01,2.278937710265933,95.1539857617252,1.6970580391493777,6.4234808834791615,0.7676697221186342,0.8401532693565186,0.7796376598072321
RCCD_k8_nc7_rf2_ra3,8,RCCD,7,2,3,4,119,64,48,7,0.01,3.5535555555555556,89.74874349113765,2.5945186099506308,5.841380622979883,0.7935567952648298,0.8903573889388969,0.8543683928556561
RCCD_k9_nc7_rf2_ra3,9,RCCD,7,2,3,4.756828460010884,125,64,54,7,0.01,5.9001600941618815,92.19472704642594,2.8283166011474803,4.421927854521778,0.8243915459017195,0.9252816419333162,0.9243260566326437
RCCD_k10_nc7_rf2_ra3,10,RCCD,7,2,3,5.656854249492381,131,64,60,7,0.01,10.250151515151517,105.10997759174414,2.550932674400024,3.2373825708966217,0.8560342222698951,0.9499488372566838,0.9436067719830071
SCCD_k3_nc7_rf2_ra3,3,SCCD,7,2,3,1.7320508075688772,41,16,18,7,0.01,0.401,28.925948080911606,0.4932782962954649,0.2984448793443332,0.7870177135888506,0.7354399197655371,0.7204939467551799
SCCD_k4_nc7_rf2_ra3,4,SCCD,7,2,3,2,63,32,24,7,0.01,0.6606666666666666,48.58890764224123,0.4493401794159092,0.2692857521719564,0.765151620225412,0.7243731906213352,0.7135908582820273
SCCD_k5_nc7_rf2_ra3,5,SCCD,7,2,3,2.23606797749979,101,64,30,7,0.01,1.0861904761904762,83.31060890184605,0.3792403844864847,0.21623259470324566,0.7032618115639319,0.6861064426611664,0.6867729129595835
SCCD_k6_nc7_rf2_ra3,6,SCCD,7,2,3,2.449489742783178,107,64,36,7,0.01,1.195357142857143,89.3559733043224,0.4529592832667459,0.29446061997129264,0.6470668542918416,0.6319751784449806,0.6674233009591106
SCCD_k7_nc7_rf2_ra3,7,SCCD,7,2,3,2.6457513110645907,113,64,42,7,0.01,1.3069444444444447,71.45104914736098,2.7697126168777877,10.183755303271091,0.5764425589211912,0.5147786276420117,0.4917623661090507
SCCD_k8_nc7_rf2_ra3,8,SCCD,7,2,3,2.8284271247461903,119,64,48,7,0.01,1.4202222222222225,54.69614762214993,6.1037842462938565,14.133257874358488,0.48362236541675224,0.37846174142076755,0.3531168127886453
SCCD_k9_nc7_rf2_ra3,9,SCCD,7,2,3,3,125,64,54,7,0.01,1.5347272727272727,41.949059551960005,10.212563330909312,16.2402640481564,0.3751022554223641,0.25625196572308395,0.25167713556653365
SCCD_k10_nc7_rf2_ra3,10,SCCD,7,2,3,3.1622776601683795,131,64,60,7,0.01,1.6501515151515154,32.77790819946189,14.92159745969498,19.43951025402066,0.26694907368493503,0.1623992025325632,0.1571447056782711
FCCD_k3_nc10_rf2_ra3,3,FCCD,10,2,3,1,44,16,18,10,0.01,0.22399999999999998,16.73004773625857,0.745304618292833,1.122428554034772,0.45519143852406413,0.4867493662934493,0.19157364469632934
FCCD_k4_nc10_rf2_ra3,4,FCCD,10,2,3,1,66,32,24,10,0.01,0.3746666666666667,26.335555714348168,0.8240487558357387,1.918306685674941,0.4147179696390604,0.39498873960164893,0.10017160053211081
FCCD_k5_nc10_rf2_ra3,5,FCCD,10,2,3,1,104,64,30,10,0.01,0.6876190476190476,44.63307480957042,0.8679140167430444,2.5786732439812443,0.3767675865054379,0.299798443271956,0.05758879659831657
FCCD_k6_nc10_rf2_ra3,6,FCCD,10,2,3,1,110,64,36,10,0.01,0.682142857142857,45.87219769565355,1.101275015322189,3.915572637626525,0.3321812472602118,0.2599341852743879,0.050191861362795576
FCCD_k7_nc10_rf2_ra3,7,FCCD,10,2,3,1,116,64,42,10,0.01,0.6777777777777777,34.03404960875492,5.709477006507707,19.89261395372025,0.27457503956953533,0.24972319850907307,0.25175110799732825
FCCD_k8_nc10_rf2_ra3,8,FCCD,10,2,3,1,122,64,48,10,0.01,0.6742222222222222,23.944773869567882,13.306612479263228,29.74783884558841,0.21171926509647077,0.17360156979914732,0.16776650568865142
FCCD_k9_nc10_rf2_ra3,9,FCCD,10,2,3,1,128,64,54,10,0.01,0.6712727272727272,16.76259446224805,23.91603416569864,39.03703793106961,0.14988862817607293,0.10942405461062564,0.1047032088782298
FCCD_k10_nc10_rf2_ra3,10,FCCD,10,2,3,1,134,64,60,10,0.01,0.6687878787878788,11.90241149095046,37.55596499570119,51.50505511029982,0.09693534141322398,0.0645238520230744,0.05931099599555457
RCCD_k3_nc10_rf2_ra3,3,RCCD,10,2,3,1.681792830507429,44,16,18,10,0.01,0.3829116882454314,28.768168755560517,0.4528701519576906,0.30072173070561653,0.7827248508781086,0.8010608539365827,0.7150388783116167
RCCD_k4_nc10_rf2_ra3,4,RCCD,10,2,3,2,66,32,24,10,0.01,0.6626666666666666,49.65425545973344,0.40508316610723916,0.270437357631628,0.7819281366817958,0.8035139612582597,0.7105521688954496
RCCD_k5_nc10_rf2_ra3,5,RCCD,10,2,3,2.378414230005442,104,64,30,10,0.01,1.1970026797546531,90.08201546605969,0.327167325867281,0.21259854966562886,0.7604222585940971,0.7953094656494754,0.6985122390285323
RCCD_k6_nc10_rf2_ra3,6,RCCD,10,2,3,2.8284271247461903,110,64,36,10,0.01,1.5821428571428575,104.53946023891426,0.3775823624324712,0.2843603545081986,0.7570173227903183,0.75813664077598,0.6911296735566562
RCCD_k7_nc10_rf2_ra3,7,RCCD,10,2,3,3.363585661014858,116,64,42,10,0.01,2.2797710435992666,95.63094381555409,1.685035874350695,6.893590604381586,0.771517656114399,0.8461474806454908,0.7264701214819884
RCCD_k8_nc10_rf2_ra3,8,RCCD,10,2,3,4,122,64,48,10,0.01,3.554222222222222,89.9998211502183,2.5887122568417245,5.85277044488206,0.7957768194651943,0.8923544163719922,0.852705743700847
RCCD_k9_nc10_rf2_ra3,9,RCCD,10,2,3,4.756828460010884,128,64,54,10,0.01,5.900705548707337,92.3449691325761,2.825426381271977,4.491920546850541,0.8257349883048675,0.9262281424012386,0.9099232931334743
RCCD_k10_nc10_rf2_ra3,10,RCCD,10,2,3,5.656854249492381,134,64,60,10,0.01,10.250606060606062,105.2151200350446,2.549406799250223,3.208667803161215,0.856890520898631,0.9505174021968802,0.952051226489751
SCCD_k3_nc10_rf2_ra3,3,SCCD,10,2,3,1.7320508075688772,44,16,18,10,0.01,0.40399999999999997,29.91588435662701,0.44288414265721177,0.2974680506813589,0.8139519175130543,0.8191229166007943,0.7228599122330788
SCCD_k4_nc10_rf2_ra3,4,SCCD,10,2,3,2,66,32,24,10,0.01,0.6626666666666666,49.65425545973344,0.40508316610723916,0.26913112991680094,0.7819281366817958,0.8035139612582597,0.7140008332551936
SCCD_k5_nc10_rf2_ra3,5,SCCD,10,2,3,2.23606797749979,104,64,30,10,0.01,1.0876190476190477,84.54528902924724,0.3408890823041723,0.21531780265412673,0.7136842943010483,0.7632959945643009,0.6896907134971214
SCCD_k6_nc10_rf2_ra3,6,SCCD,10,2,3,2.449489742783178,110,64,36,10,0.01,1.1964285714285714,90.33789420001092,0.4163705784630073,0.2938279411261606,0.6541773858169441,0.6875102100813906,0.6688604161689391
SCCD_k7_nc10_rf2_ra3,7,SCCD,10,2,3,2.6457513110645907,116,64,42,10,0.01,1.3077777777777777,72.05849785412582,2.7331305886154307,10.497368308845212,0.5813432467504032,0.5216687654143153,0.47707077207078585
SCCD_k8_nc10_rf2_ra3,8,SCCD,10,2,3,2.8284271247461903,122,64,48,10,0.01,1.420888888888889,55.06612407260445,6.067295678929293,14.3349857596418,0.4868936906178136,0.38073780104889804,0.3481476060453513
SCCD_k9_nc10_rf2_ra3,9,SCCD,10,2,3,3,128,64,54,10,0.01,1.5352727272727273,42.179778517672915,10.176379313648663,17.12772044144586,0.37716531012089505,0.2571631174466015,0.23863672637916586
SCCD_k10_nc10_rf2_ra3,10,SCCD,10,2,3,3.1622776601683795,134,64,60,10,0.01,1.6506060606060609,32.92708009099847,14.885909513165632,20.798970780509087,0.2681639559166869,0.162788543476176,0.1468734270380584
FCCD_k3_nc1_rf3_ra3,3,FCCD,1,3,3,1,43,24,18,1,0.01,0.295,20.125037220409396,0.7164939871429399,1.046164026111015,0.5475623732294952,0.5063218354367627,0.20553921148198054
FCCD_k4_nc1_rf3_ra3,4,FCCD,1,3,3,1,73,48,24,1,0.01,0.5286666666666667,34.011341220401775,0.7492460952198033,1.7889576316734737,0.5355920538992668,0.43442332434495723,0.10741442257397255
FCCD_k5_nc1_rf3_ra3,5,FCCD,1,3,3,1,127,96,30,1,0.01,1.0033333333333334,59.906414031894826,0.7823928831428523,2.570456998270378,0.5056966190945192,0.3325685556702167,0.057772874255855
FCCD_k6_nc1_rf3_ra3,6,FCCD,1,3,3,1,133,96,36,1,0.01,0.9989285714285714,62.576323251099346,0.9729656839879373,4.117803406375778,0.4531433450043301,0.29421286750577863,0.047726872700967315
FCCD_k7_nc1_rf3_ra3,7,FCCD,1,3,3,1,139,96,42,1,0.01,0.9952777777777777,46.88489403232625,4.146955543286782,15.52814527441311,0.37825124491879136,0.34381580535321216,0.32251035235123815
FCCD_k8_nc1_rf3_ra3,8,FCCD,1,3,3,1,145,96,48,1,0.01,0.9922222222222223,33.22367810562577,9.340870079685553,23.080763074777046,0.29376317148121533,0.24730552886426446,0.21622729537774185
FCCD_k9_nc1_rf3_ra3,9,FCCD,1,3,3,1,151,96,54,1,0.01,0.9896363636363638,23.390127810156795,16.56268421596267,26.698415819882758,0.20915104629079195,0.1580051514895643,0.15309159779586165
FCCD_k10_nc1_rf3_ra3,10,FCCD,1,3,3,1,157,96,60,1,0.01,0.9874242424242425,16.68603834641599,25.81958737719064,36.23669603568465,0.13589404341916425,0.09385337931880046,0.08430172867828602
RCCD_k3_nc1_rf3_ra3,3,RCCD,1,3,3,1.681792830507429,43,24,18,1,0.01,0.45391168824543143,29.410924486694412,1.062389607285548,0.6058541642887982,0.8002129603256586,0.34147223218469497,0.3549166477383042
RCCD_k4_nc1_rf3_ra3,4,RCCD,1,3,3,2,73,48,24,1,0.01,0.8166666666666668,56.704047938497354,0.8303247552329613,0.4774846901585153,0.8929444241253452,0.3920032220965684,0.4024419106541708
RCCD_k5_nc1_rf3_ra3,5,RCCD,1,3,3,2.378414230005442,127,96,30,1,0.01,1.5127169654689387,111.10000926750422,0.5375356762894172,0.3042836738686499,0.9378444691754417,0.4840595379819587,0.4880402785108384
RCCD_k6_nc1_rf3_ra3,6,RCCD,1,3,3,2.8284271247461903,133,96,36,1,0.01,1.8989285714285717,133.4195554282629,0.41257271745883484,0.1986520611970091,0.9661511014821655,0.6938389567637231,0.9893170893847503
RCCD_k7_nc1_rf3_ra3,7,RCCD,1,3,3,3.363585661014858,139,96,42,1,0.01,2.597271043599267,121.93568209269027,1.4698348186902757,5.391355093043918,0.9837352627859539,0.9700333954189415,0.9288921833907091
RCCD_k8_nc1_rf3_ra3,8,RCCD,1,3,3,4,145,96,48,1,0.01,3.8722222222222222,112.1955025331761,2.3260922837329328,5.350442745590331,0.9920306398734824,0.993102823677242,0.9327622427184492
RCCD_k9_nc1_rf3_ra3,9,RCCD,1,3,3,4.756828460010884,151,96,54,1,0.01,6.219069185070973,111.35573564856796,2.6237817528432164,4.265344075818658,0.9957264368288504,0.9974112464884478,0.9582587157871139
RCCD_k10_nc1_rf3_ra3,10,RCCD,1,3,3,5.656854249492381,157,96,60,1,0.01,10.569242424242427,122.47893142365986,2.426540572455335,3.231467661634867,0.9974900500210517,0.9986462025295438,0.945333958827957
SCCD_k3_nc1_rf3_ra3,3,SCCD,1,3,3,1.7320508075688772,43,24,18,1,0.01,0.47500000000000003,30.464104133826467,1.0529178568024495,0.6100833486255651,0.8288678910323606,0.34454401956038094,0.35245631517742676
SCCD_k4_nc1_rf3_ra3,4,SCCD,1,3,3,2,73,48,24,1,0.01,0.8166666666666668,56.704047938497354,0.8303247552329613,0.4824232481780484,0.8929444241253452,0.3920032220965684,0.39832212013254187
SCCD_k5_nc1_rf3_ra3,5,SCCD,1,3,3,2.23606797749979,127,96,30,1,0.01,1.4033333333333335,104.03960206646735,0.6167814878249398,0.3593775566362163,0.8782444395510011,0.42186621396673146,0.41322193386572675
SCCD_k6_nc1_rf3_ra3,6,SCCD,1,3,3,2.449489742783178,133,96,36,1,0.01,1.5132142857142858,114.22924920632742,0.6447330614159353,0.32445707898842796,0.8271854495986078,0.44399619160547216,0.6057191897197464
SCCD_k7_nc1_rf3_ra3,7,SCCD,1,3,3,2.6457513110645907,139,96,42,1,0.01,1.6252777777777778,91.53962754045894,2.486286829183813,8.86355303106008,0.7385103196075862,0.5734611321362162,0.5650090416634231
SCCD_k8_nc1_rf3_ra3,8,SCCD,1,3,3,2.8284271247461903,145,96,48,1,0.01,1.7388888888888892,69.6227992241848,5.222438239330925,10.61850996905313,0.6156035536605197,0.44233147607409,0.4699991796832604
SCCD_k9_nc1_rf3_ra3,9,SCCD,1,3,3,3,151,96,54,1,0.01,1.8536363636363637,52.78215326126494,8.677946673958715,14.822239976649303,0.47197016919594575,0.3015678163211362,0.27575475386468085
SCCD_k10_nc1_rf3_ra3,10,SCCD,1,3,3,3.1622776601683795,157,96,60,1,0.01,1.9692424242424247,40.64847843758381,12.718877357638263,16.15473227310075,0.33104838782217333,0.19052432536517153,0.18909729147813767
FCCD_k3_nc3_rf3_ra3,3,FCCD,3,3,3,1,45,24,18,3,0.01,0.297,20.543821580842337,0.6860886477444383,1.0775525452225467,0.5589566656106048,0.52876046243043,0.19955196613011802
FCCD_k4_nc3_rf3_ra3,4,FCCD,3,3,3,1,75,48,24,3,0.01,0.53,34.3026449420028,0.738683364166244,1.811008273596531,0.5401793460483693,0.44063531849705007,0.10610655611964274
FCCD_k5_nc3_rf3_ra3,5,FCCD,3,3,3,1,129,96,30,3,0.01,1.0042857142857142,60.16641449472136,0.7773469245435122,2.6295355509651954,0.5078913983537883,0.33472734360694095,0.056474874008319735
FCCD_k6_nc3_rf3_ra3,6,FCCD,3,3,3,1,135,96,36,3,0.01,0.99964285714285706,62.73821139285822,0.9698503391816822,3.845697879092911,0.45431564996348833,0.29515793551440656,0.05110382696782776
FCCD_k7_nc3_rf3_ra3,7,FCCD,3,3,3,1,141,96,42,3,0.01,0.9958333333333333,46.965190662723316,4.143167352719561,15.725805188551375,0.378899050593462,0.34413016383304657,0.3184566732047575
FCCD_k8_nc3_rf3_ra3,8,FCCD,3,3,3,1,147,96,48,3,0.01,0.9926666666666667,33.264067328177774,9.335741757610554,20.54462164010342,0.29412029226937175,0.24744137906619512,0.24291958558981627
FCCD_k9_nc3_rf3_ra3,9,FCCD,3,3,3,1,153,96,54,3,0.01,0.99,23.41140107836297,16.55596980120629,27.77547077497296,0.209341268693143,0.1580692318263542,0.14715513445651546
FCCD_k10_nc3_rf3_ra3,10,FCCD,3,3,3,1,159,96,60,3,0.01,0.9877272727272727,16.697859664810437,25.81123235690987,37.17268588248257,0.1359903183240767,0.09388375938267284,0.08217905284152136
RCCD_k3_nc3_rf3_ra3,3,RCCD,3,3,3,1.681792830507429,45,24,18,3,0.01,0.4559116882454315,31.84790058263109,0.613715231594787,0.2727379285510022,0.8665182496019133,0.5911154424290795,0.788404202342036
RCCD_k4_nc3_rf3_ra3,4,RCCD,3,3,3,2,75,48,24,3,0.01,0.818,59.36868075330959,0.5227304903343111,0.24648024985567416,0.9349056085703912,0.6226726495898469,0.7796156127236414
RCCD_k5_nc3_rf3_ra3,5,RCCD,3,3,3,2.378414230005442,129,96,30,3,0.01,1.5136693464213198,113.72370005821891,0.392347476643072,0.18315451374096953,0.9599922071740381,0.6631857896468252,0.8108055101015985
RCCD_k6_nc3_rf3_ra3,6,RCCD,3,3,3,2.8284271247461903,135,96,36,3,0.01,1.8996428571428576,134.89420175308163,0.35848806859201243,0.19797217286205407,0.9768296797943703,0.7985175768753339,0.9927146635938945
RCCD_k7_nc3_rf3_ra3,7,RCCD,3,3,3,3.363585661014858,141,96,42,3,0.01,2.597826599154822,122.49275940359676,1.4550149923796176,5.402481884807979,0.9882295714692819,0.9799135179681502,0.9269790645471429
RCCD_k8_nc3_rf3_ra3,8,RCCD,3,3,3,4,147,96,48,3,0.01,3.8726666666666665,112.42422736706715,2.3215178676938977,5.336407642023168,0.9940530207906925,0.9950596750753116,0.9352154688507633
RCCD_k9_nc3_rf3_ra3,9,RCCD,3,3,3,4.756828460010884,153,96,54,3,0.01,6.2194328214346095,111.47153452215755,2.622010563951017,4.239437049793898,0.996761893144743,0.9980850056811159,0.9641145955175505
RCCD_k10_nc3_rf3_ra3,10,RCCD,3,3,3,5.656854249492381,159,96,60,3,0.01,10.569545454545457,122.5517199421124,2.4257227250640376,3.209948470074408,0.9980828525714025,0.9989829022615984,0.9516713884590795
SCCD_k3_nc3_rf3_ra3,3,SCCD,3,3,3,1.7320508075688772,45,24,18,3,0.01,0.47700000000000004,33.004459425262006,0.6038833289803424,0.27293318773666003,0.8979859233117689,0.6007394694305705,0.7878401699361747
SCCD_k4_nc3_rf3_ra3,4,SCCD,3,3,3,2,75,48,24,3,0.01,0.818,59.36868075330959,0.5227304903343111,0.24613791245966996,0.9349056085703912,0.6226726495898469,0.7806999299508292
SCCD_k5_nc3_rf3_ra3,5,SCCD,3,3,3,2.23606797749979,129,96,30,3,0.01,1.4042857142857141,106.8378270828513,0.42588638981679294,0.20698427384906876,0.9018654983828263,0.6109593481618586,0.7174588009978188
SCCD_k6_nc3_rf3_ra3,6,SCCD,3,3,3,2.449489742783178,135,96,36,3,0.01,1.5139285714285715,116.4727585191277,0.46767861219127405,0.205261156162027,0.84343171115142,0.6120849155995535,0.9574625937923273
SCCD_k7_nc3_rf3_ra3,7,SCCD,3,3,3,2.6457513110645907,141,96,42,3,0.01,1.6258333333333335,92.90223959390794,2.320980761755811,8.32991290963964,0.7495034063191199,0.6143044713565441,0.6012052776706444
SCCD_k8_nc3_rf3_ra3,8,SCCD,3,3,3,2.8284271247461903,147,96,48,3,0.01,1.7393333333333336,70.43046989887283,5.06769956151755,11.590483548670353,0.6227449634151655,0.45583775973042556,0.4305852257118315
SCCD_k9_nc3_rf3_ra3,9,SCCD,3,3,3,3,153,96,54,3,0.01,1.854,53.270128550273824,8.532808019762427,13.933213853917469,0.47633357170013996,0.3066973290100882,0.29334963055454527
SCCD_k10_nc3_rf3_ra3,10,SCCD,3,3,3,3.1622776601683795,159,96,60,3,0.01,1.969545454545455,40.95352811494526,12.582502550361095,16.583585412531313,0.3335327662731711,0.19258931347459513,0.18420721704061968
FCCD_k3_nc5_rf3_ra3,3,FCCD,5,3,3,1,47,24,18,5,0.01,0.299,20.898231103168456,0.6651501359923854,1.0846891023736398,0.5685994462432398,0.5454055122583191,0.19823904244739257
FCCD_k4_nc5_rf3_ra3,4,FCCD,5,3,3,1,77,48,24,5,0.01,0.5313333333333333,34.56339401298273,0.7303512948722508,1.8288575485755152,0.5442854802220692,0.44566221997976785,0.10507097787095537
FCCD_k5_nc5_rf3_ra3,5,FCCD,5,3,3,1,131,96,30,5,0.01,1.0052380952380953,60.406035215463554,0.7730901711617446,2.57320389109797,0.5099141431683887,0.33657040384107606,0.05771120176481308
FCCD_k6_nc5_rf3_ra3,6,FCCD,5,3,3,1,137,96,36,5,0.01,1.000357142857143,62.889744753859986,0.9671284799814848,3.6982981915845805,0.45541297129073466,0.29598861970882356,0.05314062544521342
FCCD_k7_nc5_rf3_ra3,7,FCCD,5,3,3,1,143,96,42,5,0.01,0.9963888888888889,47.04128182341207,4.139602927225221,16.20337022085245,0.37951292798087793,0.3444264788059805,0.309070738713808
FCCD_k8_nc5_rf3_ra3,8,FCCD,5,3,3,1,149,96,48,5,0.01,0.9931111111111112,33.30270503301671,9.33075322585498,21.67059955200549,0.2944619261690308,0.24757366947697293,0.23029778031460296
FCCD_k9_nc5_rf3_ra3,9,FCCD,5,3,3,1,155,96,54,5,0.01,0.9903636363636363,23.431903106750415,16.549349159339226,28.125268642604937,0.20952459478366806,0.15813246813637755,0.14532494563598944
FCCD_k10_nc5_rf3_ra3,10,FCCD,5,3,3,1,161,96,60,5,0.01,0.988030303030303,16.709319508185068,25.80294383065656,35.359724823432366,0.13608364931258324,0.09391391710457889,0.08639253084270125
RCCD_k3_nc5_rf3_ra3,3,RCCD,5,3,3,1.681792830507429,47,24,18,5,0.01,0.45791168824543144,33.27346547337579,0.4829480218613307,0.2208323881639504,0.9053050446880461,0.7511710043897476,0.9737146384887674
RCCD_k4_nc5_rf3_ra3,4,RCCD,5,3,3,2,77,48,24,5,0.01,0.8193333333333334,60.99024315325096,0.4195629676745414,0.19215985101550764,0.9604410889468443,0.7757833853686313,1
RCCD_k5_nc5_rf3_ra3,5,RCCD,5,3,3,2.378414230005442,131,96,30,5,0.01,1.5146217273737006,115.51153769275199,0.328236189522692,0.14857101730864217,0.9750841378442993,0.7927196312260584,0.999540096253476
RCCD_k6_nc5_rf3_ra3,6,RCCD,5,3,3,2.8284271247461903,137,96,36,5,0.01,1.900357142857143,136.03146506002508,0.3270501176894356,0.19788185860345614,0.98506511569544,0.8752757097083259,0.9931677434743571
RCCD_k7_nc5_rf3_ra3,7,RCCD,5,3,3,3.363585661014858,143,96,42,5,0.01,2.598382154710378,122.97389300808138,1.4440118317286141,5.8546969635228425,0.9921111923756465,0.9873803168027458,0.8553794730989489
RCCD_k8_nc5_rf3_ra3,8,RCCD,5,3,3,4,149,96,48,5,0.01,3.8731111111111116,112.63455384228514,2.3176350869685254,5.016442122386898,0.9959127237474232,0.9967267185838871,0.9948666511353766
RCCD_k9_nc5_rf3_ra3,9,RCCD,5,3,3,4.756828460010884,155,96,54,5,0.01,6.219796457798245,111.58138083678693,2.6204083491029007,4.3645807975152,0.9977441225631708,0.9986952718697166,0.9364709524477367
RCCD_k10_nc5_rf3_ra3,10,RCCD,5,3,3,5.656854249492381,161,96,60,5,0.01,10.569848484848487,122.62190192539214,2.424959634999446,3.05481611739781,0.9986544270389338,0.9992972637529859,1
SCCD_k3_nc5_rf3_ra3,3,SCCD,5,3,3,1.7320508075688772,47,24,18,5,0.01,0.479,34.48665237401874,0.47383591883357495,0.2150277290076721,0.938313455614775,0.765616400594222,1
SCCD_k4_nc5_rf3_ra3,4,SCCD,5,3,3,2,77,48,24,5,0.01,0.8193333333333334,60.99024315325096,0.4195629676745414,0.1923753281049222,0.9604410889468443,0.7757833853686313,0.9988799130764989
SCCD_k5_nc5_rf3_ra3,5,SCCD,5,3,3,2.23606797749979,131,96,30,5,0.01,1.4052380952380952,108.66371623971001,0.3492672958279028,0.17415105412433304,0.9172786388350855,0.7449860729064225,0.852723457161134
SCCD_k6_nc5_rf3_ra3,6,SCCD,5,3,3,2.449489742783178,137,96,36,5,0.01,1.5146428571428572,117.94075155390742,0.3953306321633836,0.20496542611061597,0.8540621099933887,0.724100286143539,0.958844048545255
SCCD_k7_nc5_rf3_ra3,7,SCCD,5,3,3,2.6457513110645907,143,96,42,5,0.01,1.6263888888888889,93.79958879476953,2.2517487770391167,10.122843765362502,0.7567429119073966,0.6331917993773353,0.4947214162237787
SCCD_k8_nc5_rf3_ra3,8,SCCD,5,3,3,2.8284271247461903,149,96,48,5,0.01,1.7397777777777779,70.9665256380645,5.001276749407464,11.162852339312435,0.6274847587362917,0.4618918190005597,0.4470802643637666
SCCD_k9_nc5_rf3_ra3,9,SCCD,5,3,3,3,155,96,54,5,0.01,1.8543636363636364,53.59672655343948,8.469016972475309,14.59196078438012,0.47925396250060914,0.30900746062055745,0.2801065050050978
SCCD_k10_nc5_rf3_ra3,10,SCCD,5,3,3,3.1622776601683795,161,96,60,5,0.01,1.969848484848485,41.159450811274134,12.52121110813069,16.04809839582109,0.33520983708260726,0.19353203991527917,0.19035377538520584
FCCD_k3_nc7_rf3_ra3,3,FCCD,7,3,3,1,49,24,18,7,0.01,0.30100000000000005,21.206251904553778,0.6498398927550677,1.0537935465390127,0.5769800817254715,0.5582552790220164,0.20405109683380618
FCCD_k4_nc7_rf3_ra3,4,FCCD,7,3,3,1,79,48,24,7,0.01,0.5326666666666666,34.799606232698196,0.7236053131300157,1.8777497267689445,0.5480052214429072,0.4498170114726369,0.10233517719433158
FCCD_k5_nc7_rf3_ra3,5,FCCD,7,3,3,1,133,96,30,7,0.01,1.0061904761904763,60.628327628647504,0.7694483750457746,2.655635006829658,0.5117906120509633,0.3381633902313404,0.05591984160445379
FCCD_k6_nc7_rf3_ra3,6,FCCD,7,3,3,1,139,96,36,7,0.01,1.0010714285714286,63.03220103383447,0.9647283784531689,3.7489440554545577,0.4564445613853696,0.2967249956197989,0.052422729194308335
FCCD_k7_nc7_rf3_ra3,7,FCCD,7,3,3,1,145,96,42,7,0.01,0.9969444444444444,47.11360800839651,4.136227887151994,17.023192195365706,0.380096430835587,0.34470752066343263,0.2941861635783875
FCCD_k8_nc7_rf3_ra3,8,FCCD,7,3,3,1,151,96,48,7,0.01,0.9935555555555555,33.33975041594309,9.325886103893069,23.09413534572021,0.29478948078663186,0.24770287663546475,0.2161020925963511
FCCD_k9_nc7_rf3_ra3,9,FCCD,7,3,3,1,157,96,54,7,0.01,0.9907272727272728,23.451695763918035,16.542811625785895,26.79079917795456,0.20970157778218274,0.1581949603136264,0.15256368835191356
FCCD_k10_nc7_rf3_ra3,10,FCCD,7,3,3,1,163,96,60,7,0.01,0.9883333333333333,16.72044381639799,25.79471520599684,35.36820639638804,0.1361742476434698,0.09394387604647866,0.08637181323703713
RCCD_k3_nc7_rf3_ra3,3,RCCD,7,3,3,1.681792830507429,49,24,18,7,0.01,0.45991168824543144,34.299700020691276,0.4205910940006245,0.22103173072474788,0.933226852636222,0.8625397822833569,0.972836471499413
RCCD_k4_nc7_rf3_ra3,4,RCCD,7,3,3,2,79,48,24,7,0.01,0.8206666666666667,62.16922591094843,0.36785731093530666,0.19243746324064334,0.9790070664722537,0.8848267242814367,0.9985573899153485
RCCD_k5_nc7_rf3_ra3,5,RCCD,7,3,3,2.378414230005442,133,96,30,7,0.01,1.5155741083260816,116.87486800687783,0.2921115792818118,0.1485093223169875,0.986592613884869,0.8907530189429783,0.9999553336064904
RCCD_k6_nc7_rf3_ra3,6,RCCD,7,3,3,2.8284271247461903,139,96,36,7,0.01,1.901071428571429,136.95888412346022,0.30649692087363845,0.19828192281916676,0.9917809749021153,0.9339703089181447,0.9911638750999087
RCCD_k7_nc7_rf3_ra3,7,RCCD,7,3,3,3.363585661014858,145,96,42,7,0.01,2.5989377102659335,123.3976071274579,1.4354995395899093,5.436648360360687,0.9955295725693468,0.9932353306685344,0.9211534886688785
RCCD_k8_nc7_rf3_ra3,8,RCCD,7,3,3,4,151,96,48,7,0.01,3.8735555555555554,112.82927947874191,2.3142907224569247,4.990690974913494,0.9976344843650278,0.9981670810383747,1
RCCD_k9_nc7_rf3_ra3,9,RCCD,7,3,3,4.756828460010884,157,96,54,7,0.01,6.220160094161882,111.6858714211093,2.618950128682732,4.522744544322529,0.9986784618372413,0.999251341198039,0.9037218654356713
RCCD_k10_nc7_rf3_ra3,10,RCCD,7,3,3,5.656854249492381,163,96,60,7,0.01,10.570151515151517,122.68966235442359,2.4242455365084483,3.2228196950066237,0.9992062799409667,0.9995916220006787,0.9478706246368311
SCCD_k3_nc7_rf3_ra3,3,SCCD,7,3,3,1.7320508075688772,49,24,18,7,0.01,0.48100000000000004,35.55266475644487,0.4119525515654769,0.21551654123787317,0.9673175396132545,0.8806270267559123,0.9977319038836024
SCCD_k4_nc7_rf3_ra3,4,SCCD,7,3,3,2,79,48,24,7,0.01,0.8206666666666667,62.16922591094843,0.36785731093530666,0.19222430204875932,0.9790070664722537,0.8848267242814367,0.999664709235176
SCCD_k5_nc7_rf3_ra3,5,SCCD,7,3,3,2.23606797749979,133,96,30,7,0.01,1.4061904761904762,110.02792691004942,0.30794836193588127,0.1752136332890696,0.9287945463530353,0.8449444883478607,0.8475521348053748
SCCD_k6_nc7_rf3_ra3,6,SCCD,7,3,3,2.449489742783178,139,96,36,7,0.01,1.5153571428571428,119.03763433588453,0.3560033335750796,0.20467206155887804,0.8620051323232286,0.8040908521729937,0.9602183976007421
SCCD_k7_nc7_rf3_ra3,7,SCCD,7,3,3,2.6457513110645907,145,96,42,7,0.01,1.6269444444444445,94.47193458783214,2.2135015298949883,9.144829780226491,0.7621671671710748,0.644132764591653,0.5476304889393088
SCCD_k8_nc7_rf3_ra3,8,SCCD,7,3,3,2.8284271247461903,151,96,48,7,0.01,1.7402222222222223,71.36964588347098,4.963998310441008,11.946956703680085,0.631049140783409,0.46536051598772443,0.4177374287609316
SCCD_k9_nc7_rf3_ra3,9,SCCD,7,3,3,3,157,96,54,7,0.01,1.8547272727272728,53.84333720151406,8.43269360053817,14.047766652255238,0.4814591182607607,0.3103384935567897,0.2909575050371429
SCCD_k10_nc7_rf3_ra3,10,SCCD,7,3,3,3.1622776601683795,163,96,60,7,0.01,1.9701515151515154,41.315603039945024,12.48585109257555,16.265759579617487,0.336481568412864,0.19408012397387342,0.18780654555018625
FCCD_k3_nc10_rf3_ra3,3,FCCD,10,3,3,1,52,24,18,10,0.01,0.304,21.604938654090564,0.6332769087335443,1.050350910907439,0.5878275579492732,0.5728561165685236,0.2047198957745477
FCCD_k4_nc10_rf3_ra3,4,FCCD,10,3,3,1,82,48,24,10,0.01,0.5346666666666667,35.11720192825278,0.71558425883781,1.7170043764736633,0.5530065452598466,0.4548590545668207,0.11191576075662678
FCCD_k5_nc10_rf3_ra3,5,FCCD,10,3,3,1,136,96,30,10,0.01,1.0076190476190476,60.934413712729125,0.7648712471926873,2.6561811800414397,0.5143744204857253,0.340187021107783,0.0559083431721477
FCCD_k6_nc10_rf3_ra3,6,FCCD,10,3,3,1,142,96,36,10,0.01,1.002142857142857,63.23112236636591,0.9616139375225868,3.672892809465539,0.4578850403610089,0.29768601795467264,0.05350819889903195
FCCD_k7_nc10_rf3_ra3,7,FCCD,10,3,3,1,148,96,42,10,0.01,0.9977777777777778,47.215842194201606,4.131461438935785,16.039839349231343,0.380921221183356,0.3451052081576195,0.31222180564122526
FCCD_k8_nc10_rf3_ra3,8,FCCD,10,3,3,1,154,96,48,10,0.01,0.9942222222222222,33.39263074028073,9.318780459733759,20.397849688689192,0.29525704767483113,0.24789175204745825,0.2446675042262362
FCCD_k9_nc10_rf3_ra3,9,FCCD,10,3,3,1,160,96,54,10,0.01,0.9912727272727273,23.480172620862884,16.53314174942175,28.507448784838875,0.20995621360433084,0.15828748511809781,0.14337667208781982
FCCD_k10_nc10_rf3_ra3,10,FCCD,10,3,3,1,166,96,60,10,0.01,0.9887878787878788,16.73655133560399,25.782472347629792,33.42920205668121,0.1363054301248301,0.09398848548320687,0.09138166421735662
RCCD_k3_nc10_rf3_ra3,3,RCCD,10,3,3,1.681792830507429,52,24,18,10,0.01,0.46291168824543144,35.45673635712419,0.37097818558166784,0.22104458684819786,0.9647075180059966,0.9778918673636007,0.9727798905808184
RCCD_k4_nc10_rf3_ra3,4,RCCD,10,3,3,2,82,48,24,10,0.01,0.8226666666666667,63.50232601994235,0.32548997943786534,0.1923461349177436,1,1,0.9990315173095855
RCCD_k5_nc10_rf3_ra3,5,RCCD,10,3,3,2.378414230005442,136,96,30,10,0.01,1.517002679754653,118.46314918846191,0.260199271113475,0.14850268894115703,1,1,1
RCCD_k6_nc10_rf3_ra3,6,RCCD,10,3,3,2.8284271247461903,142,96,36,10,0.01,1.9021428571428576,138.0938811988983,0.28625902387081226,0.19652987898370633,1,1,1
RCCD_k7_nc10_rf3_ra3,7,RCCD,10,3,3,3.363585661014858,148,96,42,10,0.01,2.599771043599267,123.95172431591654,1.4257888598791124,5.007987603812185,1,1,1
RCCD_k8_nc10_rf3_ra3,8,RCCD,10,3,3,4,154,96,48,10,0.01,3.8742222222222225,113.09681175521438,2.31004881510902,5.3704527072688935,1,1,0.9292868305419777
RCCD_k9_nc10_rf3_ra3,9,RCCD,10,3,3,4.756828460010884,160,96,54,10,0.01,6.220705548707336,111.8336638758023,2.616989428616997,4.087303136484161,1,1,1
RCCD_k10_nc10_rf3_ra3,10,RCCD,10,3,3,5.656854249492381,166,96,60,10,0.01,10.570606060606062,122.78712095531678,2.4232555279663854,3.202893791457613,1,1,0.9537675353286023
SCCD_k3_nc10_rf3_ra3,3,SCCD,10,3,3,1.7320508075688772,52,24,18,10,0.01,0.484,36.75387171275656,0.36277655064961756,0.21602181866320358,1,1,0.9953981979149924
SCCD_k4_nc10_rf3_ra3,4,SCCD,10,3,3,2,82,48,24,10,0.01,0.8226666666666667,63.50232601994235,0.32548997943786534,0.19220727493484502,1,1,0.999753266782678
SCCD_k5_nc10_rf3_ra3,5,SCCD,10,3,3,2.23606797749979,136,96,30,10,0.01,1.4076190476190475,111.59532911761752,0.27249667976246095,0.17400919899282669,0.942025683785272,0.9548713450024208,0.853418611203876
SCCD_k6_nc10_rf3_ra3,6,SCCD,10,3,3,2.449489742783178,142,96,36,10,0.01,1.5164285714285715,120.29685032496606,0.32208458119153827,0.2047985492278449,0.8711236825308795,0.8887697225735213,0.9596253475656246
SCCD_k7_nc10_rf3_ra3,7,SCCD,10,3,3,2.6457513110645907,148,96,42,10,0.01,1.6277777777777778,95.24521455579173,2.1799268213823386,8.158025610742419,0.7684057247403808,0.6540535424831321,0.6138725033196402
SCCD_k8_nc10_rf3_ra3,8,SCCD,10,3,3,2.8284271247461903,154,96,48,10,0.01,1.7408888888888892,71.83451272632196,4.930730856038634,11.932429467058002,0.6351594851479976,0.46850028576999253,0.41824600670729734
SCCD_k9_nc10_rf3_ra3,9,SCCD,10,3,3,3,160,96,54,10,0.01,1.8552727272727274,54.128571834068644,8.399814573763988,13.818975018068986,0.48400964394926316,0.31155323794776507,0.2957746961073316
SCCD_k10_nc10_rf3_ra3,10,SCCD,10,3,3,3.1622776601683795,166,96,60,10,0.01,1.970606060606061,41.49677414409796,12.453456211789472,17.134577955778585,0.337957057883937,0.19458498000517568,0.1782837094255702
