DesignID,D_reg,A_reg,G_reg,D_scaled,A_scaled,G_scaled
FCCD_k3_nc1_rf1_ra1,6.7217272275516535,2.1229673813827667,0.6973786485115214,6.847940526947446,2.058265943233315,0.7030284881492569
FCCD_k4_nc1_rf1_ra1,11.148265205668098,2.345861230615657,0.7043659642346876,11.434214980667594,2.2160500924987327,0.6609143682821621
FCCD_k5_nc1_rf1_ra1,19.303820932486946,2.622036189220318,0.7009323159180576,20.05547149824047,2.332040773630536,0.61753192017865
FCCD_k6_nc1_rf1_ra1,34.56699843342557,2.9417481898315554,0.7774068882767408,36.69943591631033,2.325925671979294,0.5569992787131168
FCCD_k7_nc1_rf1_ra1,11.322584308742572,303.8141644033572,442.85782033968877,15.655063554241115,12.429502058158716,15.539986089089112
FCCD_k8_nc1_rf1_ra1,5.782394459208387,804.3184639025618,640.5186921753809,11.08802244272593,28.007225272831676,21.71818068206687
FCCD_k9_nc1_rf1_ra1,2.929904126979866,1504.7676235832025,896.9329966615385,7.80380035945431,49.6679094036191,30.784224765392622
FCCD_k10_nc1_rf1_ra1,1.5260248726102859,2405.1584086899043,1185.0251172596397,5.565953221603487,77.43369707072924,40.64889887478703
RCCD_k3_nc1_rf1_ra1,10.326884413080787,2.0602240320496996,0.9739461455958964,10.615966860877023,1.8411456947843605,0.8190758399331098
RCCD_k4_nc1_rf1_ra1,19.205797092532244,1.880016102954351,0.9798708022960315,19.789560251103172,1.5681914710029363,0.7300636290829065
RCCD_k5_nc1_rf1_ra1,36.73545605453172,1.5403911494123743,0.8520446104940173,37.90790001940624,1.177042429929219,0.5698228505626697
RCCD_k6_nc1_rf1_ra1,72.33402326202423,0.9203135608026825,0.48088370686399123,74.32009193500696,0.716320020266775,0.3105078214601148
RCCD_k7_nc1_rf1_ra1,27.53228957432726,300.98144109268804,398.62864611906446,40.830919801198974,4.365044977138867,5.319699336719514
RCCD_k8_nc1_rf1_ra1,15.44161417206783,800.8166172916087,656.24346569712,37.47474245568896,6.9645536030817,6.380695032195326
RCCD_k9_nc1_rf1_ra1,8.465078450773337,1500.6726737256995,978.0912950852635,37.15717817405239,7.866031691853043,4.767077012261919
RCCD_k10_nc1_rf1_ra1,4.719574845786445,2400.4998058020183,1331.4243241323247,40.85057331403742,7.277168175192121,3.7878361813059875
SCCD_k3_nc1_rf1_ra1,10.691395736035144,2.039151788909531,0.984968563116889,11.001486475087336,1.811649986941024,0.8238612605622277
SCCD_k4_nc1_rf1_ra1,19.205797092532244,1.880016102954351,0.9822659883877689,19.789560251103172,1.5681914710029363,0.7346773373989564
SCCD_k5_nc1_rf1_ra1,34.496470876607574,1.701919378755162,0.9547407339327733,35.612609027617054,1.2776591694503767,0.6216298603953455
SCCD_k6_nc1_rf1_ra1,62.733144760277106,1.5381084385417758,0.9446433345312408,64.95370052430167,0.9747153598422139,0.4910789517880392
SCCD_k7_nc1_rf1_ra1,21.680398138343374,301.86187059390744,462.99120561222526,30.967413197969343,6.962942285267422,8.670931013753462
SCCD_k8_nc1_rf1_ra1,11.17954122651402,801.8466714475303,585.3819539876422,23.47682329962429,15.203098684552744,12.40985684757021
SCCD_k9_nc1_rf1_ra1,5.670783935320075,1501.7756665869126,1037.4433995939469,17.756709516757933,25.5984240592871,14.121624505841101
SCCD_k10_nc1_rf1_ra1,2.9409516552415385,2401.6459201648613,1198.2829849459627,13.651176038315068,37.74750765108329,20.598658581723836
FCCD_k3_nc3_rf1_ra1,7.034275400483078,1.971299907359681,0.7251686414755213,7.159724873843854,1.9144425921885548,0.7028026194882232
FCCD_k4_nc3_rf1_ra1,11.385807645050177,2.280435498369898,0.6944702669280035,11.671888805592191,2.1540821155759766,0.6880245511025588
FCCD_k5_nc3_rf1_ra1,19.52678590423545,2.586379351014743,0.7532861410538322,20.278567089695912,2.298885207293897,0.650193099130335
FCCD_k6_nc3_rf1_ra1,34.808264794101355,2.919387067510653,0.7212158355446863,36.94009341484136,2.3060334392325976,0.6006639168043744
FCCD_k7_nc3_rf1_ra1,11.374351583567035,303.79850939966565,471.0350835747581,15.727514559287508,12.399043816651576,13.455526564013727
FCCD_k8_nc3_rf1_ra1,5.8005944142045776,804.3070568576353,698.5542087218096,11.125113947672615,27.9633755007486,21.165221904771872
FCCD_k9_nc3_rf1_ra1,2.9365230711069823,1504.7589580738477,1146.246793994225,7.823611247063991,49.609044483402855,27.58372505083029
FCCD_k10_nc3_rf1_ra1,1.528583005450408,2405.1516104040884,1179.4065651727585,5.577085275870475,77.35962237959292,37.84715989984861
RCCD_k3_nc3_rf1_ra1,11.506993687131496,1.1900426147756724,0.6106472007973076,11.702606533010055,1.1522646117028272,0.5742216819203654
RCCD_k4_nc3_rf1_ra1,20.653855906193783,1.060419825353943,0.44849514092092585,21.033408167238008,1.010380953019081,0.5153165708087133
RCCD_k5_nc3_rf1_ra1,38.55629394513733,0.8733566899847248,0.3626117272150478,39.32657532920094,0.8067929359174548,0.4066006297115979
RCCD_k6_nc3_rf1_ra1,74.13946140891345,0.6361420469367424,0.24100897721977374,75.65695687904518,0.5707572686350159,0.2219140580223195
RCCD_k7_nc3_rf1_ra1,27.880786673505945,300.8676998129425,454.7956256811334,41.25878665844987,4.28610799887296,5.617641262671469
RCCD_k8_nc3_rf1_ra1,15.535936195525872,800.7767344203049,697.0810638288943,37.670202285567825,6.934121109467391,5.3479926063006
RCCD_k9_nc3_rf1_ra1,8.49300933069052,1500.6557028540005,906.2802129131834,37.26183913161347,7.852846847893827,5.468692209233779
RCCD_k10_nc3_rf1_ra1,4.7290751486989855,2400.4908403815853,1199.838317648904,40.91838904987573,7.270726337776238,4.046757725688707
SCCD_k3_nc3_rf1_ra1,11.922406144495445,1.1659432062074317,0.6053042509876221,12.130565806523114,1.1272977826153205,0.5832191026548726
SCCD_k4_nc3_rf1_ra1,20.653855906193783,1.060419825353943,0.44566525237290977,21.033408167238008,1.010380953019081,0.4899747497660377
SCCD_k5_nc3_rf1_ra1,36.33545434425874,0.9145674002358761,0.36812093410955443,37.040118471657344,0.846304387884166,0.34685009920186927
SCCD_k6_nc3_rf1_ra1,65.22549702986008,0.7722830810349098,0.32077452428885544,66.60588187790371,0.6745991588600909,0.24670616747300333
SCCD_k7_nc3_rf1_ra1,22.347523479571592,301.11143951457916,485.5059076059654,31.670282146165782,6.567343708231572,8.277147277848751
SCCD_k8_nc3_rf1_ra1,11.453938124192094,801.1077901464604,623.285427486209,23.897831048013316,14.819707829709746,11.869027235548383
SCCD_k9_nc3_rf1_ra1,5.7844220291166835,1501.04577239812,965.6526678616153,18.013985737378757,25.22680618222068,17.470714259426092
SCCD_k10_nc3_rf1_ra1,2.98998556444508,2400.9232181553775,1199.372370940014,13.81390069214067,37.3874637523716,18.801161898104947
FCCD_k3_nc5_rf1_ra1,7.256713992227294,1.9007817050384967,0.7544319595703012,7.384219690574859,1.8457681997517938,0.7354846396964724
FCCD_k4_nc5_rf1_ra1,11.569371767964967,2.2429199487740332,0.7076319557089151,11.857445990318263,2.1175961448060474,0.6406533765002612
FCCD_k5_nc5_rf1_ra1,19.70816097647563,2.5633074384785246,0.6917928543589961,20.4619914421146,2.2767986141585572,0.6155707060400227
FCCD_k6_nc5_rf1_ra1,35.01140942809961,2.9037501293410104,0.7415789378691985,37.14527405175127,2.291657953663351,0.5663882260377663
FCCD_k7_nc5_rf1_ra1,11.418993584986493,303.7869724338775,515.0006924983697,15.790668953002367,12.372419952756495,13.066798134070558
FCCD_k8_nc5_rf1_ra1,5.816583683269658,804.2983078018715,794.2097945664268,11.158177364917472,27.9220858535607,19.789315386309312
FCCD_k9_nc5_rf1_ra1,2.9424230552655244,1504.7521039759465,960.8229305721014,7.8415933379102185,49.55199098274042,35.82496139583638
FCCD_k10_nc5_rf1_ra1,1.5308899555343733,2405.1461002522005,1096.9503033681503,5.587339051771183,77.28688957499759,37.5098700968211
RCCD_k3_nc5_rf1_ra1,12.106020211346653,1.0125055567249657,0.6198809130274738,12.284384454187553,0.9916565310018021,0.5541446665891375
RCCD_k4_nc5_rf1_ra1,21.36697125700431,0.8948654990168405,0.4843372385819349,21.703116072904475,0.8704107891383223,0.4250660326350969
RCCD_k5_nc5_rf1_ra1,39.47297098328059,0.7259061729931161,0.3604069446297473,40.14131725179932,0.6954064629595561,0.35298880266556515
RCCD_k6_nc5_rf1_ra1,75.21831785038646,0.5410569022700242,0.21693302924560062,76.55822689702636,0.507300149002587,0.2291269353921531
RCCD_k7_nc5_rf1_ra1,28.122332907322004,300.81468545323315,518.7211050486451,41.57323424311573,4.243596415173494,5.166522821294889
RCCD_k8_nc5_rf1_ra1,15.610294738554249,800.7522743253902,533.1033170075284,37.83009615609506,6.91336779221846,5.006616755976612
RCCD_k9_nc5_rf1_ra1,8.516719588635691,1500.6435569655032,846.3927427903674,37.353173133163644,7.842604695183647,5.148861444092325
RCCD_k10_nc5_rf1_ra1,4.737476910913881,2400.483857228314,1303.0577713836783,40.97985715904057,7.2653657660504685,3.4072316593976093
SCCD_k3_nc5_rf1_ra1,12.545034425087792,0.9894437093338893,0.5881776747261697,12.734306319733761,0.968238550733374,0.5851339451269186
SCCD_k4_nc5_rf1_ra1,21.36697125700431,0.8948654990168405,0.47866727205651993,21.703116072904475,0.8704107891383223,0.4583658048988482
SCCD_k5_nc5_rf1_ra1,37.227325614362314,0.7555889201043358,0.36339905580333676,37.835663114531464,0.7252329795803854,0.34474088305939576
SCCD_k6_nc5_rf1_ra1,66.42269833195803,0.6176918011537282,0.22083304832910028,67.58597258989165,0.5758661580431841,0.22316789394626352
SCCD_k7_nc5_rf1_ra1,22.665929864864257,300.9599842165281,476.0596053419329,32.06281552855384,6.44934253698104,9.028696440142086
SCCD_k8_nc5_rf1_ra1,11.584315357674488,800.9586868894869,632.1590807893072,24.134365401369955,14.700191288542687,12.837104418765424
SCCD_k9_nc5_rf1_ra1,5.838239695116567,1500.8984988507023,848.6979362171762,18.15950242982023,25.10657669966531,16.811482132269692
SCCD_k10_nc5_rf1_ra1,3.0131504256203336,2400.7774085923174,1165.7858907437374,13.906577835418112,37.26734287826348,18.074166043797234
FCCD_k3_nc7_rf1_ra1,7.430800705899378,1.860030658122759,0.68049507566914,7.561278826696965,1.8052714883303498,0.7064454066696312
FCCD_k4_nc7_rf1_ra1,11.719459361191795,2.2185948121057835,0.6801979185335746,12.010278828202134,2.09339860237654,0.6741211078184748
FCCD_k5_nc7_rf1_ra1,19.861275869927983,2.5471571741490204,0.6935671873339377,20.61806233594635,2.2609422911524897,0.6544388252369172
FCCD_k6_nc7_rf1_ra1,35.1869928505176,2.8922007694263114,0.73887355483421,37.32430933894287,2.2807374365836686,0.5822785421744223
FCCD_k7_nc7_rf1_ra1,11.458255346039412,303.7781175049911,451.36757372460016,15.846752906414913,12.34833851035848,13.561277484367972
FCCD_k8_nc7_rf1_ra1,5.830845900686128,804.2913846587385,694.1423614281169,11.18807686968613,27.882596161016398,24.08386159816
FCCD_k9_nc7_rf1_ra1,2.947746131474798,1504.7465470583236,1041.5256422838665,7.858101793510648,49.49627359491114,33.57232337222408
FCCD_k10_nc7_rf1_ra1,1.5329909543975726,2405.1415438059225,1286.575514970385,5.596870296062746,77.21518668755056,39.63214804452476
RCCD_k3_nc7_rf1_ra1,12.51848444148483,0.9360533143104272,0.5687688350194894,12.691565739113582,0.9200124295217293,0.59090797447972
RCCD_k4_nc7_rf1_ra1,21.850641857885044,0.8237450165211635,0.4536051559358128,22.16959174637343,0.8067000189414238,0.4466927501323948
RCCD_k5_nc7_rf1_ra1,40.096106509952094,0.6611172185115024,0.3783671657416563,40.71939692763287,0.6417194801850244,0.28413365275625857
RCCD_k6_nc7_rf1_ra1,75.99382729607542,0.4934462940885809,0.24353833612934123,77.24124467278463,0.47176139738784906,0.2344743341977191
RCCD_k7_nc7_rf1_ra1,28.307778830478718,300.784011779806,377.2651030769114,41.82262187015099,4.216545689702867,5.353882375332803
RCCD_k8_nc7_rf1_ra1,15.671734377041856,800.7357404505344,687.7865489705086,37.96561348071337,6.898053384461668,4.804544348094391
RCCD_k9_nc7_rf1_ra1,8.537326554848988,1500.6344344794495,830.910726364841,37.434268177257735,7.8343349584546536,4.723793886751328
RCCD_k10_nc7_rf1_ra1,4.745009453551533,2400.4782643628264,1378.354991079532,41.03609301789568,7.2608122772168455,4.073490021526966
SCCD_k3_nc7_rf1_ra1,12.973335496523756,0.9136093361345065,0.5899271582860091,13.156687107143558,0.8973468205548462,0.563351256238172
SCCD_k4_nc7_rf1_ra1,21.850641857885044,0.8237450165211635,0.4915156133121788,22.16959174637343,0.8067000189414238,0.4645602154830059
SCCD_k5_nc7_rf1_ra1,37.82737144317306,0.6872998194883163,0.30554392818287496,38.394180580176084,0.6682083291942622,0.3142012516640362
SCCD_k6_nc7_rf1_ra1,67.22410873206259,0.5512914111343971,0.23041416650353608,68.28860104402585,0.5267393967825192,0.2407074819892304
SCCD_k7_nc7_rf1_ra1,22.87835474633602,300.89493373453774,439.8329138706321,32.33828320958231,6.390330551120749,8.80037635606006
SCCD_k8_nc7_rf1_ra1,11.671091373047783,800.8946487821889,876.4563597481049,24.300881262290876,14.637648201951144,11.561027991518198
SCCD_k9_nc7_rf1_ra1,5.873997953191874,1500.8352482466396,1264.657898681513,18.262290720669053,25.041510732854597,15.132574452525633
SCCD_k10_nc7_rf1_ra1,3.0285220939448196,2400.7147880541957,1521.1993200416243,13.972261217938945,37.200731816281106,20.320494301141487
FCCD_k3_nc10_rf1_ra1,7.6380179215503485,1.8234018012385709,0.7607214579758359,7.773591423568396,1.7680076301138947,0.7248722718343302
FCCD_k4_nc10_rf1_ra1,11.903750572259595,2.194797060493333,0.6771046221811139,12.199265189420926,2.0690878959045462,0.6324697435263895
FCCD_k5_nc10_rf1_ra1,20.054144558519255,2.530347780469646,0.7485336059640697,20.816145956379007,2.2439507364583657,0.6569158550341144
FCCD_k6_nc10_rf1_ra1,35.41269395224057,2.879609579926503,0.7428939651085457,37.556557456669914,2.268454965013545,0.5672858621924823
FCCD_k7_nc10_rf1_ra1,11.509524149186005,303.7681218118716,454.9252304091916,15.92079827905943,12.315393198423468,14.6633396896455
FCCD_k8_nc10_rf1_ra1,5.849718910626101,804.2833423861046,615.377261419385,11.228286791967733,27.825737674407673,23.993153071233092
FCCD_k9_nc10_rf1_ra1,2.9548684604845503,1504.7399384784353,885.8648020991535,7.880653423111142,49.41454477526198,29.96349547336731
FCCD_k10_nc10_rf1_ra1,1.5358284608227373,2405.1360179339326,1263.0990366392202,5.6100621518320395,77.10911286816106,52.69883416814724
RCCD_k3_nc10_rf1_ra1,12.971645090584305,0.878569595438983,0.6014602718480585,13.14349536031614,0.8650467903068346,0.5696354448791142
RCCD_k4_nc10_rf1_ra1,22.375642233790327,0.7703380638227924,0.47264327534662864,22.683848556886154,0.7573165114649547,0.4857860416992599
RCCD_k5_nc10_rf1_ra1,40.7718709596464,0.6118775759666669,0.3518058440842665,41.36227662612622,0.5987377615632875,0.2970766464281232
RCCD_k6_nc10_rf1_ra1,76.86199362613736,0.4544583618677032,0.26361412487911146,78.03296484111024,0.44049511842443434,0.2080042476763006
RCCD_k7_nc10_rf1_ra1,28.52456119067061,300.7564172834045,421.6957595461492,42.121505456427194,4.189845041180318,5.717056314590865
RCCD_k8_nc10_rf1_ra1,15.747684097219746,800.7190212961912,669.0080318627284,38.13696040571876,6.881004752757117,5.423427192987216
RCCD_k9_nc10_rf1_ra1,8.563937719027853,1500.6243386706533,871.5378777871275,37.54118702258216,7.824407449814449,4.970846438631652
RCCD_k10_nc10_rf1_ra1,4.755025465518875,2400.4716916184602,1233.3286182135596,41.11243021765344,7.2550980289816245,3.5654993698344737
SCCD_k3_nc10_rf1_ra1,13.443646062055596,0.8566578273404968,0.5726862966119938,13.625364968425455,0.8429857541797765,0.5784774323089233
SCCD_k4_nc10_rf1_ra1,22.375642233790327,0.7703380638227924,0.4504173407732744,22.683848556886154,0.7573165114649547,0.4484334987284442
SCCD_k5_nc10_rf1_ra1,38.474397497050155,0.636021607986167,0.34157334315189686,39.01139793916413,0.6231600910922028,0.31405573019474414
SCCD_k6_nc10_rf1_ra1,68.08469896531591,0.5014330861649654,0.2344280541576302,69.07400180419562,0.4866611921229065,0.24781571610923625
SCCD_k7_nc10_rf1_ra1,23.10583785934618,300.8460901793552,444.1182518770529,32.64261440636533,6.339519430253426,8.88503490006773
SCCD_k8_nc10_rf1_ra1,11.763839434285886,800.8465662304362,653.2592163345422,24.48542588431612,14.580476235373304,12.338606727573458
SCCD_k9_nc10_rf1_ra1,5.912163488777343,1500.7877576433732,960.8628716027215,18.376570249099135,24.97961117293085,15.038466557201524
SCCD_k10_nc10_rf1_ra1,3.0449113129060636,2400.6677710455156,1266.7694946312395,14.04550429274564,37.135661491225655,22.61172555817936
FCCD_k3_nc1_rf2_ra1,10.564051135258584,1.7575308665227518,0.5353924985538954,10.87260964995938,1.652177600957323,0.5087894473131593
FCCD_k4_nc1_rf2_ra1,18.24619348634734,2.039243825099261,0.592090082563447,19.025109972791572,1.810718084583187,0.5147683777490162
FCCD_k5_nc1_rf2_ra1,32.49727697404278,2.389260277662363,0.6491618987724576,34.678552117513306,1.8878347326965923,0.507192717047142
FCCD_k6_nc1_rf2_ra1,59.392914843427945,2.777789567004378,0.6998190946747099,65.70559143458861,1.7894024065410514,0.44143771216786154
FCCD_k7_nc1_rf2_ra1,18.56892850298305,303.4533746905593,484.0912563592045,27.77285749297552,7.322607809909866,7.471305516748453
FCCD_k8_nc1_rf2_ra1,8.990031100607727,803.9465601403771,629.5665388573585,19.847440345424037,15.387568219032802,11.24181644121627
FCCD_k9_nc1_rf2_ra1,4.308971497841909,1504.414387820533,1127.5571678367423,14.074884960563105,26.523729243853584,18.016156293185958
FCCD_k10_nc1_rf2_ra1,2.12583699067713,2404.8544559570983,1420.3361037886286,10.104514994486951,40.73540523932228,17.73358437078184
RCCD_k3_nc1_rf2_ra1,15.302591823499457,1.773014561000249,0.96957510285716,15.859325540627545,1.4719366819079538,0.7531657274419054
RCCD_k4_nc1_rf2_ra1,30.041330106203453,1.6219239829135002,0.9816646093876649,31.23076677669382,1.1931898677223958,0.6479325454024172
RCCD_k5_nc1_rf2_ra1,59.85646035966181,1.319351888477177,0.8346589058094492,62.30733369786528,0.8445182517530926,0.45278655035686455
RCCD_k6_nc1_rf2_ra1,121.62734589963246,0.7351146125833063,0.4478603045080209,125.72423272147239,0.48652531128481363,0.24232387015059328
RCCD_k7_nc1_rf2_ra1,43.31617159778506,300.6151115084208,447.1578693805788,65.72511491746037,3.0815803289507087,3.7917765166732535
RCCD_k8_nc1_rf2_ra1,22.90463597511245,800.4719276796343,588.2511866030493,57.46088671664183,5.412144556572219,4.34829518216703
RCCD_k9_nc1_rf2_ra1,11.812371057767232,1500.3791042248524,1027.3004627004964,53.47082499115391,6.630103446192034,4.451461283784246
RCCD_k10_nc1_rf2_ra1,6.208074506063124,2400.2847571490584,1492.7371106351977,54.93646816451122,6.516765077920235,3.2949691568872956
SCCD_k3_nc1_rf2_ra1,15.76675573571918,1.7655736745174289,0.9856629667395639,16.35377345344799,1.4539121305990537,0.7565668049668084
SCCD_k4_nc1_rf2_ra1,30.041330106203453,1.6219239829135002,0.979718841837417,31.23076677669382,1.1931898677223958,0.6348940566741168
SCCD_k5_nc1_rf2_ra1,56.41045503249146,1.4922307927937535,0.958109166146413,58.85397783729926,0.9190702103538444,0.498359175806442
SCCD_k6_nc1_rf2_ra1,105.94191334136613,1.3838663108220448,0.9566908268553159,111.04784367814153,0.6580800276923203,0.3544897135173941
SCCD_k7_nc1_rf2_ra1,34.475232169565295,301.54049420895967,442.84659355833617,51.419233997459955,4.461879144775798,5.351180299867033
SCCD_k8_nc1_rf2_ra1,16.84820672659208,801.5238865791066,669.154510119855,38.380288073639115,9.856823973927728,8.413433267688331
SCCD_k9_nc1_rf2_ra1,8.083904072948714,1501.482004759404,975.0784448436797,28.433987533992436,16.91455898083416,10.161414646977217
SCCD_k10_nc1_rf2_ra1,3.9716179033816315,2401.412613665066,1181.8373313812406,21.343760848208166,25.429274677578466,16.186140372368836
FCCD_k3_nc3_rf2_ra1,11.044148259594971,1.6181118350983597,0.5183667165375564,11.344829631816872,1.5258567980373239,0.4830885728325106
FCCD_k4_nc3_rf2_ra1,18.630829852164727,1.9763807248383198,0.56453420386287545,19.40427649296071,1.7546853355851748,0.5146903739906705
FCCD_k5_nc3_rf2_ra1,32.870847659565925,2.3542352601232364,0.6142659959322473,35.04571458551721,1.8580567646942552,0.4930067431152633
FCCD_k6_nc3_rf2_ra1,59.80658662320198,2.7556054053074424,0.6780277126811908,66.10760628155414,1.772206758962613,0.4452000446264772
FCCD_k7_nc3_rf2_ra1,18.653510779413136,303.4379410786246,375.99176862038235,27.895272629356377,7.304495799112386,6.839278549061463
FCCD_k8_nc3_rf2_ra1,9.018232544446505,803.9352990501262,838.5763466065165,19.909687137189444,15.36854775431102,11.307767370292934
FCCD_k9_nc3_rf2_ra1,4.318676426447344,1504.4058234311137,959.9717188619392,14.10771176174297,26.502558297056204,14.108835604097614
FCCD_k10_nc3_rf2_ra1,2.129390752724963,2404.8477305361057,1417.9721188369042,10.122664641374422,40.711540563820265,19.85312955365581
RCCD_k3_nc3_rf2_ra1,17.048139594796865,0.9100286233821424,0.33553399479817125,17.38985138216021,0.8634660552597396,0.32591357247173386
RCCD_k4_nc3_rf2_ra1,32.306355077569044,0.8023141608644221,0.3297899508043076,33.01445367668902,0.7351523853343018,0.2864887787813522
RCCD_k5_nc3_rf2_ra1,62.789118713804186,0.6655267960365856,0.30733962633302875,64.30728372065067,0.5728897362921317,0.23904929132400768
RCCD_k6_nc3_rf2_ra1,124.51345278562498,0.4770286797145814,0.23016600120367248,127.56599858413098,0.3895918257316426,0.16018864202660282
RCCD_k7_nc3_rf2_ra1,43.769855884751976,300.5363907497894,407.8002105967556,66.28004439629444,3.0299183658123567,4.144613234728993
RCCD_k8_nc3_rf2_ra1,23.006893384295857,800.45035190972,622.4171792725621,57.682735216056656,5.395085153419398,4.1750065685879
RCCD_k9_nc3_rf2_ra1,11.837894927553174,1500.3717533427496,951.0445773765116,53.57384123865702,6.623569062434767,4.909089563389351
RCCD_k10_nc3_rf2_ra1,6.215590609187062,2400.281494482965,1273.332448676825,54.99561468159049,6.513833319634139,3.7955278233254393
SCCD_k3_nc3_rf2_ra1,17.58214423555474,0.8923276403728817,0.35776258964127294,17.938245530803915,0.8450947347961602,0.3298792955970031
SCCD_k4_nc3_rf2_ra1,32.306355077569044,0.8023141608644221,0.32841735813807926,33.01445367668902,0.7351523853343018,0.2805930847386265
SCCD_k5_nc3_rf2_ra1,59.417658057438,0.7048734532090457,0.3240012732865775,60.87105630057035,0.6065056681562148,0.25014362462994094
SCCD_k6_nc3_rf2_ra1,110.15092544274657,0.6180387767527831,0.3085575087433182,113.26422004746053,0.47514307129899,0.2027390346458979
SCCD_k7_nc3_rf2_ra1,35.536066044594776,300.7900607575406,431.4407794514579,52.427765948169245,4.170720337967628,4.938987328450333
SCCD_k8_nc3_rf2_ra1,17.261738509951737,800.7850035804687,661.4137066099213,38.97712632249277,9.573766856626237,7.229627834807193
SCCD_k9_nc3_rf2_ra1,8.24589921407576,1500.7521093140235,918.5504220309919,28.792344469322106,16.63918162494486,9.848895825921812
SCCD_k10_nc3_rf2_ra1,4.037835908173546,2400.689910699979,1383.425150683088,21.565704633010355,25.161321197494324,13.592015601633657
FCCD_k3_nc5_rf2_ra1,11.388021902898437,1.5523242308804321,0.5123610972594971,11.688815821091826,1.4638389905343294,0.4847816448981707
FCCD_k4_nc5_rf2_ra1,18.9287781637525,1.94014464473376,0.5930608524117574,19.70274699931979,1.7210956238197876,0.49509415744238666
FCCD_k5_nc5_rf2_ra1,33.1750041500808,2.3315296033611577,0.6457604411344295,35.35000761476481,1.8379055536309195,0.5060958570091179
FCCD_k6_nc5_rf2_ra1,60.15501094662625,2.740081454712499,0.6964959200666314,66.45358861761362,1.7595629894205322,0.4339169698891645
FCCD_k7_nc5_rf2_ra1,18.726488411103148,303.4265552275322,401.93038261444536,28.00215024106836,7.289822933198898,8.451889605523544
FCCD_k8_nc5_rf2_ra1,9.043018504439573,803.9266547408321,819.9973471979288,19.96508195805049,15.351811164604847,9.918849040370864
FCCD_k9_nc5_rf2_ra1,4.32733003572677,1504.3990447604913,946.1400491197958,14.13738291962097,26.482980515611988,14.056824067982403
FCCD_k10_nc5_rf2_ra1,2.132596442151808,2404.8422764258153,1255.9967480776386,10.13928068881627,40.68883170379864,26.894382519756537
RCCD_k3_nc5_rf2_ra1,17.934945370662682,0.7335658587570673,0.32013489746028106,18.230225795586104,0.7120833606755351,0.3307095883504803
RCCD_k4_nc5_rf2_ra1,33.4217960491907,0.6367570850269479,0.24961407264177976,34.016385995894474,0.6078614204899087,0.24628686886668852
RCCD_k5_nc5_rf2_ra1,64.27414026087158,0.518961403226396,0.18947851910142902,65.53003750483047,0.47863649759409455,0.16987947581603344
RCCD_k6_nc5_rf2_ra1,126.2734045084927,0.38668331928511496,0.15567118365600355,128.8877339310594,0.3412405495562113,0.12136143995778534
RCCD_k7_nc5_rf2_ra1,44.10199056510094,300.4951813094089,454.799121550244,66.70985362168489,2.9990870013740345,3.6210307312472145
RCCD_k8_nc5_rf2_ra1,23.092384153198605,800.4354093769853,633.4240775906721,57.8732437734717,5.382289056371962,4.650510678926641
RCCD_k9_nc5_rf2_ra1,11.86075441584203,1500.3658824837225,939.4155863027318,53.66758068087302,6.618033951515138,4.701000399217025
RCCD_k10_nc5_rf2_ra1,6.222558741968503,2400.2786969510976,1262.5602540279056,55.0511026299461,6.511206750942776,3.2772338283316724
SCCD_k3_nc5_rf2_ra1,18.500343067184573,0.7158205334384198,0.34343493395201324,18.80669639176483,0.6942895832646491,0.3149136691642661
SCCD_k4_nc5_rf2_ra1,33.4217960491907,0.6367570850269479,0.25841212661808705,34.016385995894474,0.6078614204899087,0.27056268231545677
SCCD_k5_nc5_rf2_ra1,60.87609314625012,0.5458938854328519,0.19095719722970703,62.07250496410518,0.50426803806411,0.18768532429615295
SCCD_k6_nc5_rf2_ra1,112.17272422993669,0.46344705546794485,0.19453265833512828,114.70632205510559,0.4013041014377164,0.14516704081293488
SCCD_k7_nc5_rf2_ra1,36.04238211550789,300.6386049785683,418.29605254487916,53.02670967132536,4.0726804248834085,5.059058536892234
SCCD_k8_nc5_rf2_ra1,17.458224441685747,800.6358999794004,687.411110646682,39.33267746452587,9.476132768635539,7.337629432187737
SCCD_k9_nc5_rf2_ra1,8.322618209754184,1500.604835511939,993.8291208004636,29.006710425227897,16.542023657326705,10.30982459590846
SCCD_k10_nc5_rf2_ra1,4.069118971608555,2400.5441009432766,1186.1618899018977,21.699090019907597,25.06481845990374,12.244064734586583
FCCD_k3_nc7_rf2_ra1,11.65803194678314,1.5140228932911468,0.5266175513891013,11.961671501632688,1.4267682950300626,0.4678728258704734
FCCD_k4_nc7_rf2_ra1,19.172745380293733,1.9165746419334666,0.5800139910629438,19.949784698786793,1.698589975495435,0.506228143314868
FCCD_k5_nc7_rf2_ra1,33.43192194180719,2.3156157695674855,0.6566390794720993,35.61031084548223,1.8232985480816106,0.486369266750789
FCCD_k6_nc7_rf2_ra1,60.45623518115474,2.728609855968171,0.7367464492469833,66.75755190238922,1.7498475248203165,0.45146343179460324
FCCD_k7_nc7_rf2_ra1,18.79069546203479,303.41780934335316,434.3639063514349,28.097120045401333,7.277444220044324,6.7068064507542235
FCCD_k8_nc7_rf2_ra1,9.065134235565276,803.9198100495519,659.9312906228523,20.01506302513373,15.336674533061215,10.551511580811814
FCCD_k9_nc7_rf2_ra1,4.335139539476196,1504.393546039226,1184.4579159102336,14.164499392029983,26.464563294117305,17.392299734886684
FCCD_k10_nc7_rf2_ra1,2.1355165953861746,2404.837764279507,1305.0242837892902,10.154630308056152,40.66699210626124,20.24771211455124
RCCD_k3_nc7_rf2_ra1,18.545704249868127,0.6575350325721966,0.3446922739668385,18.822720029391252,0.6433469394315496,0.3352429371359732
RCCD_k4_nc7_rf2_ra1,34.17834407346044,0.5656354199708651,0.2608401420076865,34.72386608709097,0.5480976355653888,0.2665252251665085
RCCD_k5_nc7_rf2_ra1,65.28531288030649,0.4543248353871676,0.1760766386007582,66.41854315639965,0.43078048579345724,0.17137907841188377
RCCD_k6_nc7_rf2_ra1,127.54880556180478,0.34065527677450835,0.12080653978405716,129.92186948263648,0.31226637374161875,0.12436527677646064
RCCD_k7_nc7_rf2_ra1,44.36456786506086,300.4698302732315,413.8833608232506,67.06135422113103,2.9783980199398625,3.964538242560639
RCCD_k8_nc7_rf2_ra1,23.165878783842597,800.4244486784438,633.9704000414606,58.0403478132588,5.372226771912391,4.342443875010732
RCCD_k9_nc7_rf2_ra1,11.88145737480495,1500.3610855489392,912.9803293213516,53.75362304653419,6.613251921466263,4.037958943055081
RCCD_k10_nc7_rf2_ra1,6.229053900408371,2400.276271705639,1521.6927839735731,55.103373196410615,6.508831486524594,4.068992378679975
SCCD_k3_nc7_rf2_ra1,19.13196479856104,0.6399828863765777,0.3061828817251658,19.418629456505137,0.6259037350775588,0.3170451079788218
SCCD_k4_nc7_rf2_ra1,34.17834407346044,0.5656354199708651,0.2496585609858896,34.72386608709097,0.5480976355653888,0.25926453192766324
SCCD_k5_nc7_rf2_ra1,61.857319836776206,0.4776043170871773,0.19745565884683794,62.93657617854277,0.45350551581546905,0.1646404696665943
SCCD_k6_nc7_rf2_ra1,113.52612283925802,0.3970464756457867,0.1376042779547145,115.78109059971085,0.3613853233963574,0.11801013022668924
SCCD_k7_nc7_rf2_ra1,36.380170980591544,300.57355428979673,468.49949683891805,53.456330251519546,4.022636785974683,5.418129731323668
SCCD_k8_nc7_rf2_ra1,17.589000849476015,800.5718617241597,804.6990950059962,39.58814107996253,9.425058847104703,8.08687874536578
SCCD_k9_nc7_rf2_ra1,8.373592877609642,1500.5415847983872,1005.9978039664752,29.161067944345326,16.49011685603626,9.971444183037521
SCCD_k10_nc7_rf2_ra1,4.089877691981332,2400.4814803219047,1442.2826474091523,21.795365155659205,25.01235584376031,12.374244083874558
FCCD_k3_nc10_rf2_ra1,11.980180638331259,1.4794166486700844,0.5165031174036645,12.290073414469205,1.392365274555827,0.481572877538791
FCCD_k4_nc10_rf2_ra1,19.472656676467526,1.8934587043304218,0.5538338743989836,20.25639038992586,1.6758212026372832,0.5198714736215404
FCCD_k5_nc10_rf2_ra1,33.75570751208864,2.299034977910117,0.6393427685168133,35.94216813389095,1.807540107214719,0.4699792552696903
FCCD_k6_nc10_rf2_ra1,60.843522059617044,2.7160979290795906,0.7044925293515182,67.15429404245721,1.7388259567839186,0.4650254101768745
FCCD_k7_nc10_rf2_ra1,18.874568395389996,303.4079294926043,462.80359138360063,28.22248515116053,7.261747139519086,8.256908265439947
FCCD_k8_nc10_rf2_ra1,9.094408598922172,803.9118539870199,609.2015431312619,20.082054696592326,15.316060484408851,11.47834632946817
FCCD_k9_nc10_rf2_ra1,4.345591450296182,1504.3870032209736,915.6670556106357,14.20132473333693,26.438509268725085,16.289675728682894
FCCD_k10_nc10_rf2_ra1,2.1394612962634527,2404.8322896508193,1494.8862142584762,10.175711087103354,40.63544572614147,19.31318858377281
RCCD_k3_nc10_rf2_ra1,19.216810328338845,0.6003518247958548,0.32434455538559037,19.482819363632935,0.5901382615350153,0.32850278410387757
RCCD_k4_nc10_rf2_ra1,34.999539321463246,0.5122275786907874,0.2491178974769957,35.50986222838615,0.5009708828323644,0.24282796063662004
RCCD_k5_nc10_rf2_ra1,66.38291180189162,0.40510398839257034,0.16313752461662095,67.42117891735445,0.3912550334831713,0.17506596435482394
RCCD_k6_nc10_rf2_ra1,128.98389016539315,0.3025615478540657,0.11125983999797562,131.14803348897942,0.2855449682581957,0.11494099352740865
RCCD_k7_nc10_rf2_ra1,44.678158533884336,300.4459987197761,411.1366335455464,67.49264291869044,2.9573224680540564,4.211209324945088
RCCD_k8_nc10_rf2_ra1,23.25986639579138,800.4125718743771,732.4358735413318,58.25815255889939,5.360440338440132,4.540260786248438
RCCD_k9_nc10_rf2_ra1,11.909262941230452,1500.3553369275937,975.483467145477,53.8708202490426,6.607129598614451,4.1397408123265755
RCCD_k10_nc10_rf2_ra1,6.238039198390986,2400.2731840651045,1332.742147012467,55.17653000677434,6.505650603905741,4.12300403235802
SCCD_k3_nc10_rf2_ra1,19.825538542151083,0.5830289172799131,0.3236919699855242,20.100142269143525,0.5730058358071419,0.31163136333227365
SCCD_k4_nc10_rf2_ra1,34.999539321463246,0.5122275786907874,0.2603022952744755,35.50986222838615,0.5009708828323644,0.2565371832747751
SCCD_k5_nc10_rf2_ra1,62.91537107932935,0.4263257541569261,0.170163579231903,63.90538072806527,0.41214563533193227,0.18603729467796007
SCCD_k6_nc10_rf2_ra1,114.97946263327263,0.34718800807533856,0.11586719814265212,117.01279824423963,0.3270794131284962,0.11727095876314585
SCCD_k7_nc10_rf2_ra1,36.74190479493715,300.52471057926255,406.7680435936411,53.93694624292605,3.980217403922416,5.071690886661438
SCCD_k8_nc10_rf2_ra1,17.72877747131901,800.523779061263,765.788727899303,39.8744229355776,9.380257144526544,7.25951789604131
SCCD_k9_nc10_rf2_ra1,8.427999205144072,1500.4940941128675,994.053876582841,29.334403353945103,16.44331921002429,11.651410217658393
SCCD_k10_nc10_rf2_ra1,4.112010566987766,2400.434463250684,1218.9820099876333,21.903707367047588,24.964044629312745,14.556536967463355
FCCD_k3_nc1_rf3_ra1,13.866224893462174,1.6285726096656037,0.49015595374366333,14.412992501618547,1.4830673406057258,0.4414942942489301
FCCD_k4_nc1_rf3_ra1,24.431757495390343,1.9341926960956428,0.5373949765300996,25.871624839979077,1.6175634496600293,0.46824845927403647
FCCD_k5_nc1_rf3_ra1,44.1509323554973,2.310680934941692,0.5933854517226322,48.25226721182962,1.6414017350607217,0.4367699118991835
FCCD_k6_nc1_rf3_ra1,81.58374076461531,2.7228233038810816,0.6485128558645817,93.38521108318989,1.48101442404678,0.3584680561010077
FCCD_k7_nc1_rf3_ra1,24.836492821719606,303.3317295789122,415.51615288094115,39.173209566810996,5.440679437814839,4.103375403088452
FCCD_k8_nc1_rf3_ra1,11.653203177932863,803.8210169347647,618.4048135735277,28.132802229796592,10.925700124660668,6.455367792651007
FCCD_k9_nc1_rf3_ra1,5.406217672666759,1504.2948763806824,905.006701061815,20.033799666590863,18.465419926976622,13.103670341765465
FCCD_k10_nc1_rf3_ra1,2.5836417683771002,2404.751183923711,1562.6615583761366,14.434045988441657,28.061001501765674,13.99353218639741
RCCD_k3_nc1_rf3_ra1,19.6061203334949,1.6646345774016893,0.9707982841203899,20.488188379207273,1.290746478506273,0.6954943976591608
RCCD_k4_nc1_rf3_ra1,39.52192860299213,1.529120573995913,0.9771887430980871,41.44371342131463,1.0081048315286785,0.5652067690306384
RCCD_k5_nc1_rf3_ra1,80.33744295361845,1.2411334431980152,0.841461161614262,84.31278394290202,0.686164675082056,0.38972873720030576
RCCD_k6_nc1_rf3_ra1,165.7745410602976,0.6706096169873986,0.4338817012047762,172.39438598614063,0.3868495642289727,0.20379664162597586
RCCD_k7_nc1_rf3_ra1,56.98761890194105,300.4846208749729,408.5506335109074,88.18588378273367,2.414748656478196,3.210639466907936
RCCD_k8_nc1_rf3_ra1,29.115105450757994,800.3488539768639,636.7040265855378,75.29078642027655,4.471396021785936,4.115516795080214
RCCD_k9_nc1_rf3_ra1,14.484849147590175,1500.2732713651758,1029.0867548742312,67.6551088701374,5.790927845042629,3.5993402070571525
RCCD_k10_nc1_rf3_ra1,7.349575839449083,2400.205698535387,1228.9407205941882,66.72604551384369,5.962899255032163,3.7523264133114203
SCCD_k3_nc1_rf3_ra1,20.156006159293597,1.6627907770917016,0.9855972277484298,21.07835136737964,1.2766070717417124,0.7006300817680015
SCCD_k4_nc1_rf3_ra1,39.52192860299213,1.529120573995913,0.9805940625838335,41.44371342131463,1.0081048315286785,0.565687233157441
SCCD_k5_nc1_rf3_ra1,75.82109293968111,1.418955276649588,0.9523203215022148,79.85219470517826,0.7446371347081446,0.4235034713727129
SCCD_k6_nc1_rf3_ra1,144.63378332151655,1.3309928859779636,0.9415644255178938,153.12442108864886,0.5122045947937472,0.27852506976387587
SCCD_k7_nc1_rf3_ra1,45.573942643646106,301.427945273333,434.0140672030363,70.11248816988837,3.318846252177597,4.174307532448598
SCCD_k8_nc1_rf3_ra1,21.578987444714446,801.4098263226102,630.9690830569294,52.072277981947586,7.326876075428163,5.855799413597302
SCCD_k9_nc1_rf3_ra1,10.019919180617999,1501.3766192269302,823.3269957783192,38.28649199669273,12.662005684987516,9.323760562345338
SCCD_k10_nc1_rf3_ra1,4.768194210075783,2401.3263337640597,1112.106527451361,28.471189875537316,19.200856634875752,11.125566000250755
FCCD_k3_nc3_rf3_ra1,14.49142555506095,1.4931490332687802,0.45657486420061244,15.019927876798665,1.365722573123141,0.4186812164562178
FCCD_k4_nc3_rf3_ra1,24.944926197182166,1.872168902981367,0.5337528803946886,26.37034179848715,1.5654384619095847,0.44825885620355316
FCCD_k5_nc3_rf3_ra1,44.65765812795675,2.2758643926407935,0.6157588204508375,48.74126792495855,1.6142165172957261,0.4349225024113416
FCCD_k6_nc3_rf3_ra1,82.15157245133116,2.7006978120807252,0.6449077592319236,93.92162246020553,1.4659089449461924,0.3781280425830585
FCCD_k7_nc3_rf3_ra1,24.949483303126474,303.3163689679943,413.45433023377905,39.339913077028854,5.425623844193667,5.079051387875044
FCCD_k8_nc3_rf3_ra1,11.68971805800076,803.8098039664377,687.4170900194824,28.21772239619787,10.911903475808245,6.615466388286896
FCCD_k9_nc3_rf3_ra1,5.418381556005977,1504.286345329639,1064.7223136120151,20.078521696175702,18.451791968644038,10.369448119717406
FCCD_k10_nc3_rf3_ra1,2.587956847062275,2404.7444825253992,1297.0994707933964,14.458684824032096,28.046970615403357,12.864068838869972
RCCD_k3_nc3_rf3_ra1,21.840729455189148,0.8048919943390676,0.32850676744788293,22.361167028682665,0.74682590645981,0.2903429425968453
RCCD_k4_nc3_rf3_ra1,42.501761799272316,0.7095049466645609,0.3303454774613065,43.614776850435575,0.6243283408225845,0.26626418916570527
RCCD_k5_nc3_rf3_ra1,84.25499292473035,0.5925947201500685,0.31127191381731445,86.69398287176425,0.47636741178067177,0.21889530923713033
RCCD_k6_nc3_rf3_ra1,169.63232700913042,0.4218655904025199,0.2256949645051928,174.55888801373698,0.31553565618066987,0.14468123042905232
RCCD_k7_nc3_rf3_ra1,57.53574186114077,300.417796087185,437.3199097369273,88.84625492413969,2.3739803213839186,2.767378229754962
RCCD_k8_nc3_rf3_ra1,29.227045256669843,800.3327117858474,634.8848161930554,75.53946661385751,4.458846581395699,3.589674339708419
RCCD_k9_nc3_rf3_ra1,14.510097328708266,1500.268449125517,901.7863086330173,67.76149437168559,5.7864505726197635,3.720586409994329
RCCD_k10_nc3_rf3_ra1,7.356349677115311,2400.2037972228627,1239.542128024991,66.78230090454822,5.960990028202794,3.050702908752327
SCCD_k3_nc3_rf3_ra1,22.476773936266614,0.78952726227853,0.33099782327612465,23.013647484830376,0.7308343378867462,0.2904833198390565
SCCD_k4_nc3_rf3_ra1,42.501761799272316,0.7095049466645609,0.3311187605040571,43.614776850435575,0.6243283408225845,0.2643218089024702
SCCD_k5_nc3_rf3_ra1,79.86306384055008,0.631595812777461,0.327299685517014,82.24617590230334,0.5067236573011524,0.22320700144202782
SCCD_k6_nc3_rf3_ra1,150.3800014399516,0.5651645410157741,0.3165884755458086,155.64417768692718,0.3884169014018966,0.17378647923719806
SCCD_k7_nc3_rf3_ra1,46.97629380729911,300.6775108299218,437.94429150700813,71.32523827856728,3.09418137424251,3.9005403515152506
SCCD_k8_nc3_rf3_ra1,22.108634146917275,800.6709425964268,604.7891915839834,52.78839335426936,7.107564171443645,6.354908970883428
SCCD_k9_nc3_rf3_ra1,10.220710556038588,1500.6467232304046,1401.1924494167627,38.7142734405215,12.447825194661675,6.8528726707643495
SCCD_k10_nc3_rf3_ra1,4.847693374925793,2400.603630370592,1233.4809872558797,28.73424811943448,18.99166648875361,9.294134044707622
FCCD_k3_nc5_rf3_ra1,14.940211801452763,1.4289232910312069,0.4418859924760808,15.465462653829682,1.3070627383663145,0.4157609254937663
FCCD_k4_nc5_rf3_ra1,25.342759785807356,1.8363534580131085,0.5356135596041699,26.765521376421493,1.533748497383691,0.4493808508342025
FCCD_k5_nc5_rf3_ra1,45.0703495052016,2.2532797273854546,0.6041580929468505,49.14939545222091,1.5955623687660971,0.42812431737705653
FCCD_k6_nc5_rf3_ra1,82.62989431552458,2.6852113355522005,0.6865568425185847,94.38710422337357,1.4546236996215494,0.3543489828464189
FCCD_k7_nc5_rf3_ra1,25.046988186103164,303.30503296968715,423.1593562275009,39.48585440303715,5.413726465693571,6.080671771274767
FCCD_k8_nc5_rf3_ra1,11.721814954339361,803.801194203743,609.7770215335819,28.29337148957499,10.900223393480436,7.595045039964783
FCCD_k9_nc5_rf3_ra1,5.4292289352506,1504.2795915319316,1028.173120996501,20.11893115087307,18.439649101144283,11.067729883606113
FCCD_k10_nc5_rf3_ra1,2.591849638859346,2404.7390468937306,1211.6935340546092,14.481210600065245,28.03402084708911,13.917610368758728
RCCD_k3_nc5_rf3_ra1,22.976439634560712,0.6289142482219723,0.25066680899432353,23.413514409911357,0.6034099513465998,0.24380321975945973
RCCD_k4_nc5_rf3_ra1,43.96921938782721,0.5439466923645543,0.19820265025603764,44.87973386436296,0.5080325962716506,0.17387920448268393
RCCD_k5_nc5_rf3_ra1,86.24342954415621,0.44638790280107465,0.19248956574551204,88.22122455038976,0.395325376970775,0.15219356897063657
RCCD_k6_nc5_rf3_ra1,172.00285328923977,0.33330229199493694,0.1559595056603186,176.17761063271672,0.27669429287751457,0.11005603812923831
RCCD_k7_nc5_rf3_ra1,57.94602665972189,300.3811367871214,482.62444893306684,89.3709484142788,2.348425535272707,2.716516456950049
RCCD_k8_nc5_rf3_ra1,29.322811523482116,800.320988843886,527.8989665190687,75.75742842053559,4.449077831834999,4.3497061058930875
RCCD_k9_nc5_rf3_ra1,14.533175492166363,1500.2644340933957,892.5445064906315,67.8599505010276,5.7825325270441645,3.4654698370649997
RCCD_k10_nc5_rf3_ra1,7.362740870053043,2400.2021077327345,1333.3728000834183,66.83581930434472,5.9592291740784145,3.5587304399927238
SCCD_k3_nc5_rf3_ra1,23.6505867857888,0.6130166033059093,0.23487256707743465,24.09895323611923,0.5875970989470953,0.23401006511383965
SCCD_k4_nc5_rf3_ra1,43.96921938782721,0.5439466923645543,0.19871478931637532,44.87973386436296,0.5080325962716506,0.17325239101059509
SCCD_k5_nc5_rf3_ra1,81.82334127174781,0.4726158140291313,0.19768998837321625,83.74839844641868,0.41919798094600325,0.15571004799462781
SCCD_k6_nc5_rf3_ra1,153.14019707888951,0.41057265528303755,0.19248630613110726,157.3913279140582,0.3310617354935343,0.13210059014123485
SCCD_k7_nc5_rf3_ra1,47.645609663175925,300.52605484983167,398.49616241488934,72.08183708283127,3.0102913090997436,4.067561640591497
SCCD_k8_nc5_rf3_ra1,22.36029104525783,800.521838847886,721.8882682676758,53.23578490615355,7.024437705577711,6.368178018520328
SCCD_k9_nc5_rf3_ra1,10.31580299262504,1500.499449316622,925.5519998798167,38.98220653004453,12.365414723300628,7.38175050830724
SCCD_k10_nc5_rf3_ra1,4.8852507949596715,2400.4578205270827,1260.6239003047629,28.899535246980363,18.910007986876206,10.144875554560759
FCCD_k3_nc7_rf3_ra1,15.292998638462446,1.3914351647155716,0.46212968143353966,15.82027037955666,1.2716786517122058,0.41649926455787034
FCCD_k4_nc7_rf3_ra1,25.66867560317415,1.8130322104240049,0.5586100394380942,27.09393109784528,1.51234134429547,0.4492520604914487
FCCD_k5_nc7_rf3_ra1,45.41901465999063,2.237444050780679,0.6210428564016132,49.50021051152665,1.5819200744610573,0.4263179849179112
FCCD_k6_nc7_rf3_ra1,83.04345205340879,2.673765533280213,0.666022630948732,94.79857944002804,1.4458544771557265,0.3692388325542639
FCCD_k7_nc7_rf3_ra1,25.132785767135367,303.2963230704488,460.29358715466725,39.6157762055324,5.40395628970301,5.236124868731686
FCCD_k8_nc7_rf3_ra1,11.750457022267952,803.7943753919711,749.8724776360502,28.36165721995426,10.890035679596258,7.463994389703039
FCCD_k9_nc7_rf3_ra1,5.439019080408327,1504.274112003883,835.6223314814716,20.15583479944778,18.42859235646898,10.041099993014623
FCCD_k10_nc7_rf3_ra1,2.5953959562134155,2404.7345493554694,1560.4159150689875,14.501985526966536,28.02188572453833,14.073631359394941
RCCD_k3_nc7_rf3_ra1,23.758706047223292,0.5530737285491072,0.2332194734033579,24.160847894636692,0.5371647389930956,0.22941795806346182
RCCD_k4_nc7_rf3_ra1,44.964522744748116,0.4728245204516129,0.1742118203679142,45.78445765786299,0.4518412480821948,0.17135175301058078
RCCD_k5_nc7_rf3_ra1,87.59831163533566,0.38181270430727887,0.13490839704862248,89.35358364268292,0.35234071586723975,0.12078760781910086
RCCD_k6_nc7_rf3_ra1,173.72611202011393,0.2878796565808234,0.11739274722218508,177.47364709962883,0.2522591501843973,0.09008684224282468
RCCD_k7_nc7_rf3_ra1,58.27453751392146,300.35797863455633,435.3516449552737,89.80696224294213,2.3307971238650023,2.7733406259380335
RCCD_k8_nc7_rf3_ra1,29.406528251497626,800.3120888705873,712.7578774940004,75.95157885138778,4.441196857837035,3.7897206749571244
RCCD_k9_nc7_rf3_ra1,14.554429993884915,1500.2610392413924,1339.2362815079593,67.95161322427228,5.779056963081229,3.917119390144049
RCCD_k10_nc7_rf3_ra1,7.3687906280836755,2400.200596534563,1123.928083278849,66.88686495208312,5.957595590077707,4.367757855947515
SCCD_k3_nc7_rf3_ra1,24.458043392020784,0.5371774281505998,0.22984557438880715,24.869197688381192,0.5215293013409298,0.2307098988248849
SCCD_k4_nc7_rf3_ra1,44.964522744748116,0.4728245204516129,0.17512311006140086,45.78445765786299,0.4518412480821948,0.17517423971831267
SCCD_k5_nc7_rf3_ra1,83.14220458886588,0.40432606034861873,0.13920250859716005,84.85175386286717,0.37371053868307247,0.11697670691088025
SCCD_k6_nc7_rf3_ra1,154.98788091612008,0.34417200474856163,0.13818245980048505,158.7338900935235,0.29797477926516075,0.10202124525153751
SCCD_k7_nc7_rf3_ra1,48.09214386676723,300.4610040745855,431.3665627915079,72.6353511174962,2.9660187519126304,4.256635007185588
SCCD_k8_nc7_rf3_ra1,22.527787948911165,800.45780052924,800.4147011133132,53.563352310501855,6.979890862305484,5.6452974611364635
SCCD_k9_nc7_rf3_ra1,10.378985589445028,1500.4361985550481,851.4382535764114,39.17865531847341,12.320621995829947,7.165401638765325
SCCD_k10_nc7_rf3_ra1,4.910173033865549,2400.395199868391,1358.7995866279364,29.02093190045681,18.865065502956533,9.113983414447745
FCCD_k3_nc10_rf3_ra1,15.71424972263832,1.3575026510514123,0.4494993218479294,16.248473587968164,1.2386443317278526,0.40681501533873904
FCCD_k4_nc10_rf3_ra1,26.069483341099218,1.790141183167276,0.5220756773979778,27.50282713088093,1.4905598401723512,0.44843482731671036
FCCD_k5_nc10_rf3_ra1,45.85850080209454,2.2209388649243844,0.5887222868190023,49.94931718946724,1.5671046806589366,0.4180701882825613
FCCD_k6_nc10_rf3_ra1,83.57520508719026,2.6612799051873024,0.6389565244133212,95.33870665072683,1.435813207033209,0.3573612823870658
FCCD_k7_nc10_rf3_ra1,25.24487559010287,303.2864814563616,427.75238059755185,39.78753339747754,5.3919841672897535,4.316899772190488
FCCD_k8_nc10_rf3_ra1,11.788374079848213,803.7864477721524,601.0762523669705,28.453181297191534,10.876714030937572,7.117670491578603
FCCD_k9_nc10_rf3_ra1,5.45212293559885,1504.267590875532,950.9082486775359,20.205887560340347,18.413481831436528,11.550722694302271
FCCD_k10_nc10_rf3_ra1,2.6001868720465144,2404.72909162491,1262.3983001826273,14.530452246976036,28.004820230426983,16.165690771896738
RCCD_k3_nc10_rf3_ra1,24.61831568251767,0.4960262412355687,0.23856623870036267,24.99682550453213,0.4854001516756006,0.22438704816807242
RCCD_k4_nc10_rf3_ra1,46.04487503236143,0.4194162983167995,0.18172107936418344,46.79723294622504,0.40679149206777293,0.17403809988216862
RCCD_k5_nc10_rf3_ra1,89.06956059210246,0.3325987924948292,0.11875305314408044,90.64804651403871,0.31585276476568386,0.11926048876847806
RCCD_k6_nc10_rf3_ra1,175.6689887883801,0.25013121852936887,0.08471338532245917,179.037135904191,0.22890106921908146,0.08722343222706434
RCCD_k7_nc10_rf3_ra1,58.670686195848866,300.3357718866206,391.17124574920086,90.34887850819305,2.312516240817589,2.9556966828674534
RCCD_k8_nc10_rf3_ra1,29.515223931498358,800.3021426371452,645.36868544977,76.20829447029332,4.431772497558046,3.82997521924819
RCCD_k9_nc10_rf3_ra1,14.583465903260388,1500.2568281050458,991.4415825460513,68.07830701652891,5.774490325184415,3.2014308191174434
RCCD_k10_nc10_rf3_ra1,7.377299948517506,2400.198606825464,1296.0834062237861,66.95928662188436,5.95534688153485,3.7463904917900908
SCCD_k3_nc10_rf3_ra1,25.344698610969512,0.4802223106940207,0.2330532183329106,25.730463624177492,0.46994649365838853,0.2145886103056301
SCCD_k4_nc10_rf3_ra1,46.04487503236143,0.4194162983167995,0.16785904962159703,46.79723294622504,0.40679149206777293,0.18345327282121887
SCCD_k5_nc10_rf3_ra1,84.5643275151791,0.35304735816726424,0.12377447946332727,86.10535559935612,0.3355938262143862,0.12484002579294115
SCCD_k6_nc10_rf3_ra1,156.97200623567363,0.2943134840511483,0.09596389631157921,160.30518451306398,0.26827021840711995,0.07807958973629253
SCCD_k7_nc10_rf3_ra1,48.570331686013546,300.41216029908435,427.4003398526973,73.26213875628625,2.928079984965104,4.262564742827397
SCCD_k8_nc10_rf3_ra1,22.70681222220131,800.409717818709,654.1162948623843,53.93462645442759,6.940880545289495,6.790963822712272
SCCD_k9_nc10_rf3_ra1,10.446421694522115,1500.3887078334512,1065.625080932235,39.40162169439273,12.280647623949719,7.755395438910707
SCCD_k10_nc10_rf3_ra1,4.936745037764011,2400.3481827691353,1387.667950118114,29.158930504656453,18.824319675228843,9.95334543595506
FCCD_k3_nc1_rf1_ra2,8.610536625458405,1.4363234452098483,0.6965673265607976,8.74252553549627,1.4073608766100771,0.627876056130167
FCCD_k4_nc1_rf1_ra2,13.699006296005999,1.4794131997538758,0.5542164872953667,13.94439377111349,1.4369695161853,0.5600545989636971
FCCD_k5_nc1_rf1_ra2,22.99111528148028,1.5467730778891304,0.44957392403330315,23.555883239312216,1.4615782700713988,0.43735587599337233
FCCD_k6_nc1_rf1_ra2,40.261513922449005,1.639668162200774,0.3955538009841239,41.745230752609984,1.4582178733387743,0.39594264257353656
FCCD_k7_nc1_rf1_ra2,13.078932245047708,302.2658496099621,437.5177996863433,17.924360249805865,10.873835841391772,12.70300463166345
FCCD_k8_nc1_rf1_ra2,6.59922259420125,802.5278038117013,679.9780120849566,12.588264362325326,25.80932745536554,20.26072429796813
FCCD_k9_nc1_rf1_ra2,3.309405856492848,1502.7326824823351,916.7582137792474,8.795664987833524,46.71600659596342,27.732730584542413
FCCD_k10_nc1_rf1_ra2,1.7083966190650888,2402.8779091082047,1353.0908716060544,6.23359579089807,73.63950696127246,41.35859796528157
RCCD_k3_nc1_rf1_ra2,13.617604436475169,1.9268176884792898,0.96910438165955,14.138785686691227,1.624791997861543,0.7576209309971011
RCCD_k4_nc1_rf1_ra2,24.28053216119644,1.7889358513496756,0.9788687499475254,25.247460690438942,1.3873685551068538,0.6687148050829244
RCCD_k5_nc1_rf1_ra2,44.95904003961142,1.4189590036137143,0.8155464578346591,46.715636289832844,1.019198913039019,0.48916161855737084
RCCD_k6_nc1_rf1_ra2,86.61033926809193,0.7525643115988163,0.3749121669863078,89.22081089722168,0.5935510267836294,0.23973893715188255
RCCD_k7_nc1_rf1_ra2,33.635091730498196,300.87276800937315,399.42181351996715,52.46648753428042,2.909137819484736,3.4062100995428533
RCCD_k8_nc1_rf1_ra2,18.760728355508757,800.7422327729741,664.8049777340565,50.95431983894416,4.213584451290125,3.099332956949141
RCCD_k9_nc1_rf1_ra2,10.22272166945291,1500.6146071927185,908.1592737759554,53.8847762003651,4.471684465103451,2.7126728313174384
RCCD_k10_nc1_rf1_ra2,5.663593391002751,2400.450986744838,1141.1263074274157,63.1019125550442,3.9656865531522048,2.6920885402153156
SCCD_k3_nc1_rf1_ra2,14.162700704448346,1.9123414629448174,0.9860170668437809,14.73352519781382,1.5956677778623585,0.758356249520455
SCCD_k4_nc1_rf1_ra2,24.28053216119644,1.7889358513496756,0.9693337446123005,25.247460690438942,1.3873685551068538,0.6653890691207288
SCCD_k5_nc1_rf1_ra2,41.84096367491466,1.6381353789687094,0.9712014024603599,43.492497953883984,1.1349026172006136,0.557915710911309
SCCD_k6_nc1_rf1_ra2,73.64827586786993,1.4923324868285637,0.9740757669576234,76.60654396078512,0.8701898099622642,0.44985554657189997
SCCD_k7_nc1_rf1_ra2,25.815101593596587,301.795046857855,501.9118428501108,38.211825183028054,5.19098003602345,6.177301934365312
SCCD_k8_nc1_rf1_ra2,13.189608211457037,801.7770300101457,664.9535774942348,29.77407005138248,10.761159982669062,8.30314465532077
SCCD_k9_nc1_rf1_ra2,6.63289810067294,1501.702760061168,985.1800536499425,23.252785143086154,17.521893322841464,10.782713940713869
SCCD_k10_nc1_rf1_ra2,3.4126147141382828,2401.5694876171456,1424.9141753762738,18.497309680237592,25.172576840775875,13.626844455458803
FCCD_k3_nc3_rf1_ra2,8.87808889291309,1.363159499203434,0.6605302482583344,9.00972156451464,1.3375506281512404,0.6595067870625775
FCCD_k4_nc3_rf1_ra2,13.874877230225437,1.4546982241027182,0.5476051422406264,14.12103976988613,1.4131256428898356,0.5115332206665546
FCCD_k5_nc3_rf1_ra2,23.142860687312943,1.534912988654446,0.45337632475973577,23.70850595046814,1.4501692102177213,0.42935212667371575
FCCD_k6_nc3_rf1_ra2,40.41735995734807,1.6327323450749975,0.44806635577895443,41.90183868369495,1.4516644508506735,0.361376535382641
FCCD_k7_nc3_rf1_ra2,13.111692561614172,302.2610832544757,402.66418162007693,17.971489952961175,10.85495282054782,13.13094579675945
FCCD_k8_nc3_rf1_ra2,6.610460252490899,802.5244216100517,834.546820273518,12.612603294106798,25.77543031053579,20.4651615108559
FCCD_k9_nc3_rf1_ra2,3.3134123303193537,1502.7301646044734,988.8692265739802,8.808900826024686,46.666205149662794,30.463789737283182
FCCD_k10_nc3_rf1_ra2,1.7099198687699868,2402.8759650277566,1414.5914691837736,6.241203002829434,73.57397847709782,37.62621387035468
RCCD_k3_nc3_rf1_ra2,15.168772201136989,1.0578192273676184,0.5275803777972631,15.508710869914461,1.0057547775842564,0.503528586236936
RCCD_k4_nc3_rf1_ra2,26.111210523571934,0.9693311086673493,0.4226128549535988,26.730121100997337,0.902595786882936,0.37842093310934677
RCCD_k5_nc3_rf1_ra2,47.10456656725522,0.8069365748083636,0.30869171276654034,48.28261402797633,0.7252247603603189,0.3156623981182112
RCCD_k6_nc3_rf1_ra2,88.38729583471938,0.5640557507559147,0.21517434515063846,90.51356414498805,0.500411021053335,0.22154208309869136
RCCD_k7_nc3_rf1_ra2,33.99757263508205,300.79156943793936,441.1795014817126,52.90523040205879,2.86004793450814,3.0442657561238815
RCCD_k8_nc3_rf1_ra2,18.86060423466354,800.7122624777229,574.5597550444783,51.167892474494444,4.194684329099496,2.9527630831608183
RCCD_k9_nc3_rf1_ra2,10.253341439473113,1500.600711975533,974.7628309183582,54.00839723326883,4.463366807912561,3.277224536758553
RCCD_k10_nc3_rf1_ra2,5.674317771595502,2400.4430795095773,1242.7461094491562,63.18687935438177,3.9616335675058614,1.9740355580597868
SCCD_k3_nc3_rf1_ra2,15.793397928398281,1.0391019835048192,0.4927666598611735,16.163459118628797,0.9851507689403931,0.5203093577779835
SCCD_k4_nc3_rf1_ra2,26.111210523571934,0.9693311086673493,0.41019217697095944,26.730121100997337,0.902595786882936,0.4360328703962811
SCCD_k5_nc3_rf1_ra2,44.07147704754553,0.8507810163626911,0.3286212163033649,45.10902384453989,0.7658384096188449,0.3074522610778688
SCCD_k6_nc3_rf1_ra2,76.57428009817463,0.7265064800698926,0.31871360830155004,78.41169415535464,0.6136295817255616,0.23482586429688768
SCCD_k7_nc3_rf1_ra2,26.609455472185516,301.04461442941124,443.52081707551673,38.99386393215829,4.8729927807762206,5.530506611669775
SCCD_k8_nc3_rf1_ra2,13.5133413131595,801.038147648102,717.1975815436977,30.24896139638119,10.462736458965374,8.043682857713636
SCCD_k9_nc3_rf1_ra2,6.765816212544191,1500.9728650200243,910.4070223271912,23.548518756127784,17.241257706947685,10.396247512791575
SCCD_k10_nc3_rf1_ra2,3.469512568681019,2400.8467849108697,1151.2788004900526,18.688435794306155,24.908252172029368,12.538208713275369
FCCD_k3_nc5_rf1_ra2,9.088261798437134,1.3205220696305913,0.6796889896926599,9.221205415549745,1.2962471315678303,0.6237427884004133
FCCD_k4_nc5_rf1_ra2,14.024180790671336,1.4373148674941203,0.5149072951551515,14.271781849810209,1.3961538636967135,0.5282527858757212
FCCD_k5_nc5_rf1_ra2,23.2769907832701,1.5257637438076068,0.4481260215499061,23.844030641565247,1.4412601514078032,0.4274612159313458
FCCD_k6_nc5_rf1_ra2,40.55849867447098,1.627086511242177,0.4104200881979851,42.04434963460889,1.4462577858719121,0.38564274147903377
FCCD_k7_nc5_rf1_ra2,13.14181684518954,302.2570727953021,478.48819575011674,18.015134478892943,10.836834097595881,12.408639535826913
FCCD_k8_nc5_rf1_ra2,6.620915503816478,802.5215037635564,729.9060817240547,12.635497405280395,25.742057464666352,18.07801323167831
FCCD_k9_nc5_rf1_ra2,3.317173154256549,1502.7279513132555,929.5477602512772,8.82150322839725,46.61679832126423,30.80435133913922
FCCD_k10_nc5_rf1_ra2,1.7113597221305779,2402.8742310543716,1332.1269530733725,6.2485145501273935,73.50876712734001,38.15106338633039
RCCD_k3_nc5_rf1_ra2,15.957349158906277,0.8798197711321394,0.4984028522922129,16.25993074741252,0.8523206866783758,0.5040017162891594
RCCD_k4_nc5_rf1_ra2,27.012751853990128,0.8037750639327962,0.453319807720665,27.553118900886325,0.7716898385458286,0.42050953084658466
RCCD_k5_nc5_rf1_ra2,48.2053025620479,0.6653787481375611,0.34461250192436327,49.22431060529046,0.6271330527662612,0.3290056119979988
RCCD_k6_nc5_rf1_ra2,89.53189524742949,0.4895986689267292,0.21831559946262358,91.44431473002523,0.453636548320126,0.19876272756001678
RCCD_k7_nc5_rf1_ra2,34.260887565128584,300.7497543866983,477.95241797970357,53.24573906320337,2.8307420454823133,3.3673206406550538
RCCD_k8_nc5_rf1_ra2,18.941546423871348,800.692798444805,823.646854933545,51.34886362484856,4.181074589249911,3.275896352975632
RCCD_k9_nc5_rf1_ra2,10.279701901162097,1500.590476778562,963.1427650863865,54.11873658548462,4.456712956275849,2.7198358829851506
RCCD_k10_nc5_rf1_ra2,5.683867589858318,2400.436833535257,1467.2403535220967,63.265189963026565,3.9581829040764274,2.198235980173844
SCCD_k3_nc5_rf1_ra2,16.618182410105472,0.8625962084736845,0.5299712025195993,16.946976956877872,0.8341122894431341,0.543321257904937
SCCD_k4_nc5_rf1_ra2,27.012751853990128,0.8037750639327962,0.4439082819560322,27.553118900886325,0.7716898385458286,0.4376435693487544
SCCD_k5_nc5_rf1_ra2,45.1532327247355,0.6918020525513223,0.3281085505683282,46.04006580717367,0.654062832734955,0.34697982852372633
SCCD_k6_nc5_rf1_ra2,77.97978610265656,0.5719150685213976,0.21866714387887853,79.51594861487784,0.5232370610500773,0.19974116578804216
SCCD_k7_nc5_rf1_ra2,26.988585648120537,300.8931588578385,439.55892680974824,39.45033310080806,4.76967369078598,5.762906942109633
SCCD_k8_nc5_rf1_ra2,13.667160203453648,800.8890441760706,636.2013147582871,30.529040591088116,10.361755897122462,8.41038101512331
SCCD_k9_nc5_rf1_ra2,6.828764668705985,1500.8255912998645,1080.6485244578132,23.724813052347578,17.14286397767288,10.898976373434504
SCCD_k10_nc5_rf1_ra2,3.496392556946801,2400.700975206613,1310.7529765501674,18.803590929674765,24.81265222529381,13.07434033819306
FCCD_k3_nc7_rf1_ra2,9.262105132786415,1.2926037777481738,0.698101173053052,9.39711573581568,1.2688861430394887,0.6321126131263816
FCCD_k4_nc7_rf1_ra2,14.154084468685669,1.4244221600187594,0.5267997177074206,14.40349655858883,1.383431470151343,0.5369362000956361
FCCD_k5_nc7_rf1_ra2,23.39724594395499,1.518491246537285,0.4341988945736113,23.966008832499366,1.4340978264536541,0.4331467193473207
FCCD_k6_nc7_rf1_ra2,40.68750709497563,1.6224013969760864,0.45022140905109104,42.175152004597585,1.4417144577429584,0.40077844934957507
FCCD_k7_nc7_rf1_ra2,13.169702678403418,302.25365162702434,569.0042255081303,18.05581185059967,10.819323226002753,13.152369303940906
FCCD_k8_nc7_rf1_ra2,6.630691248609832,802.5189607856,684.1753703823979,12.657134308526635,25.709123827915327,18.591670172852385
FCCD_k9_nc7_rf1_ra2,3.320716951809377,1502.7259904923467,870.6566911970654,8.83354516841437,46.56773603679708,26.870538349773103
FCCD_k10_nc7_rf1_ra2,1.712724898552918,2402.872674873195,1339.0080990920244,6.2555610296767306,73.44384158110624,39.703154196629036
RCCD_k3_nc7_rf1_ra2,16.500554017371755,0.8030946280850654,0.5423000645795807,16.789462097971775,0.7827027682783452,0.4931726329238682
RCCD_k4_nc7_rf1_ra2,27.624222409071272,0.7326538423541893,0.44564155182119247,28.132012756155692,0.7107742860025917,0.42455835758982835
RCCD_k5_nc7_rf1_ra2,48.95768173030499,0.6024253178254817,0.32359873471345374,49.90397422973298,0.5780643540463118,0.2836462493887887
RCCD_k6_nc7_rf1_ra2,90.38099177254504,0.44972714314233,0.2037093374720475,92.17384792917585,0.4255053686773615,0.21812662457700013
RCCD_k7_nc7_rf1_ra2,34.468158894101194,300.72426224658204,494.9287390669273,53.52454890783393,2.811122090553422,3.3769029921238043
RCCD_k8_nc7_rf1_ra2,19.009649625182064,800.6791400434427,654.533748771959,51.50603206955713,4.170741343056665,2.742635035870003
RCCD_k9_nc7_rf1_ra2,10.302851943540679,1500.5826238064783,927.3261862400092,54.21842425511355,4.45124966554898,2.9148221748457837
RCCD_k10_nc7_rf1_ra2,5.692476357963327,2400.431775058375,1315.3402337974044,63.3378310057006,3.9552047552060263,2.152531344763889
SCCD_k3_nc7_rf1_ra2,17.18554514491492,0.7867591343991481,0.4738195951930716,17.499129112974675,0.7656186154481878,0.46583232124503
SCCD_k4_nc7_rf1_ra2,27.624222409071272,0.7326538423541893,0.43079296104134424,28.132012756155692,0.7107742860025917,0.4386913143396748
SCCD_k5_nc7_rf1_ra2,45.88103168482464,0.6235127439340973,0.31220770299669365,46.701335500228765,0.6000648044160644,0.3249623903127586
SCCD_k6_nc7_rf1_ra2,78.92063634055518,0.5055146218853431,0.2114513327204455,80.31732549791474,0.4770670739664032,0.215096513947039
SCCD_k7_nc7_rf1_ra2,27.241522418483264,300.8281082582423,394.6077734339734,39.77566612101989,4.717404947528745,5.511839800632358
SCCD_k8_nc7_rf1_ra2,13.769538433471064,800.825005976309,708.807696183197,30.729540510662066,10.309088566741211,8.48490628973069
SCCD_k9_nc7_rf1_ra2,6.8705897293132185,1500.7623406215348,959.49730618375645,23.85159969003653,17.09032468488545,11.313102466679794
SCCD_k10_nc7_rf1_ra2,3.5142294980473223,2400.6383546077877,1308.4847852657142,18.886788189831037,24.760670570997384,12.819925478285352
FCCD_k3_nc10_rf1_ra2,9.477837375036382,1.265080771692514,0.7080032741210425,9.616628721334646,1.241575386716105,0.6647050576228358
FCCD_k4_nc10_rf1_ra2,14.322185300273024,1.410314382905922,0.5138158762889343,14.574701507414272,1.3693364094677614,0.4811819365214096
FCCD_k5_nc10_rf1_ra2,23.55722522319435,1.5100066433310644,0.46343021224705583,24.128951826830143,1.4256289341051642,0.43475600132593195
FCCD_k6_nc10_rf1_ra2,40.86241991728133,1.616699366739332,0.409941174218979,42.35328416086,1.4361028111838887,0.38180819898888574
FCCD_k7_nc10_rf1_ra2,13.208002961544496,302.2493688763836,429.9205984602802,18.112139034516144,10.793954907559018,13.79806979335945
FCCD_k8_nc10_rf1_ra2,6.644259978892376,802.5157050575624,744.1793988969607,12.687560003238,25.66040912654376,19.59077911510961
FCCD_k9_nc10_rf1_ra2,3.325676920809073,1502.7234355924616,923.0728062538726,8.850688001365391,46.49470458069702,27.510839878706108
FCCD_k10_nc10_rf1_ra2,1.7146485740751989,2402.870618416614,1262.3604303497918,6.265689733692774,73.34693502498544,39.90054714009647
RCCD_k3_nc10_rf1_ra2,17.097490382265935,0.7453764301496897,0.5603993626321422,17.379462210453138,0.7288049296464214,0.4796478961632526
RCCD_k4_nc10_rf1_ra2,28.28794327954143,0.6792463343052683,0.40359095245754745,28.77378825929542,0.6629722605353169,0.42097885030048626
RCCD_k5_nc10_rf1_ra2,49.77612255141272,0.5542683194323271,0.32111557321204187,50.66775852084556,0.5379012593308267,0.3195419251433989
RCCD_k6_nc10_rf1_ra2,91.35098336524244,0.41567365948635593,0.21011270012227953,93.04002556235567,0.39949278535865107,0.19985513627657184
RCCD_k7_nc10_rf1_ra2,34.71489829196585,300.70045686188973,404.62965942058423,53.86696809574367,2.791237793443037,2.963120575323139
RCCD_k8_nc10_rf1_ra2,19.0951244485102,800.664894684009,680.6427014190658,51.70899715820314,4.159092874547026,3.1972251410312555
RCCD_k9_nc10_rf1_ra2,10.333035596545415,1500.573762085827,1283.2759755629593,54.35204303067811,4.444638509690579,2.7229984292427165
RCCD_k10_nc10_rf1_ra2,5.703984963504716,2400.42576554482,1211.4789283799325,63.437830001141485,3.9514224084476535,2.1571882305426766
SCCD_k3_nc10_rf1_ra2,17.80855710844186,0.7298055959015717,0.5188181653790606,18.114227707822987,0.712607322973384,0.5376183068989646
SCCD_k4_nc10_rf1_ra2,28.28794327954143,0.6792463343052683,0.45236463625623985,28.77378825929542,0.6629722605353169,0.4175931240374161
SCCD_k5_nc10_rf1_ra2,46.66581322476473,0.5722343761504969,0.30192793797008655,47.43716292925313,0.556776676271518,0.32256638203080795
SCCD_k6_nc10_rf1_ra2,79.9309632913616,0.45565625437912544,0.20146517189649277,81.21998862680542,0.4387941072028361,0.21694726520217508
SCCD_k7_nc10_rf1_ra2,27.51238919993966,300.77926461470423,430.51988586175685,40.138262308264345,4.673096193507907,6.484062197216643
SCCD_k8_nc10_rf1_ra2,13.878962475471555,800.7769233550918,645.7920790672355,30.953768181181925,10.26273765089672,8.311345500975698
SCCD_k9_nc10_rf1_ra2,6.915230489948563,1500.7148499624755,825.6829462550061,23.993882370986714,17.042870765525258,10.708566790016507
SCCD_k10_nc10_rf1_ra2,3.533247182217992,2400.5913375535056,1365.6008499906468,18.9804662593053,24.712873333336603,13.877643118671797
FCCD_k3_nc1_rf2_ra2,13.221768544576618,1.0984229255691362,0.355478726632583,13.491435685323037,1.0615065508360755,0.3472799786280396
FCCD_k4_nc1_rf2_ra2,22.134400581154733,1.1874341977329939,0.3621376739879781,22.724963363448563,1.1195225039976913,0.3243807071324201
FCCD_k5_nc1_rf2_ra2,38.45388041772572,1.3197033335018167,0.3800843719710822,39.982348128306974,1.1715681873731985,0.3231457908881802
FCCD_k6_nc1_rf2_ra2,68.96134958942893,1.4776223183798067,0.3929540333651039,73.264236349707,1.1660833627114464,0.28445821906423696
FCCD_k7_nc1_rf2_ra2,21.33577900652331,301.9133012877485,438.74275423692427,31.27025964183038,6.218977989507145,7.165822274625472
FCCD_k8_nc1_rf2_ra2,10.210308436413548,802.1653550595264,708.9626148577335,22.155966148721465,14.00936062083719,11.393001388489846
FCCD_k9_nc1_rf2_ra2,4.845409924223315,1502.390104097367,1076.687811881654,15.597014746417226,24.841494249831694,15.765194995026722
FCCD_k10_nc1_rf2_ra2,2.370069255942302,2402.585810329953,1222.0166277236692,11.126019397509284,38.726237983259665,19.273803090515216
RCCD_k3_nc1_rf2_ra2,19.285489839692232,1.6735623490111635,0.9628026718514087,20.134826890469053,1.3076848264489858,0.6969600641504312
RCCD_k4_nc1_rf2_ra2,36.669096686464094,1.5573754812328722,0.9703515785675978,38.36473332557419,1.0614420965704539,0.5880864043682805
RCCD_k5_nc1_rf2_ra2,71.42686594739907,1.1906192422828188,0.7673968313285955,74.58626167385765,0.7295621672179635,0.3932847934747206
RCCD_k6_nc1_rf2_ra2,143.17060230838618,0.5558886383209778,0.32875623388091324,147.70620637796364,0.39390906520388247,0.18591114485264135
RCCD_k7_nc1_rf2_ra2,51.74398492204056,300.5171956594295,471.9877053306523,81.38894854607707,2.198498506095046,2.394140225456787
RCCD_k8_nc1_rf2_ra2,27.250460614305208,800.4155490353597,760.6366555478346,74.83639331776426,3.4873099865744295,2.5839524274057357
RCCD_k9_nc1_rf2_ra2,14.000158433693725,1500.3390722854465,903.3736751596724,74.25685321390615,3.9349823011042826,2.3753633483971948
RCCD_k10_nc1_rf2_ra2,7.33184303794874,2400.251258726626,1384.1360637780188,81.66492255401408,3.639495942157199,2.244825582995599
SCCD_k3_nc1_rf2_ra2,19.943632867287093,1.6776426458191531,0.9859142993740124,20.86017563644681,1.292441336545216,0.7004692618467215
SCCD_k4_nc1_rf2_ra2,36.669096686464094,1.5573754812328722,0.9748022367555147,38.36473332557419,1.0614420965704539,0.5815608378853266
SCCD_k5_nc1_rf2_ra2,66.74466000324959,1.4438806062832237,0.9795268753238539,69.92681584612752,0.8198395857182397,0.46186513341358343
SCCD_k6_nc1_rf2_ra2,122.39005564667755,1.3456746518625189,0.9554806072409553,128.54868181565945,0.5890637766980131,0.33344628863615083
SCCD_k7_nc1_rf2_ra2,40.14258352022057,301.49595533597187,485.24400940391456,61.30099019929539,3.639840676333628,4.411859804242316
SCCD_k8_nc1_rf2_ra2,19.46312392433391,801.4796234162633,651.8048877839614,46.57726739984087,7.750630514566318,5.336842461296255
SCCD_k9_nc1_rf2_ra2,9.26987787321125,1501.4373206107082,934.6577608465714,35.28558733608145,12.939802766204282,7.699921986373635
SCCD_k10_nc1_rf2_ra2,4.523483511862624,2401.366998023162,1538.4767314132419,27.159654835918698,19.006534793226002,10.274785973219085
FCCD_k3_nc3_rf2_ra2,13.611235124060862,1.0371607179517968,0.3958367344359189,13.876355456562706,1.004624769132023,0.3565188511840719
FCCD_k4_nc3_rf2_ra2,22.411705962384328,1.1647417194323224,0.35719162886486294,23.000472559098473,1.0983978944636994,0.34064214090686706
FCCD_k5_nc3_rf2_ra2,38.7049991563329,1.308285731550573,0.358579466595349,40.23190747489272,1.161136299286765,0.3147120388522145
FCCD_k6_nc3_rf2_ra2,69.2270576580713,1.4708017246623581,0.35683516536251175,73.52725114235004,1.160131951747088,0.276904605097609
FCCD_k7_nc3_rf2_ra2,21.388793793453218,301.9086750253426,523.1824843613309,31.34841864453604,6.210712598247358,6.4043118792086595
FCCD_k8_nc3_rf2_ra2,10.227571673038616,802.1620625001749,699.7227184707517,22.19546714623579,13.997982477500328,10.648649902379978
FCCD_k9_nc3_rf2_ra2,4.8512384020355865,1502.3876469384647,912.6448269067445,15.617897592091268,24.826494213293696,15.717180805243162
FCCD_k10_nc3_rf2_ra2,2.3721701869930056,2402.583909236098,1285.3444408877963,11.137657978531317,38.70751515846606,18.575591821896666
RCCD_k3_nc3_rf2_ra2,21.473161847767532,0.816541670868059,0.3280961427029422,21.977269058629354,0.759165147434164,0.30583164615767594
RCCD_k4_nc3_rf2_ra2,39.4338350662302,0.737762272806945,0.3298854825548801,40.42555045344514,0.6575170542594445,0.26838580184187233
RCCD_k5_nc3_rf2_ra2,74.73721944441496,0.6116863855704904,0.2995738904422108,76.74266063847647,0.5109837002593732,0.2171971241737394
RCCD_k6_nc3_rf2_ra2,145.79861009192285,0.4039547789063848,0.1919805339886758,149.43851846029042,0.33236512854402156,0.13251219577394716
RCCD_k7_nc3_rf2_ra2,52.16076909282595,300.47139220000383,504.2292890161329,81.90639170998021,2.1697343767462094,2.7038062665620424
RCCD_k8_nc3_rf2_ra2,27.346363909662006,800.4023308040994,628.8436244488227,75.05568828987964,3.4778252590085823,2.5211046237524837
RCCD_k9_nc3_rf2_ra2,14.02549510852557,1500.3339690429987,1007.8615532727857,74.36962871272647,3.931191775872893,2.441644059527523
RCCD_k10_nc3_rf2_ra2,7.33973695742408,2400.2486941726856,1203.1087466413217,81.73639355262743,3.6377184057009457,2.042072376218196
SCCD_k3_nc3_rf2_ra2,22.239947966863646,0.8043825648759579,0.3316570579339178,22.778018492353315,0.745265276732308,0.29093686123645823
SCCD_k4_nc3_rf2_ra2,39.4338350662302,0.737762272806945,0.329160926504003,40.42555045344514,0.6575170542594445,0.2692250517640741
SCCD_k5_nc3_rf2_ra2,70.30277245860688,0.6565224290020986,0.32425605978805183,72.17453060356634,0.545661493255971,0.2376693459012919
SCCD_k6_nc3_rf2_ra2,127.25254310384231,0.5798469137371717,0.31794691290013577,130.96569786599997,0.426978212827274,0.20190357578310783
SCCD_k7_nc3_rf2_ra2,41.37780688627089,300.74552136564586,453.2098304409811,62.40116224822783,3.397514174091455,4.438293206831741
SCCD_k8_nc3_rf2_ra2,19.94083769297582,800.7407399932249,660.2002383555186,47.232082545371206,7.521138021737432,6.48672634642358
SCCD_k9_nc3_rf2_ra2,9.455639005243025,1500.7074248119068,1181.4465778180625,35.68296329368747,12.722112156822677,8.242040895702054
SCCD_k10_nc3_rf2_ra2,4.5989026633860846,2400.6442947594446,1109.6053492999274,27.409188217157492,18.799786637250676,10.504046974550555
FCCD_k3_nc5_rf2_ra2,13.920564955890976,1.0005574775528274,0.359764199705316,14.184952342398851,0.9699495830747955,0.34934183768103794
FCCD_k4_nc5_rf2_ra2,22.647976345754447,1.1486553748148514,0.3456324429761746,23.23691086123743,1.083171297148215,0.32884658389870225
FCCD_k5_nc5_rf2_ra2,38.92723862165772,1.2994550758005863,0.36233583118683643,40.454324660265435,1.1529275841615152,0.30736939653281237
FCCD_k6_nc5_rf2_ra2,69.46779514648291,1.465244668029985,0.35242020382056877,73.76744493503274,1.1551886976151675,0.28120742694423867
FCCD_k7_nc5_rf2_ra2,21.43757413870526,301.90477728052525,447.88229054850024,31.420764277930136,6.203115535926343,7.43620443031342
FCCD_k8_nc5_rf2_ra2,10.243640930224513,802.1592191078955,732.8625864940557,22.232519720532203,13.987029675274286,11.244473909318575
FCCD_k9_nc5_rf2_ra2,4.856711663011984,1502.3854852930788,986.6632496959038,15.637693093093924,24.81178370641412,14.489251010187429
FCCD_k10_nc5_rf2_ra2,2.3741567261775205,2402.5822125066993,1645.2899129015505,11.14878349547871,38.68900008768294,20.922964912749674
RCCD_k3_nc5_rf2_ra2,22.587514783004792,0.6400949693073437,0.2852923425746109,23.012069644779032,0.6146782488820735,0.28681566726062924
RCCD_k4_nc5_rf2_ra2,40.795366408667604,0.5722045095406669,0.24380110180072148,41.61381827974171,0.5380862104536817,0.22904229728506606
RCCD_k5_nc5_rf2_ra2,76.46003246258208,0.47313921958519395,0.18675379444233958,78.11410499022453,0.4281253296174802,0.18257824541737674
RCCD_k6_nc5_rf2_ra2,147.55777594825426,0.338698304666163,0.13769723324111424,150.75599506894457,0.29762963708704987,0.10825466600032652
RCCD_k7_nc5_rf2_ra2,52.486073013737936,300.44395961258994,473.75455611840806,82.33074482643822,2.150493182868674,2.37751149156762
RCCD_k8_nc5_rf2_ra2,27.429426467659898,800.3924851680796,739.1205786415791,75.25052796711424,3.470287552305281,2.3680424468770607
RCCD_k9_nc5_rf2_ra2,14.048578309062211,1500.3297484083512,971.4050954181546,74.47414584965775,3.9279084128334816,2.467629242157829
RCCD_k10_nc5_rf2_ra2,7.347114896024001,2400.2464586995966,1243.3517519123275,81.80416261226583,3.636111101331839,2.202914511002825
SCCD_k3_nc5_rf2_ra2,23.401392974693117,0.6278726036590947,0.31312677105274217,23.852970088752205,0.6018563555143918,0.2961893758079371
SCCD_k4_nc5_rf2_ra2,40.795366408667604,0.5722045095406669,0.24641503942618032,41.61381827974171,0.5380862104536817,0.22612910760741736
SCCD_k5_nc5_rf2_ra2,72.02838793004723,0.4975426912753545,0.19516060980158584,73.54793854328402,0.45064660758067365,0.1607440685103456
SCCD_k6_nc5_rf2_ra2,129.58823875210206,0.4252551510700563,0.1912202866153407,132.57100927022066,0.3585555825029911,0.13644654717067048
SCCD_k7_nc5_rf2_ra2,41.96735578449474,300.59406548146967,473.5068809498241,63.07795469001297,3.3096788728584547,4.6637532158066515
SCCD_k8_nc5_rf2_ra2,20.167819121762072,800.5916363061312,641.7089343775397,47.637812961466594,7.435597893473526,6.7836250884507505
SCCD_k9_nc5_rf2_ra2,9.543613295084901,1500.5601509381959,886.6699903196615,35.93113296566245,12.63882621260526,6.869906641066881
SCCD_k10_nc5_rf2_ra2,4.634532581722503,2400.4984849422285,1225.7627647669703,27.56630284259719,18.718764736650286,9.576901501609854
FCCD_k3_nc7_rf2_ra2,14.178179659692868,0.976219182965553,0.35266943642710047,14.443653421463074,0.9465582545754644,0.343039624752337
FCCD_k4_nc7_rf2_ra2,22.85408664012886,1.1366569822843802,0.3365848427819561,23.444333495338938,1.0716550423405675,0.3377312068597037
FCCD_k5_nc7_rf2_ra2,39.12667983050694,1.2924216269157793,0.3426554766939557,40.65508014488053,1.1462897770202753,0.31706895603679097
FCCD_k6_nc7_rf2_ra2,69.68792076941244,1.4606298021948267,0.3762712717403889,73.98854999699574,1.1510126827727913,0.2940586346604139
FCCD_k7_nc7_rf2_ra2,21.482754364915984,301.90144852951454,450.1258733154679,31.488143493551902,6.196045695772767,7.208258697955602
FCCD_k8_nc7_rf2_ra2,10.258672266701286,802.1567388393861,736.4283343557946,22.267436418811887,13.976424626264393,9.180818747651795
FCCD_k9_nc7_rf2_ra2,4.861870863402762,1502.3835688746065,876.847989026954,15.65652468053175,24.797316731717828,14.696778363380316
FCCD_k10_nc7_rf2_ra2,2.376040771307373,2402.58068886936,1138.4842015326249,11.1594483616511,38.670663848604534,18.951497276590242
RCCD_k3_nc7_rf2_ra2,23.355539089576133,0.5639441538438474,0.3236645324242855,23.74686167396068,0.5479573240036304,0.3093731519663444
RCCD_k4_nc7_rf2_ra2,41.71882526984591,0.5010825488213831,0.23407937107654953,42.46052023327533,0.4808609915501658,0.2593004238697141
RCCD_k5_nc7_rf2_ra2,77.64268060903264,0.4109432324347347,0.16699121872902603,79.12722941413269,0.3845258077665893,0.1601140892617196
RCCD_k6_nc7_rf2_ra2,148.88621194130624,0.3024078089767298,0.11929382070676467,151.82134004618123,0.2753186302751752,0.11869965252545105
RCCD_k7_nc7_rf2_ra2,52.75322186672202,300.42569179468774,471.38156394791326,82.69086727778327,2.136649052200666,2.307388906962699
RCCD_k8_nc7_rf2_ra2,27.502710830521554,800.3848674015516,693.73836322313,75.42592331202269,3.4641239309187766,3.0677702874529804
RCCD_k9_nc7_rf2_ra2,14.069779212486496,1500.3261996348137,968.4948590327122,74.57156014409377,3.925028680711922,2.5536709186537694
RCCD_k10_nc7_rf2_ra2,7.354040616453376,2400.2444927853026,1414.725010757518,81.86860394387318,3.634648697965828,1.8304834940571333
SCCD_k3_nc7_rf2_ra2,24.200341838402075,0.5520337286796186,0.3100950626884258,24.615750674888197,0.5357349206781418,0.28804260854415414
SCCD_k4_nc7_rf2_ra2,41.71882526984591,0.5010825488213831,0.24061457540952919,42.46052023327533,0.4808609915501658,0.21736801689942412
SCCD_k5_nc7_rf2_ra2,73.18937203697806,0.42925304984431123,0.15378351617882266,74.5456557126882,0.40242837174371043,0.16266867988376638
SCCD_k6_nc7_rf2_ra2,131.15176092978513,0.3588545534535906,0.1387766684261017,133.77885015379462,0.32080829740082406,0.11143363622121841
SCCD_k7_nc7_rf2_ra2,42.36067344662826,300.52901474746363,411.831816638039,63.57022006962801,3.2638073119611297,4.2358438994354906
SCCD_k8_nc7_rf2_ra2,20.31889261408982,800.5275980139043,681.1701040139368,47.93387037611204,7.389992951715929,5.848677963332063
SCCD_k9_nc7_rf2_ra2,9.602066357014817,1500.49690019385,945.362568164851,36.11287599544455,12.593627359728956,7.321323282651272
SCCD_k10_nc7_rf2_ra2,4.65817577489438,2400.4358642948405,1212.648051037584,27.68179698263675,18.674129662277107,9.350716601608335
FCCD_k3_nc10_rf2_ra2,14.499629944215606,0.9519317939088475,0.3664727626837198,14.768439381149715,0.9228840998758969,0.3420047455457482
FCCD_k4_nc10_rf2_ra2,23.12143513933445,1.1234612480520838,0.3373440118588694,23.714891980636533,1.0587980724030237,0.32678980111161354
FCCD_k5_nc10_rf2_ra2,39.392249203584434,1.2841999806908868,0.3496736679116707,40.92398288422912,1.1383993070792786,0.3257659452070172
FCCD_k6_nc10_rf2_ra2,69.98648042392684,1.4550090756879743,0.35478203129971414,74.29054810350249,1.1458289768316754,0.29047328659586474
FCCD_k7_nc10_rf2_ra2,21.54484321701881,301.8972766148496,387.25861109995054,31.58133790600479,6.186209976378247,7.617631997341374
FCCD_k8_nc10_rf2_ra2,10.279545320751613,802.1535604301769,640.5374091001013,22.31635472983496,13.96104292678035,10.296760345576422
FCCD_k9_nc10_rf2_ra2,4.869094500033927,1502.3810699217943,1081.10549268172,15.68318667582043,24.77599549137021,14.751862945494768
FCCD_k10_nc10_rf2_ra2,2.378696420501337,2402.578674138642,1389.5534551924723,11.174678103542378,38.643444787498794,21.299260601719652
RCCD_k3_nc10_rf2_ra2,24.199781667304833,0.5066202395603684,0.30728405508937856,24.56876890837511,0.4958282655009011,0.2957505395071358
RCCD_k4_nc10_rf2_ra2,42.721193930010415,0.44767448537852284,0.2362765983294852,43.40623214580897,0.43520539456916113,0.22012176076714093
RCCD_k5_nc10_rf2_ra2,78.93229538139565,0.36312117216064793,0.164729160774713,80.28263450359867,0.347703231479778,0.16283366212149708
RCCD_k6_nc10_rf2_ra2,150.4220988407455,0.270631975914409,0.11294912430382333,153.1164537940527,0.2536500745012935,0.10648518666003758
RCCD_k7_nc10_rf2_ra2,53.08188797202521,300.40744040984083,462.113579124028,83.14646848623167,2.121798207586747,2.4861579554549382
RCCD_k8_nc10_rf2_ra2,27.59868253720119,800.3762038525454,675.8594285373326,75.66019231219012,3.45668389610923,2.362685913200323
RCCD_k9_nc10_rf2_ra2,14.098660221253228,1500.3218227125533,848.980516476317,74.70634626632742,3.9213023475918236,2.408190164094021
RCCD_k10_nc10_rf2_ra2,7.36369392987607,2400.2419515281517,1193.041482100677,81.95971431808098,3.6326828830252342,2.1111419087062457
SCCD_k3_nc10_rf2_ra2,25.077654839967167,0.49507883680472153,0.29875611116401446,25.468612639467544,0.484119275366687,0.29522497368928075
SCCD_k4_nc10_rf2_ra2,42.721193930010415,0.44767448537852284,0.2544665193357166,43.40623214580897,0.43520539456916113,0.22828769664151874
SCCD_k5_nc10_rf2_ra2,74.44125469483407,0.3779744320014577,0.17253563194449995,75.67132622906291,0.36261648979019273,0.17180507857153893
SCCD_k6_nc10_rf2_ra2,132.83074078403592,0.3089960725140775,0.10449484462741135,135.17194517978342,0.28793307902159204,0.10424922238830046
SCCD_k7_nc10_rf2_ra2,42.781872346020926,300.48017100294544,345.4753229713,64.12563105710773,3.22467126849052,3.931815453776792
SCCD_k8_nc10_rf2_ra2,20.48036319404938,800.479515323221,743.2504455416317,48.26873080273979,7.350095644271343,6.475971023870213
SCCD_k9_nc10_rf2_ra2,9.664454530728584,1500.449409485196,970.0049827018489,36.319004859640316,12.553288349832656,9.27807584833393
SCCD_k10_nc10_rf2_ra2,4.683384064706434,2400.388847204076,1279.7770046222952,27.813155670835975,18.63367143913174,9.64336845315191
FCCD_k3_nc1_rf3_ra2,17.19185748495182,0.975899182393483,0.3018900440339058,17.634286889321235,0.9283776277718175,0.29029425921084495
FCCD_k4_nc1_rf3_ra2,29.496533074384896,1.0854934128041418,0.31590570793405165,30.53958439343852,0.9919626459124462,0.28753780623355185
FCCD_k5_nc1_rf3_ra2,52.12367419708049,1.2422538390184774,0.33937298086134754,54.95053449016662,1.03784668234864,0.27784157086512645
FCCD_k6_nc1_rf3_ra2,94.6255387446807,1.4230193259820074,0.36333628417821773,102.73379727810129,1.0083260856138023,0.24011618004299357
FCCD_k7_nc1_rf3_ra2,28.483747653273998,301.7933225223984,556.8246300288473,43.63735342410073,4.545980821762714,5.370457151641344
FCCD_k8_nc1_rf3_ra2,13.212288790794169,802.0417283690927,738.9062429212743,31.082031805647826,9.847436148722661,7.176413349865457
FCCD_k9_nc1_rf3_ra2,6.069665710212292,1502.2727555797742,1065.3346242941286,21.978654506449814,17.189799238287574,9.237346650340257
FCCD_k10_nc1_rf3_ra2,2.876262456071104,2402.4849456909355,1323.550350556557,15.738978158007146,26.577374556802713,12.327673627177646
RCCD_k3_nc1_rf3_ra2,24.15638120421258,1.575249968443545,0.9565986335696788,25.389321383017226,1.1495514573686265,0.6428386916020575
RCCD_k4_nc1_rf3_ra2,47.463358223842505,1.4727867053114048,0.98370028882148,50.00840527136798,0.8993118761488021,0.5291039471994013
RCCD_k5_nc1_rf3_ra2,94.82999920896782,1.105954729828327,0.7720657305453434,99.61175411374919,0.5938605045109103,0.34563455979131236
RCCD_k6_nc1_rf3_ra2,193.7950854044621,0.48585266497097807,0.30520214276793567,200.5901193293514,0.31194757649575366,0.15120064521737506
RCCD_k7_nc1_rf3_ra2,67.31457872691998,300.39003679725204,521.9644795859224,107.11018463263412,1.8103917685715782,2.584946071383242
RCCD_k8_nc1_rf3_ra2,34.243759321694846,800.2997569609558,667.0848034476473,95.606354592635725,3.0390402452416034,2.3582018933138515
RCCD_k9_nc1_rf3_ra2,16.975795279000142,1500.241592314858,877.4748408872535,91.37159058948352,3.5877024300713414,2.4912254084743415
RCCD_k10_nc1_rf3_ra2,8.589716174100428,2400.1802763774645,1418.7070598958042,96.62618961779957,3.4286236404394375,2.0552518730909677
SCCD_k3_nc1_rf3_ra2,24.9029516265198,1.5887856263877798,0.9860659964291612,26.22236742475532,1.1400870903181082,0.6510520462741072
SCCD_k4_nc1_rf3_ra2,47.463358223842505,1.4727867053114048,0.9816380079399486,50.00840527136798,0.8993118761488021,0.5232725765141575
SCCD_k5_nc1_rf3_ra2,88.77818517155403,1.3747396352818564,0.9594045828398582,93.73463911787464,0.665134165015924,0.3966430526275945
SCCD_k6_nc1_rf3_ra2,166.04482829078609,1.2945988260654693,0.9217070364632539,175.8643032854083,0.4573952850813013,0.26483434345209916
SCCD_k7_nc1_rf3_ra2,52.53463150615465,301.390007982982,483.52560828621654,82.24998854925379,2.832960093528976,3.1605439659511645
SCCD_k8_nc1_rf3_ra2,24.68611944903166,801.3734195367397,699.0791016231057,61.839837314757894,6.087780910675218,4.678235877876318
SCCD_k9_nc1_rf3_ra2,11.382136406834848,1501.34103374932,1005.3080744543023,46.2176680769376,10.287750136926908,8.17419514187849
SCCD_k10_nc1_rf3_ra2,5.381640022397784,2401.2910334680832,1310.4149364538732,35.03295981180919,15.292469944779834,8.592877054313766
FCCD_k3_nc3_rf3_ra2,17.688749656145387,0.9183943118691161,0.29445984729560426,18.120762864933187,0.8764408137199229,0.2854237763651748
FCCD_k4_nc3_rf3_ra2,29.86300332015006,1.0634495981024932,0.3107399707624262,30.90015530267793,0.9721477846951063,0.2732701415322539
FCCD_k5_nc3_rf3_ra2,52.4628467644888,1.2309806000774939,0.3146802973391855,55.283808009504334,1.0280489934713164,0.2806639504442898
FCCD_k6_nc3_rf3_ra2,94.9895676784142,1.4162367135599767,0.3641961537578942,103.08857733640359,1.0028395061525028,0.24094543796371878
FCCD_k7_nc3_rf3_ra2,28.55433319012571,301.78874194613786,394.6642419362173,43.74339682476088,4.539969831195322,5.2775530861989
FCCD_k8_nc3_rf3_ra2,13.234574292910581,802.0384650437708,635.4153722062257,31.135380021075832,9.840614565704003,7.071870457960567
FCCD_k9_nc3_rf3_ra2,6.076951147137905,1502.2703182236496,926.7914575030292,22.00662285336371,17.181730211018145,9.817701603231455
FCCD_k10_nc3_rf3_ra2,2.878807127308171,2402.483058617716,1257.659422738433,15.754401736516055,26.567893830604593,12.347656298388765
RCCD_k3_nc3_rf3_ra2,26.89048023525811,0.7245856737090456,0.32835457770011206,27.59454761526233,0.657366111619404,0.2814951067534043
RCCD_k4_nc3_rf3_ra2,51.04195102565017,0.6531692637655249,0.3306554671889629,52.48557863535694,0.5569092567154919,0.252953147208299
RCCD_k5_nc3_rf3_ra2,99.16596883516793,0.541613834735073,0.300264586180842,102.16534109741809,0.42202225978234087,0.20015014161168757
RCCD_k6_nc3_rf3_ra2,197.19035979291243,0.3469413937980162,0.18496346233281555,202.62928310841193,0.26551514160489187,0.11921787184577617
RCCD_k7_nc3_rf3_ra2,67.78340632073062,300.3555325738125,463.26597555717706,107.6948085260103,1.7890304923179976,2.251500553505678
RCCD_k8_nc3_rf3_ra2,34.34081290252624,800.2911179801764,613.9567250602825,95.83571918650263,3.0325808148999673,2.700233371211252
RCCD_k9_nc3_rf3_ra2,16.999117512382284,1500.2386347750416,987.993342042103,91.48062749111769,3.5852846760705948,2.4201311753972727
RCCD_k10_nc3_rf3_ra2,8.596434153380262,2400.178918763791,1389.2969494577135,96.69102392507463,3.427536356571341,1.805907948837449
SCCD_k3_nc3_rf3_ra2,27.77028382353219,0.7155140988934049,0.3302320876420106,28.513787677110372,0.6464071429963103,0.28270773967861096
SCCD_k4_nc3_rf3_ra2,51.04195102565017,0.6531692637655249,0.32850186117859687,52.48557863535694,0.5569092567154919,0.2547745416723003
SCCD_k5_nc3_rf3_ra2,93.5108898380541,0.5873797479194647,0.31845906083631664,96.39215554402311,0.4527200686805361,0.21725021554843577
SCCD_k6_nc3_rf3_ra2,172.6416950700581,0.5287703825566626,0.32607860787338705,178.6195283933502,0.34527655386521044,0.16715668980508422
SCCD_k7_nc3_rf3_ra2,54.15116931826609,300.63957326657015,470.28002447440366,83.56584155139454,2.6414794225696085,3.9276759169452853
SCCD_k8_nc3_rf3_ra2,25.292029331317494,800.6345355831963,820.4913165285637,62.61792639671377,5.905098069822768,5.272923114410575
SCCD_k9_nc3_rf3_ra2,11.610225554172684,1500.6111375602054,1090.078545287628,46.68516815208144,10.113275228283273,5.706204349982375
SCCD_k10_nc3_rf3_ra2,5.471367048631476,2400.568329909247,1365.5321982298822,35.323006353377735,15.125698184823554,7.835632585373586
FCCD_k3_nc5_rf3_ra2,18.0849059386456,0.8837389761530599,0.29501829810908675,18.513173751465114,0.8443260439121476,0.28617933206773855
FCCD_k4_nc5_rf3_ra2,30.17562555435536,1.0477818304157953,0.30995374252813995,31.210659690219952,0.9577570138929589,0.2907003676157227
FCCD_k5_nc5_rf3_ra2,52.763136474307316,1.2222540722134154,0.3318596357280939,55.581694534081066,1.0202938326846616,0.2978636509171917
FCCD_k6_nc5_rf3_ra2,95.31943387246822,1.4107089366837033,0.37091859653696396,103.4135940719706,0.9982549218296645,0.252475553766685
FCCD_k7_nc5_rf3_ra2,28.619294800455137,301.7848809855744,469.8171886887729,43.841604130104685,4.53458599379863,4.449618168737317
FCCD_k8_nc5_rf3_ra2,13.255321886119331,802.0356459440108,738.4412955299767,31.185392290221497,9.834190891953783,7.347691962868151
FCCD_k9_nc5_rf3_ra2,6.08379346797479,1502.2681734272742,927.1328027429819,22.033096896353307,17.173929514137956,11.941843428462489
FCCD_k10_nc5_rf3_ra2,2.8812135012064153,2402.481374038434,1335.276542199656,15.769115197082936,26.55860290174876,13.904998932844407
RCCD_k3_nc5_rf3_ra2,28.28464123888675,0.5489671979309192,0.21951368602198734,28.86011383077592,0.5205346684220483,0.20285064964416866
RCCD_k4_nc5_rf3_ra2,52.804275572207686,0.48761064118302716,0.19824534917361594,53.9620608692972,0.4474778726299117,0.16890089133179087
RCCD_k5_nc5_rf3_ra2,101.43734496053268,0.404447710538645,0.1836451371481615,103.85924863467335,0.35049930670389523,0.14203787259600126
RCCD_k6_nc5_rf3_ra2,199.49805968348522,0.2852745368324408,0.135804961093962,204.23116567884608,0.23745102904997334,0.09598631193582455
RCCD_k7_nc5_rf3_ra2,68.16054542050598,300.3335230338588,505.23241853009677,108.18672524962946,1.773980235774393,2.394219272910299
RCCD_k8_nc5_rf3_ra2,34.42712074930467,800.284324450097,699.3072447226365,96.04373484580907,3.027229288061956,2.410214888400493
RCCD_k9_nc5_rf3_ra2,17.020830396265104,1500.2360782692965,896.9058440542958,91.5833230926544,3.5831183388594146,1.9551210891691269
RCCD_k10_nc5_rf3_ra2,8.602827313051518,2400.177691159574,1179.8496027064102,96.75327423687258,3.4265264679744036,1.7462110577014998
SCCD_k3_nc5_rf3_ra2,29.220541567047352,0.5390018117594149,0.20755338343996352,29.825486782481423,0.5100121836286069,0.21169640305418885
SCCD_k4_nc5_rf3_ra2,52.804275572207686,0.48761064118302716,0.1989737098353901,53.9620608692972,0.4474778726299117,0.1682086952473903
SCCD_k5_nc5_rf3_ra2,95.8061597406677,0.42839966325409357,0.19635532220813198,98.09418670920053,0.37092312739574945,0.14952809274566375
SCCD_k6_nc5_rf3_ra2,175.8104997593362,0.37417847683881666,0.1928863761689726,180.55848902496322,0.2916424473776673,0.12472147820182512
SCCD_k7_nc5_rf3_ra2,54.922712436754026,300.48811723113147,474.24495953887714,84.41072562176105,2.565482949557925,3.1414221965927824
SCCD_k8_nc5_rf3_ra2,25.579921998456324,800.48543178857,658.7094792236949,63.120047623883636,5.831105410948909,5.193583587488179
SCCD_k9_nc5_rf3_ra2,11.718245894909764,1500.4638636073914,935.9772042903757,46.988647292327535,10.041193580530805,5.424540094248343
SCCD_k10_nc5_rf3_ra2,5.51375636958148,2400.422520032228,1260.3752160510082,35.512488698904406,15.055487895671492,7.7753170197207355
FCCD_k3_nc7_rf3_ra2,18.415621957585344,0.8605715623750073,0.28933267508758675,18.843397658233407,0.8224675508347064,0.2785735437357334
FCCD_k4_nc7_rf3_ra2,30.448583337250454,1.0360732837165558,0.3149475348147552,31.483738286275056,0.9468136697561182,0.28466986786754506
FCCD_k5_nc7_rf3_ra2,53.0327077091124,1.215298857290932,0.32359555467172924,55.851181241573016,1.0139944334761815,0.2706841643183356
FCCD_k6_nc7_rf3_ra2,95.62109296813418,1.406117249233642,0.3428115379885929,103.71356269159055,0.9943632353079443,0.24488179516629421
FCCD_k7_nc7_rf3_ra2,28.679473025513627,301.7815824120169,400.5985990058997,43.93309928521547,4.529698041829841,4.77196319541436
FCCD_k8_nc7_rf3_ra2,13.274732164682979,802.0331861437528,667.4238465302064,31.23248873018458,9.82809223714003,8.933603096218073
FCCD_k9_nc7_rf3_ra2,6.090243915658362,1502.2662714983496,1044.0106357819495,22.058244252063762,17.166353614532696,10.699226316837812
FCCD_k10_nc7_rf3_ra2,2.88349593683035,2402.479861019596,1522.585488813213,15.783190314186601,26.54947423992542,15.332982996856911
RCCD_k3_nc7_rf3_ra2,29.245788922584175,0.4731229979446863,0.22237612689574823,29.76516839928814,0.4562827309799113,0.20111829101282389
RCCD_k4_nc7_rf3_ra2,53.99957249452941,0.4164883108717487,0.1821384405956814,55.02698523612331,0.39360112131725683,0.16386056199344243
RCCD_k5_nc7_rf3_ra2,102.99967993404275,0.34260203572556674,0.13464939056623076,105.1344721779496,0.31129559774927384,0.11337362971656433
RCCD_k6_nc7_rf3_ra2,201.253654468278,0.25043878963025,0.10530839752690345,205.55251743357695,0.21865549596317177,0.07997272908873931
RCCD_k7_nc7_rf3_ra2,68.47635165600954,300.3182617558223,466.6993375469252,108.61173258794645,1.7627642106251515,2.1202254472324418
RCCD_k8_nc7_rf3_ra2,34.504846538488245,800.2788421007493,573.2651561726997,96.234118081585,3.0227063514319914,2.281373303286911
RCCD_k9_nc7_rf3_ra2,17.041143449694403,1500.233846408089,993.5308061139386,91.68039431810526,3.581161655108199,2.0597310428625706
RCCD_k10_nc7_rf3_ra2,8.608925829658117,2400.176575742966,1272.6177584774805,96.81314481514609,3.4255849173416384,1.9102824908886822
SCCD_k3_nc7_rf3_ra2,30.218162441691973,0.4631619361660356,0.2109750452085374,30.762709089741897,0.4460925749739986,0.20161237500398133
SCCD_k4_nc7_rf3_ra2,53.99957249452941,0.4164883108717487,0.17170164705384675,55.02698523612331,0.39360112131725683,0.1617464899832963
SCCD_k5_nc7_rf3_ra2,97.35040405533167,0.3601098726258988,0.14076299190449781,99.35533177860813,0.32759594600280856,0.11606593172414864
SCCD_k6_nc7_rf3_ra2,177.9317078090523,0.3077778177107759,0.13402646756045095,182.05984689011984,0.26019798290999263,0.09891620125485112
SCCD_k7_nc7_rf3_ra2,55.4374475785992,300.4230664320872,480.7015148622193,85.03654009240682,2.524428652721026,3.105771889264943
SCCD_k8_nc7_rf3_ra2,25.77153657630293,800.4213934501097,627.3633546904845,63.49284624205079,5.790527470850189,4.636546293545975
SCCD_k9_nc7_rf3_ra2,11.790018223846157,1500.4006128290368,968.8324497804726,47.21460818654843,10.001115688243708,8.522536541731332
SCCD_k10_nc7_rf3_ra2,5.5418849466493505,2400.35989935913,1417.5569307215849,35.65400862012707,15.015968754190903,7.875134226123236
FCCD_k3_nc10_rf3_ra2,18.82909087010094,0.8373528653961987,0.28721931700526054,19.259238302801887,0.800188041799615,0.28580437527917246
FCCD_k4_nc10_rf3_ra2,30.802925705068784,1.0231741971931823,0.2968366179463278,31.840732804788026,0.9345379849111856,0.2810053523714335
FCCD_k5_nc10_rf3_ra2,53.3917716626299,1.2071633708349967,0.3299495100098225,56.2129413928426,1.006474978336558,0.2806542111520225
FCCD_k6_nc10_rf3_ra2,96.03028707267387,1.4005233590312733,0.3371247616223423,104.12436957569642,0.989510021034982,0.25060742625235083
FCCD_k7_nc10_rf3_ra2,28.762188573676138,301.7774467085393,427.91042000676947,44.05967231791794,4.523090592308571,4.8382513685075175
FCCD_k8_nc10_rf3_ra2,13.301690103193412,802.0300329803512,622.4297632166928,31.298405132797935,9.819434661988113,7.7493596194068015
FCCD_k9_nc10_rf3_ra2,6.099276622915085,1502.2637908066908,979.7578430086611,22.09377988160877,17.15533777959219,9.507964949232619
FCCD_k10_nc10_rf3_ra2,2.886713473209403,2402.4778599053443,1508.1517669471125,15.803238036895534,26.53603777823801,15.26754907059421
RCCD_k3_nc10_rf3_ra2,30.302487637429667,0.4160096588131502,0.20776678852569183,30.781622648129947,0.405611459148505,0.21324191829750605
RCCD_k4_nc10_rf3_ra2,55.29700785055397,0.363079969715646,0.1746849797635067,56.22516659122416,0.34992556929127905,0.15989672561590185
RCCD_k5_nc10_rf3_ra2,104.70526013779217,0.29493507849980477,0.12365169341274948,106.60711087542349,0.2772976151516222,0.12790909334042896
RCCD_k6_nc10_rf3_ra2,203.29378928332187,0.21961228996933857,0.07903530897480567,207.1845596161084,0.1997905216110824,0.07668495960821417
RCCD_k7_nc10_rf3_ra2,68.87118144800702,300.3025030327929,424.7903565906214,109.15793114693561,1.7503777260713234,2.088044783529183
RCCD_k8_nc10_rf3_ra2,34.60866194630737,800.2723516748416,646.8651434330441,96.49262541865006,3.017069768776698,2.7414720142395743
RCCD_k9_nc10_rf3_ra2,17.069354114380133,1500.2309838156248,940.1371917078618,91.8167456801001,3.5785493935225854,2.200205764291063
RCCD_k10_nc10_rf3_ra2,8.61757741930004,2400.17508148656,1303.9141912379143,96.89887889511515,3.4242841983488495,1.8963924396104395
SCCD_k3_nc10_rf3_ra2,31.313634013338305,0.4062062923313137,0.21092189180312823,31.81473153872277,0.3957410442009561,0.2081204514858181
SCCD_k4_nc10_rf3_ra2,55.29700785055397,0.363079969715646,0.1564545205523289,56.22516659122416,0.34992556929127905,0.17201338975479474
SCCD_k5_nc10_rf3_ra2,99.01555404892456,0.3088311426839497,0.122151653948638,100.79638846426914,0.2908489091370099,0.11781509029716446
SCCD_k6_nc10_rf3_ra2,180.20955562848374,0.2579192905569201,0.09708858894573577,183.8265546998493,0.23164712110083094,0.07764815209080188
SCCD_k7_nc10_rf3_ra2,55.988670918297615,300.3742226387068,443.27334240470907,85.75086832413709,2.488838819021504,3.2310332132214032
SCCD_k8_nc10_rf3_ra2,25.976338335651743,800.3733107246928,758.201126963708,63.919142432326325,5.7547119003302285,4.748500946087652
SCCD_k9_nc10_rf3_ra2,11.866622329402608,1500.3531220948337,956.0903745005758,47.473562787301134,9.965190856104892,8.801777284086644
SCCD_k10_nc10_rf3_ra2,5.57187553707643,2400.312882249051,1312.8096007441984,35.81657436207421,14.980086659567187,9.427953159291365
FCCD_k3_nc1_rf1_ra3,10.128444948542226,1.1776322486914605,0.6196974891953393,10.2772642748925,1.1563252354293727,0.6700370172213024
FCCD_k4_nc1_rf1_ra3,15.617839486940449,1.1743933870649492,0.4709066495620609,15.860063739139099,1.1498762819814292,0.4498954784858738
FCCD_k5_nc1_rf1_ra3,25.615130058190594,1.1801829658332912,0.37983866092838614,26.11922369482874,1.1370927615570625,0.418554000566368
FCCD_k6_nc1_rf1_ra3,44.15279318918578,1.2011141877547566,0.3092065301638828,45.38877229350294,1.1131202516230005,0.2966823738720455
FCCD_k7_nc1_rf1_ra3,14.29311301058389,301.740659101133,366.5105668743238,19.564135577357284,10.123081627953965,13.296156523451993
FCCD_k8_nc1_rf1_ra3,7.157917855744114,801.92093042594,622.5221507575613,13.677399419644026,24.56405010396012,17.11402808171445
FCCD_k9_nc1_rf1_ra3,3.566669986192511,1502.0433728768394,885.6204198208203,9.51971688695255,44.86790280052903,28.428525721164732
FCCD_k10_nc1_rf1_ra3,1.8310914952693902,2402.105676621166,1248.9374722402256,6.723625137273089,71.10172115235443,34.48644142666008
RCCD_k3_nc1_rf1_ra3,16.360473074452337,1.867141933922058,0.9641624595798426,17.15033819510264,1.492541452064609,0.70427372897736
RCCD_k4_nc1_rf1_ra3,28.364006729829946,1.7467743626048546,0.9766795438407658,29.75177240916887,1.2702409438805236,0.614279655372401
RCCD_k5_nc1_rf1_ra3,51.368968563725815,1.3544458566981232,0.7906709798613559,53.73648320333589,0.9221595378816333,0.4346055935467189
RCCD_k6_nc1_rf1_ra3,97.36346264709708,0.6766870675230254,0.31845324269724434,100.65589698475306,0.5316170000715427,0.21111657869146222
RCCD_k7_nc1_rf1_ra3,38.23202673715819,300.8265660640913,435.8223441796828,61.87372250447412,2.2573608301535675,2.383186988723921
RCCD_k8_nc1_rf1_ra3,21.216595860897026,800.7101766646733,668.7426969920349,62.159871619402885,3.102186017594916,2.483086149003567
RCCD_k9_nc1_rf1_ra3,11.499835808736561,1500.5897237813717,981.3361716443854,68.19052788326495,3.1953154977404723,1.8717346661218792
RCCD_k10_nc1_rf1_ra3,6.33725604783469,2400.4307343070873,1315.0205486509399,82.66208240571007,2.777684461220955,1.4124384195134745
SCCD_k3_nc1_rf1_ra3,17.05756120657245,1.855426837147291,0.9850752127932844,17.930981241318165,1.461749709212752,0.6995916924722656
SCCD_k4_nc1_rf1_ra3,28.364006729829946,1.7467743626048546,0.9777984248466667,29.75177240916887,1.2702409438805236,0.6077607098397477
SCCD_k5_nc1_rf1_ra3,47.52936591959344,1.6086831987388794,0.9582731985738892,49.73734186726742,1.0405482635188024,0.5110194800826048
SCCD_k6_nc1_rf1_ra3,81.74923264597841,1.472353161546686,0.9664926457376598,85.43564048801609,0.8015862013111734,0.3948554109057548
SCCD_k7_nc1_rf1_ra3,28.9373354295996,301.7623290658242,441.8468506433234,44.044857308511105,4.198724518701018,4.785590611507793
SCCD_k8_nc1_rf1_ra3,14.68934875082997,801.7425333989501,708.7024018049383,34.996996996603144,8.396627378361554,6.297959374758999
SCCD_k9_nc1_rf1_ra3,7.342725416579613,1501.666494307171,875.0366657931747,27.93995618056868,13.386082719717772,7.951833794249845
SCCD_k10_nc1_rf1_ra3,3.756987574030761,2401.531500836036,1746.9222213444452,22.736892361319512,18.937615814119138,11.143655970114413
FCCD_k3_nc3_rf1_ra3,10.373176897126253,1.1302970422579495,0.6616004863752493,10.521865224072812,1.1111088758366896,0.5798274602892594
FCCD_k4_nc3_rf1_ra3,15.763797230390924,1.1607915608709147,0.514097502844695,16.007076000003806,1.1366508895451373,0.5490831811927224
FCCD_k5_nc3_rf1_ra3,25.734394751964636,1.174173746746186,0.3707357892004234,26.23958632746465,1.131232282053241,0.38832740230030877
FCCD_k6_nc3_rf1_ra3,44.27144925412135,1.1977433959052113,0.3109906608004347,45.508481389775774,1.1098600257512907,0.2853060629141029
FCCD_k7_nc3_rf1_ra3,14.317907362331196,301.73833984402575,420.4355948451131,19.600702393628012,10.107543995402361,12.882546500441103
FCCD_k8_nc3_rf1_ra3,7.16631420022621,801.9193043568567,839.8867483825886,13.696596020124032,24.53374853019881,18.46049192414223
FCCD_k9_nc3_rf1_ra3,3.5696323492473248,1502.0421734089668,1145.0731144378474,9.530378986985246,44.8220731177181,25.046900946884556
FCCD_k10_nc3_rf1_ra3,1.8322080581700444,2402.104757178937,1405.8150877598293,6.7298893733620995,71.04054430129948,37.77150693353999
RCCD_k3_nc3_rf1_ra3,18.220765365627262,0.9987800893899316,0.490444600764643,18.730203773032915,0.9324281497183902,0.4542593848777623
RCCD_k4_nc3_rf1_ra3,30.502566617289123,0.9271645405557772,0.39004630729940654,31.392115434136205,0.8444447996447367,0.363289589053596
RCCD_k5_nc3_rf1_ra3,53.763942086284,0.7738920611158744,0.2985625728921635,55.38455734081284,0.6782041511636858,0.30372716091441676
RCCD_k6_nc3_rf1_ra3,99.15073335211525,0.5272403100300559,0.21919102780370076,101.92150824956215,0.462039333380824,0.20451125428812156
RCCD_k7_nc3_rf1_ra3,38.616486637109425,300.7563333794783,472.6111768611934,62.32659654474684,2.220148271147983,2.5549122252183007
RCCD_k8_nc3_rf1_ra3,21.323657571850045,800.6833630753576,640.3619320865487,62.38875180279322,3.0878079515384145,2.258659072897067
RCCD_k9_nc3_rf1_ra3,11.53308400968583,1500.5768073342551,974.6939964328751,68.32762119941395,3.1890228282038833,2.049461840203206
RCCD_k10_nc3_rf1_ra3,6.349000885542067,2400.423168247475,1284.3140624406808,82.75803136586019,2.774706381685551,1.3767057157684717
SCCD_k3_nc3_rf1_ra3,19.021573299029928,0.9821707182601784,0.4515965306477502,19.582345877663155,0.913112826024875,0.4547631733024081
SCCD_k4_nc3_rf1_ra3,30.502566617289123,0.9271645405557772,0.40454926523693086,31.392115434136205,0.8444447996447367,0.41236032523720223
SCCD_k5_nc3_rf1_ra3,50.0631241352994,0.8213272210691304,0.33038637063741116,51.46145185968804,0.7207471526821801,0.29023033549157445
SCCD_k6_nc3_rf1_ra3,84.99708328703844,0.7065266613527326,0.3240236261271255,87.31150233777196,0.5795115223923375,0.2181024885604192
SCCD_k7_nc3_rf1_ra3,29.827763246078092,301.0118957987263,494.08736349883685,44.866407655210715,3.9364640101210115,5.002552529649586
SCCD_k8_nc3_rf1_ra3,15.049892319881444,801.0036504003122,732.72617859852,35.50030269018391,8.156189187645648,5.982543906053189
SCCD_k9_nc3_rf1_ra3,7.48986791466912,1500.9365987704675,944.4461204037583,28.257152960278262,13.164789236653707,7.709294353881086
SCCD_k10_nc3_rf1_ra3,3.819627089481677,2400.808797735916,1297.3625003235054,22.94463981370038,18.73326473703365,10.332420512493256
FCCD_k3_nc5_rf1_ra3,10.574896024951233,1.0995466305525525,0.6236034020840715,10.724697312357588,1.08139176834325,0.5909567079866059
FCCD_k4_nc5_rf1_ra3,15.892983541604773,1.1503243724532153,0.5309362585600356,16.13765933173307,1.126394746007663,0.48644586035455184
FCCD_k5_nc5_rf1_ra3,25.843535633838087,1.1691865626152445,0.37408311833240643,26.35004294683323,1.1263327468788495,0.3742361793619623
FCCD_k6_nc5_rf1_ra3,44.38209479823869,1.194827696468135,0.30939808681396075,45.6204130852604,1.1070176169473647,0.29118338408834876
FCCD_k7_nc5_rf1_ra3,14.34128439713786,301.7362851604425,499.04895329671615,19.635381816443775,10.092302435973702,13.014155586600697
FCCD_k8_nc5_rf1_ra3,7.174298827044193,801.9178372384981,686.8290053813737,13.715025709843596,24.50367318353888,18.079084916682348
FCCD_k9_nc5_rf1_ra3,3.572467631953363,1502.0410764434605,952.9414151037097,9.540710084489143,44.77643584057494,29.848486635826962
FCCD_k10_nc5_rf1_ra3,1.833282072120106,2402.103907501248,1303.6650852074927,6.7360010681067,70.9795405003608,41.135779656634746
RCCD_k3_nc5_rf1_ra3,19.167291314180385,0.8205209228500782,0.48188564109445453,19.615496251722746,0.7858207097757456,0.47950084383960295
RCCD_k4_nc5_rf1_ra3,31.555728215459233,0.7616074647183029,0.4030091613472245,32.327909078355134,0.7217312911001703,0.41500109075811165
RCCD_k5_nc5_rf1_ra3,55.00675855665309,0.6359098493490446,0.3018822627469116,56.410187613748825,0.5901356596366534,0.3056147293644812
RCCD_k6_nc5_rf1_ra3,100.34709729591354,0.46305435639589015,0.22399553873341563,102.8678311281405,0.4241655924877292,0.21537865411051554
RCCD_k7_nc5_rf1_ra3,38.90099690294821,300.71872050555965,410.46312342575993,62.68806673259326,2.1966874381435035,2.8181660997419664
RCCD_k8_nc5_rf1_ra3,21.411290765199603,800.6655871010562,667.0875177439295,62.58625675554306,3.077118205439483,2.1267005525854548
RCCD_k9_nc5_rf1_ra3,11.561846383029085,1500.5671981275045,1079.2881755434526,68.4515691998954,3.183877736218434,2.021847733452514
RCCD_k10_nc5_rf1_ra3,6.359483818441241,2400.4171632979437,1255.091056200524,82.8473956729208,2.772123014575106,1.3818144945819397
SCCD_k3_nc5_rf1_ra3,20.014943947287755,0.8056615621254716,0.47110936137596193,20.507767948497406,0.7694749105734964,0.43954585537739604
SCCD_k4_nc5_rf1_ra3,31.555728215459233,0.7616074647183029,0.3759693543823702,32.327909078355134,0.7217312911001703,0.37948134266194355
SCCD_k5_nc5_rf1_ra3,51.29194767837871,0.6623479295961321,0.3000740419925885,52.483823318459464,0.617220709025757,0.31508127313676637
SCCD_k6_nc5_rf1_ra3,86.55718820283275,0.55193514973629,0.24846365100634746,88.49055124029383,0.49643376255263494,0.20343346484327499
SCCD_k7_nc5_rf1_ra3,30.25274770771,300.8604400571236,442.9188330885577,45.36434885780803,3.8443487860864107,4.593088908210522
SCCD_k8_nc5_rf1_ra3,15.221201375065176,800.8545467992438,715.2782613501638,35.809521593988656,8.068100502401357,5.288663050993883
SCCD_k9_nc5_rf1_ra3,7.559552873113847,1500.789324949875,856.4471699682796,28.4546805070501,13.0806083035576,7.831548971320572
SCCD_k10_nc5_rf1_ra3,3.849219583882979,2400.662987951851,1335.728662062818,23.0757184817348,18.652869473801516,11.026902931154062
FCCD_k3_nc7_rf1_ra3,10.746986756734126,1.0779641360523418,0.6098439435831253,10.89855954181319,1.0603412191420267,0.6193381021333961
FCCD_k4_nc7_rf1_ra3,16.008956550456286,1.1420201829420684,0.49626168950256727,16.25525056648397,1.1181998894863387,0.54610550132115
FCCD_k5_nc7_rf1_ra3,25.944171171587364,1.1649811103223562,0.38028408522939783,26.452149954099795,1.1221719992974861,0.3578481438350601
FCCD_k6_nc7_rf1_ra3,44.48575973948365,1.1922807541267741,0.32150378868944557,45.725542386316235,1.1045156884358804,0.3088378205152757
FCCD_k7_nc7_rf1_ra3,14.363399380078377,301.73445222075014,431.05340715386825,19.66837821791222,10.077315926501875,11.273329605802896
FCCD_k8_nc7_rf1_ra3,7.181910629888709,801.9165068503941,599.2879395365528,13.732760153693219,24.473802435387487,19.168170222137295
FCCD_k9_nc7_rf1_ra3,3.575186379227284,1502.0400693794866,1168.5473147322339,9.550737358256207,44.73097849886956,34.467285389783775
FCCD_k10_nc7_rf1_ra3,1.8343166835350606,2402.103119938043,1575.432339127762,6.741971386995426,70.91870204714714,37.84480801739611
RCCD_k3_nc7_rf1_ra3,19.81944738863779,0.7436428273878645,0.4434905305103682,20.243809576924804,0.7182232271866842,0.4654562240249877
RCCD_k4_nc7_rf1_ra3,32.270035244341265,0.69048579966222,0.4115786312888267,32.992308097978636,0.6634245346498147,0.4319165409162052
RCCD_k5_nc7_rf1_ra3,55.85915839457901,0.5740862694990562,0.2903014787174009,57.16095025804389,0.5447128418708135,0.2924500361677228
RCCD_k6_nc7_rf1_ra3,101.25052569169756,0.42735979663567764,0.19558003938743967,103.62546732106492,0.40034664737766,0.18872135390713804
RCCD_k7_nc7_rf1_ra3,39.12730311980837,300.69528475330407,483.4537047766793,62.989324648168676,2.1804792511772835,2.24784699866804
RCCD_k8_nc7_rf1_ra3,21.485523046626874,800.6529384846503,912.1599673548736,62.76008422153902,3.06883156810451,2.1446327193019603
RCCD_k9_nc7_rf1_ra3,11.587198316397295,1500.5597701019249,1090.4447670613986,68.56471442853145,3.1795848741181247,1.7708163496392593
RCCD_k10_nc7_rf1_ra3,6.368951421676266,2400.4122814848743,1345.5435040739237,82.93103609144632,2.7698589875294677,1.4660064129465444
SCCD_k3_nc7_rf1_ra3,20.69827578250197,0.7298230334938466,0.4958069030528864,21.164566191934984,0.7032416369390833,0.4687146392768533
SCCD_k4_nc7_rf1_ra3,32.270035244341265,0.69048579966222,0.4150059304635014,32.992308097978636,0.6634245346498147,0.42826413464705254
SCCD_k5_nc7_rf1_ra3,52.11869304852146,0.5940584800716169,0.29793451585825387,53.217892464869166,0.5660112885935782,0.264329659177157
SCCD_k6_nc7_rf1_ra3,87.60152744932248,0.4855346600711863,0.1985042598085343,89.35597330432213,0.4529592832667459,0.2020180113779016
SCCD_k7_nc7_rf1_ra3,30.536276173824145,300.7953893844197,377.71468026807156,45.72439426789576,3.796735917367682,4.889489260334492
SCCD_k8_nc7_rf1_ra3,15.335220646883572,800.7905085440032,671.3146894967324,36.03439395909998,8.02136773667345,7.262369326009058
SCCD_k9_nc7_rf1_ra3,7.605853891265232,1500.726074228366,921.632774807395,28.59917273535655,13.034991553894045,8.373505025725057
SCCD_k10_nc7_rf1_ra3,3.868856481584599,2400.600367318715,1274.3051042652141,23.172160165219857,18.608535685223167,10.175347481509577
FCCD_k3_nc10_rf1_ra3,10.966065330678795,1.0554504985597786,0.6425093914451081,11.120965180923672,1.0381671997147226,0.655859691101929
FCCD_k4_nc10_rf1_ra3,16.16347601022263,1.132349690924892,0.4773686949721527,16.412459539979487,1.1085765656061222,0.5221828584453698
FCCD_k5_nc10_rf1_ra3,26.08185242776847,1.159778906351269,0.3834475387631251,26.592240831756904,1.1169812025310588,0.3982943060758019
FCCD_k6_nc10_rf1_ra3,44.62997061698413,1.189011987953792,0.3184869058286306,45.87219769565344,1.101275015322189,0.2840076538355917
FCCD_k7_nc10_rf1_ra3,14.394486585356578,301.7320459376758,488.22435066902375,19.715087889906247,10.05524451149565,12.85455531785234
FCCD_k8_nc10_rf1_ra3,7.19270160339892,801.9147285568584,640.1935975744923,13.75819166479496,24.429341705463486,22.616376803407608
FCCD_k9_nc10_rf1_ra3,3.5790660017588634,1502.0387045730583,992.3581358482026,9.565260213228438,44.663107185194036,29.31925547148971
FCCD_k10_nc10_rf1_ra3,1.8358007850951323,2402.102040932863,1495.6123621100571,6.75068332057087,70.82774006532097,45.78396839876617
RCCD_k3_nc10_rf1_ra3,20.536202163772987,0.6857932753620795,0.4837923539278659,20.94657550242949,0.6654236183944708,0.5069396057282557
RCCD_k4_nc10_rf1_ra3,33.04537999300956,0.6370779583821424,0.41338542228682984,33.73291726145504,0.6171215911358193,0.42236485710567023
RCCD_k5_nc10_rf1_ra3,56.78819246311156,0.5266004894873537,0.3268249582199484,58.012178536922235,0.506828160952512,0.26860782977939945
RCCD_k6_nc10_rf1_ra3,102.29502941286832,0.396106113361364,0.2026647777495623,104.53946023891392,0.37758236243247123,0.1844953501891338
RCCD_k7_nc10_rf1_ra3,39.39882864442001,300.6730435997584,427.14221592458654,63.36465351714552,2.163701018462202,2.543143929064357
RCCD_k8_nc10_rf1_ra3,21.579231837048447,800.6395896499253,664.4586101524919,62.98729469256241,3.0593475015436065,2.3456953275552026
RCCD_k9_nc10_rf1_ra3,11.62036615407529,1500.551329553563,880.4467848129906,68.71792697736089,3.1743184225626577,1.9303910855298945
RCCD_k10_nc10_rf1_ra3,6.381631547421977,2400.4064601620116,1207.7976092140746,83.0472658457637,2.7669399431174213,1.5021458719652772
SCCD_k3_nc10_rf1_ra3,21.448631568502567,0.6728684018988321,0.4659243719075873,21.899183262307385,0.651505227065447,0.43128479785048335
SCCD_k4_nc10_rf1_ra3,33.04537999300956,0.6370779583821424,0.3900891124213997,33.73291726145504,0.6171215911358193,0.40346026579406163
SCCD_k5_nc10_rf1_ra3,53.01016794842895,0.5427800064174969,0.2921976746457256,54.040154417881844,0.5243790365662776,0.28099099316213955
SCCD_k6_nc10_rf1_ra3,88.72298551374385,0.43567626023675626,0.18217306384524473,90.33789420001058,0.4163705784630075,0.20239540119157362
SCCD_k7_nc10_rf1_ra3,30.83990321461086,300.74654568595696,450.9709922525771,46.12917483385427,3.756258447175126,4.7923393240972665
SCCD_k8_nc10_rf1_ra3,15.457086883378881,800.7424258811066,663.7636436087638,36.28822994198123,7.9805026769221366,5.390486668501485
SCCD_k9_nc10_rf1_ra3,7.655271934869759,1500.6785835368682,967.1427651378799,28.762947292633505,12.994273037823765,8.806163395747001
SCCD_k10_nc10_rf1_ra3,3.8897932731864517,2400.5533502386575,1371.6503938169762,23.281912312409975,18.568357276435506,10.38977119470259
FCCD_k3_nc1_rf2_ra3,15.279666849819517,0.8592930889527983,0.36817281262269175,15.547696217382688,0.837471564388839,0.32594711731688764
FCCD_k4_nc1_rf2_ra3,24.95879381798729,0.8943284256622616,0.2755379675386941,25.48759266872534,0.8598870107093707,0.2720132108667788
FCCD_k5_nc1_rf2_ra3,42.58767865451625,0.958231689902306,0.2718013545427517,43.86417543959519,0.8863384813387817,0.24093683351009432
FCCD_k6_nc1_rf2_ra3,75.40077847412815,1.0408879039810983,0.2723000522083323,78.85972510728092,0.8878792194086019,0.2203374097343992
FCCD_k7_nc1_rf2_ra3,23.203097091585676,301.3953730616124,477.72838154344277,33.78864853349393,5.734108742565315,7.725108517583142
FCCD_k8_nc1_rf2_ra3,11.025472431636448,801.566794705567,763.2517521213508,23.818078162843403,13.347988219566954,10.741060809214064
FCCD_k9_nc1_rf2_ra3,5.200700167436344,1501.7101540502051,936.1688932001937,16.694055232907502,23.975305159110437,21.19871355991996
FCCD_k10_nc1_rf2_ra3,2.530653896196,2401.823981791066,1418.4048391152871,11.863324035534122,37.6329870761315,16.875545698150635
RCCD_k3_nc1_rf2_ra3,22.548632902619424,1.6284230953259506,0.9566239322169146,23.718439445058284,1.2050323791552413,0.6484883822986013
RCCD_k4_nc1_rf2_ra3,41.86256892970849,1.5291140676464967,0.9804633707803325,44.08393756011575,0.9756974717261958,0.5450605071145027
RCCD_k5_nc1_rf2_ra3,80.1829093846101,1.1158846084890297,0.7428787970140379,84.03944229392286,0.6588523007133387,0.35905154338131196
RCCD_k6_nc1_rf2_ra3,158.88957232643546,0.47511319039328426,0.2616898601785437,163.98323544796256,0.3465872217243025,0.1558148772788848
RCCD_k7_nc1_rf2_ra3,58.03246366424853,300.4766376475886,429.09739472236265,93.84425161176782,1.7433438258411746,1.9159512427909866
RCCD_k8_nc1_rf2_ra3,30.465805543556943,800.3908290937604,624.5162722506177,89.13256914112993,2.6119250130758322,1.9514116464559403
RCCD_k9_nc1_rf2_ra3,15.601697230631812,1500.3205131639584,830.8529292974874,91.84931895350825,2.835892921481285,1.838052357277518
RCCD_k10_nc1_rf2_ra3,8.143513516802992,2400.2357405815465,1319.8395791773362,104.87750021772223,2.5546441641886495,1.3037763293018436
SCCD_k3_nc1_rf2_ra3,23.374036519944134,1.6381507839386336,0.9808423361712227,24.652539465948934,1.1887100353140418,0.6529602641125505
SCCD_k4_nc1_rf2_ra3,41.86256892970849,1.5291140676464967,0.9769280294098721,44.08393756011575,0.9756974717261958,0.5463402358623567
SCCD_k5_nc1_rf2_ra3,74.45782263071104,1.4239663157531008,0.9783134713338353,78.36717124389448,0.756285454454294,0.42713375352506655
SCCD_k6_nc1_rf2_ra3,134.10309756696273,1.331133998458513,0.9623929192689125,141.2528054097316,0.5472493036769205,0.31448051973831087
SCCD_k7_nc1_rf2_ra3,44.32227765854084,301.475500437193,470.9207855210915,69.04946105913267,3.096666705329709,3.6948232567215893
SCCD_k8_nc1_rf2_ra3,21.37921885333947,801.458421416938,650.2058479978131,53.25037995625674,6.411488442049037,5.121874486340374
SCCD_k9_nc1_rf2_ra3,10.133395547073325,1501.415195186227,1369.5283066616769,41.05846251323644,10.502742133634364,7.780699344879152
SCCD_k10_nc1_rf2_ra3,4.922835490539348,2401.3438376133595,1363.898151789753,32.20913064550061,15.195673777645874,8.179189355844438
FCCD_k3_nc3_rf2_ra3,15.619599755950588,0.8228891586530329,0.3408273284190857,15.884691824481774,0.8033243204895502,0.34122185905360014
FCCD_k4_nc3_rf2_ra3,25.18334760290062,0.8823826197229798,0.27346499488573117,25.71173058612972,0.8485642953073204,0.29054086049412464
FCCD_k5_nc3_rf2_ra3,42.78272071072695,0.9525623425395731,0.2629722913648552,44.05912411822526,0.8810074686262717,0.25394336312976173
FCCD_k6_nc3_rf2_ra3,75.60196624286306,1.0376024016316365,0.2599205874034823,79.06044834212497,0.8848749206337359,0.2283315426250637
FCCD_k7_nc3_rf2_ra3,23.242854746843232,301.39315707362874,492.7944498023697,33.84818376778211,5.728265677388649,7.462245114261653
FCCD_k8_nc3_rf2_ra3,11.038265086698235,801.5652339523443,695.0969013589678,23.84831936172758,13.338552363092905,8.34914319425335
FCCD_k9_nc3_rf2_ra3,5.204977619224999,1501.7089984426107,1073.6436379777242,16.7102058011227,23.961963093631187,15.536499245479806
FCCD_k10_nc3_rf2_ra3,2.5321834048499547,2401.823093193236,1265.7107018090294,11.872441332421724,37.61574257063041,17.44561870251641
RCCD_k3_nc3_rf2_ra3,25.097048595481656,0.7753081237899943,0.32810944767433264,25.78536304603634,0.706779358720201,0.2822459805778952
RCCD_k4_nc3_rf2_ra3,45.018879286710394,0.7094984403151398,0.3282434908231783,46.31987386509413,0.6164794620421412,0.2587435278799389
RCCD_k5_nc3_rf2_ra3,83.75522534216093,0.5847208581944576,0.2887615514027023,86.267310599681025,0.4761247548529829,0.20479741896161582
RCCD_k6_nc3_rf2_ra3,161.3728344250526,0.3659361327632922,0.1709738119456689,165.63110288828588,0.3016913624623986,0.11989981018191297
RCCD_k7_nc3_rf2_ra3,58.44490833775467,300.44127044692686,464.0922889601538,94.35388724519458,1.7225859421865575,2.204488020195224
RCCD_k8_nc3_rf2_ra3,30.562768577649457,800.3800880692544,605.0417792231494,89.35887708490061,2.6049436497745764,2.3052965510653034
RCCD_k9_nc3_rf2_ra3,15.628054630290746,1500.3160842135308,1100.773936695835,91.97216144526136,2.833036313524466,1.7875474672673086
RCCD_k10_nc3_rf2_ra3,8.151912908786304,2400.2333920823967,1243.4704783305926,104.95864749880758,2.553292487397239,1.519245875775343
SCCD_k3_nc3_rf2_ra3,26.06532907291772,0.7648816131614092,0.33103742513468865,26.809712449410355,0.6938199133806545,0.2822480389172129
SCCD_k4_nc3_rf2_ra3,45.018879286710394,0.7094984403151398,0.3298302823919623,46.31987386509413,0.6164794620421412,0.2578756714901508
SCCD_k5_nc3_rf2_ra3,78.42711853033387,0.6366074790031436,0.3190435507838916,80.73956435405373,0.5136440593571545,0.2252135089339258
SCCD_k6_nc3_rf2_ra3,139.43093752835475,0.5653060861384736,0.32781539476608534,143.76365023239597,0.4025815304367956,0.18525180373340086
SCCD_k7_nc3_rf2_ra3,45.686113966555745,300.725066085027,419.5685704542452,70.19222867680816,2.8914761279934136,3.6379137913202833
SCCD_k8_nc3_rf2_ra3,21.903962323826885,800.7195376907546,571.8986731663219,53.93395069818511,6.221176262307427,4.872976359355119
SCCD_k9_nc3_rf2_ra3,10.336460900440578,1500.6852991418261,1123.0809564661736,41.47673875809389,10.325723319901792,6.520223103467503
SCCD_k10_nc3_rf2_ra3,5.004912959035232,2400.6211341473427,1227.8847284665817,32.474471218096134,15.030616067952247,9.138816598954529
FCCD_k3_nc5_rf2_ra3,15.903686341186551,0.7984936932290785,0.362409682569807,16.168190061530467,0.7801296852309736,0.3363889925929141
FCCD_k4_nc5_rf2_ra3,25.3829489748616,0.8731049650155477,0.2927596293236912,25.911846148399796,0.839683190022946,0.2714689456875715
FCCD_k5_nc5_rf2_ra3,42.96145425222939,0.9478434731943699,0.26210261708859794,44.23848321080824,0.8765263263439844,0.2471052559419067
FCCD_k6_nc5_rf2_ra3,75.78966187942618,1.0347576400911964,0.25130450747829125,79.24850853662242,0.882245335914159,0.2381033392084629
FCCD_k7_nc5_rf2_ra3,23.280365968290088,301.3911910490164,427.4668950545806,33.90460045964206,5.722661981357157,7.3008360403013235
FCCD_k8_nc5_rf2_ra3,11.050436923602506,801.5638242307971,752.0256475086194,23.877274503214764,13.329269524988666,10.375602243307906
FCCD_k9_nc5_rf2_ra3,5.2090732865465155,1501.7079406888627,1047.7759450019469,16.72579458129319,23.94872740266739,14.07200174258171
FCCD_k10_nc5_rf2_ra3,2.533655123706159,2401.822271457821,1359.9711874424002,11.881297066992179,37.59857694336504,19.234274110911787
RCCD_k3_nc5_rf2_ra3,26.39742058142139,0.598869034871881,0.29177115951948474,26.97011699233475,0.5687044934912252,0.29764979327035246
RCCD_k4_nc5_rf2_ra3,46.57324534686393,0.5439401860151328,0.23457276263819846,47.64005128870365,0.504189308478655,0.2145376662503158
RCCD_k5_nc5_rf2_ra3,85.64993781317611,0.45177391592128036,0.18553425163128087,87.72846581883445,0.4019602008781987,0.14797668801964647
RCCD_k6_nc5_rf2_ra3,163.12136002812693,0.3136364407304496,0.1267443044121146,166.9288626307904,0.27441310527895113,0.09778475008614482
RCCD_k7_nc5_rf2_ra3,58.77536876625239,300.4188974622688,424.6132330862412,94.78302495747388,1.7079564452339657,2.0346701621295784
RCCD_k8_nc5_rf2_ra3,30.647838300701565,800.3718727863566,731.8066415533734,89.5629117495503,2.5992553256959225,2.1710509506348132
RCCD_k9_nc5_rf2_ra3,15.652210592614546,1500.312376639824,967.799619442389,92.08696058988666,2.830532516329579,1.7277664590174577
RCCD_k10_nc5_rf2_ra3,8.159784894595036,2400.231333464432,1293.2996061745594,105.03602594335598,2.5520606768888836,1.3514456638772918
SCCD_k3_nc5_rf2_ra3,27.426548344154348,0.5883698049078004,0.2806616702130833,28.044058108018888,0.5572567349561601,0.28039382142837477
SCCD_k4_nc5_rf2_ra3,46.57324534686393,0.5439401860151328,0.24218039329799776,47.64005128870365,0.504189308478655,0.23046903898785545
SCCD_k5_nc5_rf2_ra3,80.35214999357493,0.47762760748438937,0.1951686294928514,82.22283810262437,0.42510310803654805,0.15605838677442474
SCCD_k6_nc5_rf2_ra3,141.99016523382892,0.410714288144941,0.19066171669850832,145.46260534864103,0.3389951244113957,0.13624807427671556
SCCD_k7_nc5_rf2_ra3,46.337047405499526,300.573610123436,512.1172984822063,70.91703697699366,2.8121357273401513,2.9415317351168286
SCCD_k8_nc5_rf2_ra3,22.153289495426534,800.5704339422138,796.3413173881356,54.37195868585667,6.145215851458379,4.631465650164356
SCCD_k9_nc5_rf2_ra3,10.432630266280652,1500.5380252183409,874.8074754912974,41.74760074145079,10.252953032963783,6.483721554899926
SCCD_k10_nc5_rf2_ra3,5.043688435054495,2400.475324289133,1388.0381760189985,32.6481151835674,14.96089028424757,8.114379364252336
FCCD_k3_nc7_rf2_ra3,16.14834131457568,0.7810061453087603,0.32649995571972473,16.413568620759477,0.7633304838774498,0.3385928357579275
FCCD_k4_nc7_rf2_ra3,25.562735507660225,0.8656913469513193,0.2876869105751829,26.092767966345576,0.8325245222922024,0.2770745186895778
FCCD_k5_nc7_rf2_ra3,43.126450583274035,0.9438545442078891,0.26908332856002193,44.404632637845886,0.8727038992467047,0.2461584075451283
FCCD_k6_nc7_rf2_ra3,75.96558930458733,1.0322705077605974,0.25635950331377866,79.42544702390559,0.8799230535744208,0.22608245655739723
FCCD_k7_nc7_rf2_ra3,23.315874164015067,301.38943495200243,467.4200847391819,33.95822962491618,5.7172610119837834,6.491203681000581
FCCD_k8_nc7_rf2_ra3,11.062046012237131,801.5625446300301,690.3627420669776,23.90506181158449,13.320120273266724,10.871273855622281
FCCD_k9_nc7_rf2_ra3,5.213002118721918,1501.7069688648007,1151.1623636972458,16.740867085969814,23.93558687772414,16.622619322434453
FCCD_k10_nc7_rf2_ra3,2.5350732912300287,2401.8215093118674,1352.0145844014532,11.889910172918102,37.58148329581457,19.971667264123827
RCCD_k3_nc7_rf2_ra3,27.29407772344113,0.5226370753625791,0.26080849431046293,27.817084828539034,0.5039304551505588,0.279456464641679
RCCD_k4_nc7_rf2_ra3,47.62749438930355,0.4728180141021913,0.23651121809549364,48.58890764224121,0.4493401794159093,0.23271359082619117
RCCD_k5_nc7_rf2_ra3,86.95822892441142,0.39132283245377614,0.15208506062149663,88.82273847677052,0.36176614295487086,0.18191880717495276
RCCD_k6_nc7_rf2_ra3,164.4755817091086,0.2829525078768008,0.10363938170621083,168.00107312838,0.25608324509807934,0.11659777468494438
RCCD_k7_nc7_rf2_ra3,59.051359020467224,300.40346880332805,469.5566283096415,95.15398576172521,1.6970580391493777,2.1923412616054843
RCCD_k8_nc7_rf2_ra3,30.723639354001307,800.3653860824995,834.6423084847269,89.74874349113729,2.5945186099506303,1.9992070645934539
RCCD_k9_nc7_rf2_ra3,15.674507342403933,1500.3092274709327,947.1949323038998,92.19472704642558,2.8283166011474803,1.7228290695979516
RCCD_k10_nc7_rf2_ra3,8.16719223524002,2400.2295141763393,1285.581156085282,105.10997759174384,2.550932674400024,1.3857548246432885
SCCD_k3_nc7_rf2_ra3,28.362920353905473,0.5125301353296572,0.27246197321609783,28.925948080911613,0.49327829629546505,0.2665802904437187
SCCD_k4_nc7_rf2_ra3,47.62749438930355,0.4728180141021913,0.22180253613987325,48.58890764224121,0.4493401794159093,0.20933681562786752
SCCD_k5_nc7_rf2_ra3,81.64730002678314,0.40933790851755886,0.1599496064246389,83.31060890184582,0.3792403844864847,0.16709932549506626
SCCD_k6_nc7_rf2_ra3,143.70332048960827,0.3443136753381712,0.14002120235603122,146.75235495000288,0.3032456035892866,0.1114048207245853
SCCD_k7_nc7_rf2_ra3,46.7713177760274,300.50855935614396,454.2825236458554,71.45104914736089,2.7697126168777952,3.532147081809497
SCCD_k8_nc7_rf2_ra3,22.31923578783882,800.5063956235678,626.1871518629963,54.6961476221499,6.103784246293856,4.885201573955944
SCCD_k9_nc7_rf2_ra3,10.496528410934681,1500.4747744525955,1052.1520098958204,41.94905955195993,10.212563330909331,7.417724407240672
SCCD_k10_nc7_rf2_ra3,5.0694189478590905,2400.4127036241207,1354.5692226834192,32.77790819946206,14.921597459694953,7.664947423039423
FCCD_k3_nc10_rf2_ra3,16.462339191477994,0.7624331162648781,0.3358301630068392,16.730047736258566,0.7453046182928331,0.34896938137600675
FCCD_k4_nc10_rf2_ra3,25.80305661378681,0.8569980344911956,0.28322533066947886,26.33555571434814,0.8240487558357388,0.2834954354079729
FCCD_k5_nc10_rf2_ra3,43.35245543609969,0.9389078130835297,0.25399044324250114,44.63307480957044,0.8679140167430445,0.26247532763845033
FCCD_k6_nc10_rf2_ra3,76.21043577229828,1.0290755520567851,0.27794400381421913,79.67273168574404,0.8769048693770848,0.22436996457928
FCCD_k7_nc10_rf2_ra3,23.3658223600653,301.38712632306624,491.858479711646,34.03404960875484,5.709477006507683,7.706262298763199
FCCD_k8_nc10_rf2_ra3,11.078512636232757,801.5608323475399,658.0089144688371,23.94477386956791,13.306612479263109,10.644599171862227
FCCD_k9_nc10_rf2_ra3,5.218610949260972,1501.7056506567462,985.2386601493936,16.762594462248014,23.916034165698857,13.188187003760056
FCCD_k10_nc10_rf2_ra3,2.537108311289335,2401.8204643755403,1382.043422733477,11.902411490950486,37.55596499570102,18.728501952652586
RCCD_k3_nc10_rf2_ra3,28.279976648368994,0.4652184492562367,0.28398960137177387,28.768168755560527,0.4528701519576906,0.2655782685083497
RCCD_k4_nc10_rf2_ra3,48.77182928659289,0.4194097919673779,0.23065615109048498,49.65425545973343,0.40508316610723927,0.21332605621706696
RCCD_k5_nc10_rf2_ra3,88.38962871452053,0.34451312384706717,0.15934720005373784,90.08201546605959,0.327167325867281,0.16120946685353008
RCCD_k6_nc10_rf2_ra3,166.06933475303987,0.25507838948453654,0.12003367955061348,169.32714773472318,0.2376364331836664,0.10699459931346128
RCCD_k7_nc10_rf2_ra3,59.39564605506198,300.38760941211973,505.9364602253938,95.63094381555408,1.685035874350695,1.7932012579896925
RCCD_k8_nc10_rf2_ra3,30.823844202451845,800.3578663492797,733.9512987327987,89.9998211502184,2.5887122568417196,1.8097127820711585
RCCD_k9_nc10_rf2_ra3,15.705037400179366,1500.3053027740095,956.4941774197326,92.34496913257642,2.8254263812719764,1.7355275730753659
RCCD_k10_nc10_rf2_ra3,8.177543812337587,2400.2271500125844,1394.5039876792778,105.21512003504463,2.5494067992502223,1.3517026013281817
SCCD_k3_nc10_rf2_ra3,29.391135523024218,0.45557464631507155,0.2894721284502865,29.915884356627014,0.4428841426572118,0.25868430323636654
SCCD_k4_nc10_rf2_ra3,48.77182928659289,0.4194097919673779,0.2260714907464801,49.65425545973343,0.40508316610723927,0.21408306499793375
SCCD_k5_nc10_rf2_ra3,83.04385305158578,0.3580592474452626,0.16630550203569333,84.54528902924727,0.3408890823041722,0.16116697342820266
SCCD_k6_nc10_rf2_ra3,145.54298301751902,0.29445518298601225,0.11146358834903061,148.24904291420734,0.2717122551196813,0.11735236668970415
SCCD_k7_nc10_rf2_ra3,47.2363724118624,300.4597155866186,421.9177779828685,72.05849785412592,2.733130588615438,3.4673247932593005
SCCD_k8_nc10_rf2_ra3,22.496602734667814,800.4583129130368,696.9398209317083,55.06612407260462,6.067295678929279,4.93311812441787
SCCD_k9_nc10_rf2_ra3,10.56472823515961,1500.427283727865,1111.204715111756,42.179778517672936,10.176379313648727,6.138286256320595
SCCD_k10_nc10_rf2_ra3,5.096852730560305,2400.365686520117,1368.8034616652697,32.92708009099855,14.88590951316563,8.335909355261482
FCCD_k3_nc1_rf3_ra3,19.711079037844826,0.7423974307632846,0.2406908592808008,20.125037220409396,0.71649398714294,0.24489353844928288
FCCD_k4_nc1_rf3_ra3,33.115837876658624,0.7952478948113717,0.23151385258146878,34.01134122040174,0.7492460952198035,0.22558680842861756
FCCD_k5_nc1_rf3_ra3,57.600882674902174,0.8818730367577152,0.22709255895415606,59.906414031894755,0.7823928831428523,0.20205563874943702
FCCD_k6_nc1_rf3_ra3,103.35317180656887,0.9866465791476181,0.24668136372069582,109.82678465124118,0.7781306018526629,0.1951691299655782
FCCD_k7_nc1_rf3_ra3,30.92139754401444,301.2769537350089,448.1784099799925,46.88489403232634,4.14695554328676,4.5008920430921435
FCCD_k8_nc1_rf3_ra3,14.243850791245166,801.4449546674061,763.4640238585047,33.223678105625794,9.340870079685555,7.4868298106625355
FCCD_k9_nc1_rf3_ra3,6.504942744601104,1501.5948179866875,1012.6917431696993,23.390127810156798,16.562684215962566,8.604961631150301
FCCD_k10_nc1_rf3_ra3,3.0668743604347406,2401.7253546939655,1311.5877771587345,16.686038346416076,25.8195873771903,11.772347677084637
RCCD_k3_nc1_rf3_ra3,27.806688059777713,1.534966777337201,0.9493111088254772,29.41092448669439,1.062389607285549,0.6067552168257246
RCCD_k4_nc1_rf3_ra3,53.5329155243689,1.4497915123194516,0.9791816738841759,56.704047938497375,0.830324755232966,0.4833693630366773
RCCD_k5_nc1_rf3_ra3,105.5560614474711,1.0240044236620627,0.6977509339537639,111.10000926750435,0.5375356762894157,0.30567511288287424
RCCD_k6_nc1_rf3_ra3,213.84268979775578,0.40259287162027313,0.24493434175381354,221.0337352801464,0.27273454553772275,0.13110076118730135
RCCD_k7_nc1_rf3_ra3,74.9139815680691,300.35208510923866,399.55982592445224,121.9356820926898,1.4698348186902792,1.7880395231517312
RCCD_k8_nc1_rf3_ra3,38.00730165367446,800.2788317660713,677.1917683073643,112.1955025331766,2.3260922837329328,1.7193619945373237
RCCD_k9_nc1_rf3_ra3,18.79539917546763,1500.2266991495417,1293.7517516050075,111.35573564856739,2.623781752843219,1.5364452123548464
RCCD_k10_nc1_rf3_ra3,9.488214410718646,2400.1678220680324,1520.5119665649354,122.4789314236597,2.426540572455333,1.4592073212665813
SCCD_k3_nc1_rf3_ra3,28.723278598776727,1.5570631742373984,0.9848730973144337,30.464104133826467,1.0529178568024467,0.6115544779176376
SCCD_k4_nc1_rf3_ra3,53.5329155243689,1.4497915123194516,0.9861096085913519,56.704047938497375,0.830324755232966,0.4877769266448516
SCCD_k5_nc1_rf3_ra3,98.19846348536251,1.3578518874413372,0.9593660173609745,104.03960206646735,0.6167814878249439,0.35493016478088285
SCCD_k6_nc1_rf3_ra3,180.94161692346128,1.2815237578170597,0.9580579822953307,191.990546011346,0.42695149781486835,0.25018226949940026
SCCD_k7_nc1_rf3_ra3,57.55938759436082,301.3739621243116,440.6758305492034,91.5396275404592,2.486286829183806,2.800345891623353
SCCD_k8_nc1_rf3_ra3,26.91991870105108,801.3572538888113,711.7740200285456,69.6227992241849,5.222438239330958,3.872548860798125
SCCD_k9_nc1_rf3_ra3,12.357477142056231,1501.3245222792614,906.2810854501873,52.78215326126509,8.677946673958685,5.84308213688136
SCCD_k10_nc1_rf3_ra3,5.8191146950618755,2401.274014148501,1494.8587951295224,40.648478437583755,12.718877357638224,7.316316927501002
FCCD_k3_nc3_rf3_ra3,20.13662798214614,0.70933956515016,0.23861093045000076,20.54382158084234,0.6860886477444383,0.2430463663024616
FCCD_k4_nc3_rf3_ra3,33.40990249313361,0.7838226674826301,0.23205555660444205,34.30264494200283,0.7386833641662441,0.2143507892434454
FCCD_k5_nc3_rf3_ra3,57.863214449156835,0.8763133568989957,0.24956171857284642,60.16641449472145,0.7773469245435121,0.2086563234267365
FCCD_k6_nc3_rf3_ra3,103.62828312249776,0.9833890306823382,0.24552634068565105,110.09830774893095,0.7753085573264313,0.20868381063373917
FCCD_k7_nc3_rf3_ra3,30.974161029276445,301.2747710665284,452.4471844602017,46.9651906627233,4.143167352719583,4.530776999222875
FCCD_k8_nc3_rf3_ra3,14.260317166063446,801.4434149912767,714.5641858566946,33.264067328177816,9.3357417576105,6.522112858681972
FCCD_k9_nc3_rf3_ra3,6.5102753471640655,1501.5936765349186,1047.5315683378176,23.41140107836286,16.555969801206388,9.909763218347374
FCCD_k10_nc3_rf3_ra3,3.068722446590264,2401.724476052725,1216.3121359888744,16.69785966481043,25.81123235690971,16.63713326942313
RCCD_k3_nc3_rf3_ra3,30.93800515685151,0.6908223830031505,0.32735993989969253,31.84790058263109,0.613715231594788,0.2731359166785161
RCCD_k4_nc3_rf3_ra3,57.569134452575646,0.6301726596968091,0.3280049419003992,59.368680753309626,0.5227304903343124,0.2459326236040604
RCCD_k5_nc3_rf3_ra3,110.15235921012861,0.51594352293251,0.2838263330169542,113.72370005821898,0.39234747664307335,0.19078461612141726
RCCD_k6_nc3_rf3_ra3,216.95446803376254,0.30750741134132725,0.1630586033251555,222.9602758050203,0.23877334008892534,0.10524955790371548
RCCD_k7_nc3_rf3_ra3,75.35715874395646,300.3274040961507,443.3689290308646,122.49275940359672,1.4550149923796243,1.6872658169493084
RCCD_k8_nc3_rf3_ra3,38.10130445652716,800.2723035039036,707.868883413895,112.42422736706763,2.3215178676939017,1.8986381992669545
RCCD_k9_nc3_rf3_ra3,18.818839952462472,1500.2242752757782,974.9383120476758,111.47153452215696,2.6220105639510147,1.681449837443394
RCCD_k10_nc3_rf3_ra3,9.49518798379086,2400.1666268549216,1196.1944519986678,122.55171994211288,2.4257227250640376,1.4912866816190276
SCCD_k3_nc3_rf3_ra3,32.03048412453241,0.6837859231267785,0.3314239865365144,33.00445942526201,0.6038833289803425,0.2727702190745411
SCCD_k4_nc3_rf3_ra3,57.569134452575646,0.6301726596968091,0.32861699507615283,59.368680753309626,0.5227304903343124,0.24627453404396568
SCCD_k5_nc3_rf3_ra3,103.43335677245854,0.5704916438077868,0.31577301120105117,106.83782708285142,0.4258863898167929,0.2089429093988836
SCCD_k6_nc3_rf3_ra3,188.1303246565567,0.5156952261348116,0.31984289202659066,194.86110157290454,0.32490511994740506,0.1660668179417649
SCCD_k7_nc3_rf3_ra3,59.33054166408038,300.6235271902897,440.98126671461426,92.90223959390813,2.3209807617558127,3.082967090230341
SCCD_k8_nc3_rf3_ra3,27.58065619733908,800.6183697584318,596.9597533027159,70.43046989887257,5.067699561517568,4.646305290503846
SCCD_k9_nc3_rf3_ra3,12.605111357805274,1500.5946259437783,1082.1065210005038,53.270128550273924,8.53280801976237,5.276239372889176
SCCD_k10_nc3_rf3_ra3,5.916135650463724,2400.5513104666975,1277.4887706466852,40.953528114945144,12.582502550361095,5.921081380719719
FCCD_k3_nc5_rf3_ra3,20.493975815745316,0.6869463418936702,0.23710756670709815,20.898231103168463,0.6651501359923854,0.24888730712391735
FCCD_k4_nc5_rf3_ra3,33.671666897537065,0.7749218105565718,0.2409208190099426,34.563394012982705,0.7303512948722509,0.21032034800517857
FCCD_k5_nc5_rf3_ra3,58.10372276627852,0.8716812501824281,0.2350862462925912,60.40603521546355,0.7730901711617446,0.20471066143519415
FCCD_k6_nc5_rf3_ra3,103.88498596160723,0.9805675339450136,0.24026211050531937,110.353132090134,0.7728304560710453,0.19214807824215288
FCCD_k7_nc5_rf3_ra3,31.023954836830193,301.27283367163267,507.7103797319473,47.04128182341209,4.1396029272251775,3.9493068561020106
FCCD_k8_nc5_rf3_ra3,14.275987221862021,801.4420238017284,643.2349807304005,33.30270503301664,9.330753225854927,7.564126607409799
FCCD_k9_nc5_rf3_ra3,6.5153820349961435,1501.592631441429,921.7430647095783,23.43190310675033,16.549349159339325,9.508515052654174
FCCD_k10_nc5_rf3_ra3,3.070500905741351,2401.723663339346,1414.4094465969595,16.709319508185008,25.80294383065671,14.220559420720555
RCCD_k3_nc5_rf3_ra3,32.53854353765587,0.5154632882886799,0.20666539125953612,33.27346547337581,0.4829480218613313,0.18560454255332656
RCCD_k4_nc5_rf3_ra3,59.55682294096484,0.4646137506681104,0.19710403055089581,60.99024315325101,0.41956296767454093,0.16471609852162122
RCCD_k5_nc5_rf3_ra3,112.61665064767004,0.3855044347008452,0.1851929090033798,115.51153769275177,0.32823618952269257,0.13668598713396637
RCCD_k6_nc5_rf3_ra3,219.19129336549722,0.25989664501491766,0.11961376397537078,224.52140086932994,0.2168614307696938,0.08570467684069026
RCCD_k7_nc5_rf3_ra3,75.72448584479174,300.3106500904621,409.31956412388683,122.97389300808086,1.4440118317286106,1.750553760707068
RCCD_k8_nc5_rf3_ra3,38.186094115596894,800.2670180955292,645.2624508091536,112.63455384228577,2.3176350869685214,1.9001276955793236
RCCD_k9_nc5_rf3_ra3,18.840802895974818,1500.2221526271544,972.7984598960003,111.58138083678703,2.6204083491029,2.059032892078983
RCCD_k10_nc5_rf3_ra3,9.501843762347312,2400.1655396753545,1418.8451336614237,122.62190192539225,2.4249596349994453,1.2827956305771475
SCCD_k3_nc5_rf3_ra3,33.703223855212805,0.5072724729650072,0.19927607000859504,34.486652374018746,0.4738359188335751,0.2038911696416026
SCCD_k4_nc5_rf3_ra3,59.55682294096484,0.4646137506681104,0.19789942414408135,60.99024315325101,0.41956296767454093,0.16935127292803762
SCCD_k5_nc5_rf3_ra3,105.97217841094567,0.4115114868626715,0.19592973547567177,108.66371623971,0.34926729582790267,0.1491828837068995
SCCD_k6_nc5_rf3_ra3,191.58342012471252,0.3611033025355247,0.18960464114356176,196.90899014991658,0.27463863191164684,0.12277369338858324
SCCD_k7_nc5_rf3_ra3,60.17588021712274,300.4720711107324,410.9387644941229,93.79958879476963,2.251748777039134,2.9045543080504825
SCCD_k8_nc5_rf3_ra3,27.894599715562048,800.4692659279609,754.9333867273956,70.96652563806467,5.0012767494074835,4.381866825125135
SCCD_k9_nc5_rf3_ra3,12.722388013383254,1500.4473519613007,939.3733539520595,53.5967265534395,8.469016972475279,6.401055153659949
SCCD_k10_nc5_rf3_ra3,5.961970808401488,2400.405500564761,1354.2807964885717,41.159450811273935,12.521211108130773,6.750687025340653
FCCD_k3_nc7_rf3_ra3,20.802750527095263,0.6707738676671378,0.25123629720243,21.206251904553785,0.6498398927550677,0.22526271544309187
FCCD_k4_nc7_rf3_ra3,33.907712891213166,0.7677919262168771,0.24255105232515892,34.7996062326982,0.723605313130016,0.21671643142625266
FCCD_k5_nc7_rf3_ra3,58.32583234615345,0.8677624566106995,0.2350276040996655,60.62832762864751,0.7694483750457745,0.22203660669250946
FCCD_k6_nc7_rf3_ra3,104.12562750868263,0.9781000271993211,0.23234364074252783,110.5932403791417,0.770635889380899,0.19615128540383278
FCCD_k7_nc7_rf3_ra3,31.071099553664446,301.2711024063965,441.9372552240795,47.11360800839642,4.136227887151994,4.311570992503716
FCCD_k8_nc7_rf3_ra3,14.290935197278012,801.440760606786,597.6181128293148,33.33975041594308,9.32588610389307,7.242892918686469
FCCD_k9_nc7_rf3_ra3,6.520281330578134,1501.5916709989096,851.4870302970337,23.45169576391802,16.542811625785795,10.052667906789644
FCCD_k10_nc7_rf3_ra3,3.0722148304585577,2401.722909401912,1317.6966576484128,16.72044381639798,25.794715205997,12.61676791540898
RCCD_k3_nc7_rf3_ra3,33.64269351915712,0.4396153504634973,0.21594394578708495,34.299700020691255,0.4205910940006245,0.20024270343825587
RCCD_k4_nc7_rf3_ra3,60.90497299625513,0.39349129715629194,0.15767710888705266,62.169225910948455,0.3678573109353072,0.16876237834158547
RCCD_k5_nc7_rf3_ra3,114.32407805095778,0.3257478513794885,0.1336075793899147,116.8748680068778,0.29211157928181153,0.1106513937421648
RCCD_k6_nc7_rf3_ra3,220.94283955384543,0.2313083762409954,0.0952524009207514,225.83540061482944,0.20155238213274831,0.08757077559114267
RCCD_k7_nc7_rf3_ra3,76.03839805187276,300.29853254375263,427.6352539309195,123.39760712745826,1.4354995395899062,1.9652263990677121
RCCD_k8_nc7_rf3_ra3,38.26333187105679,800.2626514669493,696.2021767211567,112.82927947874217,2.3142907224569247,1.8000395629802939
RCCD_k9_nc7_rf3_ra3,18.86146477953778,1500.2202783368612,957.9564503831994,111.6858714211095,2.6189501286827346,2.3853268874366313
RCCD_k10_nc7_rf3_ra3,9.508209647560454,2400.164546515201,1461.8927776345458,122.68966235442298,2.424245536508447,1.4385460401280428
SCCD_k3_nc7_rf3_ra3,34.85388833992963,0.4314320970348983,0.20153683132462527,35.55266475644488,0.41195255156547694,0.20222589511665112
SCCD_k4_nc7_rf3_ra3,60.90497299625513,0.39349129715629194,0.15788276719454022,62.169225910948455,0.3678573109353072,0.15557370049316344
SCCD_k5_nc7_rf3_ra3,107.68028292520779,0.3432216651513663,0.13956459403757684,110.0279269100492,0.3079483619358812,0.11329426365816724
SCCD_k6_nc7_rf3_ra3,193.89493333621064,0.2947026357184949,0.13908712655451097,198.50615286322775,0.2447164788584001,0.0978753335341435
SCCD_k7_nc7_rf3_ra3,60.73984799759394,300.40702029271847,485.1547752325027,94.47193458783228,2.213501529894996,3.376653138009964
SCCD_k8_nc7_rf3_ra3,28.103553126279532,800.4052275740894,706.6600592765636,71.36964588347064,4.963998310441045,3.614827795267666
SCCD_k9_nc7_rf3_ra3,12.800310547640319,1500.3841011701925,850.8939986391788,53.84333720151415,8.432693600538114,4.664428173091101
SCCD_k10_nc7_rf3_ra3,5.992385963532179,2400.34287988095,1229.9543047001296,41.31560303994507,12.485851092575507,6.8833676547996605
FCCD_k3_nc10_rf3_ra3,21.20019859055315,0.6534864299300511,0.2327293565787092,21.604938654090567,0.6332769087335443,0.23589771543661295
FCCD_k4_nc10_rf3_ra3,34.22358483569815,0.7594116080474419,0.23423031017551602,35.11720192825277,0.7155842588378099,0.21921242470014865
FCCD_k5_nc10_rf3_ra3,58.63019075468038,0.8628986160059889,0.24471943126776305,60.93441371272913,0.7648712471926871,0.20911491952206437
FCCD_k6_nc10_rf3_ra3,104.46058969961183,0.9749293038515348,0.25208497292851656,110.92934081524834,0.7677755268210991,0.19806811165706345
FCCD_k7_nc10_rf3_ra3,31.13743158309164,301.26882535777844,454.5538322200957,47.2158421942016,4.131461438935784,5.213428941965403
FCCD_k8_nc10_rf3_ra3,14.312141590147741,801.4390696584853,657.5523851285842,33.39263074028073,9.318780459733759,7.190536889273518
FCCD_k9_nc10_rf3_ra3,6.527276614527483,1501.5903678459529,901.8349916111018,23.480172620862927,16.53314174942175,8.401655469922499
FCCD_k10_nc10_rf3_ra3,3.074674544313537,2401.7218754706078,1433.0655324926865,16.736551335603927,25.782472347630257,12.681504517529454
RCCD_k3_nc10_rf3_ra3,34.85704934129555,0.38245302083620125,0.20696246983537786,35.45673635712419,0.3709781855816679,0.21140184509794394
RCCD_k4_nc10_rf3_ra3,62.36832282605205,0.3400828634266976,0.14531714046829544,63.502326019942394,0.3254899794378651,0.16751782983924915
RCCD_k5_nc10_rf3_ra3,116.19586466834245,0.27928266907893934,0.1125391531436087,118.463149188462,0.2601992711134752,0.11733241388801242
RCCD_k6_nc10_rf3_ra3,223.02073213352725,0.2049046723300712,0.07336072192149252,227.48585121642657,0.18564394565100162,0.07584272046926799
RCCD_k7_nc10_rf3_ra3,76.4377915805692,300.28556310327696,492.6262734610228,123.95172431591679,1.4257888598791089,1.7128911334710135
RCCD_k8_nc10_rf3_ra3,38.3676771784337,800.2573606173071,795.5553584446199,113.09681175521416,2.31004881510902,1.75809063377069
RCCD_k9_nc10_rf3_ra3,18.89033257281393,1500.2178449159296,906.2487462253573,111.83366387580213,2.616989428616991,1.6933674883848704
RCCD_k10_nc10_rf3_ra3,9.517267419374704,2400.1632080071704,1461.314077700874,122.78712095531725,2.4232555279663837,1.3852856439556038
SCCD_k3_nc10_rf3_ra3,36.11741466142147,0.3744760771978858,0.1914619193209108,36.75387171275654,0.3627765506496175,0.19947356581090106
SCCD_k4_nc10_rf3_ra3,62.36832282605205,0.3400828634266976,0.16262179510689057,63.502326019942394,0.3254899794378651,0.16464336281963396
SCCD_k5_nc10_rf3_ra3,109.52212245431447,0.2919429118551602,0.10886167208928843,111.59532911761737,0.272496679762461,0.10757030276457173
SCCD_k6_nc10_rf3_ra3,196.37713932693035,0.24484410278781477,0.09610315599173662,200.3954151035888,0.21725247493994682,0.08073086401890586
SCCD_k7_nc10_rf3_ra3,61.34379394607572,300.3581764850865,402.08445647190143,95.24521455579182,2.179926821382338,2.8865323246859336
SCCD_k8_nc10_rf3_ra3,28.326887001084895,800.3571448370947,598.6125079936484,71.83451272632188,4.930730856038616,4.396465399328324
SCCD_k9_nc10_rf3_ra3,12.883478895780021,1500.3366104264085,985.1682353422148,54.12857183406874,8.399814573763988,8.222389866394426
SCCD_k10_nc10_rf3_ra3,6.024814495488896,2400.2958627628236,1189.8549141105168,41.49677414409794,12.453456211789513,7.453431973270245
