DesignID,k,family,nc,rf,ra,alpha,N,D_reg,A_reg,G_reg,D_scaled,A_scaled,G_scaled,Deff_reg,Aeff_reg,Geff_reg,Deff_scaled,Aeff_scaled,Geff_scaled
FCCD_k3_nc1_rf1_ra1,3,FCCD,1,1,1,1,15,6.7217272275516535,2.1229673813827667,0.6973786485115214,6.847940526947446,2.058265943233315,0.7030284881492569,0.1861076516844771,0.17639276066218962,0.2745451409066873,0.18631888853686837,0.17625348747680994,0.26400714292807104
FCCD_k4_nc1_rf1_ra1,4,FCCD,1,1,1,1,25,11.148265205668098,2.345861230615657,0.7043659642346876,11.434214980667594,2.2160500924987327,0.6609143682821621,0.1787488375591098,0.14497143266119153,0.20630914588013405,0.18005978201612285,0.14687843949901655,0.23539161494934369
FCCD_k5_nc1_rf1_ra1,5,FCCD,1,1,1,1,43,19.303820932486946,2.622036189220318,0.7009323159180576,20.05547149824047,2.332040773630536,0.61753192017865,0.16613173788573105,0.10651365920391286,0.15530982038787164,0.1692971327845961,0.11157578120231375,0.17419391492095176
FCCD_k6_nc1_rf1_ra1,6,FCCD,1,1,1,1,77,34.56699843342557,2.9417481898315554,0.7774068882767408,36.69943591631033,2.325925671979294,0.5569992787131168,0.15499455186403735,0.06965404892177533,0.0943659273255341,0.1613262351045958,0.07981508088907421,0.13616304969818618
FCCD_k7_nc1_rf1_ra1,7,FCCD,1,1,1,1,47,11.322584308742572,303.8141644033572,442.85782033968877,15.655063554241115,12.429502058158716,15.539986089089112,0.14812809311488298,0.9883856590195198,0.7801043745965857,0.12629968353115384,0.11471005461101494,0.10857576108989997
FCCD_k8_nc1_rf1_ra1,8,FCCD,1,1,1,1,49,5.782394459208387,804.3184639025618,640.5186921753809,11.08802244272593,28.007225272831676,21.71818068206687,0.15071004773931546,0.9949508764655853,0.8241741778466698,0.09804009742312415,0.08248045968873167,0.07916694403215067
FCCD_k9_nc1_rf1_ra1,9,FCCD,1,1,1,1,51,2.929904126979866,1504.7676235832025,896.9329966615385,7.80380035945431,49.6679094036191,30.784224765392622,0.15510071703006675,0.9969764244020357,0.9179358980468026,0.06978042289771431,0.052689743942117714,0.04991014794311487
FCCD_k10_nc1_rf1_ra1,10,FCCD,1,1,1,1,53,1.5260248726102859,2405.1584086899043,1185.0251172596397,5.565953221603487,77.43369707072924,40.64889887478703,0.16034275442378476,0.997923130275043,0.925676837892549,0.04533010610802546,0.03129458646089107,0.03155794292309396
RCCD_k3_nc1_rf1_ra1,3,RCCD,1,1,1,1.681792830507429,15,10.326884413080787,2.0602240320496996,0.9739461455958964,10.615966860877023,1.8411456947843605,0.8190758399331098,0.2859253495824375,0.18176473595705156,0.19658368194862283,0.28883941653397105,0.19703848080969322,0.2266023895522105
RCCD_k4_nc1_rf1_ra1,4,RCCD,1,1,1,2,25,19.205797092532244,1.880016102954351,0.9798708022960315,19.789560251103172,1.5681914710029363,0.7300636290829065,0.30794153541851754,0.18089359069439587,0.14830234774603812,0.31163520285679647,0.20755754986328176,0.21309608408871494
RCCD_k5_nc1_rf1_ra1,5,RCCD,1,1,1,2.378414230005442,43,36.73545605453172,1.5403911494123743,0.8520446104940173,37.90790001940624,1.177042429929219,0.5698228505626697,0.31615114840261854,0.18130633195697055,0.12776522584441935,0.3199974023913453,0.22106192988227463,0.18877849959571083
RCCD_k6_nc1_rf1_ra1,6,RCCD,1,1,1,2.8284271247461903,77,72.33402326202423,0.9203135608026825,0.48088370686399123,74.32009193500696,0.716320020266775,0.3105078214601148,0.32433766390254837,0.22264658596506684,0.15255397692698539,0.3267020411933222,0.25916341914032126,0.24425381657901363
RCCD_k7_nc1_rf1_ra1,7,RCCD,1,1,1,3.363585661014858,47,27.53228957432726,300.98144109268804,398.62864611906446,40.830919801198974,4.365044977138867,5.319699336719514,0.3601921118470158,0.9976879704380285,0.8666595497708202,0.329409857156427,0.3266378393227149,0.31717315399817136
RCCD_k8_nc1_rf1_ra1,8,RCCD,1,1,1,4,49,15.44161417206783,800.8166172916087,656.24346569712,37.47474245568896,6.9645536030817,6.380695032195326,0.4024641392872095,0.9993016420211246,0.80442548248200485,0.3313510069302307,0.33168655835843686,0.269463120531834
RCCD_k9_nc1_rf1_ra1,9,RCCD,1,1,1,4.756828460010884,51,8.465078450773337,1500.6726737256995,978.0912950852635,37.15717817405239,7.866031691853043,4.767077012261919,0.44811696237449394,0.9996969167109303,0.841769065848344,0.33225396438158034,0.33269500189370493,0.32230341746164115
RCCD_k10_nc1_rf1_ra1,10,RCCD,1,1,1,5.656854249492381,53,4.719574845786445,2400.4998058020183,1331.4243241323247,40.85057331403742,7.277168175192121,3.7878361813059875,0.49589600016687635,0.9998597801199424,0.8238923410709215,0.3326942841904658,0.3329943007538655,0.3386618557867144
SCCD_k3_nc1_rf1_ra1,3,SCCD,1,1,1,1.7320508075688772,15,10.691395736035144,2.039151788909531,0.984968563116889,11.001486475087336,1.811649986941024,0.8238612605622277,0.29601774756749333,0.18364306141140324,0.19438378694548192,0.29932864110392315,0.20024648981019047,0.22528616338467528
SCCD_k4_nc1_rf1_ra1,4,SCCD,1,1,1,2,25,19.205797092532244,1.880016102954351,0.9822659883877689,19.789560251103172,1.5681914710029363,0.7346773373989564,0.30794153541851754,0.18089359069439587,0.14794072296731975,0.31163520285679647,0.20755754986328176,0.21175785963938246
SCCD_k5_nc1_rf1_ra1,5,SCCD,1,1,1,2.23606797749979,43,34.496470876607574,1.701919378755162,0.9547407339327733,35.612609027617054,1.2776591694503767,0.6216298603953455,0.2968820876291145,0.16409864801187912,0.1140222347493909,0.3006218327942748,0.2036531160539533,0.17304558486968263
SCCD_k6_nc1_rf1_ra1,6,SCCD,1,1,1,2.449489742783178,77,62.733144760277106,1.5381084385417758,0.9446433345312408,64.95370052430167,0.9747153598422139,0.4910789517880392,0.28128839933462974,0.13321861267748702,0.07765970418655017,0.28552852925567535,0.19045964934937878,0.1544409920097806
SCCD_k7_nc1_rf1_ra1,7,SCCD,1,1,1,2.6457513110645907,47,21.680398138343374,301.86187059390744,462.99120561222526,30.967413197969343,6.962942285267422,8.670931013753462,0.28363454372554925,0.9947780503462423,0.7461811774901189,0.24983446877303972,0.20476815711884783,0.19458877187156018
SCCD_k8_nc1_rf1_ra1,8,SCCD,1,1,1,2.8284271247461903,49,11.17954122651402,801.8466714475303,585.3819539876422,23.47682329962429,15.203098684552744,12.40985684757021,0.2913791516364715,0.9980179367367652,0.9018025973007925,0.20758165447172233,0.15194591991014092,0.13854809250873565
SCCD_k9_nc1_rf1_ra1,9,SCCD,1,1,1,3,51,5.670783935320075,1501.7756665869126,1037.4433995939469,17.756709516757933,25.5984240592871,14.121624505841101,0.3001950290425907,0.9989626801754463,0.7936114838655947,0.15877785723338014,0.10223244300336325,0.10880088276807881
SCCD_k10_nc1_rf1_ra1,10,SCCD,1,1,1,3.1622776601683795,53,2.9409516552415385,2401.6459201648613,1198.2829849459627,13.651176038315068,37.74750765108329,20.598658581723836,0.309012190752833,0.9993826266623062,0.9154350993456007,0.11117758875772311,0.06419643782486499,0.06227568778266504
FCCD_k3_nc3_rf1_ra1,3,FCCD,3,1,1,1,17,7.034275400483078,1.971299907359681,0.7251686414755213,7.159724873843854,1.9144425921885548,0.7028026194882232,0.194761321274656,0.1899640312464943,0.26402399162122864,0.19480192263278906,0.1894946090991938,0.26409199027812774
FCCD_k4_nc3_rf1_ra1,4,FCCD,3,1,1,1,27,11.385807645050177,2.280435498369898,0.6944702669280035,11.671888805592191,2.1540821155759766,0.6880245511025588,0.18255754089789597,0.14913066546709863,0.20924890148444703,0.18380253979872688,0.15110379362247892,0.22611649576146187
FCCD_k5_nc3_rf1_ra1,5,FCCD,3,1,1,1,45,19.52678590423545,2.586379351014743,0.7532861410538322,20.278567089695912,2.298885207293897,0.650193099130335,0.16805060971808852,0.107982098205882,0.1445156974970934,0.1711803816513008,0.11318497778310792,0.16544362422248446
FCCD_k6_nc3_rf1_ra1,6,FCCD,3,1,1,1,79,34.808264794101355,2.919387067510653,0.7212158355446863,36.94009341484136,2.3060334392325976,0.6006639168043744,0.1560763632201732,0.07018756594848946,0.10171812418135281,0.16238413605643157,0.0805035792164316,0.12626481855737745
FCCD_k7_nc3_rf1_ra1,7,FCCD,3,1,1,1,49,11.374351583567035,303.79850939966565,471.0350835747581,15.727514559287508,12.399043816651576,13.455526564013727,0.14880534024295963,0.988436591399574,0.7334386227654941,0.12688419339131307,0.11499183977108893,0.12539574790494146
FCCD_k8_nc3_rf1_ra1,8,FCCD,3,1,1,1,51,5.8005944142045776,804.3070568576353,698.5542087218096,11.125113947672615,27.9633755007486,21.165221904771872,0.15118440418553838,0.9949649873070242,0.7557022202829471,0.09836805985080926,0.08260979848613692,0.08123524536020478
FCCD_k9_nc3_rf1_ra1,9,FCCD,3,1,1,1,53,2.9365230711069823,1504.7589580738477,1146.246793994225,7.823611247063991,49.609044483402855,27.58372505083029,0.15545110493888747,0.9969821657259108,0.7182807403188839,0.06995756891013222,0.052752264347533,0.05570115020808614
FCCD_k10_nc3_rf1_ra1,10,FCCD,3,1,1,1,55,1.528583005450408,2405.1516104040884,1179.4065651727585,5.577085275870475,77.35962237959292,37.84715989984861,0.16061154300851174,0.997925950956547,0.930086651847211,0.04542076752414449,0.03132455218144429,0.0338941055014878
RCCD_k3_nc3_rf1_ra1,3,RCCD,3,1,1,1.681792830507429,17,11.506993687131496,1.1900426147756724,0.6106472007973076,11.702606533010055,1.1522646117028272,0.5742216819203654,0.3185995950984443,0.31467451043211253,0.3135393383788929,0.3184047282003303,0.31483788269215607,0.3232280291691715
RCCD_k4_nc3_rf1_ra1,4,RCCD,3,1,1,2,27,20.653855906193783,1.060419825353943,0.44849514092092585,21.033408167238008,1.010380953019081,0.5153165708087133,0.33115939262625804,0.3207058707273659,0.32401051251058327,0.3312226415239126,0.3221457990328112,0.3018992776595821
RCCD_k5_nc3_rf1_ra1,5,RCCD,3,1,1,2.378414230005442,45,38.55629394513733,0.8733566899847248,0.3626117272150478,39.32657532920094,0.8067929359174548,0.4066006297115979,0.33182156744724484,0.31978076344022055,0.30021553060452383,0.3319730700948751,0.3225105966223989,0.26456009878998815
RCCD_k6_nc3_rf1_ra1,6,RCCD,3,1,1,2.8284271247461903,79,74.13946140891345,0.6361420469367424,0.24100897721977374,75.65695687904518,0.5707572686350159,0.2219140580223195,0.3324330464690815,0.3221052174066507,0.3043899972846057,0.3325787361037514,0.32525901263592316,0.34176618257163294
RCCD_k7_nc3_rf1_ra1,7,RCCD,3,1,1,3.363585661014858,49,27.880786673505945,300.8676998129425,454.7956256811334,41.25878665844987,4.28610799887296,5.617641262671469,0.36475133696292394,0.9980651405583668,0.7596276293420637,0.3328617402150313,0.33265350762370494,0.3003512930170499
RCCD_k8_nc3_rf1_ra1,8,RCCD,3,1,1,4,51,15.535936195525872,800.7767344203049,697.0810638288943,37.670202285567825,6.934121109467391,5.3479926063006,0.4049225112918369,0.9993514124715751,0.7572992495585089,0.33307925927302806,0.3331422654206359,0.32149670373734285
RCCD_k9_nc3_rf1_ra1,9,RCCD,3,1,1,4.756828460010884,53,8.49300933069052,1500.6557028540005,906.2802129131834,37.26183913161347,7.852846847893827,5.468692209233779,0.44959554300876925,0.9997082222542865,0.9084684670889855,0.3331898271078281,0.3332535931626988,0.28095295064523634
RCCD_k10_nc3_rf1_ra1,10,RCCD,3,1,1,5.656854249492381,55,4.7290751486989855,2400.4908403815853,1199.838317648904,40.91838904987573,7.270726337776238,4.046757725688707,0.4968942176692237,0.9998635144242571,0.9142484343370831,0.33324658752090214,0.33328933250808335,0.31699343462891194
SCCD_k3_nc3_rf1_ra1,3,SCCD,3,1,1,1.7320508075688772,17,11.922406144495445,1.1659432062074317,0.6053042509876221,12.130565806523114,1.1272977826153205,0.5832191026548726,0.330101316948089,0.32117866050781135,0.316306913438191,0.3300486517808907,0.32181075510321616,0.31824153514251474
SCCD_k4_nc3_rf1_ra1,4,SCCD,3,1,1,2,27,20.653855906193783,1.060419825353943,0.44566525237290977,21.033408167238008,1.010380953019081,0.4899747497660377,0.33115939262625804,0.3207058707273659,0.3260679168828301,0.3312226415239126,0.3221457990328112,0.3175137097726968
SCCD_k5_nc3_rf1_ra1,5,SCCD,3,1,1,2.23606797749979,45,36.33545434425874,0.9145674002358761,0.36812093410955443,37.040118471657344,0.846304387884166,0.34685009920186927,0.31270867038143685,0.30537133622618684,0.2957225791915727,0.312672073344349,0.3074535295320822,0.3101348479129742
SCCD_k6_nc3_rf1_ra1,6,SCCD,3,1,1,2.449489742783178,79,65.22549702986008,0.7722830810349098,0.32077452428885544,66.60588187790371,0.6745991588600909,0.24670616747300333,0.2924638279404813,0.26532326987597027,0.22869871628406394,0.2927913165664791,0.2751914869930981,0.30742125843922136
SCCD_k7_nc3_rf1_ra1,7,SCCD,3,1,1,2.6457513110645907,49,22.347523479571592,301.11143951457916,485.5059076059654,31.670282146165782,6.567343708231572,8.277147277848751,0.2923622336212605,0.997257240001796,0.7115780005125836,0.25550497438379693,0.21710282318435858,0.20384629635197604
SCCD_k8_nc3_rf1_ra1,8,SCCD,3,1,1,2.8284271247461903,51,11.453938124192094,801.1077901464604,623.285427486209,23.897831048013316,14.819707829709746,11.869027235548383,0.29853092411417337,0.9989384330802752,0.8469618303898966,0.21130419750238044,0.1558768122592781,0.1448612392924452
SCCD_k9_nc3_rf1_ra1,9,SCCD,3,1,1,3,53,5.7844220291166835,1501.04577239812,965.6526678616153,18.013985737378757,25.22680618222068,17.470714259426092,0.306210703640091,0.9994484328876475,0.8526119413117053,0.1610783829579647,0.1037384363963358,0.08794404107009407
SCCD_k10_nc3_rf1_ra1,10,SCCD,3,1,1,3.1622776601683795,55,2.98998556444508,2400.9232181553775,1199.372370940014,13.81390069214067,37.3874637523716,18.801161898104947,0.31416429030440396,0.9996834508732058,0.9146036126448454,0.1125028470792764,0.06481465402457713,0.06822959333733764
FCCD_k3_nc5_rf1_ra1,3,FCCD,5,1,1,1,19,7.256713992227294,1.9007817050384967,0.7544319595703012,7.384219690574859,1.8457681997517938,0.7354846396964724,0.20092008412713147,0.1970116169601398,0.25378288511260977,0.20090998162819246,0.1965450215787666,0.25235678970797243
FCCD_k4_nc5_rf1_ra1,4,FCCD,5,1,1,1,29,11.569371767964967,2.2429199487740332,0.7076319557089151,11.857445990318263,2.1175961448060474,0.6406533765002612,0.18550076775725466,0.1516250562631916,0.20535695045415917,0.1867245931526119,0.15370729694432697,0.242835995562883
FCCD_k5_nc5_rf1_ra1,5,FCCD,5,1,1,1,47,19.70816097647563,2.5633074384785246,0.6917928543589961,20.4619914421146,2.2767986141585572,0.6155707060400227,0.16961155229343644,0.10895402747503055,0.15736166021858938,0.1727287479886407,0.11428295392284299,0.17474889839474883
FCCD_k6_nc5_rf1_ra1,6,FCCD,5,1,1,1,81,35.01140942809961,2.9037501293410104,0.7415789378691985,37.14527405175127,2.291657953663351,0.5663882260377663,0.15698724102088202,0.07056553188223987,0.09892503437635666,0.16328608506034878,0.0810085751908302,0.13390589172348166
FCCD_k7_nc5_rf1_ra1,7,FCCD,5,1,1,1,51,11.418993584986493,303.7869724338775,515.0006924983697,15.790668953002367,12.372419952756495,13.066798134070558,0.1493893707401307,0.9884741294119758,0.6708249678176765,0.12739370137971262,0.1152392874897083,0.1291261868161801
FCCD_k8_nc5_rf1_ra1,8,FCCD,5,1,1,1,53,5.816583683269658,804.2983078018715,794.2097945664268,11.158177364917472,27.9220858535607,19.789315386309312,0.15160114218587967,0.9949758104109304,0.6646845331431075,0.09866040599860713,0.08273195731952943,0.0868833489675351
FCCD_k9_nc5_rf1_ra1,9,FCCD,5,1,1,1,55,2.9424230552655244,1504.7521039759465,960.8229305721014,7.8415933379102185,49.55199098274042,35.82496139583638,0.15576343317005018,0.9969867069479177,0.8568977379506199,0.07011836209371419,0.05281300260020876,0.042887560865129466
FCCD_k10_nc5_rf1_ra1,10,FCCD,5,1,1,1,57,1.5308899555343733,2405.1461002522005,1096.9503033681503,5.587339051771183,77.28688957499759,37.5098700968211,0.16085393927440517,0.9979282371892054,1,0.04550427608612502,0.031354030952622396,0.034198882247951645
RCCD_k3_nc5_rf1_ra1,3,RCCD,5,1,1,1.681792830507429,19,12.106020211346653,1.0125055567249657,0.6198809130274738,12.284384454187553,0.9916565310018021,0.5541446665891375,0.33518512675486717,0.3698508859636881,0.30886887351607323,0.3342337523021795,0.36582883216947043,0.3349387871866686
RCCD_k4_nc5_rf1_ra1,4,RCCD,5,1,1,2,29,21.36697125700431,0.8948654990168405,0.4843372385819349,21.703116072904475,0.8704107891383223,0.4250660326350969,0.34259332765124556,0.38003796525884115,0.3000329706089949,0.3417688364059103,0.37394984471652676,0.36599890028549414
RCCD_k5_nc5_rf1_ra1,5,RCCD,5,1,1,2.378414230005442,47,39.47297098328059,0.7259061729931161,0.3604069446297473,40.14131725179932,0.6954064629595561,0.35298880266556515,0.3397106351069221,0.3847365947135813,0.30205209336663597,0.33885066813426384,0.3741686121323955,0.30474140242484654
RCCD_k6_nc5_rf1_ra1,6,RCCD,5,1,1,2.8284271247461903,81,75.21831785038646,0.5410569022700242,0.21693302924560062,76.55822689702636,0.507300149002587,0.2291269353921531,0.3372705179953927,0.3787118720237854,0.33817220999775566,0.336540608955016,0.3659449854607768,0.33100744065494697
RCCD_k7_nc5_rf1_ra1,7,RCCD,5,1,1,3.363585661014858,51,28.122332907322004,300.81468545323315,518.7211050486451,41.57323424311573,4.243596415173494,5.166522821294889,0.36791137375652305,0.9982410355094234,0.6660136239085581,0.33539859548188034,0.3359859704803755,0.3265766697080858
RCCD_k8_nc5_rf1_ra1,8,RCCD,5,1,1,4,53,15.610294738554249,800.7522743253902,533.1033170075284,37.83009615609506,6.91336779221846,5.006616755976612,0.4068605630191427,0.9993819390541225,0.9902376325143252,0.33449303803518543,0.3341423289686919,0.3434179363708732
RCCD_k9_nc5_rf1_ra1,9,RCCD,5,1,1,4.756828460010884,55,8.516719588635691,1500.6435569655032,846.3927427903674,37.353173133163644,7.842604695183647,5.148861444092325,0.45085069602705413,0.9997163136791561,0.9727481748768242,0.33400652217427607,0.33368881007405027,0.29840484717601506
RCCD_k10_nc5_rf1_ra1,10,RCCD,5,1,1,5.656854249492381,57,4.737476910913881,2400.483857228314,1303.0577713836783,40.97985715904057,7.2653657660504685,3.4072316593976093,0.4977770091097366,0.9998664230879213,0.8418278356172432,0.33374719465857755,0.3335352418579872,0.3764920495027165
SCCD_k3_nc5_rf1_ra1,3,SCCD,5,1,1,1.7320508075688772,19,12.545034425087792,0.9894437093338893,0.5881776747261697,12.734306319733761,0.968238550733374,0.5851339451269186,0.3473403216340308,0.37847133057219556,0.32551714821554095,0.346475234480234,0.37467682976972905,0.317200094267421
SCCD_k4_nc5_rf1_ra1,4,SCCD,5,1,1,2,29,21.36697125700431,0.8948654990168405,0.47866727205651993,21.703116072904475,0.8704107891383223,0.4583658048988482,0.34259332765124556,0.38003796525884115,0.3035869568520171,0.3417688364059103,0.37394984471652676,0.3394094821874754
SCCD_k5_nc5_rf1_ra1,5,SCCD,5,1,1,2.23606797749979,47,37.227325614362314,0.7555889201043358,0.36339905580333676,37.835663114531464,0.7252329795803854,0.34474088305939576,0.32038425567570905,0.3696225045761318,0.2995650933892406,0.3193876186284651,0.3587802519185278,0.31203233515544
SCCD_k6_nc5_rf1_ra1,6,SCCD,5,1,1,2.449489742783178,81,66.42269833195803,0.6176918011537282,0.22083304832910028,67.58597258989165,0.5758661580431841,0.22316789394626352,0.29783194457540096,0.33172639162013984,0.3321999242258588,0.297099675555608,0.32237342489759613,0.33984601964084543
SCCD_k7_nc5_rf1_ra1,7,SCCD,5,1,1,2.6457513110645907,51,22.665929864864257,300.9599842165281,476.0596053419329,32.06281552855384,6.44934253698104,9.028696440142086,0.29652779595251977,0.9977591003833722,0.7256976208329209,0.2586717990855462,0.22107507109500277,0.18687812001825987
SCCD_k8_nc5_rf1_ra1,8,SCCD,5,1,1,2.8284271247461903,53,11.584315357674488,800.9586868894869,632.1590807893072,24.134365401369955,14.700191288542687,12.837104418765424,0.3019290248872814,0.9991243914528184,0.8350729785609338,0.2133956300519433,0.1571441330093078,0.13393690184711288
SCCD_k9_nc5_rf1_ra1,9,SCCD,5,1,1,3,55,5.838239695116567,1500.8984988507023,848.6979362171762,18.15950242982023,25.10657669966531,16.811482132269692,0.3090596564466358,0.9995465023548935,0.9701060420248686,0.16237957159292774,0.10423521533510689,0.09139260894823992
SCCD_k10_nc5_rf1_ra1,10,SCCD,5,1,1,3.1622776601683795,57,3.0131504256203336,2400.7774085923174,1165.7858907437374,13.906577835418112,37.26734287826348,18.074166043797234,0.31659827268133034,0.9997441659593477,0.9409534907549173,0.1132576261029752,0.06502356596449944,0.07097398726274193
FCCD_k3_nc7_rf1_ra1,3,FCCD,7,1,1,1,21,7.430800705899378,1.860030658122759,0.68049507566914,7.561278826696965,1.8052714883303498,0.7064454066696312,0.20574010558503592,0.20132790583991061,0.2813568035487159,0.20572740977578682,0.2009540132853593,0.26273019939122405
FCCD_k4_nc7_rf1_ra1,4,FCCD,7,1,1,1,31,11.719459361191795,2.2185948121057835,0.6801979185335746,12.010278828202134,2.09339860237654,0.6741211078184748,0.18790723928680708,0.15328750503292995,0.21363949595961984,0.18913132133822,0.1554839957704907,0.2307800463281975
FCCD_k5_nc7_rf1_ra1,5,FCCD,7,1,1,1,49,19.861275869927983,2.5471571741490204,0.6935671873339377,20.61806233594635,2.2609422911524897,0.6544388252369172,0.1709292832978004,0.1096448510964954,0.1569590864120189,0.17404621164633446,0.11508443719757286,0.16437029500141526
FCCD_k6_nc7_rf1_ra1,6,FCCD,7,1,1,1,83,35.1869928505176,2.8922007694263114,0.73887355483421,37.32430933894287,2.2807374365836686,0.5822785421744223,0.1577745374338131,0.0708473196246039,0.09928724805687944,0.16407310230223104,0.0813964565465628,0.13025161495054577
FCCD_k7_nc7_rf1_ra1,7,FCCD,7,1,1,1,53,11.458255346039412,303.7781175049911,451.36757372460016,15.846752906414913,12.34833851035848,13.561277484367972,0.14990301406028778,0.9885029427715222,0.7653968585304051,0.12784616748070532,0.11546402446637473,0.12441791113663242
FCCD_k8_nc7_rf1_ra1,8,FCCD,7,1,1,1,55,5.830845900686128,804.2913846587385,694.1423614281169,11.18807686968613,27.882596161016398,24.08386159816,0.15197286699346033,0.9949843749188697,0.7605053312593949,0.09892477688850783,0.0828491293195566,0.0713906276005457
FCCD_k9_nc7_rf1_ra1,9,FCCD,7,1,1,1,57,2.947746131474798,1504.7465470583236,1041.5256422838665,7.858101793510648,49.49627359491114,33.57232337222408,0.15604522154983416,0.9969903887460335,0.7905009366576137,0.07026597824996177,0.052872453591860935,0.04576523332388779
FCCD_k10_nc7_rf1_ra1,10,FCCD,7,1,1,1,59,1.5329909543975726,2405.1415438059225,1286.575514970385,5.596870296062746,77.21518668755056,39.63214804452476,0.16107469579732497,0.9979301277250925,0.8526124511186586,0.0455819002230655,0.03138314665704339,0.03236755245100493
RCCD_k3_nc7_rf1_ra1,3,RCCD,7,1,1,1.681792830507429,21,12.51848444148483,0.9360533143104272,0.5687688350194894,12.691565739113582,0.9200124295217293,0.59090797447972,0.3466052196381694,0.40005849183254616,0.3366251938089227,0.3453123479970299,0.39431701030192357,0.31410058853368295
RCCD_k4_nc7_rf1_ra1,4,RCCD,7,1,1,2,31,21.850641857885044,0.8237450165211635,0.4536051559358128,22.16959174637343,0.8067000189414238,0.4466927501323948,0.35034839591289685,0.41284967630266717,0.3203604248467989,0.34911464092529854,0.40348329217220413,0.34827899142543306
RCCD_k5_nc7_rf1_ra1,5,RCCD,7,1,1,2.378414230005442,49,40.096106509952094,0.6611172185115024,0.3783671657416563,40.71939692763287,0.6417194801850244,0.28413365275625857,0.3450734380642401,0.422440470855896,0.2877143736188188,0.3437304951504601,0.405471984485266,0.3785905038740692
RCCD_k6_nc7_rf1_ra1,6,RCCD,7,1,1,2.8284271247461903,83,75.99382729607542,0.4934462940885809,0.24353833612934123,77.24124467278463,0.47176139738784906,0.2344743341977191,0.3407478155464771,0.41525222660459943,0.3012286405805583,0.3395430716229401,0.3935123701916166,0.32345851723504226
RCCD_k7_nc7_rf1_ra1,7,RCCD,7,1,1,3.363585661014858,53,28.307778830478718,300.784011779806,377.2651030769114,41.82262187015099,4.216545689702867,5.353882375332803,0.3703374763338227,0.998342835200649,0.9157362293879311,0.3374105693242098,0.3381414467679068,0.3151480922933848
RCCD_k8_nc7_rf1_ra1,8,RCCD,7,1,1,4,55,15.671734377041856,800.7357404505344,687.7865489705086,37.96561348071337,6.898053384461668,4.804544348094391,0.40846190151565565,0.9994025746459647,0.7675331355479944,0.3356912798115463,0.3348841602636131,0.3578616139154316
RCCD_k9_nc7_rf1_ra1,9,RCCD,7,1,1,4.756828460010884,57,8.537326554848988,1500.6344344794495,830.910726364841,37.434268177257735,7.8343349584546536,4.723793886751328,0.45194156968604693,0.9997223910407838,0.9908729899062684,0.3347316620050175,0.33404104400626755,0.32525661559113844
RCCD_k10_nc7_rf1_ra1,10,RCCD,7,1,1,5.656854249492381,59,4.745009453551533,2400.4782643628264,1378.354991079532,41.03609301789568,7.2608122772168455,4.073490021526966,0.4985684697576025,0.9998687526730263,0.7958401939031797,0.3342051894255985,0.3337444125322086,0.31491316384673157
SCCD_k3_nc7_rf1_ra1,3,SCCD,7,1,1,1.7320508075688772,21,12.973335496523756,0.9136093361345065,0.5899271582860091,13.156687107143558,0.8973468205548462,0.563351256238172,0.35919889665804683,0.40988643875105213,0.3245517970001409,0.3579673785109592,0.40427685521335666,0.3294650371292635
SCCD_k4_nc7_rf1_ra1,4,SCCD,7,1,1,2,31,21.850641857885044,0.8237450165211635,0.4915156133121788,22.16959174637343,0.8067000189414238,0.4645602154830059,0.35034839591289685,0.41284967630266717,0.2956511177519796,0.34911464092529854,0.40348329217220413,0.33488382196355876
SCCD_k5_nc7_rf1_ra1,5,SCCD,7,1,1,2.23606797749979,49,37.82737144317306,0.6872998194883163,0.30554392818287496,38.394180580176084,0.6682083291942622,0.3142012516640362,0.32554834503915975,0.40634765376027715,0.3562881211114503,0.32410231234943043,0.38939842522949125,0.3423611529071587
SCCD_k6_nc7_rf1_ra1,6,SCCD,7,1,1,2.449489742783178,83,67.22410873206259,0.5512914111343971,0.23041416650353608,68.28860104402585,0.5267393967825192,0.2407074819892304,0.3014253791069706,0.37168123462768465,0.31838633463696636,0.30018834436897407,0.35243983416651575,0.3150825219162124
SCCD_k7_nc7_rf1_ra1,7,SCCD,7,1,1,2.6457513110645907,53,22.87835474633602,300.89493373453774,439.8329138706321,32.33828320958231,6.390330551120749,8.80037635606006,0.29930685166670606,0.9979748059440628,0.7854694636902834,0.2608941778588046,0.2231166053889108,0.19172655221585314
SCCD_k8_nc7_rf1_ra1,8,SCCD,7,1,1,2.8284271247461903,55,11.671091373047783,800.8946487821889,876.4563597481049,24.300881262290876,14.637648201951144,11.561027991518198,0.30419072071446773,0.9992042796566928,0.6023106121002851,0.21486796033550007,0.15781557141133498,0.14872051134196212
SCCD_k9_nc7_rf1_ra1,9,SCCD,7,1,1,3,57,5.873997953191874,1500.8352482466396,1264.657898681513,18.262290720669053,25.041510732854597,15.132574452525633,0.3109525960196939,0.9995886268453308,0.6510274412050013,0.16329868921177798,0.10450605223204393,0.10153230814591585
SCCD_k10_nc7_rf1_ra1,10,SCCD,7,1,1,3.1622776601683795,59,3.0285220939448196,2400.7147880541957,1521.1993200416243,13.972261217938945,37.200731816281106,20.320494301141487,0.3182134073252506,0.9997702434084341,0.721108857278568,0.11379256317137292,0.06513999616818916,0.06312817058318741
FCCD_k3_nc10_rf1_ra1,3,FCCD,10,1,1,1,24,7.6380179215503485,1.8234018012385709,0.7607214579758359,7.773591423568396,1.7680076301138947,0.7248722718343302,0.21147742697399757,0.20537222072694988,0.25168465712846044,0.21150401471500854,0.20518947117114392,0.25605137589777544
FCCD_k4_nc10_rf1_ra1,4,FCCD,10,1,1,1,34,11.903750572259595,2.194797060493333,0.6771046221811139,12.199265189420926,2.0690878959045462,0.6324697435263895,0.19086212411803458,0.15494957121468708,0.21461549029187632,0.19210737549345586,0.15731085184062235,0.24597809157754943
FCCD_k5_nc10_rf1_ra1,5,FCCD,10,1,1,1,52,20.054144558519255,2.530347780469646,0.7485336059640697,20.816145956379007,2.2439507364583657,0.6569158550341144,0.17258914175439674,0.11037323455477846,0.14543324604522018,0.1757183233687531,0.11595587500470196,0.16375050463500454
FCCD_k6_nc10_rf1_ra1,6,FCCD,10,1,1,1,86,35.41269395224057,2.879609579926503,0.7428939651085457,37.556557456669914,2.268454965013545,0.5672858621924823,0.1587865559110363,0.07115710190660673,0.09874992309403624,0.16509403664379627,0.08183717486756152,0.13369400777263554
FCCD_k7_nc10_rf1_ra1,7,FCCD,10,1,1,1,56,11.509524149186005,303.7681218118716,454.9252304091916,15.92079827905943,12.315393198423468,14.6633396896455,0.1505737399157379,0.9885354701216758,0.759411217224763,0.12844354015182521,0.11577290606211652,0.11506695286754962
FCCD_k8_nc10_rf1_ra1,8,FCCD,10,1,1,1,58,5.849718910626101,804.2833423861046,615.377261419385,11.228286791967733,27.825737674407673,23.993153071233092,0.15246476567818396,0.9949943240688619,0.8578460720200399,0.09928031230685926,0.08301842136726727,0.07166052704422478
FCCD_k9_nc10_rf1_ra1,9,FCCD,10,1,1,1,60,2.9548684604845503,1504.7399384784353,885.8648020991535,7.880653423111142,49.41454477526198,29.96349547336731,0.15642225720986283,0.996994767370182,0.9294047961126302,0.0704676315698918,0.052959901594137805,0.051277235452068574
FCCD_k10_nc10_rf1_ra1,10,FCCD,10,1,1,1,62,1.5358284608227373,2405.1360179339326,1263.0990366392202,5.6100621518320395,77.10911286816106,52.69883416814724,0.16137283877262776,0.9979324204994302,0.8684594568980524,0.04568933702642612,0.031426318340733554,0.024342011561092707
RCCD_k3_nc10_rf1_ra1,3,RCCD,10,1,1,1.681792830507429,24,12.971645090584305,0.878569595438983,0.6014602718480585,13.14349536031614,0.8650467903068346,0.5696354448791142,0.359152093586584,0.4262338227295202,0.3183284553984276,0.35760845722695095,0.4193721712104609,0.3258303959521248
RCCD_k4_nc10_rf1_ra1,4,RCCD,10,1,1,2,34,22.375642233790327,0.7703380638227924,0.47264327534662864,22.683848556886154,0.7573165114649547,0.4857860416992599,0.3587661367165021,0.4414722306970538,0.3074562742095977,0.3572128767340345,0.4297938504050791,0.3202514834493246
RCCD_k5_nc10_rf1_ra1,5,RCCD,10,1,1,2.378414230005442,52,40.7718709596464,0.6118775759666669,0.3518058440842665,41.36227662612622,0.5987377615632875,0.2970766464281232,0.3508891738619222,0.4564355355525461,0.3094367928214782,0.3491573279072915,0.4345796905044074,0.36209612589186824
RCCD_k6_nc10_rf1_ra1,6,RCCD,10,1,1,2.8284271247461903,86,76.86199362613736,0.4544583618677032,0.26361412487911146,78.03296484111024,0.44049511842443434,0.2080042476763006,0.3446405761959317,0.4508766688502933,0.2782882819922278,0.34302337672364014,0.4214438205694856,0.3646210176789062
RCCD_k7_nc10_rf1_ra1,7,RCCD,10,1,1,3.363585661014858,56,28.52456119067061,300.7564172834045,421.6957595461492,42.121505456427194,4.189845041180318,5.717056314590865,0.3731735389111068,0.9984344334715097,0.8192525420296339,0.339821859590043,0.34029632262424936,0.2951284234586127
RCCD_k8_nc10_rf1_ra1,8,RCCD,10,1,1,4,58,15.747684097219746,800.7190212961912,669.0080318627284,38.13696040571876,6.881004752757117,5.423427192987216,0.41044142505638703,0.9994234423479328,0.7890771730336813,0.33720632627789804,0.3357138816367504,0.31702499791286065
RCCD_k9_nc10_rf1_ra1,9,RCCD,10,1,1,4.756828460010884,60,8.563937719027853,1500.6243386706533,871.5378777871275,37.54118702258216,7.824407449814449,4.970846438631652,0.45335028835610164,0.9997291169120422,0.9446829756484963,0.3356877144280443,0.3344648710336591,0.30909126470174986
RCCD_k10_nc10_rf1_ra1,10,RCCD,10,1,1,5.656854249492381,62,4.755025465518875,2400.4716916184602,1233.3286182135596,41.11243021765344,7.2550980289816245,3.5654993698344737,0.49962087393266563,0.999871490419001,0.8894225652178985,0.3348268930632752,0.3340072757509699,0.35978007496792813
SCCD_k3_nc10_rf1_ra1,3,SCCD,10,1,1,1.7320508075688772,24,13.443646062055596,0.8566578273404968,0.5726862966119938,13.625364968425455,0.8429857541797765,0.5784774323089233,0.3722206084815733,0.4371361181166706,0.3343225085943169,0.37071917415700073,0.4303471901522208,0.32085010094950167
SCCD_k4_nc10_rf1_ra1,4,SCCD,10,1,1,2,34,22.375642233790327,0.7703380638227924,0.4504173407732744,22.683848556886154,0.7573165114649547,0.4484334987284442,0.3587661367165021,0.4414722306970538,0.3226277661042438,0.3572128767340345,0.4297938504050791,0.34692702693777455
SCCD_k5_nc10_rf1_ra1,5,SCCD,10,1,1,2.23606797749979,52,38.474397497050155,0.636021607986167,0.34157334315189686,39.01139793916413,0.6231600910922028,0.31405573019474414,0.33111675365442245,0.43910877487831124,0.31870658021717435,0.3293125179130704,0.41754803433805915,0.34251979003175015
SCCD_k6_nc10_rf1_ra1,6,SCCD,10,1,1,2.449489742783178,86,68.08469896531591,0.5014330861649654,0.2344280541576302,69.07400180419562,0.4866611921229065,0.24781571610923625,0.3052841693863338,0.4086381173951095,0.3129349095401548,0.30364087012374086,0.38146445341406465,0.3060448371072511
SCCD_k7_nc10_rf1_ra1,7,SCCD,10,1,1,2.6457513110645907,56,23.10583785934618,300.8460901793552,444.1182518770529,32.64261440636533,6.339519430253426,8.88503490006773,0.3022829072055475,0.9981368311094085,0.7778903963328653,0.26334941757783725,0.22490488049850682,0.1898997399477234
SCCD_k8_nc10_rf1_ra1,8,SCCD,10,1,1,2.8284271247461903,58,11.763839434285886,800.8465662304362,653.2592163345422,24.48542588431612,14.580476235373304,12.338606727573458,0.3066080695888019,0.9992642715371778,0.808100296664969,0.21649970060440057,0.15843438704043647,0.13934814785003347
SCCD_k9_nc10_rf1_ra1,9,SCCD,10,1,1,3,60,5.912163488777343,1500.7877576433732,960.8628716027215,18.376570249099135,24.97961117293085,15.038466557201524,0.3129729699563812,0.9996202576116836,0.8568621185299915,0.1643205597690817,0.10476501857854742,0.10216767823439309
SCCD_k10_nc10_rf1_ra1,10,SCCD,10,1,1,3.1622776601683795,62,3.0449113129060636,2400.6677710455156,1266.7694946312395,14.04550429274564,37.135661491225655,22.61172555817936,0.319935458229051,0.9997898238796593,0.8659431001592567,0.1143890677089567,0.06525413660771724,0.05673143463892435
FCCD_k3_nc1_rf2_ra1,3,FCCD,1,2,1,1,23,10.564051135258584,1.7575308665227518,0.5353924985538954,10.87260964995938,1.652177600957323,0.5087894473131593,0.2924918971717677,0.21306941706166505,0.35761038833762676,0.29582215813703544,0.21957479053063877,0.3647963681901743
FCCD_k4_nc1_rf2_ra1,4,FCCD,1,2,1,1,41,18.24619348634734,2.039243825099261,0.592090082563447,19.025109972791572,1.810718084583187,0.5147683777490162,0.2925554618044927,0.1667691029591049,0.24543079633954787,0.29959705675689563,0.17975740244113725,0.30222077970961914
FCCD_k5_nc1_rf2_ra1,5,FCCD,1,2,1,1,75,32.49727697404278,2.389260277662363,0.6491618987724576,34.678552117513306,1.8878347326965923,0.507192717047142,0.2796767085197022,0.11689085182137951,0.16769572012026898,0.29273704400972406,0.1378294755398452,0.21208960450150433
FCCD_k6_nc1_rf2_ra1,6,FCCD,1,2,1,1,141,59.392914843427945,2.777789567004378,0.6998190946747099,65.70559143458861,1.7894024065410514,0.44143771216786154,0.2663111822620515,0.07376536896963162,0.10482812269589768,0.28883374980572885,0.10374633730925559,0.17180843045060898
FCCD_k7_nc1_rf2_ra1,7,FCCD,1,2,1,1,79,18.56892850298305,303.4533746905593,484.0912563592045,27.77285749297552,7.322607809909866,7.471305516748453,0.24292863672559775,0.9895607963150429,0.7136574322155305,0.22406188898341264,0.19471053167009075,0.22583279631209813
FCCD_k8_nc1_rf2_ra1,8,FCCD,1,2,1,1,81,8.990031100607727,803.9465601403771,629.5665388573585,19.847440345424037,15.387568219032802,11.24181644121627,0.2343126235867357,0.995411138369165,0.8385117917435496,0.17549071487869772,0.15012435897777093,0.15294343254294437
FCCD_k9_nc1_rf2_ra1,9,FCCD,1,2,1,1,83,4.308971497841909,1504.414387820533,1127.5571678367423,14.074884960563105,26.523729243853584,18.016156293185958,0.22810458636621234,0.9972105139790088,0.7301864768044539,0.12585552929924654,0.09866596829416184,0.08528152106095785
FCCD_k10_nc1_rf2_ra1,10,FCCD,1,2,1,1,85,2.12583699067713,2404.8544559570983,1420.3361037886286,10.104514994486951,40.73540523932228,17.73358437078184,0.2233663190286609,0.9980492590982764,0.772317411662019,0.08229295479746632,0.05948769906005971,0.07233707544712188
RCCD_k3_nc1_rf2_ra1,3,RCCD,1,2,1,1.681792830507429,23,15.302591823499457,1.773014561000249,0.96957510285716,15.859325540627545,1.4719366819079538,0.7531657274419054,0.4236901219799876,0.21120868685174504,0.19746992136731611,0.43150081342649643,0.2464620626067823,0.24643253906908952
RCCD_k4_nc1_rf2_ra1,4,RCCD,1,2,1,2,41,30.041330106203453,1.6219239829135002,0.9816646093876649,31.23076677669382,1.1931898677223958,0.6479325454024172,0.4816760936475721,0.20967866990646425,0.14803135315119514,0.4918050839096201,0.2727897614980357,0.24010786554415153
RCCD_k5_nc1_rf2_ra1,5,RCCD,1,2,1,2.378414230005442,75,59.85646035966181,1.319351888477177,0.8346589058094492,62.30733369786528,0.8445182517530926,0.45278655035686455,0.5151341704845517,0.2116817139673731,0.1304265387113012,0.5259638471938737,0.3081037864763026,0.23757397979200134
RCCD_k6_nc1_rf2_ra1,6,RCCD,1,2,1,2.8284271247461903,141,121.62734589963246,0.7351146125833063,0.4478603045080209,125.72423272147239,0.48652531128481363,0.24232387015059328,0.5453634051690387,0.2787384019071591,0.16380268843446624,0.5526683617868624,0.3815709919813915,0.3129808071410183
RCCD_k7_nc1_rf2_ra1,7,RCCD,1,2,1,3.363585661014858,79,43.31617159778506,300.6151115084208,447.1578693805788,65.72511491746037,3.0815803289507087,3.7917765166732535,0.5666852835763535,0.998903753029945,0.7726025787041754,0.5302476853806909,0.4626810622082976,0.44498029077664236
RCCD_k8_nc1_rf2_ra1,8,RCCD,1,2,1,4,81,22.90463597511245,800.4719276796343,588.2511866030493,57.46088671664183,5.412144556572219,4.34829518216703,0.596977395024243,0.9997319492977734,0.8974039977165297,0.5080681393654997,0.4268268873756929,0.3954105971436045
RCCD_k9_nc1_rf2_ra1,9,RCCD,1,2,1,4.756828460010884,83,11.812371057767232,1500.3791042248524,1027.3004627004964,53.47082499115391,6.630103446192034,4.451461283784246,0.6253130278271033,0.9998925209578907,0.801447118610279,0.4781281694440094,0.39471321222296246,0.3451552455261824
RCCD_k10_nc1_rf2_ra1,10,RCCD,1,2,1,5.656854249492381,85,6.208074506063124,2400.2847571490584,1492.7371106351977,54.93646816451122,6.516765077920235,3.2949691568872956,0.6522958988653701,0.999949360532526,0.7348583320886087,0.4474122997354326,0.37184945275635795,0.3893194653721687
SCCD_k3_nc1_rf2_ra1,3,SCCD,1,2,1,1.7320508075688772,23,15.76675573571918,1.7655736745174289,0.9856629667395639,16.35377345344799,1.4539121305990537,0.7565668049668084,0.43654164849623955,0.21209881105654713,0.1942468427663872,0.4449537610964648,0.24951752104863664,0.24532472391710244
SCCD_k4_nc1_rf2_ra1,4,SCCD,1,2,1,2,41,30.041330106203453,1.6219239829135002,0.979718841837417,31.23076677669382,1.1931898677223958,0.6348940566741168,0.4816760936475721,0.20967866990646425,0.14832535035843541,0.4918050839096201,0.2727897614980357,0.24503883578330216
SCCD_k5_nc1_rf2_ra1,5,SCCD,1,2,1,2.23606797749979,75,56.41045503249146,1.4922307927937535,0.958109166146413,58.85397783729926,0.9190702103538444,0.498359175806442,0.4854773032887502,0.1871578246660267,0.11362136584825533,0.4968125382490801,0.28311141867311507,0.2158489458742323
SCCD_k6_nc1_rf2_ra1,6,SCCD,1,2,1,2.449489742783178,141,105.94191334136613,1.3838663108220448,0.9566908268553159,111.04784367814153,0.6580800276923203,0.3544897135173941,0.47503168126063033,0.1480668116043331,0.07668174488787813,0.48815274921204793,0.2820993463393754,0.2139490021211759
SCCD_k7_nc1_rf2_ra1,7,SCCD,1,2,1,2.6457513110645907,79,34.475232169565295,301.54049420895967,442.84659355833617,51.419233997459955,4.461879144775798,5.351180299867033,0.4510233937518551,0.995838266734374,0.7801241513350166,0.41483274461279235,0.31954896437490854,0.3153072261443394
SCCD_k8_nc1_rf2_ra1,8,SCCD,1,2,1,2.8284271247461903,81,16.84820672659208,801.5238865791066,669.154510119855,38.380288073639115,9.856823973927728,8.413433267688331,0.4391250126568094,0.998419852504702,0.7889044436456306,0.33935782519412755,0.2343603600124469,0.20435914089204327
SCCD_k9_nc1_rf2_ra1,9,SCCD,1,2,1,3,83,8.083904072948714,1501.482004759404,975.0784448436797,28.433987533992436,16.91455898083416,10.161414646977217,0.4279386846043508,0.9991580586117801,0.8443700095435003,0.2542524902481068,0.15471815916585793,0.1512038693167494
SCCD_k10_nc1_rf2_ra1,10,SCCD,1,2,1,3.1622776601683795,85,3.9716179033816315,2401.412613665066,1181.8373313812406,21.343760848208166,25.429274677578466,16.186140372368836,0.4173065364640738,0.9994797205399913,0.9281736785942607,0.17382735813127545,0.09529393027096521,0.07925271874986284
FCCD_k3_nc3_rf2_ra1,3,FCCD,3,2,1,1,25,11.044148259594971,1.6181118350983597,0.5183667165375564,11.344829631816872,1.5258567980373239,0.4830885728325106,0.3057845740933304,0.23142780929917778,0.36935612031533493,0.30867032786315424,0.23775268499393196,0.38420395966947585
FCCD_k4_nc3_rf2_ra1,4,FCCD,3,2,1,1,43,18.630829852164727,1.9763807248383198,0.56453420386287545,19.40427649296071,1.7546853355851748,0.5146903739906705,0.2987226368765265,0.1720735580714179,0.25741069269842287,0.3055679643430219,0.1854976347250982,0.30226658269692724
FCCD_k5_nc3_rf2_ra1,5,FCCD,3,2,1,1,77,32.870847659565925,2.3542352601232364,0.6142659959322473,35.04571458551721,1.8580567646942552,0.4930067431152633,0.28289171695902515,0.11862988963317107,0.17722236426920127,0.2958364252984976,0.1400383863709843,0.21819235591960687
FCCD_k6_nc3_rf2_ra1,6,FCCD,3,2,1,1,143,59.80658662320198,2.7556054053074424,0.6780277126811908,66.10760628155414,1.772206758962613,0.4452000446264772,0.26816604021994916,0.07435922136580728,0.10819723228036669,0.2906009579411617,0.10475298365280528,0.17035649790399285
FCCD_k7_nc3_rf2_ra1,7,FCCD,3,2,1,1,81,18.653510779413136,303.4379410786246,375.99176862038235,27.895272629356377,7.304495799112386,6.839278549061463,0.24403518722478287,0.9896111278499257,0.9188374634874172,0.22504949231895688,0.19519333012038492,0.24670231002374476
FCCD_k8_nc3_rf2_ra1,8,FCCD,3,2,1,1,83,9.018232544446505,803.9352990501262,838.5763466065165,19.909687137189444,15.36854775431102,11.307767370292934,0.2350476548920614,0.995425081549268,0.6295180738823936,0.17604109990546693,0.15031015630354727,0.1520514119395775
FCCD_k9_nc3_rf2_ra1,9,FCCD,3,2,1,1,85,4.318676426447344,1504.4058234311137,959.9717188619392,14.10771176174297,26.502558297056204,14.108835604097614,0.22861833743798554,0.997216190970577,0.8576575534479137,0.12614906167619094,0.09874478528767827,0.10889950492502856
FCCD_k10_nc3_rf2_ra1,10,FCCD,3,2,1,1,87,2.129390752724963,2404.8477305361057,1417.9721188369042,10.122664641374422,40.711540563820265,19.85312955365581,0.22373972054101077,0.9980520502527239,0.7736049875705081,0.08244076872734969,0.05952257012155159,0.06461427792077899
RCCD_k3_nc3_rf2_ra1,3,RCCD,3,2,1,1.681792830507429,25,17.048139594796865,0.9100286233821424,0.33553399479817125,17.38985138216021,0.8634660552597396,0.32591357247173386,0.47201993150984584,0.4114992293386738,0.5706185432450087,0.4731433879420256,0.4201399098896719,0.5694900680131197
RCCD_k4_nc3_rf2_ra1,4,RCCD,3,2,1,2,43,32.306355077569044,0.8023141608644221,0.3297899508043076,33.01445367668902,0.7351523853343018,0.2864887787813522,0.5179930069255327,0.4238774285876851,0.4406354411766914,0.5198936125004476,0.44275171506088823,0.5430359302550452
RCCD_k5_nc3_rf2_ra1,5,RCCD,3,2,1,2.378414230005442,77,62.789118713804186,0.6655267960365856,0.30733962633302875,64.30728372065067,0.5728897362921317,0.23904929132400768,0.5403730923903618,0.41964150916560017,0.35420643080800623,0.5428463126397626,0.45418734990356446,0.4499921424940383
RCCD_k6_nc3_rf2_ra1,6,RCCD,3,2,1,2.8284271247461903,143,124.51345278562498,0.4770286797145814,0.23016600120367248,127.56599858413098,0.3895918257316426,0.16018864202660282,0.5583043854016053,0.42954371727224233,0.3187296192219809,0.5607645394296045,0.47650883152480794,0.47345878902371025
RCCD_k7_nc3_rf2_ra1,7,RCCD,3,2,1,3.363585661014858,81,43.769855884751976,300.5363907497894,407.8002105967556,66.28004439629444,3.0299183658123567,4.144613234728993,0.5726206236429057,0.9991654000838744,0.847168083767656,0.5347246660915014,0.47057005758530995,0.4070984966247725
RCCD_k8_nc3_rf2_ra1,8,RCCD,3,2,1,4,83,23.006893384295857,800.45035190972,622.4171792725621,57.682735216056656,5.395085153419398,4.1750065685879,0.5996425917915075,0.9997588966111983,0.8481433098232287,0.5100297198554519,0.4281765253779014,0.41182258429807894
RCCD_k9_nc3_rf2_ra1,9,RCCD,3,2,1,4.756828460010884,85,11.837894927553174,1500.3717533427496,951.0445773765116,53.57384123865702,6.623569062434767,4.909089563389351,0.6266641882520222,0.9998974198051402,0.8657081017689984,0.4790493254173799,0.3951026106844892,0.31297966608986627
RCCD_k10_nc3_rf2_ra1,10,RCCD,3,2,1,5.656854249492381,87,6.215590609187062,2400.281494482965,1273.332448676825,54.99561468159049,6.513833319634139,3.7955278233254393,0.6530856321777532,0.9999507197484684,0.861479894357549,0.4478939994171182,0.37201681545368287,0.3379755571000479
SCCD_k3_nc3_rf2_ra1,3,SCCD,3,2,1,1.7320508075688772,25,17.58214423555474,0.8923276403728817,0.35776258964127294,17.938245530803915,0.8450947347961602,0.3298792955970031,0.48680517142150176,0.41966208403160243,0.5351647289698145,0.4880641057627108,0.4292732349552746,0.5626438064790531
SCCD_k4_nc3_rf2_ra1,4,SCCD,3,2,1,2,43,32.306355077569044,0.8023141608644221,0.32841735813807926,33.01445367668902,0.7351523853343018,0.2805930847386265,0.5179930069255327,0.4238774285876851,0.4424770398621821,0.5198936125004476,0.44275171506088823,0.5544459537842171
SCCD_k5_nc3_rf2_ra1,5,SCCD,3,2,1,2.23606797749979,77,59.417658057438,0.7048734532090457,0.3240012732865775,60.87105630057035,0.6065056681562148,0.25014362462994094,0.511357768428624,0.3962167504074124,0.3359914946784818,0.5138395924603618,0.4290137500354851,0.4300341570716014
SCCD_k6_nc3_rf2_ra1,6,SCCD,3,2,1,2.449489742783178,143,110.15092544274657,0.6180387767527831,0.3085575087433182,113.26422004746053,0.47514307129899,0.2027390346458979,0.4939044204051705,0.33154015579192947,0.2377538055070298,0.4978956688594346,0.39071167584001815,0.37409036992670985
SCCD_k7_nc3_rf2_ra1,7,SCCD,3,2,1,2.6457513110645907,81,35.536066044594776,300.7900607575406,431.4407794514579,52.427765948169245,4.170720337967628,4.938987328450333,0.46490178888983225,0.9983227582288023,0.8007479576004474,0.42296923449444046,0.3418567404051572,0.34162181531223096
SCCD_k8_nc3_rf2_ra1,8,SCCD,3,2,1,2.8284271247461903,83,17.261738509951737,800.7850035804687,661.4137066099213,38.97712632249277,9.573766856626237,7.229627834807193,0.4499031418992047,0.9993410928516363,0.7981373250107214,0.3446350583856825,0.2412894370317968,0.23782164640058231
SCCD_k9_nc3_rf2_ra1,9,SCCD,3,2,1,3,85,8.24589921407576,1500.7521093140235,918.5504220309919,28.792344469322106,16.63918162494486,9.848895825921812,0.4365142425254528,0.9996440022340944,0.8963329350585614,0.2574568646995032,0.157278734471754,0.15600177314405111
SCCD_k10_nc3_rf2_ra1,10,SCCD,3,2,1,3.1622776601683795,87,4.037835908173546,2400.689910699979,1383.425150683088,21.565704633010355,25.161321197494324,13.592015601633657,0.4242642063365324,0.999780603612961,0.7929234934224766,0.1756349075149193,0.09630875536884376,0.09437861669486057
FCCD_k3_nc5_rf2_ra1,3,FCCD,5,2,1,1,27,11.388021902898437,1.5523242308804321,0.5123610972594971,11.688815821091826,1.4638389905343294,0.4847816448981707,0.31530556684785255,0.24123573525969771,0.37368551270773104,0.31802951026340087,0.2478254459646529,0.38286214939576174
FCCD_k4_nc5_rf2_ra1,4,FCCD,5,2,1,1,45,18.9287781637525,1.94014464473376,0.5930608524117574,19.70274699931979,1.7210956238197876,0.49509415744238666,0.3034998747127718,0.17528737578912118,0.24502905541201175,0.31026811511018193,0.18911789381898195,0.3142305320200982
FCCD_k5_nc5_rf2_ra1,5,FCCD,5,2,1,1,79,33.1750041500808,2.3315296033611577,0.6457604411344295,35.35000761476481,1.8379055536309195,0.5060958570091179,0.2855093358509111,0.11978516964842414,0.16857903512647412,0.2984050977618938,0.14157379882738377,0.21254926566734123
FCCD_k6_nc5_rf2_ra1,6,FCCD,5,2,1,1,145,60.15501094662625,2.740081454712499,0.6964959200666314,66.45358861761362,1.7595629894205322,0.4339169698891645,0.2697283358867738,0.07478050405314343,0.10532828665309964,0.29212185400660673,0.10550571179730188,0.1747862511315022
FCCD_k7_nc5_rf2_ra1,7,FCCD,5,2,1,1,83,18.726488411103148,303.4265552275322,401.93038261444536,28.00215024106836,7.289822933198898,8.451889605523544,0.24498991956569685,0.9896482622560839,0.8595402037638435,0.22591174423438473,0.19558621285379404,0.19963178599098522
FCCD_k8_nc5_rf2_ra1,8,FCCD,5,2,1,1,85,9.043018504439573,803.9266547408321,819.9973471979288,19.96508195805049,15.351811164604847,9.918849040370864,0.23569366637401268,0.9954357849663439,0.6437813101749533,0.17653089992724777,0.15047402487825484,0.17334289367035646
FCCD_k9_nc5_rf2_ra1,9,FCCD,5,2,1,1,87,4.32733003572677,1504.3990447604913,946.1400491197958,14.13738291962097,26.482980515611988,14.056824067982403,0.22907643468143374,0.9972206843263269,0.8701956930628495,0.12641437675976858,0.09881778325797766,0.10930244306425148
FCCD_k10_nc5_rf2_ra1,10,FCCD,5,2,1,1,89,2.132596442151808,2404.8422764258153,1255.9967480776386,10.13928068881627,40.68883170379864,26.894382519756537,0.2240765493055697,0.9980543138048957,0.8733703371820698,0.0825760927524801,0.059555790286801295,0.04769753050231994
RCCD_k3_nc5_rf2_ra1,3,RCCD,5,2,1,1.681792830507429,27,17.934945370662682,0.7335658587570673,0.32013489746028106,18.230225795586104,0.7120833606755351,0.3307095883504803,0.49657334387834107,0.5104873307931577,0.598066380266042,0.4960083100376811,0.5094579801801025,0.5612312103773238
RCCD_k4_nc5_rf2_ra1,4,RCCD,5,2,1,2,45,33.4217960491907,0.6367570850269479,0.24961407264177976,34.016385995894474,0.6078614204899087,0.24628686886668852,0.5358777426548014,0.5340857156105379,0.5821672589623564,0.5356714962726232,0.5354674083042398,0.6316767970986435
RCCD_k5_nc5_rf2_ra1,5,RCCD,5,2,1,2.378414230005442,79,64.27414026087158,0.518961403226396,0.18947851910142902,65.53003750483047,0.47863649759409455,0.16987947581603344,0.5531534228376292,0.5381569175330421,0.5745330531690197,0.5531681198224716,0.5436260553079175,0.6332154149160562
RCCD_k6_nc5_rf2_ra1,6,RCCD,5,2,1,2.8284271247461903,145,126.2734045084927,0.38668331928511496,0.15567118365600355,128.8877339310594,0.3412405495562113,0.12136143995778534,0.5661958119341575,0.5299030553189906,0.47125434649229847,0.5665747264801869,0.5440266284075398,0.6249326021152131
RCCD_k7_nc5_rf2_ra1,7,RCCD,5,2,1,3.363585661014858,83,44.10199056510094,300.4951813094089,454.799121550244,66.70985362168489,2.9990870013740345,3.6210307312472145,0.5769657868597011,0.9993024240681048,0.75962179037132,0.5381922195100806,0.47540763546568754,0.4659628548272919
RCCD_k8_nc5_rf2_ra1,8,RCCD,5,2,1,4,85,23.092384153198605,800.4354093769853,633.4240775906721,57.8732437734717,5.382289056371962,4.650510678926641,0.6018707894617799,0.9997775601159165,0.8334052733312811,0.5117141931350999,0.42919449158424683,0.3697146643116967
RCCD_k9_nc5_rf2_ra1,9,RCCD,5,2,1,4.756828460010884,87,11.86075441584203,1500.3658824837225,939.4155863027318,53.66758068087302,6.618033951515138,4.701000399217025,0.627874303966012,0.9999013323553133,0.8764246705962122,0.47988752957672953,0.39543306181103155,0.32683366983137224
RCCD_k10_nc5_rf2_ra1,10,RCCD,5,2,1,5.656854249492381,89,6.222558741968503,2400.2786969510976,1262.5602540279056,55.0511026299461,6.511206750942776,3.2772338283316724,0.6538177890537127,0.9999518851939677,0.8688300616692034,0.4483459030689337,0.37216688405962745,0.39142633628622553
SCCD_k3_nc5_rf2_ra1,3,SCCD,5,2,1,1.7320508075688772,27,18.500343067184573,0.7158205334384198,0.34343493395201324,18.80669639176483,0.6942895832646491,0.3149136691642661,0.5122277782231619,0.5231424074957763,0.5574911006218808,0.511692932345884,0.522514753777221,0.5893822997454932
SCCD_k4_nc5_rf2_ra1,4,SCCD,5,2,1,2,45,33.4217960491907,0.6367570850269479,0.25841212661808705,34.016385995894474,0.6078614204899087,0.27056268231545677,0.5358777426548014,0.5340857156105379,0.5623464439153927,0.5356714962726232,0.5354674083042398,0.575000584566114
SCCD_k5_nc5_rf2_ra1,5,SCCD,5,2,1,2.23606797749979,79,60.87609314625012,0.5458938854328519,0.19095719722970703,62.07250496410518,0.50426803806411,0.18768532429615295,0.5239092916086867,0.5116061500807793,0.570084153247893,0.5239815536674157,0.5159939783460851,0.5731417902170876
SCCD_k6_nc5_rf2_ra1,6,SCCD,5,2,1,2.449489742783178,145,112.17272422993669,0.46344705546794485,0.19453265833512828,114.70632205510559,0.4013041014377164,0.14516704081293488,0.5029699398653955,0.4421317816404679,0.3771126275111679,0.5042349730400408,0.4626016653852069,0.5224513776994354
SCCD_k7_nc5_rf2_ra1,7,SCCD,5,2,1,2.6457513110645907,83,36.04238211550789,300.6386049785683,418.29605254487916,53.02670967132536,4.0726804248834085,5.059058536892234,0.47152568605435763,0.9988256934756715,0.8259110284915582,0.4278013070328553,0.35008611310815674,0.3335137960245448
SCCD_k8_nc5_rf2_ra1,8,SCCD,5,2,1,2.8284271247461903,85,17.458224441685747,800.6358999794004,687.411110646682,39.33267746452587,9.476132768635539,7.337629432187737,0.4550242737003359,0.999527201612989,0.767952333535092,0.347778835265995,0.24377548009404285,0.23432118103362581
SCCD_k9_nc5_rf2_ra1,9,SCCD,5,2,1,3,87,8.322618209754184,1500.604835511939,993.8291208004636,29.006710425227897,16.542023657326705,10.30982459590846,0.44057552600909217,0.9997421102565771,0.8284391939684599,0.25937369321496573,0.15820249582691703,0.14902728926781136
SCCD_k10_nc5_rf2_ra1,10,SCCD,5,2,1,3.1622776601683795,89,4.069118971608555,2400.5441009432766,1186.1618899018977,21.699090019907597,25.06481845990374,12.244064734586583,0.42755118589237884,0.9998413305816974,0.924789704261089,0.17672122166464013,0.09667955632085955,0.10476877233044625
FCCD_k3_nc7_rf2_ra1,3,FCCD,7,2,1,1,29,11.65803194678314,1.5140228932911468,0.5266175513891013,11.961671501632688,1.4267682950300626,0.4678728258704734,0.3227814630717623,0.24733845099518847,0.3635691951699604,0.3254533725077195,0.2542645164693498,0.3966987016354517
FCCD_k4_nc7_rf2_ra1,4,FCCD,7,2,1,1,47,19.172745380293733,1.9165746419334666,0.5800139910629438,19.949784698786793,1.698589975495435,0.506228143314868,0.3074115915184596,0.17744305699652654,0.25054075023601535,0.3141583300826134,0.1916236314434436,0.30731934316105064
FCCD_k5_nc7_rf2_ra1,5,FCCD,7,2,1,1,81,33.43192194180719,2.3156157695674855,0.6566390794720993,35.61031084548223,1.8232985480816106,0.486369266750789,0.2877204110252274,0.12060838104030713,0.16578616091020207,0.3006024328192567,0.14270799008052998,0.22117002474930172
FCCD_k6_nc7_rf2_ra1,6,FCCD,7,2,1,1,147,60.45623518115474,2.728609855968171,0.7367464492469833,66.75755190238922,1.7498475248203165,0.45146343179460324,0.27107899163813304,0.07509489562309248,0.09957390632350294,0.29345803945792265,0.10609149826929322,0.16799305354098584
FCCD_k7_nc7_rf2_ra1,7,FCCD,7,2,1,1,85,18.79069546203479,303.41780934335316,434.3639063514349,28.097120045401333,7.277444220044324,6.7068064507542235,0.24582991048647018,0.9896767884296083,0.7953591859720108,0.22667792804390496,0.19591889910362306,0.25157514673165565
FCCD_k8_nc7_rf2_ra1,8,FCCD,7,2,1,1,87,9.065134235565276,803.9198100495519,659.9312906228523,20.01506302513373,15.336674533061215,10.551511580811814,0.23627008206430455,0.9954442602527496,0.7999301957948234,0.1769728316343185,0.15062253620426358,0.16294935387873963
FCCD_k9_nc7_rf2_ra1,9,FCCD,7,2,1,1,89,4.335139539476196,1504.393546039226,1184.4579159102336,14.164499392029983,26.464563294117305,17.392299734886684,0.22948984740031117,0.9972243292758798,0.6951086946348852,0.12665684822559772,0.09888655253943716,0.08834054356094943
FCCD_k10_nc7_rf2_ra1,10,FCCD,7,2,1,1,91,2.1355165953861746,2404.837764279507,1305.0242837892902,10.154630308056152,40.66699210626124,20.24771211455124,0.224383376160978,0.9980561864331263,0.8405593037571892,0.08270110276265427,0.05958777382980558,0.06335509035883873
RCCD_k3_nc7_rf2_ra1,3,RCCD,7,2,1,1.681792830507429,29,18.545704249868127,0.6575350325721966,0.3446922739668385,18.822720029391252,0.6433469394315496,0.3352429371359732,0.5134837148152128,0.569515019957159,0.5554575306185442,0.5121289037654844,0.5638894481571027,0.5536419175269488
RCCD_k4_nc7_rf2_ra1,4,RCCD,7,2,1,2,47,34.17834407346044,0.5656354199708651,0.2608401420076865,34.72386608709097,0.5480976355653888,0.2665252251665085,0.5480080676337139,0.6012403951722377,0.557111874536601,0.5468125069337809,0.5938540112513105,0.5837109804371072
RCCD_k5_nc7_rf2_ra1,5,RCCD,7,2,1,2.378414230005442,81,65.28531288030649,0.4543248353871676,0.1760766386007582,66.41854315639965,0.43078048579345724,0.17137907841188377,0.5618557344243721,0.6147202339069568,0.6182630072585885,0.5606683902243301,0.6040182405992987,0.6276746482790784
RCCD_k6_nc7_rf2_ra1,6,RCCD,7,2,1,2.8284271247461903,147,127.54880556180478,0.34065527677450835,0.12080653978405716,129.92186948263648,0.31226637374161875,0.12436527677646064,0.5719145675005614,0.6015015363044113,0.6072578690907422,0.5711206599791158,0.5945050804753335,0.6098383924766305
RCCD_k7_nc7_rf2_ra1,7,RCCD,7,2,1,3.363585661014858,85,44.36456786506086,300.4698302732315,413.8833608232506,67.06135422113103,2.9783980199398625,3.964538242560639,0.5804009632891921,0.9993867365326263,0.8347166271292449,0.5410280057920872,0.47870998111524976,0.42558949207147195
RCCD_k8_nc7_rf2_ra1,8,RCCD,7,2,1,4,87,23.165878783842597,800.4244486784438,633.9704000414606,58.0403478132588,5.372226771912391,4.342443875010732,0.603786324517556,0.9997912506777965,0.8326870883633447,0.5131917240857405,0.42999838115297856,0.39594340054264365
RCCD_k9_nc7_rf2_ra1,9,RCCD,7,2,1,4.756828460010884,89,11.88145737480495,1500.3610855489392,912.9803293213516,53.75362304653419,6.613251921466263,4.037958943055081,0.6289702592057157,0.999904529226738,0.9018014620209017,0.4806569076215794,0.39571899871565197,0.38050045431922763
RCCD_k10_nc7_rf2_ra1,10,RCCD,7,2,1,5.656854249492381,91,6.229053900408371,2400.276271705639,1521.6927839735731,55.103373196410615,6.508831486524594,4.068992378679975,0.6545002494862783,0.9999528955479828,0.7208750116457152,0.4487716037943667,0.37230269872300636,0.3152612517286897
SCCD_k3_nc7_rf2_ra1,3,SCCD,7,2,1,1.7320508075688772,29,19.13196479856104,0.6399828863765777,0.3061828817251658,19.418629456505137,0.6259037350775588,0.3170451079788218,0.5297157888489924,0.5851345171400992,0.625318823319358,0.5283424181340143,0.5796043869344606,0.585419985618339
SCCD_k4_nc7_rf2_ra1,4,SCCD,7,2,1,2,47,34.17834407346044,0.5656354199708651,0.2496585609858896,34.72386608709097,0.5480976355653888,0.25926453192766324,0.5480080676337139,0.6012403951722377,0.5820635186490104,0.5468125069337809,0.5938540112513105,0.6000577839801461
SCCD_k5_nc7_rf2_ra1,5,SCCD,7,2,1,2.23606797749979,81,61.857319836776206,0.4776043170871773,0.19745565884683794,62.93657617854277,0.45350551581546905,0.1646404696665943,0.5323538837921246,0.5847574217549666,0.5513221182165767,0.5312755621447942,0.5737510615402306,0.6533648924982255
SCCD_k6_nc7_rf2_ra1,6,SCCD,7,2,1,2.449489742783178,147,113.52612283925802,0.3970464756457867,0.1376042779547145,115.78109059971085,0.3613853233963574,0.11801013022668924,0.5090384277426169,0.5160722608022111,0.5331282065637196,0.5089595242104024,0.5137008440361936,0.6426797455742096
SCCD_k7_nc7_rf2_ra1,7,SCCD,7,2,1,2.6457513110645907,85,36.380170980591544,300.57355428979673,468.49949683891805,53.456330251519546,4.022636785974683,5.418129731323668,0.4759448203346515,0.999041861193676,0.7374080981992669,0.43126733852669086,0.3544413616586666,0.31141111428077667
SCCD_k8_nc7_rf2_ra1,8,SCCD,7,2,1,2.8284271247461903,87,17.589000849476015,800.5718617241597,804.6990950059962,39.58814107996253,9.425058847104703,8.08687874536578,0.45843277839511,0.9996071544331132,0.656020330823331,0.35003764001452836,0.24509648720322283,0.2126113236856199
SCCD_k9_nc7_rf2_ra1,9,SCCD,7,2,1,3,89,8.373592877609642,1500.5415847983872,1005.9978039664752,29.161067944345326,16.49011685603626,9.971444183037521,0.4432739786519439,0.999784251309169,0.8184182833521936,0.26075393520801043,0.15870047807811827,0.1540845221766875
SCCD_k10_nc7_rf2_ra1,10,SCCD,7,2,1,3.1622776601683795,91,4.089877691981332,2400.4814803219047,1442.2826474091523,21.795365155659205,25.01235584376031,12.374244083874558,0.429732349818751,0.9998674131346802,0.7605654171452867,0.17750530337453413,0.09688233859710177,0.10366658535924768
FCCD_k3_nc10_rf2_ra1,3,FCCD,10,2,1,1,32,11.980180638331259,1.4794166486700844,0.5165031174036645,12.290073414469205,1.392365274555827,0.481572877538791,0.33170094677700707,0.2531241469632774,0.3706887971622384,0.33438853763543946,0.2605469680112106,0.38541319748302477
FCCD_k4_nc10_rf2_ra1,4,FCCD,10,2,1,1,50,19.472656676467526,1.8934587043304218,0.5538338743989836,20.25639038992586,1.6758212026372832,0.5198714736215404,0.312220303418734,0.17960933747797794,0.2623839876641575,0.31898658930327217,0.1942271519930844,0.2992541587431263
FCCD_k5_nc10_rf2_ra1,5,FCCD,10,2,1,1,84,33.75570751208864,2.299034977910117,0.6393427685168133,35.94216813389095,1.807540107214719,0.4699792552696903,0.29050696088399935,0.12147821662670595,0.17027121827284047,0.30340378742347013,0.14395214251396188,0.2288830869840078
FCCD_k6_nc10_rf2_ra1,6,FCCD,10,2,1,1,150,60.843522059617044,2.7160979290795906,0.7044925293515182,67.15429404245721,1.7388259567839186,0.4650254101768745,0.2728155426518317,0.07544082639152398,0.10413271804176646,0.29520206941823224,0.10676396043360384,0.16309371232084044
FCCD_k7_nc10_rf2_ra1,7,FCCD,10,2,1,1,88,18.874568395389996,303.4079294926043,462.80359138360063,28.22248515116053,7.261747139519086,8.256908265439947,0.24692718098082767,0.9897090152042205,0.7464836691056452,0.22768933072064126,0.19634239976765877,0.2043459564655109
FCCD_k8_nc10_rf2_ra1,8,FCCD,10,2,1,1,90,9.094408598922172,803.9118539870199,609.2015431312619,20.082054696592326,15.316060484408851,11.47834632946817,0.23703307752062974,0.9954541118512082,0.8665423987695394,0.1775651708030264,0.15082526067721913,0.14979178578391852
FCCD_k9_nc10_rf2_ra1,9,FCCD,10,2,1,1,92,4.345591450296182,1504.3870032209736,915.6670556106357,14.20132473333693,26.438509268725085,16.289675728682894,0.23004314156703368,0.9972286663630319,0.8991554197931286,0.12698613495403618,0.09898400102734639,0.09432018401996
FCCD_k10_nc10_rf2_ra1,10,FCCD,10,2,1,1,94,2.1394612962634527,2404.8322896508193,1494.8862142584762,10.175711087103354,40.63544572614147,19.31318858377281,0.22479785446693037,0.9980584585196471,0.7338018726142859,0.08287278835054972,0.05963403340762329,0.06642070650389491
RCCD_k3_nc10_rf2_ra1,3,RCCD,10,2,1,1.681792830507429,32,19.216810328338845,0.6003518247958548,0.32434455538559037,19.482819363632935,0.5901382615350153,0.32850278410387757,0.5320649472971588,0.6237610376635794,0.5903040952646645,0.5300888982770986,0.6147314524328508,0.5650014293170665
RCCD_k4_nc10_rf2_ra1,4,RCCD,10,2,1,2,50,34.999539321463246,0.5122275786907874,0.2491178974769957,35.50986222838615,0.5009708828323644,0.24282796063662004,0.5611749320096112,0.6639292329708645,0.5833267779634921,0.5591899455341929,0.6497183580762739,0.6406745750583959
RCCD_k5_nc10_rf2_ra1,5,RCCD,10,2,1,2.378414230005442,84,66.38291180189162,0.40510398839257034,0.16313752461662095,67.42117891735445,0.3912550334831713,0.17506596435482394,0.5713018444448793,0.6894098233570031,0.6673000117239567,0.5691320835148042,0.6650375045581794,0.6144558318974447
RCCD_k6_nc10_rf2_ra1,6,RCCD,10,2,1,2.8284271247461903,150,128.98389016539315,0.3025615478540657,0.11125983999797562,131.14803348897942,0.2855449682581957,0.11494099352740865,0.5783493262328981,0.6772330250931382,0.6593638991645803,0.5765107270966369,0.6501390894170423,0.6598404811176671
RCCD_k7_nc10_rf2_ra1,7,RCCD,10,2,1,3.363585661014858,88,44.678158533884336,300.4459987197761,411.1366335455464,67.49264291869044,2.9573224680540564,4.211209324945088,0.5845035238464649,0.9994660084767885,0.8402932134555888,0.5445074950847103,0.4821215390884614,0.4006606384904197
RCCD_k8_nc10_rf2_ra1,8,RCCD,10,2,1,4,90,23.25986639579138,800.4125718743771,732.4358735413318,58.25815255889939,5.360440338440132,4.540260786248438,0.6062359805525482,0.999806085933025,0.720744280269444,0.5151175497766716,0.43094385335165125,0.37869234290350345
RCCD_k9_nc10_rf2_ra1,9,RCCD,10,2,1,4.756828460010884,92,11.909262941230452,1500.3553369275937,975.483467145477,53.8708202490426,6.607129598614451,4.1397408123265755,0.6304422061033323,0.9999083603675208,0.8440194257598154,0.48170486758682357,0.3960856813170105,0.3711452677858228
RCCD_k10_nc10_rf2_ra1,10,RCCD,10,2,1,5.656854249492381,94,6.238039198390986,2400.2731840651045,1332.742147012467,55.17653000677434,6.505650603905741,4.12300403235802,0.6554443542998429,0.9999541818578551,0.8230776717215119,0.44936740577909073,0.37248473296607026,0.3111313063265411
SCCD_k3_nc10_rf2_ra1,3,SCCD,10,2,1,1.7320508075688772,32,19.825538542151083,0.5830289172799131,0.3236919699855242,20.100142269143525,0.5730058358071419,0.31163136333227365,0.5489190942375943,0.6422941746096947,0.5914941891498673,0.546885030949465,0.6331114414194521,0.5955900605403047
SCCD_k4_nc10_rf2_ra1,4,SCCD,10,2,1,2,50,34.999539321463246,0.5122275786907874,0.2603022952744755,35.50986222838615,0.5009708828323644,0.2565371832747751,0.5611749320096112,0.6639292329708645,0.5582630007740267,0.5591899455341929,0.6497183580762739,0.6064372365331914
SCCD_k5_nc10_rf2_ra1,5,SCCD,10,2,1,2.23606797749979,84,62.91537107932935,0.4263257541569261,0.170163579231903,63.90538072806527,0.41214563533193227,0.18603729467796007,0.5414596402282347,0.6550921832794983,0.639747192558339,0.5394536711699159,0.63132846452181135,0.5782190229694607
SCCD_k6_nc10_rf2_ra1,6,SCCD,10,2,1,2.449489742783178,150,114.97946263327263,0.34718800807533856,0.11586719814265212,117.01279824423963,0.3270794131284962,0.11727095876314585,0.5155550407055071,0.5901836110814277,0.6331448684136909,0.5143739604838784,0.5675806492231588,0.6467306251196328
SCCD_k7_nc10_rf2_ra1,7,SCCD,10,2,1,2.6457513110645907,88,36.74190479493715,300.52471057926255,406.7680435936411,53.93694624292605,3.980217403922416,5.071690886661438,0.48067721522552587,0.9992042335702623,0.8493177583940882,0.43514478350826735,0.3582188396226863,0.3326830941899126
SCCD_k8_nc10_rf2_ra1,8,SCCD,10,2,1,2.8284271247461903,90,17.72877747131901,800.523779061263,765.788727899303,39.8744229355776,9.380257144526544,7.25951789604131,0.4620758611179171,0.9996671948405227,0.6893532736727414,0.352568939095131,0.24626710968760085,0.23684244865281062
SCCD_k9_nc10_rf2_ra1,9,SCCD,10,2,1,3,92,8.427999205144072,1500.4940941128675,994.053876582841,29.334403353945103,16.44331921002429,11.651410217658393,0.4461540935109448,0.9998158945123331,0.8282518836992896,0.2623038746769728,0.1591521392482367,0.131867746792253
SCCD_k10_nc10_rf2_ra1,10,SCCD,10,2,1,3.1622776601683795,94,4.112010566987766,2400.434463250684,1218.9820099876333,21.903707367047588,24.964044629312745,14.556536967463355,0.4320578991630278,0.9998869974383111,0.8998904777760248,0.17838766147972832,0.09706982838514078,0.08812505566704781
FCCD_k3_nc1_rf3_ra1,3,FCCD,1,3,1,1,31,13.866224893462174,1.6285726096656037,0.49015595374366333,14.412992501618547,1.4830673406057258,0.4414942942489301,0.3839207491302879,0.22994128414991413,0.3906142888984259,0.3921489581903308,0.24461232522418672,0.42040077294560946
FCCD_k4_nc1_rf3_ra1,4,FCCD,1,3,1,1,57,24.431757495390343,1.9341926960956428,0.5373949765300996,25.871624839979077,1.6175634496600293,0.46824845927403647,0.3917334375582228,0.17582677471235836,0.27041030678513645,0.40741223922812375,0.20122238760171962,0.332246048891142
FCCD_k5_nc1_rf3_ra1,5,FCCD,1,3,1,1,107,44.1509323554973,2.310680934941692,0.5933854517226322,48.25226721182962,1.6414017350607217,0.4367699118991835,0.37996991099052607,0.12086595983706715,0.18345861323909562,0.4073187952741785,0.15852260026022783,0.24628597308095118
FCCD_k6_nc1_rf3_ra1,6,FCCD,1,3,1,1,205,81.58374076461531,2.7228233038810816,0.6485128558645817,93.38521108318989,1.48101442404678,0.3584680561010077,0.3658123618559794,0.07525448751595537,0.11312146129114091,0.41050997494496755,0.1253491813697135,0.21157455783981302
FCCD_k7_nc1_rf3_ra1,7,FCCD,1,3,1,1,111,24.836492821719606,303.3317295789122,415.51615288094115,39.173209566810996,5.440679437814839,4.103375403088452,0.32492425942919506,0.9899576398424789,0.8314365652838769,0.31603601953103866,0.26206080989983005,0.411189728261121
FCCD_k8_nc1_rf3_ra1,8,FCCD,1,3,1,1,113,11.653203177932863,803.8210169347647,618.4048135735277,28.132802229796592,10.925700124660668,6.455367792651007,0.30372448985478523,0.9955666047013215,0.8536462765684829,0.2487497374434127,0.21143256622016848,0.2663460936330691
FCCD_k9_nc1_rf3_ra1,9,FCCD,1,3,1,1,115,5.406217672666759,1504.2948763806824,905.006701061815,20.033799666590863,18.465419926976622,13.103670341765465,0.2861896502789544,0.9972897391802849,0.9097468502855685,0.17913925889828286,0.1417237971823084,0.11725304226081747
FCCD_k10_nc1_rf3_ra1,10,FCCD,1,3,1,1,117,2.5836417683771002,2404.751183923711,1562.6615583761366,14.434045988441657,28.061001501765674,13.99353218639741,0.271468863333342,0.9980921203211326,0.7019756117300683,0.11755341990382091,0.0863567014104577,0.09167060992821421
RCCD_k3_nc1_rf3_ra1,3,RCCD,1,3,1,1.681792830507429,31,19.6061203334949,1.6646345774016893,0.9707982841203899,20.488188379207273,1.290746478506273,0.6954943976591608,0.5428439581650627,0.22495992951342003,0.19722111426514158,0.557442996463859,0.2810594928521081,0.26686705626676427
RCCD_k4_nc1_rf3_ra1,4,RCCD,1,3,1,2,57,39.52192860299213,1.529120573995913,0.9771887430980871,41.44371342131463,1.0081048315286785,0.5652067690306384,0.6336859292051271,0.22240421665244467,0.1487093885338679,0.652632998172375,0.32287314697648645,0.2752509506564848
RCCD_k5_nc1_rf3_ra1,5,RCCD,1,3,1,2.378414230005442,107,80.33744295361845,1.2411334431980152,0.841461161614262,84.31278394290202,0.686164675082056,0.38972873720030576,0.6913967479214979,0.22502227347876042,0.12937218858734706,0.7117216157133349,0.37920819966775304,0.2760132689658055
RCCD_k6_nc1_rf3_ra1,6,RCCD,1,3,1,2.8284271247461903,205,165.7745410602976,0.6706096169873986,0.4338817012047762,172.39438598614063,0.3868495642289727,0.20379664162597586,0.7433144868390301,0.3055498566372655,0.16908000894665287,0.7578246517939582,0.4798866609065654,0.3721490200435231
RCCD_k7_nc1_rf3_ra1,7,RCCD,1,3,1,3.363585661014858,111,56.98761890194105,300.4846208749729,408.5506335109074,88.18588378273367,2.414748656478196,3.210639466907936,0.7455424564676661,0.9993375442273341,0.8456120114230017,0.7114534652053212,0.5904502135466797,0.5255232904036591
RCCD_k8_nc1_rf3_ra1,8,RCCD,1,3,1,4,113,29.115105450757994,800.3488539768639,636.7040265855378,75.29078642027655,4.471396021785936,4.115516795080214,0.7588446210948486,0.9998856831504135,0.8291120276874019,0.6657197957377907,0.5166280964275571,0.4177754775761552
RCCD_k9_nc1_rf3_ra1,9,RCCD,1,3,1,4.756828460010884,115,14.484849147590175,1500.2732713651758,1029.0867548742312,67.6551088701374,5.790927845042629,3.5993402070571525,0.7667863491422107,0.9999630557643704,0.8000559640658685,0.6049619276112815,0.4519119385777335,0.4268685714516149
RCCD_k10_nc1_rf3_ra1,10,RCCD,1,3,1,5.656854249492381,117,7.349575839449083,2400.205698535387,1228.9407205941882,66.72604551384369,5.962899255032163,3.7523264133114203,0.7722359281916614,0.9999822971305157,0.8925982229946609,0.5434286999702972,0.40638880925606263,0.3418667485926639
SCCD_k3_nc1_rf3_ra1,3,SCCD,1,3,1,1.7320508075688772,31,20.156006159293597,1.6627907770917016,0.9855972277484298,21.07835136737964,1.2766070717417124,0.7006300817680015,0.55806890798369,0.2252093783277183,0.19425979896301085,0.5735001616187216,0.2841724432519952,0.26491089575395294
SCCD_k4_nc1_rf3_ra1,4,SCCD,1,3,1,2,57,39.52192860299213,1.529120573995913,0.9805940625838335,41.44371342131463,1.0081048315286785,0.565687233157441,0.6336859292051271,0.22240421665244467,0.1481929638502904,0.652632998172375,0.32287314697648645,0.27501716739268267
SCCD_k5_nc1_rf3_ra1,5,SCCD,1,3,1,2.23606797749979,107,75.82109293968111,1.418955276649588,0.9523203215022148,79.85219470517826,0.7446371347081446,0.4235034713727129,0.6525283249631736,0.1968227425309532,0.11431203307471924,0.674067802959907,0.34943096306291316,0.25400099417343924
SCCD_k6_nc1_rf3_ra1,6,SCCD,1,3,1,2.449489742783178,205,144.63378332151655,1.3309928859779636,0.9415644255178938,153.12442108864886,0.5122045947937472,0.27852506976387587,0.648521695440051,0.15394873593145836,0.07791365087008414,0.673116241163362,0.3624410002135105,0.2723012349788293
SCCD_k7_nc1_rf3_ra1,7,SCCD,1,3,1,2.6457513110645907,111,45.573942643646106,301.427945273333,434.0140672030363,70.11248816988837,3.318846252177597,4.174307532448598,0.5962226498342633,0.996210098672105,0.7960002891097147,0.5656435080418251,0.4296037693652139,0.40420256625404377
SCCD_k8_nc1_rf3_ra1,8,SCCD,1,3,1,2.8284271247461903,113,21.578987444714446,801.4098263226102,630.9690830569294,52.072277981947586,7.326876075428163,5.855799413597302,0.5624262147629802,0.9985619521155719,0.836647913018963,0.46042215667982234,0.3152842754985489,0.2936169552776902
SCCD_k9_nc1_rf3_ra1,9,SCCD,1,3,1,3,115,10.019919180617999,1501.3766192269302,823.3269957783192,38.28649199669273,12.662005684987516,9.323760562345338,0.5304257689479851,0.999228192116381,1,0.3423521207282642,0.20668048125422803,0.1647881455214421
SCCD_k10_nc1_rf3_ra1,10,SCCD,1,3,1,3.1622776601683795,117,4.768194210075783,2401.3263337640597,1112.106527451361,28.471189875537316,19.200856634875752,11.125566000250755,0.5010045425821458,0.9995156319486714,0.986371607657097,0.23187439899253035,0.12620559457565392,0.11530160627767028
FCCD_k3_nc3_rf3_ra1,3,FCCD,3,3,1,1,33,14.49142555506095,1.4931490332687802,0.45657486420061244,15.019927876798665,1.365722573123141,0.4186812164562178,0.4012309765499315,0.25079618233291034,0.4193439769316455,0.4086624667513748,0.26562975364756425,0.44330754583239235
FCCD_k4_nc3_rf3_ra1,4,FCCD,3,3,1,1,59,24.944926197182166,1.872168902981367,0.5337528803946886,26.37034179848715,1.5654384619095847,0.44825885620355316,0.39996147189583153,0.18165180656784058,0.27225546841234716,0.4152657619219453,0.20792256441739612,0.347062190384294
FCCD_k5_nc3_rf3_ra1,5,FCCD,3,3,1,1,109,44.65765812795675,2.2758643926407935,0.6157588204508375,48.74126792495855,1.6142165172957261,0.4349225024113416,0.3843308731805816,0.12271498687796349,0.17679271246099834,0.41144666724515727,0.16119229875641672,0.24733211587850595
FCCD_k6_nc3_rf3_ra1,6,FCCD,3,3,1,1,207,82.15157245133116,2.7006978120807252,0.6449077592319236,93.92162246020553,1.4659089449461924,0.3781280425830585,0.36835845558136393,0.07587101060085077,0.11375382118035633,0.4128679738013681,0.12664084375159868,0.20057417575055572
FCCD_k7_nc3_rf3_ra1,7,FCCD,3,3,1,1,113,24.949483303126474,303.3163689679943,413.45433023377905,39.339913077028854,5.425623844193667,5.079051387875044,0.32640246123317795,0.9900077734840708,0.8355827904280462,0.3173809262770955,0.2627880038910076,0.33220097378365393
FCCD_k8_nc3_rf3_ra1,8,FCCD,3,3,1,1,115,11.68971805800076,803.8098039664377,687.4170900194824,28.21772239619787,10.911903475808245,6.615466388286896,0.3046761992819179,0.9955804926344505,0.7679456536410919,0.24950060004584465,0.2116998945445597,0.25990034468039375
FCCD_k9_nc3_rf3_ra1,9,FCCD,3,3,1,1,117,5.418381556005977,1504.286345329639,1064.7223136120151,20.078521696175702,18.451791968644038,10.369448119717406,0.28683357135828597,0.997295394971615,0.773278614764093,0.1795391566395793,0.14182847026804546,0.1481703938933173
FCCD_k10_nc3_rf3_ra1,10,FCCD,3,3,1,1,119,2.587956847062275,2404.7444825253992,1297.0994707933964,14.458684824032096,28.046970615403357,12.864068838869972,0.27192225804161624,0.998094901744647,0.8456948199178426,0.11775408293263649,0.08639990254903092,0.09971927596508673
RCCD_k3_nc3_rf3_ra1,3,RCCD,3,3,1,1.681792830507429,33,21.840729455189148,0.8048919943390676,0.32850676744788293,22.361167028682665,0.74682590645981,0.2903429425968453,0.604714641397579,0.4652500954558315,0.5828248861000586,0.6084030331128774,0.485757855360552,0.6392597005915419
RCCD_k4_nc3_rf3_ra1,4,RCCD,3,3,1,2,59,42.501761799272316,0.7095049466645609,0.3303454774613065,43.614776850435575,0.6243283408225845,0.26626418916570527,0.681463920679919,0.47932416119923354,0.4398944450066416,0.6868217210931565,0.5213442321215395,0.584283230052933
RCCD_k5_nc3_rf3_ra1,5,RCCD,3,3,1,2.378414230005442,109,84.25499292473035,0.5925947201500685,0.31127191381731445,86.69398287176425,0.47636741178067177,0.21889530923713033,0.7251118029477137,0.4712878120281157,0.3497317530330712,0.7318223723214005,0.5462155149128373,0.49142351720310423
RCCD_k6_nc3_rf3_ra1,6,RCCD,3,3,1,2.8284271247461903,207,169.63232700913042,0.4218655904025199,0.2256949645051928,174.55888801373698,0.31553565618066987,0.14468123042905232,0.7606123672285675,0.4857107974475068,0.32504368044863774,0.7673395381749009,0.5883453803544324,0.5242056640267458
RCCD_k7_nc3_rf3_ra1,7,RCCD,3,3,1,3.363585661014858,113,57.53574186114077,300.417796087185,437.3199097369273,88.84625492413969,2.3739803213839186,2.767378229754962,0.7527132936656767,0.9995598363824303,0.7899830656672434,0.7167811130863859,0.6005900078598551,0.6096983053518881
RCCD_k8_nc3_rf3_ra1,8,RCCD,3,3,1,4,115,29.227045256669843,800.3327117858474,634.8848161930554,75.53946661385751,4.458846581395699,3.589674339708419,0.7617621760302506,0.9999058501952617,0.8314877802315335,0.6679186215908061,0.5180821481383944,0.47897436698310175
RCCD_k9_nc3_rf3_ra1,9,RCCD,3,3,1,4.756828460010884,117,14.510097328708266,1500.268449125517,901.7863086330173,67.76149437168559,5.7864505726197635,3.720586409994329,0.7681229154001508,0.9999662698968196,0.9129956708107141,0.6059132109535347,0.452261605931626,0.41295780907751806
RCCD_k10_nc3_rf3_ra1,10,RCCD,3,3,1,5.656854249492381,119,7.356349677115311,2400.2037972228627,1239.542128024991,66.78230090454822,5.960990028202794,3.050702908752327,0.7729476700570248,0.9999830892627788,0.8849641158352258,0.5438868538081496,0.4065189702551779,0.4204918239979598
SCCD_k3_nc3_rf3_ra1,3,SCCD,3,3,1,1.7320508075688772,33,22.476773936266614,0.78952726227853,0.33099782327612465,23.013647484830376,0.7308343378867462,0.2904833198390565,0.6223251067932889,0.47430417553558507,0.5784386055046339,0.6261557330528199,0.4963868442451799,0.6389507757490569
SCCD_k4_nc3_rf3_ra1,4,SCCD,3,3,1,2,59,42.501761799272316,0.7095049466645609,0.3311187605040571,43.614776850435575,0.6243283408225845,0.2643218089024702,0.681463920679919,0.47932416119923354,0.4388671310773251,0.6868217210931565,0.5213442321215395,0.5885768606803354
SCCD_k5_nc3_rf3_ra1,5,SCCD,3,3,1,2.23606797749979,109,79.86306384055008,0.631595812777461,0.327299685517014,82.24617590230334,0.5067236573011524,0.22320700144202782,0.687314166201207,0.4421857514393353,0.33260548942271895,0.6942764603653969,0.5134934344674486,0.48193068348938106
SCCD_k6_nc3_rf3_ra1,6,SCCD,3,3,1,2.449489742783178,207,150.3800014399516,0.5651645410157741,0.3165884755458086,155.64417768692718,0.3884169014018966,0.17378647923719806,0.6742870943043802,0.36255755175615695,0.23172265444917509,0.6841927832199537,0.4779502255977143,0.4364132399837137
SCCD_k7_nc3_rf3_ra1,7,SCCD,3,3,1,2.6457513110645907,113,46.97629380729911,300.6775108299218,437.94429150700813,71.32523827856728,3.09418137424251,3.9005403515152506,0.614568956479908,0.9986964514720007,0.788856778524242,0.575427559981175,0.4607967948317696,0.4325723271376626
SCCD_k8_nc3_rf3_ra1,8,SCCD,3,3,1,2.8284271247461903,115,22.108634146917275,800.6709425964268,604.7891915839834,52.78839335426936,7.107564171443645,6.354908970883428,0.5762307174369273,0.9994834557405337,0.8728644193135561,0.46675403607772903,0.3250127271998751,0.2705565103158837
SCCD_k9_nc3_rf3_ra1,9,SCCD,3,3,1,3,117,10.220710556038588,1500.6467232304046,1401.1924494167627,38.7142734405215,12.447825194661675,6.8528726707643495,0.5410550881855701,0.9997142043441432,0.5875902315353068,0.34617727881575966,0.2102366789131408,0.22420454693542055
SCCD_k10_nc3_rf3_ra1,10,SCCD,3,3,1,3.1622776601683795,119,4.847693374925793,2400.603630370592,1233.4809872558797,28.73424811943448,18.99166648875361,9.294134044707622,0.509357692845442,0.9998165368252178,0.8893126969135791,0.23401679179277274,0.12759572886357157,0.1380220711694612
FCCD_k3_nc5_rf3_ra1,3,FCCD,5,3,1,1,35,14.940211801452763,1.4289232910312069,0.4418859924760808,15.465462653829682,1.3070627383663145,0.4157609254937663,0.41365673433461536,0.2620687055409663,0.43328352240374446,0.420784584946514,0.2775509851218378,0.446421323343214
FCCD_k4_nc5_rf3_ra1,4,FCCD,5,3,1,1,61,25.342759785807356,1.8363534580131085,0.5356135596041699,26.765521376421493,1.533748497383691,0.4493808508342025,0.4063402483419253,0.1851946649718836,0.27130967441468057,0.4214888344092466,0.21221861341223452,0.34619566055021295
FCCD_k5_nc5_rf3_ra1,5,FCCD,5,3,1,1,111,45.0703495052016,2.2532797273854546,0.6041580929468505,49.14939545222091,1.5955623687660971,0.42812431737705653,0.38788256048393616,0.12394496150861796,0.18018739359809469,0.41489185277380697,0.1630768412485788,0.25125950196805263
FCCD_k6_nc5_rf3_ra1,6,FCCD,5,3,1,1,209,82.62989431552458,2.6852113355522005,0.6865568425185847,94.38710422337357,1.4546236996215494,0.3543489828464189,0.3705031972814631,0.07630858309628488,0.10685309267674611,0.4149141747438838,0.12762334732982886,0.21403397255450726
FCCD_k7_nc5_rf3_ra1,7,FCCD,5,3,1,1,115,25.046988186103164,303.30503296968715,423.1593562275009,39.48585440303715,5.413726465693571,6.080671771274767,0.32767807217065403,0.9900447749354955,0.8164189634166188,0.31855833084176566,0.263365515216596,0.27748016673420706
FCCD_k8_nc5_rf3_ra1,8,FCCD,5,3,1,1,117,11.721814954339361,803.801194203743,609.7770215335819,28.29337148957499,10.900223393480436,7.595045039964783,0.305512760124247,0.9955911566044058,0.8657245974789426,0.25016948798532834,0.2119267405556743,0.22637943362944113
FCCD_k9_nc5_rf3_ra1,9,FCCD,5,3,1,1,119,5.4292289352506,1504.2795915319316,1028.173120996501,20.11893115087307,18.439649101144283,11.067729883606113,0.2874078004885996,0.9972998725510425,0.8007668932060334,0.17990049197723082,0.1419218670736306,0.13882207358806975
FCCD_k10_nc5_rf3_ra1,10,FCCD,5,3,1,1,121,2.591849638859346,2404.7390468937306,1211.6935340546092,14.481210600065245,28.03402084708911,13.917610368758728,0.2723312821475425,0.9980971578215645,0.9053034224730891,0.11793753683120413,0.08643981329627928,0.09217068135896926
RCCD_k3_nc5_rf3_ra1,3,RCCD,5,3,1,1.681792830507429,35,22.976439634560712,0.6289142482219723,0.25066680899432353,23.413514409911357,0.6034099513465998,0.24380321975945973,0.6361595881086919,0.5954326496125371,0.7638104146658147,0.6370353195139709,0.6012107520600667,0.7612883157837171
RCCD_k4_nc5_rf3_ra1,4,RCCD,5,3,1,2,61,43.96921938782721,0.5439466923645543,0.19820265025603764,44.87973386436296,0.5080325962716506,0.17387920448268393,0.7049928135867829,0.6252135883910721,0.7331745578607307,0.7067415743207397,0.6406871957165167,0.8947228678439032
RCCD_k5_nc5_rf3_ra1,5,RCCD,5,3,1,2.378414230005442,111,86.24342954415621,0.44638790280107465,0.19248956574551204,88.22122455038976,0.395325376970775,0.15219356897063657,0.7422246031760305,0.6256501740446964,0.5655458344854548,0.7447144969110975,0.6581901549232211,0.7067992655151268
RCCD_k6_nc5_rf3_ra1,6,RCCD,5,3,1,2.8284271247461903,209,172.00285328923977,0.33330229199493694,0.1559595056603186,176.17761063271672,0.27669429287751457,0.11005603812923831,0.7712415417336986,0.6147712669590157,0.47038313959056094,0.7744552449774296,0.6709352177826863,0.6891282092147114
RCCD_k7_nc5_rf3_ra1,7,RCCD,5,3,1,3.363585661014858,115,57.94602665972189,300.3811367871214,482.62444893306684,89.3709484142788,2.348425535272707,2.716516456950049,0.7580808584539485,0.9996818252808192,0.7158264023611711,0.7210141602104567,0.6071254287028274,0.6211137843956502
RCCD_k8_nc5_rf3_ra1,8,RCCD,5,3,1,4,117,29.322811523482116,800.320988843886,527.8989665190687,75.75742842053559,4.449077831834999,4.3497061058930875,0.764258190223836,0.9999204966164004,1,0.6698458360126399,0.5192196905569199,0.3952823369394751
RCCD_k9_nc5_rf3_ra1,9,RCCD,5,3,1,4.756828460010884,119,14.533175492166363,1500.2644340933957,892.5445064906315,67.8599505010276,5.7825325270441645,3.4654698370649997,0.7693446071501049,0.9999689460228428,0.9224492333895298,0.606793591028101,0.45256804287354485,0.44335841447002855
RCCD_k10_nc5_rf3_ra1,10,RCCD,5,3,1,5.656854249492381,121,7.362740870053043,2400.2021077327345,1333.3728000834183,66.83581930434472,5.9592291740784145,3.5587304399927238,0.7736192066080227,0.9999837931458193,0.8226883758987157,0.5443227171086336,0.4066390899190643,0.3604643993715271
SCCD_k3_nc5_rf3_ra1,3,SCCD,5,3,1,1.7320508075688772,35,23.6505867857888,0.6130166033059093,0.23487256707743465,24.09895323611923,0.5875970989470953,0.23401006511383965,0.6548250202152754,0.6108742816726183,0.8151736139443996,0.6556847513769538,0.6173899621010217,0.7931476898783602
SCCD_k4_nc5_rf3_ra1,4,SCCD,5,3,1,2,61,43.96921938782721,0.5439466923645543,0.19871478931637532,44.87973386436296,0.5080325962716506,0.17325239101059509,0.7049928135867829,0.6252135883910721,0.7312849786783354,0.7067415743207397,0.6406871957165167,0.8979599045397848
SCCD_k5_nc5_rf3_ra1,5,SCCD,5,3,1,2.23606797749979,111,81.82334127174781,0.4726158140291313,0.19768998837321625,83.74839844641868,0.41919798094600325,0.15571004799462781,0.7041846239992787,0.5909295897189865,0.5506686149617752,0.7069573873406326,0.6207073577174299,0.6908372590591138
SCCD_k6_nc5_rf3_ra1,6,SCCD,5,3,1,2.449489742783178,209,153.14019707888951,0.41057265528303755,0.19248630613110726,157.3913279140582,0.3310617354935343,0.13210059014123485,0.6866635025984994,0.4990704317334907,0.3811217711847236,0.6918730420922684,0.5607532545984231,0.5741285514938353
SCCD_k7_nc5_rf3_ra1,7,SCCD,5,3,1,2.6457513110645907,115,47.645609663175925,300.52605484983167,398.49616241488934,72.08183708283127,3.0102913090997436,4.067561640591497,0.6233253038577796,0.999199764071455,0.8669476786870851,0.5815315396429314,0.4736381676979643,0.4148101408252905
SCCD_k8_nc5_rf3_ra1,8,SCCD,5,3,1,2.8284271247461903,117,22.36029104525783,800.521838847886,721.8882682676758,53.23578490615355,7.024437705577711,6.368178018520328,0.5827898035439698,0.999669617719662,0.7312751705826642,0.4707098642300957,0.3288588940399799,0.26999276551895524
SCCD_k9_nc5_rf3_ra1,9,SCCD,5,3,1,3,119,10.31580299262504,1500.499449316622,925.5519998798167,38.98220653004453,12.365414723300628,7.38175050830724,0.5460890089077126,0.9998123262218985,0.8895523923941914,0.34857309667808584,0.21163782106601706,0.20814103790500219
SCCD_k10_nc5_rf3_ra1,10,SCCD,5,3,1,3.1622776601683795,121,4.8852507949596715,2400.4578205270827,1260.6239003047629,28.899535246980363,18.910007986876206,10.144875554560759,0.5133039327038935,0.9998772681955113,0.8701646090502937,0.2353629193528939,0.12814672154809004,0.12644764577722695
FCCD_k3_nc7_rf3_ra1,3,FCCD,7,3,1,1,37,15.292998638462446,1.3914351647155716,0.46212968143353966,15.82027037955666,1.2716786517122058,0.41649926455787034,0.42342451091322275,0.2691293756935012,0.41430344557612137,0.4304381999044133,0.28527376012892103,0.44562994066832934
FCCD_k4_nc7_rf3_ra1,4,FCCD,7,3,1,1,63,25.66867560317415,1.8130322104240049,0.5586100394380942,27.09393109784528,1.51234134429547,0.4492520604914487,0.41156591102770546,0.18757684583395465,0.2601405814590621,0.42666045160828675,0.21522256246290472,0.34629490696821125
FCCD_k5_nc7_rf3_ra1,5,FCCD,7,3,1,1,113,45.41901465999063,2.237444050780679,0.6210428564016132,49.50021051152665,1.5819200744610573,0.4263179849179112,0.39088322798431774,0.12482219118797327,0.17528850218170816,0.4178532383330212,0.16448319691633106,0.2523241021259864
FCCD_k6_nc7_rf3_ra1,6,FCCD,7,3,1,1,211,83.04345205340879,2.673765533280213,0.666022630948732,94.79857944002804,1.4458544771557265,0.3692388325542639,0.37235754388829156,0.07663524335983615,0.11014749126015744,0.4167229695082799,0.12839739308771858,0.20540288231499063
FCCD_k7_nc7_rf3_ra1,7,FCCD,7,3,1,1,117,25.132785767135367,303.2963230704488,460.29358715466725,39.6157762055324,5.40395628970301,5.236124868731686,0.3288005219335016,0.990073206504147,0.7505542823372289,0.319606495384956,0.26384167144280646,0.3222355958363545
FCCD_k8_nc7_rf3_ra1,8,FCCD,7,3,1,1,119,11.750457022267952,803.7943753919711,749.8724776360502,28.36165721995426,10.890035679596258,7.463994389703039,0.3062592756820012,0.9955996024817426,0.7039849871317505,0.2507732692000196,0.21212499968546145,0.2303541381152793
FCCD_k9_nc7_rf3_ra1,9,FCCD,7,3,1,1,121,5.439019080408327,1504.274112003883,835.6223314814716,20.15583479944778,18.42859235646898,10.041099993014623,0.28792606268011955,0.9973035053547855,0.9852860135016329,0.18023047891761843,0.14200701703070395,0.15301562711492947
FCCD_k10_nc7_rf3_ra1,10,FCCD,7,3,1,1,123,2.5953959562134155,2404.7345493554694,1560.4159150689875,14.501985526966536,28.02188572453833,14.073631359394941,0.2727039014297169,0.9980990245474186,0.702985846769996,0.11810673150520297,0.0864772468129929,0.0911488725133339
RCCD_k3_nc7_rf3_ra1,3,RCCD,7,3,1,1.681792830507429,37,23.758706047223292,0.5530737285491072,0.2332194734033579,24.160847894636692,0.5371647389930956,0.22941795806346182,0.6578185695168531,0.6770816581367166,0.8209516835233285,0.6573687823547292,0.6753543639696731,0.8090236009422787
RCCD_k4_nc7_rf3_ra1,4,RCCD,7,3,1,2,63,44.964522744748116,0.4728245204516129,0.1742118203679142,45.78445765786299,0.4518412480821948,0.17135175301058078,0.7209512891689602,0.7192580941061841,0.8341405316895449,0.720988671241503,0.7203635808359289,0.9079200986263439
RCCD_k5_nc7_rf3_ra1,5,RCCD,7,3,1,2.378414230005442,113,87.59831163533566,0.38181270430727887,0.13490839704862248,89.35358364268292,0.35234071586723975,0.12078760781910086,0.7538849328706085,0.731465102989804,0.8069302910037058,0.7542732423948234,0.7384876609364585,0.8905739976709846
RCCD_k6_nc7_rf3_ra1,6,RCCD,7,3,1,2.8284271247461903,211,173.72611202011393,0.2878796565808234,0.11739274722218508,177.47364709962883,0.2522591501843973,0.09008684224282468,0.7789684409972272,0.7117719770953783,0.6249169872704767,0.7801524628922223,0.7359255175294888,0.8418845480768173
RCCD_k7_nc7_rf3_ra1,7,RCCD,7,3,1,3.363585661014858,117,58.27453751392146,300.35797863455633,435.3516449552737,89.80696224294213,2.3307971238650023,2.7733406259380335,0.7623786128422775,0.999758902588143,0.7935546516811548,0.724531770240246,0.6117172727220549,0.6083875169061214
RCCD_k8_nc7_rf3_ra1,8,RCCD,7,3,1,4,119,29.406528251497626,800.3120888705873,712.7578774940004,75.95157885138778,4.441196857837035,3.7897206749571244,0.7664401499923718,0.9999316163606157,0.7406427669030039,0.6715625106725093,0.5201410541018141,0.45369095561555495
RCCD_k9_nc7_rf3_ra1,9,RCCD,7,3,1,4.756828460010884,121,14.554429993884915,1500.2610392413924,1339.2362815079593,67.95161322427228,5.779056963081229,3.917119390144049,0.7704697594806224,0.9999712087934479,0.6147735146864941,0.6076132254750819,0.45284022035693633,0.39223854555486115
RCCD_k10_nc7_rf3_ra1,10,RCCD,7,3,1,5.656854249492381,123,7.3687906280836755,2400.200596534563,1123.928083278849,66.88686495208312,5.957595590077707,4.367757855947515,0.7742548678502735,0.9999844227488959,0.9759968806616202,0.5447384418796132,0.40675059112811923,0.29369659969368095
SCCD_k3_nc7_rf3_ra1,3,SCCD,7,3,1,1.7320508075688772,37,24.458043392020784,0.5371774281505998,0.22984557438880715,24.869197688381192,0.5215293013409298,0.2307098988248849,0.6771814544673224,0.6971180425192772,0.8330024183847609,0.6766415762328948,0.6956014738133883,0.8044931903602691
SCCD_k4_nc7_rf3_ra1,4,SCCD,7,3,1,2,63,44.964522744748116,0.4728245204516129,0.17512311006140086,45.78445765786299,0.4518412480821948,0.17517423971831267,0.7209512891689602,0.7192580941061841,0.8297999071472921,0.720988671241503,0.7203635808359289,0.8881083242794848
SCCD_k5_nc7_rf3_ra1,5,SCCD,7,3,1,2.23606797749979,113,83.14220458886588,0.40432606034861873,0.13920250859716005,84.85175386286717,0.37371053868307247,0.11697670691088025,0.7155349704241063,0.6907362558775849,0.7820381484957619,0.7162712999286998,0.6962588532568486,0.919587374318249
SCCD_k6_nc7_rf3_ra1,6,SCCD,7,3,1,2.449489742783178,211,154.98788091612008,0.34417200474856163,0.13818245980048505,158.7338900935235,0.29797477926516075,0.10202124525153751,0.6949483101119296,0.5953554313046653,0.53089749616134,0.6977747813533534,0.6230189887507273,0.7434012423811794
SCCD_k7_nc7_rf3_ra1,7,SCCD,7,3,1,2.6457513110645907,117,48.09214386676723,300.4610040745855,431.3665627915079,72.6353511174962,2.9660187519126304,4.256635007185588,0.6291671027161446,0.9994160940390621,0.8008857263660428,0.585997101035641,0.48070797224720585,0.3963848941948393
SCCD_k8_nc7_rf3_ra1,8,SCCD,7,3,1,2.8284271247461903,119,22.527787948911165,800.45780052924,800.4147011133132,53.563352310501855,6.979890862305484,5.6452974611364635,0.5871553767548361,0.9997495934054232,0.6595318224225558,0.4736062093990231,0.3309577270877273,0.304565349545141
SCCD_k9_nc7_rf3_ra1,9,SCCD,7,3,1,3,121,10.378985589445028,1500.4361985550481,851.4382535764114,39.17865531847341,12.320621995829947,7.165401638765325,0.5494337142789096,0.9998544732263,0.9669837974979246,0.35032971254508494,0.21240724936636643,0.21442555348782824
SCCD_k10_nc7_rf3_ra1,10,SCCD,7,3,1,3.1622776601683795,123,4.910173033865549,2400.395199868391,1358.7995866279364,29.02093190045681,18.865065502956533,9.113983414447745,0.515922566583524,0.9999033526390848,0.8072936687377098,0.23635159514015847,0.12845200710204854,0.1407502704628169
FCCD_k3_nc10_rf3_ra1,3,FCCD,10,3,1,1,40,15.71424972263832,1.3575026510514123,0.4494993218479294,16.248473587968164,1.2386443317278526,0.40681501533873904,0.43508788959425077,0.27585660838882836,0.4259448457759509,0.4420887604700606,0.29288193661174766,0.456238180881256
FCCD_k4_nc10_rf3_ra1,4,FCCD,10,3,1,1,66,26.069483341099218,1.790141183167276,0.5220756773979778,27.50282713088093,1.4905598401723512,0.44843482731671036,0.4179923743309265,0.18997544250950807,0.27834497326624225,0.4330995233504343,0.21836760300762512,0.34692599908902344
FCCD_k5_nc10_rf3_ra1,5,FCCD,10,3,1,1,116,45.85850080209454,2.2209388649243844,0.5887222868190023,49.94931718946724,1.5671046806589366,0.4180701882825613,0.394665515274475,0.12574982296437412,0.18491175640299318,0.42164434705347315,0.16603821960640594,0.25730201717197815
FCCD_k6_nc10_rf3_ra1,6,FCCD,10,3,1,1,214,83.57520508719026,2.6612799051873024,0.6389565244133212,95.33870665072683,1.435813207033209,0.3573612823870658,0.3747418649722305,0.0769947843256457,0.11481332315817742,0.4190973027154249,0.12929533224909795,0.21222981953350245
FCCD_k7_nc10_rf3_ra1,7,FCCD,10,3,1,1,120,25.24487559010287,303.2864814563616,427.75238059755185,39.78753339747754,5.3919841672897535,4.316899772190488,0.3302669408429144,0.990105334274464,0.8076526014622892,0.320992173501925,0.26442749378393904,0.390851283557402
FCCD_k8_nc10_rf3_ra1,8,FCCD,10,3,1,1,122,11.788374079848213,803.7864477721524,601.0762523669705,28.453181297191534,10.876714030937572,7.117670491578603,0.3072475309105865,0.9956094219246581,0.8782562352784062,0.25158252346472304,0.21238480744628843,0.24156246015766214
FCCD_k9_nc10_rf3_ra1,9,FCCD,10,3,1,1,124,5.45212293559885,1504.267590875532,950.9082486775359,20.205887560340347,18.413481831436528,11.550722694302271,0.2886197431719803,0.9973078287505713,0.8658322155931987,0.18067804326593623,0.14212355124217302,0.1330172364983485
FCCD_k10_nc10_rf3_ra1,10,FCCD,10,3,1,1,126,2.6001868720465144,2404.72909162491,1262.3983001826273,14.530452246976036,28.004820230426983,16.165690771896738,0.27320729338267874,0.9981012898152888,0.8689415244059326,0.11833856950081702,0.08652994406061348,0.07935297344714926
RCCD_k3_nc10_rf3_ra1,3,RCCD,10,3,1,1.681792830507429,40,24.61831568251767,0.4960262412355687,0.23856623870036267,24.99682550453213,0.4854001516756006,0.22438704816807242,0.6816189894348537,0.7549521498400781,0.8025524498518228,0.68011407614116,0.7473762614150684,0.8271624591019325
RCCD_k4_nc10_rf3_ra1,4,RCCD,10,3,1,2,66,46.04487503236143,0.4194162983167995,0.18172107936418344,46.79723294622504,0.40679149206777293,0.17403809988216862,0.7382734206398748,0.8108479922967164,0.7996713478521024,0.7369373041788854,0.8001395943247439,0.8939059929894294
RCCD_k5_nc10_rf3_ra1,5,RCCD,10,3,1,2.378414230005442,116,89.06956059210246,0.3325987924948292,0.11875305314408044,90.64804651403871,0.31585276476568386,0.11926048876847806,0.7665467342261575,0.839698385505357,0.9167063010768152,0.7652003777970441,0.8237992512318347,0.901977711775099
RCCD_k6_nc10_rf3_ra1,6,RCCD,10,3,1,2.8284271247461903,214,175.6689887883801,0.25013121852936887,0.08471338532245917,179.037135904191,0.22890106921908146,0.08722343222706434,0.7876800829584011,0.8191887183646873,0.86598737191586606,0.7870253685969146,0.8110226233732513,0.8695223122134254
RCCD_k7_nc10_rf3_ra1,7,RCCD,10,3,1,3.363585661014858,120,58.670686195848866,300.3357718866206,391.17124574920086,90.34887850819305,2.312516240817589,2.9556966828674534,0.7675612414051376,0.9998328244982999,0.8831817949952314,0.7289037648070156,0.61655301472608115,0.5708521536494119
RCCD_k8_nc10_rf3_ra1,8,RCCD,10,3,1,4,122,29.515223931498358,800.3021426371452,645.36868544977,76.20829447029332,4.431772497558046,3.82997521924819,0.7692731513099973,0.9999440436087169,0.8179804481079921,0.6738323856134685,0.5212471570645564,0.4489224854240253
RCCD_k9_nc10_rf3_ra1,9,RCCD,10,3,1,4.756828460010884,124,14.583465903260388,1500.2568281050458,991.4415825460513,68.07830701652891,5.774490325184415,3.2014308191174434,0.7720068372035027,0.9999740156562624,0.8304341983155388,0.6087461025343306,0.4531983398090488,0.4799245397338953
RCCD_k10_nc10_rf3_ra1,10,RCCD,10,3,1,5.656854249492381,126,7.377299948517506,2400.198606825464,1296.0834062237861,66.95928662188436,5.95534688153485,3.7463904917900908,0.7751489606669267,0.9999852517128404,0.8463578023610212,0.5453282567497542,0.4069041780723018,0.3424084150833421
SCCD_k3_nc10_rf3_ra1,3,SCCD,10,3,1,1.7320508075688772,40,25.344698610969512,0.4802223106940207,0.2330532183329106,25.730463624177492,0.46994649365838853,0.2145886103056301,0.7017306982950042,0.779797333149079,0.8215373325049402,0.7000749152434723,0.7719528830303933,0.86493193785531
SCCD_k4_nc10_rf3_ra1,4,SCCD,10,3,1,2,66,46.04487503236143,0.4194162983167995,0.16785904962159703,46.79723294622504,0.40679149206777293,0.18345327282121887,0.7382734206398748,0.8108479922967164,0.8657093007251168,0.7369373041788854,0.8001395943247439,0.8480290272323189
SCCD_k5_nc10_rf3_ra1,5,SCCD,10,3,1,2.23606797749979,116,84.5643275151791,0.35304735816726424,0.12377447946332727,86.10535559935612,0.3355938262143862,0.12484002579294115,0.7277739853870948,0.7910629059193323,0.8795162990084938,0.7268535083629413,0.7753398626208725,0.8616651757424909
SCCD_k6_nc10_rf3_ra1,6,SCCD,10,3,1,2.449489742783178,214,156.97200623567363,0.2943134840511483,0.09596389631157921,160.30518451306398,0.26827021840711995,0.07807958973629253,0.7038449059600933,0.6962123158939639,0.7644616854999525,0.7046819995875351,0.692003558029215,0.9713514213563443
SCCD_k7_nc10_rf3_ra1,7,SCCD,10,3,1,2.6457513110645907,120,48.570331686013546,300.41216029908435,427.4003398526973,73.26213875628625,2.928079984965104,4.262564742827397,0.6354230110745419,0.999578588311201,0.8083178480634045,0.5910538087357496,0.4869364454523605,0.39583347555916065
SCCD_k8_nc10_rf3_ra1,8,SCCD,10,3,1,2.8284271247461903,122,22.70681222220131,800.409717818709,654.1162948623843,53.93462645442759,6.940880545289495,6.790963822712272,0.5918213947797889,0.9998096509849765,0.8070414552661929,0.476889008782699,0.3328178319790794,0.2531837953232713
SCCD_k9_nc10_rf3_ra1,9,SCCD,10,3,1,3,124,10.446421694522115,1500.3887078334512,1065.625080932235,39.40162169439273,12.280647623949719,7.755395438910707,0.5530035881716614,0.9998861208987847,0.7726235150715977,0.3523234447379865,0.2130986499045326,0.1981130716618429
SCCD_k10_nc10_rf3_ra1,10,SCCD,10,3,1,3.1622776601683795,126,4.936745037764011,2400.3481827691353,1387.667950118114,29.158930504656453,18.824319675228843,9.95334543595506,0.5187145448612771,0.9999229383623206,0.7904991271685573,0.23747548014638695,0.12873004548234357,0.12888085104966104
FCCD_k3_nc1_rf1_ra2,3,FCCD,1,1,2,1,21,8.610536625458405,1.4363234452098483,0.6965673265607976,8.74252553549627,1.4073608766100771,0.627876056130167,0.2384040138580484,0.260718488197604,0.2748649154507819,0.23786679139063088,0.2577708082403432,0.29560697647442746
FCCD_k4_nc1_rf1_ra2,4,FCCD,1,1,2,1,33,13.699006296005999,1.4794131997538758,0.5542164872953667,13.94439377111349,1.4369695161853,0.5600545989636971,0.21964686038156134,0.22987686163897675,0.2622028463596563,0.21958870871492747,0.2265114017880756,0.2777830961142554
FCCD_k5_nc1_rf1_ra2,5,FCCD,1,1,2,1,53,22.99111528148028,1.5467730778891304,0.44957392403330315,23.555883239312216,1.4615782700713988,0.43735587599337233,0.19786517658871733,0.18055826874105818,0.24214409748823482,0.19884566129368522,0.17802623126078929,0.2459560021235472
FCCD_k6_nc1_rf1_ra2,6,FCCD,1,1,2,1,89,40.261513922449005,1.639668162200774,0.3955538009841239,41.745230752609984,1.4582178733387743,0.39594264257353656,0.180528121925201,0.1249671592421766,0.18546332190203618,0.18350693253838546,0.1273087849526534,0.19154976583554542
FCCD_k7_nc1_rf1_ra2,7,FCCD,1,1,2,1,61,13.078932245047708,302.2658496099621,437.5177996863433,17.924360249805865,10.873835841391772,12.70300463166345,0.1711055745411204,0.9934485271517094,0.7896257551554963,0.14460759096922202,0.13112105798505583,0.1328241519131338
FCCD_k8_nc1_rf1_ra2,8,FCCD,1,1,2,1,65,6.59922259420125,802.5278038117013,679.9780120849566,12.588264362325326,25.80932745536554,20.26072429796813,0.1719995339699804,0.9971708853156108,0.776347112902105,0.11130520981945331,0.08950441731207454,0.08486182276858442
FCCD_k9_nc1_rf1_ra2,9,FCCD,1,1,2,1,69,3.309405856492848,1502.7326824823351,916.7582137792474,8.795664987833524,46.71600659596342,27.732730584542413,0.17519044959830873,0.9983264904026368,0.8980852130947734,0.07864952897905257,0.05601911677191853,0.05540187280408752
FCCD_k10_nc1_rf1_ra2,10,FCCD,1,1,2,1,73,1.7083966190650888,2402.8779091082047,1353.0908716060544,6.23359579089807,73.63950696127246,41.35859796528157,0.17950495071592015,0.9988702292818357,0.8106996554238243,0.05076750511290595,0.03290700369898988,0.03101641964879924
RCCD_k3_nc1_rf1_ra2,3,RCCD,1,1,2,1.681792830507429,21,13.617604436475169,1.9268176884792898,0.96910438165955,14.138785686691227,1.624791997861543,0.7576209309971011,0.3770370765496874,0.19434951185933685,0.197565838050428,0.3846883342574201,0.22327568767391945,0.24498338807647954
RCCD_k4_nc1_rf1_ra2,4,RCCD,1,1,2,2,33,24.28053216119644,1.7889358513496756,0.9788687499475254,25.247460690438942,1.3873685551068538,0.6687148050829244,0.38930872373970826,0.19010344231746465,0.14845416249735782,0.3975832425809124,0.23460959832176403,0.232645814494673
RCCD_k5_nc1_rf1_ra2,5,RCCD,1,1,2,2.378414230005442,53,44.95904003961142,1.4189590036137143,0.8155464578346591,46.715636289832844,1.019198913039019,0.48916161855737084,0.38692461360770364,0.19682222556654566,0.13348310331495383,0.3943474119155261,0.255297830271051,0.21990748800328344
RCCD_k6_nc1_rf1_ra2,6,RCCD,1,1,2,2.8284271247461903,89,86.61033926809193,0.7525643115988163,0.3749121669863078,89.22081089722168,0.5935510267836294,0.23973893715188255,0.388351066914427,0.2722752981665487,0.19567442292202733,0.3922037806753017,0.31276830006845474,0.3163554546886938
RCCD_k7_nc1_rf1_ra2,7,RCCD,1,1,2,3.363585661014858,61,33.635091730498196,300.87276800937315,399.42181351996715,52.46648753428042,2.909137819484736,3.4062100995428533,0.4400322279725357,0.9980483281688095,0.8649385468628884,0.4232816269708249,0.49010701738828016,0.4953498955263376
RCCD_k8_nc1_rf1_ra2,8,RCCD,1,1,2,4,65,18.760728355508757,800.7422327729741,664.8049777340565,50.95431983894416,4.213584451290125,3.099332956949141,0.4889722218069036,0.9993944716091869,0.7940659053402055,0.45053719064361675,0.5482384040983737,0.5547522703820098
RCCD_k9_nc1_rf1_ra2,9,RCCD,1,1,2,4.756828460010884,69,10.22272166945291,1500.6146071927185,908.1592737759554,53.8847762003651,4.471684465103451,2.7126728313174384,0.541161550758771,0.9997356001501737,0.9065887664782417,0.481829659629209,0.5852357090576712,0.5663953259002692
RCCD_k10_nc1_rf1_ra2,10,RCCD,1,1,2,5.656854249492381,73,5.663593391002751,2400.450986744838,1141.1263074274157,63.1019125550442,3.9656865531522048,2.6920885402153156,0.595086083162183,0.9998801147204186,0.961287366900815,0.5139131210512482,0.6110557391481711,0.47650573575657673
SCCD_k3_nc1_rf1_ra2,3,SCCD,1,1,2,1.7320508075688772,21,14.162700704448346,1.9123414629448174,0.9860170668437809,14.73352519781382,1.5956677778623585,0.758356249520455,0.39212941560781545,0.19582071740536836,0.19417708451414156,0.4008700175307002,0.22735092835904244,0.24474584691652929
SCCD_k4_nc1_rf1_ra2,4,SCCD,1,1,2,2,33,24.28053216119644,1.7889358513496756,0.9693337446123005,25.247460690438942,1.3873685551068538,0.6653890691207288,0.38930872373970826,0.19010344231746465,0.14991445544528856,0.3975832425809124,0.23460959832176403,0.23380862071982128
SCCD_k5_nc1_rf1_ra2,5,SCCD,1,1,2,2.23606797749979,53,41.84096367491466,1.6381353789687094,0.9712014024603599,43.492497953883984,1.1349026172006136,0.557915710911309,0.3600899549595953,0.17048814930959014,0.112089698195974,0.36713947123499263,0.2292701304674853,0.19280744503298639
SCCD_k6_nc1_rf1_ra2,6,SCCD,1,1,2,2.449489742783178,89,73.64827586786993,1.4923324868285637,0.9740757669576234,76.60654396078512,0.8701898099622642,0.44985554657189997,0.330230625481828,0.13730497334781286,0.07531315777480381,0.33675300486227966,0.2133373012711469,0.1685934986179972
SCCD_k7_nc1_rf1_ra2,7,SCCD,1,1,2,2.6457513110645907,61,25.815101593596587,301.795046857855,501.9118428501108,38.211825183028054,5.19098003602345,6.177301934365312,0.3377269418673118,0.994998315014464,0.6883187314519524,0.30827990004912925,0.2746666043761814,0.27313960607345106
SCCD_k8_nc1_rf1_ra2,8,SCCD,1,1,2,2.8284271247461903,65,13.189608211457037,801.7770300101457,664.9535774942348,29.77407005138248,10.761159982669062,8.30314465532077,0.34376874445948624,0.9981046234352469,0.793888452346353,0.26326179835931396,0.21466540956824104,0.20707359270629266
SCCD_k9_nc1_rf1_ra2,9,SCCD,1,1,2,3,69,6.63289810067294,1501.702760061168,985.1800536499425,23.252785143086154,17.521893322841464,10.782713940713869,0.35112659213944664,0.9990111790530518,0.8357122058328503,0.20792294857575033,0.1493554024327665,0.14249151195168647
SCCD_k10_nc1_rf1_ra2,10,SCCD,1,1,2,3.1622776601683795,73,3.4126147141382828,2401.5694876171456,1424.9141753762738,18.497309680237592,25.172576840775875,13.626844455458803,0.3585708548223704,0.9994144330958458,0.7698360521106341,0.15064535707265944,0.09626569195892039,0.09413739437403426
FCCD_k3_nc3_rf1_ra2,3,FCCD,3,1,2,1,23,8.87808889291309,1.363159499203434,0.6605302482583344,9.00972156451464,1.3375506281512404,0.6595067870625775,0.24581186045955136,0.2747118568419264,0.2898609410027045,0.24513666573493384,0.27122453760950077,0.2814293138361826
FCCD_k4_nc3_rf1_ra2,4,FCCD,3,1,2,1,35,13.874877230225437,1.4546982241027182,0.5476051422406264,14.12103976988613,1.4131256428898356,0.5115332206665546,0.22246673634182965,0.23378241465611624,0.2653684731186121,0.2223704335720164,0.23033336142159277,0.3041321544873327
FCCD_k5_nc3_rf1_ra2,5,FCCD,3,1,2,1,55,23.142860687312943,1.534912988654446,0.45337632475973577,23.70850595046814,1.4501692102177213,0.42935212667371575,0.19917112156589695,0.18195342090613717,0.24011327046461692,0.2001340173115817,0.1794268346618738,0.25054098042541967
FCCD_k6_nc3_rf1_ra2,6,FCCD,3,1,2,1,91,40.41735995734807,1.6327323450749975,0.44806635577895443,41.90183868369495,1.4516644508506735,0.361376535382641,0.18122691810171862,0.12549801744796032,0.16372736085921108,0.18419536186375907,0.12788351023007727,0.2098717350006205
FCCD_k7_nc3_rf1_ra2,7,FCCD,3,1,2,1,63,13.111692561614172,302.2610832544757,402.66418162007693,17.971489952961175,10.85495282054782,13.13094579675945,0.17153416249334993,0.993464192843061,0.8579738122753219,0.14498781725018273,0.13134915309628706,0.12849537596642155
FCCD_k8_nc3_rf1_ra2,8,FCCD,3,1,2,1,67,6.610460252490899,802.5244216100517,834.546820273518,12.612603294106798,25.77543031053579,20.4651615108559,0.17229242786182034,0.9971750878456803,0.6325576393018343,0.11152041422180331,0.0896221241421828,0.08401409359145665
FCCD_k9_nc3_rf1_ra2,9,FCCD,3,1,2,1,71,3.3134123303193537,1502.7301646044734,988.8692265739802,8.808900826024686,46.666205149662794,30.463789737283182,0.175402540825981,0.9983281631341945,0.832594415573841,0.07876788187685141,0.05607889949962861,0.05043513054695438
FCCD_k10_nc3_rf1_ra2,10,FCCD,3,1,2,1,75,1.7099198687699868,2402.8759650277566,1414.5914691837736,6.241203002829434,73.57397847709782,37.62621387035468,0.17966500187743287,0.9988710374317824,0.7754537810136068,0.050829459590478014,0.03293631224143597,0.03409313610445002
RCCD_k3_nc3_rf1_ra2,3,RCCD,3,1,2,1.681792830507429,23,15.168772201136989,1.0578192273676184,0.5275803777972631,15.508710869914461,1.0057547775842564,0.503528586236936,0.419984994588757,0.3540076295736928,0.36290568675108154,0.421961283184533,0.3607007977839073,0.36860775659316813
RCCD_k4_nc3_rf1_ra2,4,RCCD,3,1,2,2,35,26.111210523571934,0.9693311086673493,0.4226128549535988,26.730121100997337,0.902595786882936,0.37842093310934677,0.41866141881668406,0.3508428238667059,0.34385404694859717,0.4209313701769437,0.3606154428904732,0.4111128293428989
RCCD_k5_nc3_rf1_ra2,5,RCCD,3,1,2,2.378414230005442,55,47.10456656725522,0.8069365748083636,0.30869171276654034,48.28261402797633,0.7252247603603189,0.3156623981182112,0.4053893544465258,0.34610238003558724,0.35265498744250107,0.4075749662130283,0.35878431809774175,0.340776422550931
RCCD_k6_nc3_rf1_ra2,6,RCCD,3,1,2,2.8284271247461903,91,88.38729583471938,0.5640557507559147,0.21517434515063846,90.51356414498805,0.500411021053335,0.22154208309869136,0.3963187412630321,0.36327024776446276,0.3409361923241101,0.39788656595998506,0.37098292771456615,0.3423400168873649
RCCD_k7_nc3_rf1_ra2,7,RCCD,3,1,2,3.363585661014858,63,33.99757263508205,300.79156943793936,441.1795014817126,52.90523040205879,2.86004793450814,3.0442657561238815,0.4447743966967823,0.9983177509409326,0.7830720190104308,0.42682125395221443,0.49851921804391386,0.5542439301020893
RCCD_k8_nc3_rf1_ra2,8,RCCD,3,1,2,4,67,18.86060423466354,800.7122624777229,574.5597550444783,51.167892474494444,4.194684329099496,2.9527630831608183,0.49157534731513536,0.999431878489024,0.9187886236100936,0.45242559609232685,0.55070861925978,0.5822891800370295
RCCD_k9_nc3_rf1_ra2,9,RCCD,3,1,2,4.756828460010884,71,10.253341439473113,1500.600711975533,974.7628309183582,54.00839723326883,4.463366807912561,3.277224536758553,0.5427824735192452,0.9997448574717126,0.8446434041833889,0.4829350605310431,0.58632631850415,0.46882512782432606
RCCD_k10_nc3_rf1_ra2,10,RCCD,3,1,2,5.656854249492381,75,5.674317771595502,2400.4430795095773,1242.7461094491562,63.18687935438177,3.9616335675058614,1.9740355580597868,0.596212917170327,0.9998834083987261,0.8826825487744803,0.5146051056720822,0.6116808853404382,0.6498341052366677
SCCD_k3_nc3_rf1_ra2,3,SCCD,3,1,2,1.7320508075688772,23,15.793397928398281,1.0391019835048192,0.4927666598611735,16.163459118628797,0.9851507689403931,0.5203093577779835,0.43727930352855165,0.3603843348800123,0.38854479192007657,0.43977568526525546,0.368244701305783,0.3567195934087432
SCCD_k4_nc3_rf1_ra2,4,SCCD,3,1,2,2,35,26.111210523571934,0.9693311086673493,0.41019217697095944,26.730121100997337,0.902595786882936,0.4360328703962811,0.41866141881668406,0.3508428238667059,0.35426599683441434,0.4209313701769437,0.3606154428904732,0.3567935150204913
SCCD_k5_nc3_rf1_ra2,5,SCCD,3,1,2,2.23606797749979,55,44.07147704754553,0.8507810163626911,0.3286212163033649,45.10902384453989,0.7658384096188449,0.3074522610778688,0.37928610603603347,0.3282662209283242,0.33126793611765276,0.3807852834705275,0.339757405538037,0.3498764406137422
SCCD_k6_nc3_rf1_ra2,6,SCCD,3,1,2,2.449489742783178,91,76.57428009817463,0.7265064800698926,0.31871360830155004,78.41169415535464,0.6136295817255616,0.23482586429688768,0.34335050094054925,0.28204108008831336,0.23017756383995525,0.3446882245030481,0.30253421800324587,0.3229743056471024
SCCD_k7_nc3_rf1_ra2,7,SCCD,3,1,2,2.6457513110645907,63,26.609455472185516,301.04461442941124,443.52081707551673,38.99386393215829,4.8729927807762206,5.530506611669775,0.3481191034167679,0.9974786085192955,0.7789382362011592,0.31458912046091675,0.29258997992030567,0.30508341015071816
SCCD_k8_nc3_rf1_ra2,8,SCCD,3,1,2,2.8284271247461903,67,13.5133413131595,801.038147648102,717.1975815436977,30.24896139638119,10.462736458965374,8.043682857713636,0.35220639629326556,0.9990252810891873,0.7360579289500918,0.26746077919377426,0.2207882062373435,0.21375308113851235
SCCD_k9_nc3_rf1_ra2,9,SCCD,3,1,2,3,71,6.765816212544191,1500.9728650200243,910.4070223271912,23.548518756127784,17.241257706947685,10.396247512791575,0.3581628955691989,0.9994969795112955,0.9043504450061499,0.2105673545872538,0.15178645740921942,0.14778844101820388
SCCD_k10_nc3_rf1_ra2,10,SCCD,3,1,2,3.1622776601683795,75,3.469512568681019,2400.8467849108697,1151.2788004900526,18.688435794306155,24.908252172029368,12.538208713275369,0.3645492362248838,0.9997152767481892,0.9528103035522092,0.15220192190276174,0.09728725689904368,0.10231091696686564
FCCD_k3_nc5_rf1_ra2,3,FCCD,5,1,2,1,25,9.088261798437134,1.3205220696305913,0.6796889896926599,9.221205415549745,1.2962471315678303,0.6237427884004133,0.25163101743671284,0.2835818391908008,0.2816904823005675,0.25089072214259395,0.27986681074528885,0.29756583323281205
FCCD_k4_nc5_rf1_ra2,4,FCCD,5,1,2,1,37,14.024180790671336,1.4373148674941203,0.5149072951551515,14.271781849810209,1.3961538636967135,0.5282527858757212,0.22486063686184704,0.23660985572327198,0.28222000704905253,0.2247442376414412,0.23313331567628087,0.29450616192256923
FCCD_k5_nc5_rf1_ra2,5,FCCD,5,1,2,1,57,23.2769907832701,1.5257637438076068,0.4481260215499061,23.844030641565247,1.4412601514078032,0.4274612159313458,0.20032546639856377,0.18304450489954482,0.24292646901595943,0.20127804135640515,0.18053595033437655,0.25164926958390654
FCCD_k6_nc5_rf1_ra2,6,FCCD,5,1,2,1,93,40.55849867447098,1.627086511242177,0.4104200881979851,42.04434963460889,1.4462577858719121,0.38564274147903377,0.18185976831152967,0.12593348350828593,0.1787454465096835,0.1848218225871487,0.12836158772281497,0.19666575384873755
FCCD_k7_nc5_rf1_ra2,7,FCCD,5,1,2,1,65,13.14181684518954,302.2570727953021,478.48819575011674,18.015134478892943,10.836834097595881,12.408639535826913,0.17192826445459794,0.9934773744951857,0.7220143068100248,0.14533992631661677,0.13156876326042638,0.1359750851072546
FCCD_k8_nc5_rf1_ra2,8,FCCD,5,1,2,1,69,6.620915503816478,802.5215037635564,729.9060817240547,12.635497405280395,25.742057464666352,18.07801323167831,0.17256492940724766,0.9971787134230905,0.7232423180694143,0.11172284354601052,0.08973831319737367,0.09510790663237628
FCCD_k9_nc5_rf1_ra2,9,FCCD,5,1,2,1,73,3.317173154256549,1502.7279513132555,929.5477602512772,8.82150322839725,46.61679832126423,30.80435133913922,0.17560162805341326,0.9983296335207366,0.8857285563850489,0.07888057068571096,0.05613833473894437,0.04987753825553465
FCCD_k10_nc5_rf1_ra2,10,FCCD,5,1,2,1,77,1.7113597221305779,2402.8742310543716,1332.1269530733725,6.2485145501273935,73.50876712734001,38.15106338633039,0.17981629040355537,0.9988717582417904,0.8234577799340804,0.050889006123054664,0.032965530815780825,0.03362411206175647
RCCD_k3_nc5_rf1_ra2,3,RCCD,5,1,2,1.681792830507429,25,15.957349158906277,0.8798197711321394,0.4984028522922129,16.25993074741252,0.8523206866783758,0.5040017162891594,0.441818699054088,0.42562816781897883,0.3841509301970386,0.44240048706947566,0.42563386800268016,0.36826172720181816
RCCD_k4_nc5_rf1_ra2,4,RCCD,5,1,2,2,37,27.012751853990128,0.8037750639327962,0.453319807720665,27.553118900886325,0.7716898385458286,0.42050953084658466,0.43311653464419525,0.4231070092703597,0.3205620800003508,0.4338914907185209,0.42178860363279896,0.3699647429630357
RCCD_k5_nc5_rf1_ra2,5,RCCD,5,1,2,2.378414230005442,57,48.2053025620479,0.6653787481375611,0.34461250192436327,49.22431060529046,0.6271330527662612,0.3290056119979988,0.414862462615517,0.4197348801125222,0.3158958873557691,0.41552424481793854,0.4149028184142832,0.32695582945018586
RCCD_k6_nc5_rf1_ra2,6,RCCD,5,1,2,2.8284271247461903,93,89.53189524742949,0.4895986689267292,0.21831559946262358,91.44431473002523,0.453636548320126,0.19876272756001678,0.4014509969137077,0.4185155829350022,0.3360306002047836,0.40197803178109087,0.4092349841265322,0.38157415829568514
RCCD_k7_nc5_rf1_ra2,7,RCCD,5,1,2,3.363585661014858,65,34.260887565128584,300.7497543866983,477.95241797970357,53.24573906320337,2.8307420454823133,3.3673206406550538,0.44821922319689106,0.9984565530756028,0.7228236744394307,0.42956836104591417,0.5036802495496113,0.5010707316013363
RCCD_k8_nc5_rf1_ra2,8,RCCD,5,1,2,4,69,18.941546423871348,800.692798444805,823.646854933545,51.34886362484856,4.181074589249911,3.275896352975632,0.4936849925988823,0.9994561736681737,0.6409287710588801,0.4540257397882058,0.5525012208699785,0.5248523790978784
RCCD_k9_nc5_rf1_ra2,9,RCCD,5,1,2,4.756828460010884,73,10.279701901162097,1500.590476778562,963.1427650863865,54.11873658548462,4.456712956275849,2.7198358829851506,0.5441779207188844,0.9997516765110809,0.8548338061849773,0.48392169861828604,0.5872017009603012,0.5649036480350145
RCCD_k10_nc5_rf1_ra2,10,RCCD,5,1,2,5.656854249492381,77,5.683867589858318,2400.436833535257,1467.2403535220967,63.265189963026565,3.9581829040764274,2.198235980173844,0.5972163373582872,0.9998860101110498,0.7476282265103542,0.5152428811002828,0.6122141363075307,0.5835568347287718
SCCD_k3_nc5_rf1_ra2,3,SCCD,5,1,2,1.7320508075688772,25,16.618182410105472,0.8625962084736845,0.5299712025195993,16.946976956877872,0.8341122894431341,0.543321257904937,0.4601155028921838,0.43412673684307074,0.3612685338574226,0.46109365264492425,0.4349253155013608,0.3416110447601907
SCCD_k4_nc5_rf1_ra2,4,SCCD,5,1,2,2,37,27.012751853990128,0.8037750639327962,0.4439082819560322,27.553118900886325,0.7716898385458286,0.4376435693487544,0.43311653464419525,0.4231070092703597,0.3273584800625294,0.4338914907185209,0.42178860363279896,0.35548037578769515
SCCD_k5_nc5_rf1_ra2,5,SCCD,5,1,2,2.23606797749979,57,45.1532327247355,0.6918020525513223,0.3281085505683282,46.04006580717367,0.654062832734955,0.34697982852372633,0.3885958665879914,0.4037031518610887,0.33178553835529534,0.388644621745864,0.39781999234760884,0.31001889424594065
SCCD_k6_nc5_rf1_ra2,6,SCCD,5,1,2,2.449489742783178,93,77.97978610265656,0.5719150685213976,0.21866714387887853,79.51594861487784,0.5232370610500773,0.19974116578804216,0.3496526325452488,0.3582781493409889,0.3354903741831814,0.3495423921517984,0.3547989228408923,0.37970500557581327
SCCD_k7_nc5_rf1_ra2,7,SCCD,5,1,2,2.6457513110645907,65,26.988585648120537,300.8931588578385,439.55892680974824,39.45033310080806,4.76967369078598,5.762906942109633,0.35307908679796485,0.9979806926921572,0.7859590646439768,0.318271757158139,0.2989279670501228,0.29278033358832084
SCCD_k8_nc5_rf1_ra2,8,SCCD,5,1,2,2.8284271247461903,69,13.667160203453648,800.8890441760706,636.2013147582871,30.529040591088116,10.361755897122462,8.41038101512331,0.35621547116060226,0.9992112720690126,0.8297671731779337,0.269937234456838,0.22293989918740875,0.20443330586873718
SCCD_k9_nc5_rf1_ra2,9,SCCD,5,1,2,3,73,6.828764668705985,1500.8255912998645,1080.6485244578132,23.724813052347578,17.14286397767288,10.898976373434504,0.3614952062058251,0.9995950586214295,0.7618823115419527,0.21214375198057878,0.1526576558050858,0.1409715150956584
SCCD_k10_nc5_rf1_ra2,10,SCCD,5,1,2,3.1622776601683795,77,3.496392556946801,2400.700975206613,1310.7529765501674,18.803590929674765,24.81265222529381,13.07434033819306,0.36737357509037166,0.9997759957591569,0.8368856092589357,0.15313976566416498,0.09766209214410934,0.09811551461834107
FCCD_k3_nc7_rf1_ra2,3,FCCD,7,1,2,1,27,9.262105132786415,1.2926037777481738,0.698101173053052,9.39711573581568,1.2688861430394887,0.6321126131263816,0.2564443003358061,0.2897067791726983,0.2742609906864613,0.25567689328779275,0.2859015780412125,0.29362575385949097
FCCD_k4_nc7_rf1_ra2,4,FCCD,7,1,2,1,39,14.154084468685669,1.4244221600187594,0.5267997177074206,14.40349655858883,1.383431470151343,0.5369362000956361,0.22694348392471644,0.23875145513196644,0.2758489338238468,0.22681840904639505,0.23527726993391118,0.28974336329987344
FCCD_k5_nc7_rf1_ra2,5,FCCD,7,1,2,1,59,23.39724594395499,1.518491246537285,0.4341988945736113,23.966008832499366,1.4340978264536541,0.4331467193473207,0.20136040134248914,0.1839211583970641,0.2507184459697714,0.20230771338327372,0.18143760231260908,0.24834610989703929
FCCD_k6_nc7_rf1_ra2,6,FCCD,7,1,2,1,95,40.68750709497563,1.6224013969760864,0.45022140905109104,42.175152004597585,1.4417144577429584,0.40077844934957507,0.18243822762905806,0.12629714983726154,0.1629436549366038,0.18539681381974296,0.12876609834490532,0.18923851966679706
FCCD_k7_nc7_rf1_ra2,7,FCCD,7,1,2,1,67,13.169702678403418,302.25365162702434,569.0042255081303,18.05581185059967,10.819323226002753,13.152369303940906,0.17229308181309638,0.9934886195314657,0.6071577459073959,0.14566809740040948,0.13178170483458906,0.12828607363113997
FCCD_k8_nc7_rf1_ra2,8,FCCD,7,1,2,1,71,6.630691248609832,802.5189607856,684.1753703823979,12.657134308526635,25.709123827915327,18.591670172852385,0.17281972056251854,0.9971818732281676,0.7715842887241271,0.11191415666006249,0.0898532688461649,0.09248023327392832
FCCD_k9_nc7_rf1_ra2,9,FCCD,7,1,2,1,75,3.320716951809377,1502.7259904923467,870.6566911970654,8.83354516841437,46.56773603679708,26.870538349773103,0.17578922652682122,0.9983309361837847,0.9456390838119298,0.07898824792349235,0.05619748030157807,0.057179547069544305
FCCD_k10_nc7_rf1_ra2,10,FCCD,7,1,2,1,79,1.712724898552918,2402.872674873195,1339.0080990920244,6.2555610296767306,73.44384158110624,39.703154196629036,0.17995973246125788,0.998872405144743,0.8192260406131879,0.050946393897069675,0.03299467287928164,0.03230966547957699
RCCD_k3_nc7_rf1_ra2,3,RCCD,7,1,2,1.681792830507429,27,16.500554017371755,0.8030946280850654,0.5423000645795807,16.789462097971775,0.7827027682783452,0.4931726329238682,0.4568586697595687,0.4662913486182858,0.3530553135178807,0.45680798554195545,0.46349210115557776,0.3763480172306694
RCCD_k4_nc7_rf1_ra2,4,RCCD,7,1,2,2,39,27.624222409071272,0.7326538423541893,0.44564155182119247,28.132012756155692,0.7107742860025917,0.42455835758982835,0.44292071932279503,0.4641794579742205,0.3260852581507075,0.44300759545911844,0.4579371902554706,0.36643655156463867
RCCD_k5_nc7_rf1_ra2,5,RCCD,7,1,2,2.378414230005442,59,48.95768173030499,0.6024253178254817,0.32359873471345374,49.90397422973298,0.5780643540463118,0.2836462493887887,0.4213375568058706,0.4635971643539814,0.336409449145978,0.42126158701336885,0.45012163315752424,0.37924105464594776
RCCD_k6_nc7_rf1_ra2,6,RCCD,7,1,2,2.8284271247461903,95,90.38099177254504,0.44972714314233,0.2037093374720475,92.17384792917585,0.4255053686773615,0.21812662457700013,0.40525825069228105,0.4556199808140618,0.36012449322093004,0.4051849705654136,0.43629048965482203,0.34770042683393293
RCCD_k7_nc7_rf1_ra2,7,RCCD,7,1,2,3.363585661014858,67,34.468158894101194,300.72426224658204,494.9287390669273,53.52454890783393,2.811122090553422,3.3769029921238043,0.4509308573857744,0.9985411913889896,0.6980304348917243,0.4318177032488509,0.5071956371693609,0.4996488856460019
RCCD_k8_nc7_rf1_ra2,8,RCCD,7,1,2,4,71,19.009649625182064,800.6791400434427,654.533748771959,51.50603206955713,4.170741343056665,2.742635035870003,0.49546000756770603,0.9994732229115989,0.8065267337391182,0.45541542038370075,0.5538700737111701,0.6269014914672807
RCCD_k9_nc7_rf1_ra2,9,RCCD,7,1,2,4.756828460010884,75,10.302851943540679,1500.5826238064783,927.3261862400092,54.21842425511355,4.45124966554898,2.9148221748457837,0.5454034175326301,0.9997569084935668,0.8878504759114253,0.48481309094304825,0.5879224094913206,0.5271145614349995
RCCD_k10_nc7_rf1_ra2,10,RCCD,7,1,2,5.656854249492381,79,5.692476357963327,2400.431775058375,1315.3402337974044,63.3378310057006,3.9552047552060263,2.152531344763889,0.598120879358177,0.9998881171904175,0.833966965490929,0.5158344825818459,0.6126751149297089,0.5959474800204859
SCCD_k3_nc7_rf1_ra2,3,SCCD,7,1,2,1.7320508075688772,27,17.18554514491492,0.7867591343991481,0.4738195951930716,17.499129112974675,0.7656186154481878,0.46583232124503,0.4758243441846219,0.4759729640557336,0.40408189374880976,0.4761166183997174,0.47383454807619935,0.398436377401339
SCCD_k4_nc7_rf1_ra2,4,SCCD,7,1,2,2,39,27.624222409071272,0.7326538423541893,0.43079296104134424,28.132012756155692,0.7107742860025917,0.4386913143396748,0.44292071932279503,0.4641794579742205,0.33732477920954007,0.44300759545911844,0.4579371902554706,0.354631366995117
SCCD_k5_nc7_rf1_ra2,5,SCCD,7,1,2,2.23606797749979,59,45.88103168482464,0.6235127439340973,0.31220770299669365,46.701335500228765,0.6000648044160644,0.3249623903127586,0.39485941961689214,0.4479181408815894,0.34868349193306514,0.3942266926057488,0.43361861785358424,0.33102385374824816
SCCD_k6_nc7_rf1_ra2,6,SCCD,7,1,2,2.449489742783178,95,78.92063634055518,0.5055146218853431,0.2114513327204455,80.31732549791474,0.4770670739664032,0.215096513947039,0.35387129970187575,0.40533876461548934,0.34693903782806085,0.3530651469901838,0.38913594289275,0.35259855716649113
SCCD_k7_nc7_rf1_ra2,7,SCCD,7,1,2,2.6457513110645907,67,27.241522418483264,300.8281082582423,394.6077734339734,39.77566612101989,4.717404947528745,5.511839800632358,0.3563881406721354,0.9981964944761758,0.8754904141012966,0.32089643238559,0.3022400823626602,0.30611662856306765
SCCD_k8_nc7_rf1_ra2,8,SCCD,7,1,2,2.8284271247461903,71,13.769538433471064,800.825005976309,708.807696183197,30.729540510662066,10.309088566741211,8.48490628973069,0.3588838169544144,0.9992911742830635,0.7447703648841717,0.27171005118316544,0.22407886013916026,0.2026377116996888
SCCD_k9_nc7_rf1_ra2,9,SCCD,7,1,2,3,75,6.8705897293132185,1500.7623406215348,959.49730618375645,23.85159969003653,17.09032468488545,11.313102466679794,0.3637093048960422,0.9996371872541926,0.8580816126029239,0.21327745924988326,0.15312695790568778,0.13581112845747673
SCCD_k10_nc7_rf1_ra2,10,SCCD,7,1,2,3.1622776601683795,79,3.5142294980473223,2400.6383546077877,1308.4847852657142,18.886788189831037,24.760670570997384,12.819925478285352,0.3692477413099958,0.9998020748940775,0.8383363075523973,0.15381733884536652,0.09786712040039765,0.10006264332425119
FCCD_k3_nc10_rf1_ra2,3,FCCD,10,1,2,1,30,9.477837375036382,1.265080771692514,0.7080032741210425,9.616628721334646,1.241575386716105,0.6647050576228358,0.2624173813071969,0.29600961897230116,0.27042518914704605,0.26164940653033036,0.29219051418950925,0.27922841931893577
FCCD_k4_nc10_rf1_ra2,4,FCCD,10,1,2,1,42,14.322185300273024,1.410314382905922,0.5138158762889343,14.574701507414272,1.3693364094677614,0.4811819365214096,0.2296387757647134,0.24113975404970647,0.28281948295925985,0.22951445121612088,0.23769906152161524,0.3233157537413946
FCCD_k5_nc10_rf1_ra2,5,FCCD,10,1,2,1,62,23.55722522319435,1.5100066433310644,0.46343021224705583,24.128951826830143,1.4256289341051642,0.43475600132593195,0.20273720833726463,0.18495459626776453,0.23490413273110902,0.20368318749017555,0.1825154252195341,0.24742683812644467
FCCD_k6_nc10_rf1_ra2,6,FCCD,10,1,2,1,98,40.86241991728133,1.616699366739332,0.409941174218979,42.35328416086,1.4361028111838887,0.38180819898888574,0.18322251714614646,0.12674259453898143,0.1789542659657439,0.18617986100843578,0.1292692585832077,0.19864089003357346
FCCD_k7_nc10_rf1_ra2,7,FCCD,10,1,2,1,70,13.208002961544496,302.2493688763836,429.9205984602802,18.112139034516144,10.793954907559018,13.79806979335945,0.1727941465658726,0.9935026968611809,0.8035793683963668,0.146122525801687,0.13209142266108853,0.12228274260225391
FCCD_k8_nc10_rf1_ra2,8,FCCD,10,1,2,1,74,6.644259978892376,802.5157050575624,744.1793988969607,12.687560003238,25.66040912654376,19.59077911510961,0.1731733705950561,0.997185918697886,0.709370572877363,0.1121831801120871,0.09002384972574144,0.0877638395305701
FCCD_k9_nc10_rf1_ra2,9,FCCD,10,1,2,1,78,3.325676920809073,1502.7234355924616,923.0728062538726,8.850688001365391,46.49470458069702,27.510839878706108,0.17605179305287774,0.9983326335257797,0.8919415567225362,0.07914153658771836,0.0562857523715394,0.05584872069078789
FCCD_k10_nc10_rf1_ra2,10,FCCD,10,1,2,1,82,1.7146485740751989,2402.870618416614,1262.3604303497918,6.265689733692774,73.34693502498544,39.90054714009647,0.18016185723484202,0.9988732600129642,0.8689675919770335,0.051028883851531016,0.03303826570450296,0.032149825566879335
RCCD_k3_nc10_rf1_ra2,3,RCCD,10,1,2,1.681792830507429,30,17.097490382265935,0.7453764301496897,0.5603993626321422,17.379462210453138,0.7288049296464214,0.4796478961632526,0.4733863301829431,0.5023986029752536,0.34165263575895677,0.4728607191720994,0.4977690680901651,0.3869599846845869
RCCD_k4_nc10_rf1_ra2,4,RCCD,10,1,2,2,42,28.28794327954143,0.6792463343052683,0.40359095245754745,28.77378825929542,0.6629722605353169,0.42097885030048626,0.45356267409078366,0.5006767740226874,0.36006045126490027,0.45311392609869505,0.4909556535216847,0.3695522955182144
RCCD_k5_nc10_rf1_ra2,5,RCCD,10,1,2,2.378414230005442,62,49.77612255141272,0.5542683194323271,0.32111557321204187,50.66775852084556,0.5379012593308267,0.3195419251433989,0.42838118803529346,0.5038762983332264,0.3390108769885288,0.4277090290773771,0.48373054831136625,0.33663908958518685
RCCD_k6_nc10_rf1_ra2,6,RCCD,10,1,2,2.8284271247461903,98,91.35098336524244,0.41567365948635593,0.21011270012227953,93.04002556235567,0.39949278535865107,0.19985513627657184,0.4096075844220109,0.4929460110204481,0.34914939400997036,0.4089925815818708,0.464699119620738,0.3794884729122606
RCCD_k7_nc10_rf1_ra2,7,RCCD,10,1,2,3.363585661014858,70,34.71489829196585,300.70045686188973,404.62965942058423,53.86696809574367,2.791237793443037,2.963120575323139,0.45415883392411516,0.9986202423403588,0.8538062273190966,0.43458022381723777,0.5108088114987779,0.5694219232929143
RCCD_k8_nc10_rf1_ra2,8,RCCD,10,1,2,4,74,19.0951244485102,800.664894684009,680.6427014190658,51.70899715820314,4.159092874547026,3.1972251410312555,0.4976877896388131,0.9994910054513346,0.7755889623417058,0.45721003409116145,0.5554213105569592,0.5377669443643711
RCCD_k9_nc10_rf1_ra2,9,RCCD,10,1,2,4.756828460010884,78,10.333035596545415,1500.573762085827,1283.2759755629593,54.35204303067811,4.444638509690579,2.7229984292427165,0.5470012535097571,0.9997628126128217,0.6415821783129186,0.4860078901737428,0.5887969118098599,0.5642475573451365
RCCD_k10_nc10_rf1_ra2,10,RCCD,10,1,2,5.656854249492381,82,5.703984963504716,2400.42576554482,1211.4789283799325,63.437830001141485,3.9514224084476535,2.1571882305426766,0.5993301135883681,0.9998906204301677,0.9054637911325976,0.5166488920627659,0.6132615745625581,0.5946609630140801
SCCD_k3_nc10_rf1_ra2,3,SCCD,10,1,2,1.7320508075688772,30,17.80855710844186,0.7298055959015717,0.5188181653790606,18.114227707822987,0.712607322973384,0.5376183068989646,0.4930739720820585,0.5131175744621053,0.3690347256461699,0.4928522319877363,0.5090833885005799,0.3452347886438463
SCCD_k4_nc10_rf1_ra2,4,SCCD,10,1,2,2,42,28.28794327954143,0.6792463343052683,0.45236463625623985,28.77378825929542,0.6629722605353169,0.4175931240374161,0.45356267409078366,0.5006767740226874,0.32123894933728026,0.45311392609869505,0.4909556535216847,0.3725485204091247
SCCD_k5_nc10_rf1_ra2,5,SCCD,10,1,2,2.23606797749979,62,46.66581322476473,0.5722343761504969,0.30192793797008655,47.43716292925313,0.556776676271518,0.32256638203080795,0.40161337374581135,0.48805643407464283,0.3605551471029285,0.4004381383934489,0.4673314853199531,0.33348268374197104
SCCD_k6_nc10_rf1_ra2,6,SCCD,10,1,2,2.449489742783178,98,79.9309632913616,0.45565625437912544,0.20146517189649277,81.21998862680542,0.4387941072028361,0.21694726520217508,0.358401492662598,0.4496913415778153,0.36413600043576383,0.357033143786749,0.4230775723822248,0.3495905809118611
SCCD_k7_nc10_rf1_ra2,7,SCCD,10,1,2,2.6457513110645907,70,27.51238919993966,300.77926461470423,430.51988586175685,40.138262308264345,4.673096193507907,6.484062197216643,0.35993176452436154,0.9983585919326596,0.8024607789713916,0.3238217340644945,0.3051058229573541,0.2602174016272679
SCCD_k8_nc10_rf1_ra2,8,SCCD,10,1,2,2.8284271247461903,74,13.878962475471555,800.7769233550918,645.7920790672355,30.953768181181925,10.26273765089672,8.311345500975698,0.36173580201182615,0.9993511766852523,0.8174441645081055,0.2736926682617545,0.2250908961808233,0.20686927216964834
SCCD_k9_nc10_rf1_ra2,9,SCCD,10,1,2,3,78,6.915230489948563,1500.7148499624755,825.6829462550061,23.993882370986714,17.042870765525258,10.708566790016507,0.3660724586660075,0.9996688211311041,0.9971466644825685,0.21454972983477796,0.1535533223610838,0.143478136942402
SCCD_k10_nc10_rf1_ra2,10,SCCD,10,1,2,3.1622776601683795,82,3.533247182217992,2400.5913375535056,1365.6008499906468,18.9804662593053,24.712873333336603,13.877643118671797,0.3712459707736289,0.9998216566311651,0.8032730086362084,0.15458026958879809,0.0980564054725889,0.0924361305163698
FCCD_k3_nc1_rf2_ra2,3,FCCD,1,2,2,1,29,13.221768544576618,1.0984229255691362,0.355478726632583,13.491435685323037,1.0615065508360755,0.3472799786280396,0.36607738035854887,0.3409215780923864,0.5386030301577025,0.36707522382302993,0.34175629944429775,0.5344521826065924
FCCD_k4_nc1_rf2_ra2,4,FCCD,1,2,2,1,49,22.134400581154733,1.1874341977329939,0.3621376739879781,22.724963363448563,1.1195225039976913,0.3243807071324201,0.35489812100428825,0.28640143940268137,0.4012759536118287,0.3578603302863579,0.2907400059182163,0.47960219912109153
FCCD_k5_nc1_rf2_ra2,5,FCCD,1,2,2,1,85,38.45388041772572,1.3197033335018167,0.3800843719710822,39.982348128306974,1.1715681873731985,0.3231457908881802,0.3309401804228105,0.21162534183941642,0.2864144914055317,0.33750873923416813,0.22209485876948767,0.33288474056527273
FCCD_k6_nc1_rf2_ra2,6,FCCD,1,2,2,1,153,68.96134958942893,1.4776223183798067,0.3929540333651039,73.264236349707,1.1660833627114464,0.28445821906423696,0.30921497266065967,0.13867188508275,0.18669033956277312,0.3220606290806391,0.1592029794673781,0.26662165262358273
FCCD_k7_nc1_rf2_ra2,7,FCCD,1,2,2,1,93,21.33577900652331,301.9133012877485,438.74275423692427,31.27025964183038,6.218977989507145,7.165822274625472,0.2791260522490939,0.9946085906863701,0.787421147437892,0.2522777300147242,0.2292641752848691,0.23546018199809385
FCCD_k8_nc1_rf2_ra2,8,FCCD,1,2,2,1,97,10.210308436413548,802.1653550595264,708.9626148577335,22.155966148721465,14.00936062083719,11.393001388489846,0.2661174506063848,0.9976214449674435,0.7446076216938484,0.19590265901284346,0.1648932365744878,0.15091387562493985
FCCD_k9_nc1_rf2_ra2,9,FCCD,1,2,2,1,101,4.845409924223315,1502.390104097367,1076.687811881654,15.597014746417226,24.841494249831694,15.765194995026722,0.2565020973318701,0.9985541310638875,0.7646849780341125,0.1394661876028548,0.10534750455418847,0.09745805318865593
FCCD_k10_nc1_rf2_ra2,10,FCCD,1,2,2,1,105,2.370069255942302,2402.585810329953,1222.0166277236692,11.126019397509284,38.726237983259665,19.273803090515216,0.24902833465806073,0.9989916687627278,0.8976557916495064,0.09061226707610555,0.06257399773801663,0.06655643541405801
RCCD_k3_nc1_rf2_ra2,3,RCCD,1,2,2,1.681792830507429,29,19.285489839692232,1.6735623490111635,0.9628026718514087,20.134826890469053,1.3076848264489858,0.6969600641504312,0.5339665095212885,0.22375986016842916,0.19885894058929193,0.547828730747859,0.2774189493616257,0.2663058503639971
RCCD_k4_nc1_rf2_ra2,4,RCCD,1,2,2,2,49,36.669096686464094,1.5573754812328722,0.9703515785675978,38.36473332557419,1.0614420965704539,0.5880864043682805,0.5879442483764682,0.21836921636744674,0.14975720520062222,0.6041468987061365,0.30664883227218087,0.2645422498081382
RCCD_k5_nc1_rf2_ra2,5,RCCD,1,2,2,2.378414230005442,85,71.42686594739907,1.1906192422828188,0.7673968313285955,74.58626167385765,0.7295621672179635,0.3932847934747206,0.6147109120558858,0.2345692553594718,0.14185838101626772,0.6296157259435929,0.3566512667531706,0.27351757441261476
RCCD_k6_nc1_rf2_ra2,6,RCCD,1,2,2,2.8284271247461903,153,143.17060230838618,0.5558886383209778,0.32875623388091324,147.70620637796364,0.39390906520388247,0.18591114485264135,0.6419609555521811,0.36860741199707053,0.22314625354926743,0.6492984314766821,0.47128629942779965,0.40795144653314447
RCCD_k7_nc1_rf2_ra2,7,RCCD,1,2,2,3.363585661014858,93,51.74398492204056,300.5171956594295,471.9877053306523,81.38894854607707,2.198498506095046,2.394140225456787,0.6769424371385697,0.9992292202925551,0.7319583096540115,0.6566181228640304,0.6485284642797337,0.7047481175115332
RCCD_k8_nc1_rf2_ra2,8,RCCD,1,2,2,4,97,27.250460614305208,800.4155490353597,760.6366555478346,74.83639331776426,3.4873099865744295,2.5839524274057357,0.7102452537737304,0.9998023671351172,0.6940225174118899,0.6617020599991762,0.6624156797079492,0.6654000190953776
RCCD_k9_nc1_rf2_ra2,9,RCCD,1,2,2,4.756828460010884,101,14.000158433693725,1500.3390722854465,903.3736751596724,74.25685321390615,3.9349823011042826,2.3753633483971948,0.7411282135838143,0.999919200018345,0.9113913969574055,0.663993744284125,0.6650574839644335,0.6468253429066259
RCCD_k10_nc1_rf2_ra2,10,RCCD,1,2,2,5.656854249492381,105,7.33184303794874,2400.251258726626,1384.1360637780188,81.66492255401408,3.639495942157199,2.244825582995599,0.7703727041464651,0.9999633160407122,0.7925162359934537,0.6650935531238027,0.6658217419333277,0.57144556810749
SCCD_k3_nc1_rf2_ra2,3,SCCD,1,2,2,1.7320508075688772,29,19.943632867287093,1.6776426458191531,0.9859142993740124,20.86017563644681,1.292441336545216,0.7004692618467215,0.5521888278617496,0.22321564019078569,0.19419732469898845,0.5675640324229204,0.2806909222041319,0.2649717163376985
SCCD_k4_nc1_rf2_ra2,4,SCCD,1,2,2,2,49,36.669096686464094,1.5573754812328722,0.9748022367555147,38.36473332557419,1.0614420965704539,0.5815608378853266,0.5879442483764682,0.21836921636744674,0.14907345817338508,0.6041468987061365,0.30664883227218087,0.26751062031422373
SCCD_k5_nc1_rf2_ra2,5,SCCD,1,2,2,2.23606797749979,85,66.74466000324959,1.4438806062832237,0.9795268753238539,69.92681584612752,0.8198395857182397,0.46186513341358343,0.5744151067145006,0.19342504349986178,0.11113699361571502,0.5902832764886367,0.3173782720988296,0.23290414231863318
SCCD_k6_nc1_rf2_ra2,6,SCCD,1,2,2,2.449489742783178,153,122.39005564667755,1.3456746518625189,0.9554806072409553,128.54868181565945,0.5890637766980131,0.33344628863615083,0.5487833103040843,0.15226910311973785,0.07677887061813725,0.5650842948177915,0.31515084273493366,0.22745108598892183
SCCD_k7_nc1_rf2_ra2,7,SCCD,1,2,2,2.6457513110645907,93,40.14258352022057,301.49595533597187,485.24400940391456,61.30099019929539,3.639840676333628,4.411859804242316,0.5251667099501208,0.9959853782073258,0.7119620567715822,0.49455536449865795,0.3917173817935598,0.3824386748026043
SCCD_k8_nc1_rf2_ra2,8,SCCD,1,2,2,2.8284271247461903,97,19.46312392433391,801.4796234162633,651.8048877839614,46.57726739984087,7.750630514566318,5.336842461296255,0.5072791827823772,0.9984749920481492,0.8099033566836938,0.4118353707499053,0.2980465667622239,0.3221683995745513
SCCD_k9_nc1_rf2_ra2,9,SCCD,1,2,2,3,101,9.26987787321125,1501.4373206107082,934.6577608465714,35.28558733608145,12.939802766204282,7.699921986373635,0.4907207344010459,0.99918779446998,0.8808860636139011,0.3155184772920269,0.2022433785043425,0.1995403609379233
SCCD_k10_nc1_rf2_ra2,10,SCCD,1,2,2,3.1622776601683795,105,4.523483511862624,2401.366998023162,1538.4767314132419,27.159654835918698,19.006534793226002,10.274785973219085,0.47529225696169647,0.9994987063547627,0.7130106559105992,0.22119302598358187,0.127495914133177,0.12484889066504305
FCCD_k3_nc3_rf2_ra2,3,FCCD,3,2,2,1,31,13.611235124060862,1.0371607179517968,0.3958367344359189,13.876355456562706,1.004624769132023,0.3565188511840719,0.376860726374183,0.3610588703527142,0.4836891138811326,0.37754812785469066,0.3611065163792942,0.5206023242162259
FCCD_k4_nc3_rf2_ra2,4,FCCD,3,2,2,1,51,22.411705962384328,1.1647417194323224,0.35719162886486294,23.000472559098473,1.0983978944636994,0.34064214090686706,0.35934437462574625,0.29198135325009983,0.4068324359395152,0.3621988988541201,0.29633157626980694,0.456707147503802
FCCD_k5_nc3_rf2_ra2,5,FCCD,3,2,2,1,87,38.7049991563329,1.308285731550573,0.358579466595349,40.23190747489272,1.161136299286765,0.3147120388522145,0.33310134802824937,0.21347222731530907,0.3035914831457347,0.33961538039891315,0.22409020480481417,0.34180549036792846
FCCD_k6_nc3_rf2_ra2,6,FCCD,3,2,2,1,155,69.2270576580713,1.4708017246623581,0.35683516536251175,73.52725114235004,1.160131951747088,0.276904605097609,0.310406377899538,0.13931495244684308,0.20558714230691016,0.3232168099650177,0.16001968170209702,0.27389476040867355
FCCD_k7_nc3_rf2_ra2,7,FCCD,3,2,2,1,95,21.388793793453218,301.9086750253426,523.1824843613309,31.34841864453604,6.210712598247358,6.4043118792086595,0.2798196199965874,0.994623831455226,0.6603342682487451,0.2529082900423238,0.2295692865069077,0.2634577841886416
FCCD_k8_nc3_rf2_ra2,8,FCCD,3,2,2,1,99,10.227571673038616,802.1620625001749,699.7227184707517,22.19546714623579,13.997982477500328,10.648649902379978,0.2665673927945653,0.9976255398105823,0.7544402269413163,0.19625192613099898,0.16502726866690107,0.1614629094109898
FCCD_k9_nc3_rf2_ra2,9,FCCD,3,2,2,1,103,4.8512384020355865,1502.3876469384647,912.6448269067445,15.617897592091268,24.826494213293696,15.717180805243162,0.256810640222251,0.9985557642017646,0.9021329782461454,0.1396529189049539,0.10541115495943391,0.09775577639485429
FCCD_k10_nc3_rf2_ra2,10,FCCD,3,2,2,1,107,2.3721701869930056,2402.583909236098,1285.3444408877963,11.137657978531317,38.70751515846606,18.575591821896666,0.24924908405577406,0.9989924592353999,0.8534290642051396,0.09070705373558158,0.06260426478025605,0.06905812976924938
RCCD_k3_nc3_rf2_ra2,3,RCCD,3,2,2,1.681792830507429,31,21.473161847767532,0.816541670868059,0.3280961427029422,21.977269058629354,0.759165147434164,0.30583164615767594,0.5945376226140549,0.4586123287495949,0.5835543135118787,0.5979579302662005,0.4778624939194513,0.6068846860198224
RCCD_k4_nc3_rf2_ra2,4,RCCD,3,2,2,2,51,39.4338350662302,0.737762272806945,0.3298854825548801,40.42555045344514,0.6575170542594445,0.26838580184187233,0.6322734567708814,0.46096537592359277,0.44050783727386467,0.6365995229962099,0.49502895374244177,0.5796644212379924
RCCD_k5_nc3_rf2_ra2,5,RCCD,3,2,2,2.378414230005442,87,74.73721944441496,0.6116863855704904,0.2995738904422108,76.74266063847647,0.5109837002593732,0.2171971241737394,0.6432003381336953,0.4565782003116938,0.36338838451039296,0.6478188463180835,0.5092124679934,0.4952657783743239
RCCD_k6_nc3_rf2_ra2,6,RCCD,3,2,2,2.8284271247461903,155,145.79861009192285,0.4039547789063848,0.1919805339886758,149.43851846029042,0.33236512854402156,0.13251219577394716,0.6537446482985723,0.5072465608274366,0.3821258353506809,0.6569134636778658,0.5585542215702487,0.5723452096337476
RCCD_k7_nc3_rf2_ra2,7,RCCD,3,2,2,3.363585661014858,95,52.16076909282595,300.47139220000383,504.2292890161329,81.90639170998021,2.1697343767462094,2.7038062665620424,0.6823950301840671,0.9993815414660069,0.6851552071586354,0.6607926768426772,0.6571259943888889,0.6240335477492288
RCCD_k8_nc3_rf2_ra2,8,RCCD,3,2,2,4,99,27.346363909662006,800.4023308040994,628.8436244488227,75.05568828987964,3.4778252590085823,2.5211046237524837,0.7127448394252356,0.9998188783550309,0.8394757392694706,0.6636410622461186,0.6642222202295298,0.6819875614595385
RCCD_k9_nc3_rf2_ra2,9,RCCD,3,2,2,4.756828460010884,103,14.02549510852557,1500.3339690429987,1007.8615532727857,74.36962871272647,3.931191775872893,2.441644059527523,0.742469464445025,0.9999226011478344,0.8169048547439524,0.6650021660322094,0.6656987442531742,0.6292666641394735
RCCD_k10_nc3_rf2_ra2,10,RCCD,3,2,2,5.656854249492381,107,7.33973695742408,2400.2486941726856,1203.1087466413217,81.73639355262743,3.6377184057009457,2.042072376218196,0.7712021354451244,0.9999643844549431,0.9117632187700985,0.6656756255598798,0.6661470893867748,0.6281832345985765
SCCD_k3_nc3_rf2_ra2,3,SCCD,3,2,2,1.7320508075688772,31,22.239947966863646,0.8043825648759579,0.3316570579339178,22.778018492353315,0.745265276732308,0.29093686123645823,0.6157679937877466,0.46554474642999366,0.5772888432214801,0.619744735204251,0.4867750611436621,0.6379547155507288
SCCD_k4_nc3_rf2_ra2,4,SCCD,3,2,2,2,51,39.4338350662302,0.737762272806945,0.329160926504003,40.42555045344514,0.6575170542594445,0.2692250517640741,0.6322734567708814,0.46096537592359277,0.44147749251923496,0.6365995229962099,0.49502895374244177,0.5778574448171896
SCCD_k5_nc3_rf2_ra2,5,SCCD,3,2,2,2.23606797749979,87,70.30277245860688,0.6565224290020986,0.32425605978805183,72.17453060356634,0.545661493255971,0.2376693459012919,0.605036785597077,0.4253969959616515,0.33572748697571064,0.6092572339837472,0.4768510776907894,0.45260486730689914
SCCD_k6_nc3_rf2_ra2,6,SCCD,3,2,2,2.449489742783178,155,127.25254310384231,0.5798469137371717,0.31794691290013577,130.96569786599997,0.426978212827274,0.20190357578310783,0.5705861597999486,0.3533771888332387,0.23073261272561707,0.5757092019819783,0.4347855231810162,0.3756383222788535
SCCD_k7_nc3_rf2_ra2,7,SCCD,3,2,2,2.6457513110645907,95,41.37780688627089,300.74552136564586,453.2098304409811,62.40116224822783,3.397514174091455,4.438293206831741,0.5413265615171082,0.9984706064440119,0.762285589955422,0.503431175262923,0.4196564861308888,0.380160962406032
SCCD_k8_nc3_rf2_ra2,8,SCCD,3,2,2,2.8284271247461903,99,19.94083769297582,800.7407399932249,660.2002383555186,47.232082545371206,7.521138021737432,6.48672634642358,0.5197301259661472,0.9993963347288638,0.7996043258542335,0.41762523463172374,0.30714086198558865,0.2650585060498636
SCCD_k9_nc3_rf2_ra2,9,SCCD,3,2,2,3,103,9.455639005243025,1500.7074248119068,1181.4465778180625,35.68296329368747,12.722112156822677,8.242040895702054,0.5005543956833842,0.9996737672594387,0.6968804271276224,0.3190717540410328,0.2057040054637106,0.18641562591081667
SCCD_k10_nc3_rf2_ra2,10,SCCD,3,2,2,3.1622776601683795,107,4.5989026633860846,2400.6442947594446,1109.6053492999274,27.409188217157492,18.799786637250676,10.504046974550555,0.48321671134551747,0.9997996009849004,0.9885950027730478,0.22322526991354258,0.12889803351091467,0.12212394267515503
FCCD_k3_nc5_rf2_ra2,3,FCCD,5,2,2,1,33,13.920564955890976,1.0005574775528274,0.359764199705316,14.184952342398851,0.9699495830747955,0.34934183768103794,0.3854252882269593,0.3742674315060668,0.532187247863289,0.3859444374529809,0.3740158838973827,0.5312977792336182
FCCD_k4_nc5_rf2_ra2,4,FCCD,5,2,2,1,53,22.647976345754447,1.1486553748148514,0.3456324429761746,23.23691086123743,1.083171297148215,0.32884658389870225,0.36313268209761923,0.29607040621867514,0.42043836862360906,0.36592220029767203,0.3004972346431434,0.4730889968468892
FCCD_k5_nc5_rf2_ra2,5,FCCD,5,2,2,1,89,38.92723862165772,1.2994550758005863,0.36233583118683643,40.454324660265435,1.1529275841615152,0.30736939653281237,0.33501397603750904,0.21492291213443834,0.30044412591686115,0.34149290253889,0.2256857019365264,0.3499707647475189
FCCD_k6_nc5_rf2_ra2,6,FCCD,5,2,2,1,157,69.46779514648291,1.465244668029985,0.35242020382056877,73.76744493503274,1.1551886976151675,0.28120742694423867,0.3114858178516384,0.13984331545499812,0.20816264540509546,0.3242726725226156,0.16070443385938138,0.2697038314151889
FCCD_k7_nc5_rf2_ra2,7,FCCD,5,2,2,1,97,21.43757413870526,301.90477728052525,447.88229054850024,31.420764277930136,6.203115535926343,7.43620443031342,0.28045779051726005,0.9946366725567123,0.7713529430873739,0.2534919498001316,0.22985044396181611,0.22689879396957272
FCCD_k8_nc5_rf2_ra2,8,FCCD,5,2,2,1,101,10.243640930224513,802.1592191078955,732.8625864940557,22.232519720532203,13.987029675274286,11.244473909318575,0.26698621557372826,0.9976290760670886,0.7203246232618952,0.19657954433456615,0.1651564963212048,0.15290728658389663
FCCD_k9_nc5_rf2_ra2,9,FCCD,5,2,2,1,105,4.856711663011984,1502.3854852930788,986.6632496959038,15.637693093093924,24.81178370641412,14.489251010187429,0.25710037895264654,0.9985572009325381,0.8344559261045489,0.13982992733261876,0.10547365153519658,0.106040347515173
FCCD_k10_nc5_rf2_ra2,10,FCCD,5,2,2,1,109,2.3741567261775205,2402.5822125066993,1645.2899129015505,11.14878349547871,38.68900008768294,20.922964912749674,0.24945781405115813,0.998993164734619,0.6667215879501893,0.0907976619106152,0.06263422477899223,0.0613104135062359
RCCD_k3_nc5_rf2_ra2,3,RCCD,5,2,2,1.681792830507429,33,22.587514783004792,0.6400949693073437,0.2852923425746109,23.012069644779032,0.6146782488820735,0.28681566726062924,0.6253912411712975,0.5850320579821334,0.6711078103010734,0.6261128031524362,0.5901893410241957,0.6471213526305305
RCCD_k4_nc5_rf2_ra2,4,RCCD,5,2,2,2,53,40.795366408667604,0.5722045095406669,0.24380110180072148,41.61381827974171,0.5380862104536817,0.22904229728506606,0.6541039514954995,0.5943379644101314,0.5960479234711376,0.6553117167184274,0.6049030306192603,0.6792356797728779
RCCD_k5_nc5_rf2_ra2,5,RCCD,5,2,2,2.378414230005442,89,76.46003246258208,0.47313921958519395,0.18675379444233958,78.11410499022453,0.4281253296174802,0.18257824541737674,0.6580271396131158,0.5902758797374468,0.5829154498004032,0.6593958165501196,0.6077642529255558,0.5891737129944716
RCCD_k6_nc5_rf2_ra2,6,RCCD,5,2,2,2.8284271247461903,157,147.55777594825426,0.338698304666163,0.13769723324111424,150.75599506894457,0.29762963708704987,0.10825466600032652,0.6616325510935381,0.6049769647711549,0.5327683076466359,0.6627049298354719,0.6237414642840323,0.7005953948353527
RCCD_k7_nc5_rf2_ra2,7,RCCD,5,2,2,3.363585661014858,97,52.486073013737936,300.44395961258994,473.75455611840806,82.33074482643822,2.150493182868674,2.37751149156762,0.6866508297589292,0.9994727918327357,0.7292284971396739,0.6642162122456737,0.6630055241454716,0.709677249903345
RCCD_k8_nc5_rf2_ra2,8,RCCD,5,2,2,4,101,27.429426467659898,800.3924851680796,739.1205786415791,75.25052796711424,3.470287552305281,2.3680424468770607,0.7149097491645352,0.9998311771371216,0.7142257728627823,0.6653638312102544,0.6656649572380465,0.7260689084373436
RCCD_k9_nc5_rf2_ra2,9,RCCD,5,2,2,4.756828460010884,105,14.048578309062211,1500.3297484083512,971.4050954181546,74.47414584965775,3.9279084128334816,2.467629242157829,0.7436914228434633,0.9999254140681139,0.8475629782690267,0.6659367427357622,0.6662552059683003,0.6226402192459413
RCCD_k10_nc5_rf2_ra2,10,RCCD,5,2,2,5.656854249492381,109,7.347114896024001,2400.2464586995966,1243.3517519123275,81.80416261226583,3.636111101331839,2.202914511002825,0.7719773515102841,0.9999653157732513,0.882252589969809,0.6662275487510999,0.6664415526463949,0.582317481758829
SCCD_k3_nc5_rf2_ra2,3,SCCD,5,2,2,1.7320508075688772,33,23.401392974693117,0.6278726036590947,0.31312677105274217,23.852970088752205,0.6018563555143918,0.2961893758079371,0.6479254729073709,0.5964204760894595,0.6114517729583125,0.6489920374966458,0.6027626813703103,0.6266414588539501
SCCD_k4_nc5_rf2_ra2,4,SCCD,5,2,2,2,53,40.795366408667604,0.5722045095406669,0.24641503942618032,41.61381827974171,0.5380862104536817,0.22612910760741736,0.6541039514954995,0.5943379644101314,0.5897251271947173,0.6553117167184274,0.6049030306192603,0.6879861780698081
SCCD_k5_nc5_rf2_ra2,5,SCCD,5,2,2,2.23606797749979,89,72.02838793004723,0.4975426912753545,0.19516060980158584,73.54793854328402,0.45064660758067365,0.1607440685103456,0.6198877054328712,0.5613240310355122,0.5578055541021569,0.6208507797330057,0.5773909461126808,0.6692023149684583
SCCD_k6_nc5_rf2_ra2,6,SCCD,5,2,2,2.449489742783178,157,129.58823875210206,0.4252551510700563,0.1912202866153407,132.57100927022066,0.3585555825029911,0.13644654717067048,0.5810591576504862,0.48183936588299037,0.38364507877276205,0.5827659547234637,0.5177550000897084,0.5558419911821013
SCCD_k7_nc5_rf2_ra2,7,SCCD,5,2,2,2.6457513110645907,97,41.96735578449474,300.59406548146967,473.5068809498241,63.07795469001297,3.3096788728584547,4.6637532158066515,0.5490393549669613,0.9989736910550826,0.7296099314930733,0.5088913045634256,0.4307937158409887,0.36178282573587583
SCCD_k8_nc5_rf2_ra2,8,SCCD,5,2,2,2.8284271247461903,101,20.167819121762072,800.5916363061312,641.7089343775397,47.637812961466594,7.435597893473526,6.7836250884507505,0.5256460803704404,0.9995824641756608,0.8226454989770914,0.42121269576169396,0.31067425218577616,0.2534576973401095
SCCD_k9_nc5_rf2_ra2,9,SCCD,5,2,2,3,105,9.543613295084901,1500.5601509381959,886.6699903196615,35.93113296566245,12.63882621260526,6.869906641066881,0.5052115021426153,0.9997718811724726,0.9285608002606405,0.3212908503611765,0.2070595310509889,0.22364863056075535
SCCD_k10_nc5_rf2_ra2,10,SCCD,5,2,2,3.1622776601683795,109,4.634532581722503,2400.4984849422285,1225.7627647669703,27.56630284259719,18.718764736650286,9.576901501609854,0.486960424405832,0.9998603302867461,0.894912404666405,0.22450483917306507,0.12945595300002816,0.13394683346816427
FCCD_k3_nc7_rf2_ra2,3,FCCD,7,2,2,1,35,14.178179659692868,0.976219182965553,0.35266943642710047,14.443653421463074,0.9465582545754644,0.343039624752337,0.3925579887875302,0.38359835960230215,0.5428934280798883,0.3929831810467458,0.38325855687807026,0.5410586100288757
FCCD_k4_nc7_rf2_ra2,4,FCCD,7,2,2,1,55,22.85408664012886,1.1366569822843802,0.3365848427819561,23.444333495338938,1.0716550423405675,0.3377312068597037,0.36643740932187474,0.2991956841220655,0.43174000132392687,0.36918857882428485,0.3037264479500538,0.4606435453203175
FCCD_k5_nc7_rf2_ra2,5,FCCD,7,2,2,1,91,39.12667983050694,1.2924216269157793,0.3426554766939557,40.65508014488053,1.1462897770202753,0.31706895603679097,0.3367303986435844,0.2160925376538432,0.3177000792154819,0.3431875686522795,0.22699257755735253,0.33926469531785336
FCCD_k6_nc7_rf2_ra2,6,FCCD,7,2,2,1,159,69.68792076941244,1.4606298021948267,0.3762712717403889,73.98854999699574,1.1510126827727913,0.2940586346604139,0.3124728365060196,0.14028515098224725,0.19496764018728566,0.32524462335287907,0.16128748920801209,0.25791699861781997
FCCD_k7_nc7_rf2_ra2,7,FCCD,7,2,2,1,99,21.482754364915984,301.90144852951454,450.1258733154679,31.488143493551902,6.196045695772767,7.208258697955602,0.2810488623585115,0.9946476393733513,0.7675082536950187,0.254035542202687,0.23011270895756125,0.2340739820322832
FCCD_k8_nc7_rf2_ra2,8,FCCD,7,2,2,1,103,10.258672266701286,802.1567388393861,736.4283343557946,22.267436418811887,13.976424626264393,9.180818747651795,0.26737798639704047,0.9976321607360338,0.7168368487354019,0.19688827716034427,0.1652818139746551,0.1872776319625186
FCCD_k9_nc7_rf2_ra2,9,FCCD,7,2,2,1,107,4.861870863402762,1502.3835688746065,876.847989026954,15.65652468053175,24.797316731717828,14.696778363380316,0.25737349221684624,0.9985584746774759,0.938962061932733,0.13999831658845804,0.105535185799746,0.10454299400630399
FCCD_k10_nc7_rf2_ra2,10,FCCD,7,2,2,1,111,2.376040771307373,2402.58068886936,1138.4842015326249,11.1594483616511,38.670663848604534,18.951497276590242,0.24965577477316295,0.9989937982630971,0.96351824811573,0.090884518464376,0.06266392367747856,0.06768835263278725
RCCD_k3_nc7_rf2_ra2,3,RCCD,7,2,2,1.681792830507429,35,23.355539089576133,0.5639441538438474,0.3236645324242855,23.74686167396068,0.5479573240036304,0.3093731519663444,0.6466558946292235,0.6640304268524714,0.5915443310604299,0.646105037846084,0.6620525627780713,0.5999374586115275
RCCD_k4_nc7_rf2_ra2,4,RCCD,7,2,2,2,55,41.71882526984591,0.5010825488213831,0.23407937107654953,42.46052023327533,0.4808609915501658,0.2593004238697141,0.6689104882009015,0.6786962831306348,0.6208028490506038,0.6686451173448504,0.6768899643711448,0.5999747249596927
RCCD_k5_nc7_rf2_ra2,5,RCCD,7,2,2,2.378414230005442,91,77.64268060903264,0.4109432324347347,0.16699121872902603,79.12722941413269,0.3845258077665893,0.1601140892617196,0.6682051967223441,0.6796137447604629,0.6519005784725515,0.667948049298013,0.6766757025354682,0.6718353347951738
RCCD_k6_nc7_rf2_ra2,6,RCCD,7,2,2,2.8284271247461903,159,148.88621194130624,0.3024078089767298,0.11929382070676467,151.82134004618123,0.2753186302751752,0.11869965252545105,0.6675891093934931,0.6775773185997276,0.6149582726654386,0.6673880561553727,0.6742876261786366,0.6389464404961601
RCCD_k7_nc7_rf2_ra2,7,RCCD,7,2,2,3.363585661014858,99,52.75322186672202,300.42569179468774,471.38156394791326,82.69086727778327,2.136649052200666,2.307388906962699,0.6901458136858589,0.9995335662187422,0.732899522157541,0.6671215566717601,0.6673013794242912,0.7312446600821699
RCCD_k8_nc7_rf2_ra2,8,RCCD,7,2,2,4,103,27.502710830521554,800.3848674015516,693.73836322313,75.42592331202269,3.4641239309187766,3.0677702874529804,0.7168198038837937,0.9998406931597065,0.7609482111763773,0.6669146737334555,0.6668493567712326,0.5604598237258586
RCCD_k9_nc7_rf2_ra2,9,RCCD,7,2,2,4.756828460010884,107,14.069779212486496,1500.3261996348137,968.4948590327122,74.57156014409377,3.925028680711922,2.5536709186537694,0.7448137378340843,0.9999277792263372,0.8501098256738504,0.6668078068774521,0.6667440269869114,0.6016613969840803
RCCD_k10_nc7_rf2_ra2,10,RCCD,7,2,2,5.656854249492381,111,7.354040616453376,2400.2444927853026,1414.725010757518,81.86860394387318,3.634648697965828,1.8304834940571333,0.7727050520281109,0.9999661347923612,0.7753805828178478,0.6667523703374845,0.6667096958565998,0.7007960654886456
SCCD_k3_nc7_rf2_ra2,3,SCCD,7,2,2,1.7320508075688772,35,24.200341838402075,0.5520337286796186,0.3100950626884258,24.615750674888197,0.5357349206781418,0.28804260854415414,0.6700463492546569,0.6783572411301317,0.617429757381484,0.6697457853493175,0.6771568114141396,0.6443648857765263
SCCD_k4_nc7_rf2_ra2,4,SCCD,7,2,2,2,55,41.71882526984591,0.5010825488213831,0.24061457540952919,42.46052023327533,0.4808609915501658,0.21736801689942412,0.6689104882009015,0.6786962831306348,0.6039415535029985,0.6686451173448504,0.6768899643711448,0.715715691352823
SCCD_k5_nc7_rf2_ra2,5,SCCD,7,2,2,2.23606797749979,91,73.18937203697806,0.42925304984431123,0.15378351617882266,74.5456557126882,0.40242837174371043,0.16266867988376638,0.6298793183895338,0.6506247752467555,0.7078890819657279,0.6292729530100045,0.6465728795065798,0.6612846605839259
SCCD_k6_nc7_rf2_ra2,6,SCCD,7,2,2,2.449489742783178,159,131.15176092978513,0.3588545534535906,0.1387766684261017,133.77885015379462,0.32080829740082406,0.11143363622121841,0.5880698160889445,0.5709964395270543,0.5286243195883965,0.5880754756326338,0.5786756363693876,0.6806088631865587
SCCD_k7_nc7_rf2_ra2,7,SCCD,7,2,2,2.6457513110645907,99,42.36067344662826,300.52901474746363,411.831816638039,63.57022006962801,3.2638073119611297,4.2358438994354906,0.5541849466173814,0.9991899229949852,0.8388747760956505,0.5128627328136723,0.43684835641304837,0.3983304996612764
SCCD_k8_nc7_rf2_ra2,8,SCCD,7,2,2,2.8284271247461903,103,20.31889261408982,800.5275980139043,681.1701040139368,47.93387037611204,7.389992951715929,5.848677963332063,0.5295836002683785,0.9996624258835453,0.7749884550251311,0.42383043016154803,0.3125914774482478,0.29397446830151375
SCCD_k9_nc7_rf2_ra2,9,SCCD,7,2,2,3,107,9.602066357014817,1500.49690019385,945.362568164851,36.11287599544455,12.593627359728956,7.321323282651272,0.5083058395082813,0.9998140247554764,0.8709113556046241,0.32291596952014395,0.2078026730396535,0.20985894940544864
SCCD_k10_nc7_rf2_ra2,10,SCCD,7,2,2,3.1622776601683795,111,4.65817577489438,2400.4358642948405,1212.648051037584,27.68179698263675,18.674129662277107,9.350716601608335,0.48944466616662824,0.9998864138418669,0.9045908270165951,0.22544544384838433,0.1297653797949957,0.13718687938382232
FCCD_k3_nc10_rf2_ra2,3,FCCD,10,2,2,1,38,14.499629944215606,0.9519317939088475,0.3664727626837198,14.768439381149715,0.9228840998758969,0.3420047455457482,0.4014581353660197,0.39338540806605715,0.5224451550473066,0.4018199632563848,0.3930900431575332,0.5426958104255287
FCCD_k4_nc10_rf2_ra2,4,FCCD,10,2,2,1,58,23.12143513933445,1.1234612480520838,0.3373440118588694,23.714891980636533,1.0587980724030237,0.32678980111161354,0.3707240164822314,0.30270991902600214,0.4307684006825947,0.3734491863052239,0.30741459388865394,0.4760665723469992
FCCD_k5_nc10_rf2_ra2,5,FCCD,10,2,2,1,94,39.392249203584434,1.2841999806908868,0.3496736679116707,40.92398288422912,1.1383993070792786,0.3257659452070172,0.33901593069617086,0.2174759953887307,0.3113236199323634,0.34545749597728076,0.22856590784568598,0.33020732936407193
FCCD_k6_nc10_rf2_ra2,6,FCCD,10,2,2,1,162,69.98648042392684,1.4550090756879743,0.35478203129971414,74.29054810350249,1.1458289768316754,0.29047328659586474,0.3138115445788441,0.14082707507043266,0.20677688115359644,0.3265721701206973,0.1620171503816604,0.261100500352681
FCCD_k7_nc10_rf2_ra2,7,FCCD,10,2,2,1,102,21.54484321701881,301.8972766148496,387.25861109995054,31.58133790600479,6.186209976378247,7.617631997341374,0.2818611418712887,0.9946613843965582,0.8921049476215097,0.2547874027594257,0.2304785749794166,0.22149479228429259
FCCD_k8_nc10_rf2_ra2,8,FCCD,10,2,2,1,106,10.279545320751613,802.1535604301769,640.5374091001013,22.31635472983496,13.96104292678035,10.296760345576422,0.26792201344233835,0.9976361136989121,0.8241500949346898,0.19732081199721438,0.16546391463905885,0.16698086940286774
FCCD_k9_nc10_rf2_ra2,9,FCCD,10,2,2,1,110,4.869094500033927,1502.3810699217943,1081.10549268172,15.68318667582043,24.77599549137021,14.751862945494768,0.25775589081164707,0.9985601356079538,0.7615602745075577,0.14023672418742833,0.10562600520041752,0.10415262248786539
FCCD_k10_nc10_rf2_ra2,10,FCCD,10,2,2,1,114,2.378696420501337,2402.578674138642,1389.5534551924723,11.174678103542378,38.643444787498794,21.299260601719652,0.24993480961341108,0.9989946359894594,0.7894264875302747,0.09100855217225014,0.06270806190524479,0.060227237675733104
RCCD_k3_nc10_rf2_ra2,3,RCCD,10,2,2,1.681792830507429,38,24.199781667304833,0.5066202395603684,0.30728405508937856,24.56876890837511,0.4958282655009011,0.2957505395071358,0.6700308395316467,0.739165252305842,0.6230779506773334,0.6684675046043591,0.7316576643389407,0.6275712729472411
RCCD_k4_nc10_rf2_ra2,4,RCCD,10,2,2,2,58,42.721193930010415,0.44767448537852284,0.2362765983294852,43.40623214580897,0.43520539456916113,0.22012176076714093,0.6849822473046401,0.7596655036954961,0.6150297638264296,0.683537672811821,0.7478996894330535,0.7067620209423064
RCCD_k5_nc10_rf2_ra2,5,RCCD,10,2,2,2.378414230005442,94,78.93229538139565,0.36312117216064793,0.164729160774713,80.28263450359867,0.347703231479778,0.16283366212149708,0.6793038255422591,0.7691170069130044,0.6608524658130803,0.6777013362685279,0.7483372242647911,0.6606146503313853
RCCD_k6_nc10_rf2_ra2,6,RCCD,10,2,2,2.8284271247461903,162,150.4220988407455,0.270631975914409,0.11294912430382333,153.1164537940527,0.2536500745012935,0.10648518666003758,0.6744758543375446,0.7571340069396495,0.649502352264003,0.6730812179100318,0.7318899709215536,0.7122372871580899
RCCD_k7_nc10_rf2_ra2,7,RCCD,10,2,2,3.363585661014858,102,53.08188797202521,300.40744040984083,462.113579124028,83.14646848623167,2.121798207586747,2.4861579554549382,0.6944455991520148,0.9995942933157794,0.7475982930996643,0.6707971909637624,0.671971940960751,0.6786639655164461
RCCD_k8_nc10_rf2_ra2,8,RCCD,10,2,2,4,106,27.59868253720119,800.3762038525454,675.8594285373326,75.66019231219012,3.45668389610923,2.362685913200323,0.7193211725810257,0.999851515781371,0.7810780529636556,0.6689860760703709,0.6682846579373838,0.7277150064387529
RCCD_k9_nc10_rf2_ra2,9,RCCD,10,2,2,4.756828460010884,110,14.098660221253228,1500.3218227125533,848.980516476317,74.70634626632742,3.9213023475918236,2.408190164094021,0.74634261556323,0.9999306963379125,0.96978314554912,0.6680130443485534,0.6673776201481005,0.6380082583440285
RCCD_k10_nc10_rf2_ra2,10,RCCD,10,2,2,5.656854249492381,114,7.36369392987607,2400.2419515281517,1193.041482100677,81.95971431808098,3.6326828830252342,2.1111419087062457,0.773719346677754,0.9999671935069165,0.919456967612449,0.6674943893171538,0.6670704837159744,0.6076311712097425
SCCD_k3_nc10_rf2_ra2,3,SCCD,10,2,2,1.7320508075688772,38,25.077654839967167,0.49507883680472153,0.29875611116401446,25.468612639467544,0.484119275366687,0.29522497368928075,0.6943369306760947,0.7563968591644603,0.6408636080277531,0.6929504689604685,0.7493536595394581,0.6286884887613613
SCCD_k4_nc10_rf2_ra2,4,SCCD,10,2,2,2,58,42.721193930010415,0.44767448537852284,0.2544665193357166,43.40623214580897,0.43520539456916113,0.22828769664151874,0.6849822473046401,0.7596655036954961,0.5710658551374264,0.683537672811821,0.7478996894330535,0.6814808804061901
SCCD_k5_nc10_rf2_ra2,5,SCCD,10,2,2,2.23606797749979,94,74.44125469483407,0.3779744320014577,0.17253563194449995,75.67132622906291,0.36261648979019273,0.17180507857153893,0.6406532186606774,0.7388930187686935,0.6309518263700237,0.6387752372569301,0.7175605038370555,0.6261182944005925
SCCD_k6_nc10_rf2_ra2,6,SCCD,10,2,2,2.449489742783178,162,132.83074078403592,0.3089960725140775,0.10449484462741135,135.17194517978342,0.28793307902159204,0.10424922238830046,0.5955981738258636,0.663130345518343,0.7020511125029067,0.5941993511112166,0.6447468497951923,0.7275135366168406
SCCD_k7_nc10_rf2_ra2,7,SCCD,10,2,2,2.6457513110645907,102,42.781872346020926,300.48017100294544,345.4753229713,64.12563105710773,3.22467126849052,3.931815453776792,0.5596952954995661,0.9993523436204828,1,0.5173435981710928,0.44215014219000554,0.42913148818532876
SCCD_k8_nc10_rf2_ra2,8,SCCD,10,2,2,2.8284271247461903,106,20.48036319404938,800.479515323221,743.2504455416317,48.26873080273979,7.350095644271343,6.475971023870213,0.5337921057561781,0.9997224729656896,0.7102571813924321,0.4267912601038856,0.3142882660186156,0.26549871643955986
SCCD_k9_nc10_rf2_ra2,9,SCCD,10,2,2,3,110,9.664454530728584,1500.449409485196,970.0049827018489,36.319004859640316,12.553288349832656,9.27807584833393,0.5116084903998571,0.9998456698587753,0.8487863572463583,0.3247591431858542,0.20847043067021379,0.16559955291061204
SCCD_k10_nc10_rf2_ra2,10,SCCD,10,2,2,3.1622776601683795,114,4.683384064706434,2400.388847204076,1279.7770046222952,27.813155670835975,18.63367143913174,9.64336845315191,0.4920933560374978,0.9999059988979835,0.8571417515756168,0.22651525220594837,0.1300471319289989,0.13302360443957414
FCCD_k3_nc1_rf3_ra2,3,FCCD,1,3,2,1,37,17.19185748495182,0.975899182393483,0.3018900440339058,17.634286889321235,0.9283776277718175,0.29029425921084495,0.4759991169388757,0.3837241427741015,0.6342107767535633,0.47979399359988306,0.39076399494924385,0.6393669067307296
FCCD_k4_nc1_rf3_ra2,4,FCCD,1,3,2,1,65,29.496533074384896,1.0854934128041418,0.31590570793405165,30.53958439343852,0.9919626459124462,0.28753780623355185,0.47294093760789435,0.3132979522631701,0.4600016296591633,0.4809207206653786,0.3281272543669894,0.541054766088043
FCCD_k5_nc1_rf3_ra2,5,FCCD,1,3,2,1,117,52.12367419708049,1.2422538390184774,0.33937298086134754,54.95053449016662,1.03784668234864,0.27784157086512645,0.44858458901146747,0.22481932460728363,0.32077294961134334,0.4638618411430739,0.2507107027838119,0.38716417571937045
FCCD_k6_nc1_rf3_ra2,6,FCCD,1,3,2,1,217,94.6255387446807,1.4230193259820074,0.36333628417821773,102.73379727810129,1.0083260856138023,0.24011618004299357,0.4242903242198415,0.14399289495852005,0.20190860400143476,0.45160521733003045,0.18411102152335357,0.31585843342871817
FCCD_k7_nc1_rf3_ra2,7,FCCD,1,3,2,1,125,28.483747653273998,301.7933225223984,556.8246300288473,43.63735342410073,4.545980821762714,5.370457151641344,0.3726395944243199,0.9950040000669348,0.6204382930284568,0.3520512011021472,0.31363723600713656,0.3141754545855819
FCCD_k8_nc1_rf3_ra2,8,FCCD,1,3,2,1,129,13.212288790794169,802.0417283690927,738.9062429212743,31.082031805647826,9.847436148722661,7.176413349865457,0.34435988213069973,0.997775218310132,0.7144329494795092,0.2748267729502537,0.23458378203433825,0.2395851396393657
FCCD_k9_nc1_rf3_ra2,9,FCCD,1,3,2,1,133,6.069665710212292,1502.2727555797742,1065.3346242941286,21.978654506449814,17.189799238287574,9.237346650340257,0.3213106856015583,0.9986321321103561,0.7728341659071117,0.19652986180313653,0.15224083727447257,0.16632971247195227
FCCD_k10_nc1_rf3_ra2,10,FCCD,1,3,2,1,137,2.876262456071104,2402.4849456909355,1323.550350556557,15.738978158007146,26.577374556802713,12.327673627177646,0.30221515581413366,0.9990336098929863,0.8287937840119791,0.12818101797284281,0.09117738559116367,0.10405820833454663
RCCD_k3_nc1_rf3_ra2,3,RCCD,1,3,2,1.681792830507429,37,24.15638120421258,1.575249968443545,0.9565986335696788,25.389321383017226,1.1495514573686265,0.6428386916020575,0.6688291903134204,0.23772485935542903,0.2001486439578577,0.6907931110344789,0.31558095840270506,0.28872646431839716
RCCD_k4_nc1_rf3_ra2,4,RCCD,1,3,2,2,65,47.463358223842505,1.4727867053114048,0.98370028882148,50.00840527136798,0.8993118761488021,0.5291039471994013,0.7610170688126385,0.23091114429552836,0.14772501555569567,0.7875050947844531,0.36193225962025305,0.29403239442198487
RCCD_k5_nc1_rf3_ra2,5,RCCD,1,3,2,2.378414230005442,117,94.82999920896782,1.105954729828327,0.7720657305453434,99.61175411374919,0.5938605045109103,0.34563455979131236,0.8161219805854609,0.2525263119244413,0.14100052337822935,0.8408670105103968,0.4381488062213688,0.31122554072579045
RCCD_k6_nc1_rf3_ra2,6,RCCD,1,3,2,2.8284271247461903,217,193.7950854044621,0.48585266497097807,0.30520214276793567,200.5901193293514,0.31194757649575366,0.15120064521737506,0.8689554713165988,0.4217424069132377,0.24036765029291843,0.8817696496584002,0.5951126395544498,0.5016031536124199
RCCD_k7_nc1_rf3_ra2,7,RCCD,1,3,2,3.363585661014858,125,67.31457872691998,300.39003679725204,521.9644795859224,107.11018463263412,1.8103917685715782,2.584946071383242,0.8806452585167521,0.99965220652759,0.6618751591015689,0.8641282339860114,0.787558187476777,0.6527276664021189
RCCD_k8_nc1_rf3_ra2,8,RCCD,1,3,2,4,129,34.243759321694846,800.2997569609558,667.0848034476473,95.606354592635725,3.0390402452416034,2.3582018933138515,0.8925158320750026,0.9999470244201876,0.7913521096429805,0.8453496885444071,0.7601244566359374,0.7290987253517971
RCCD_k9_nc1_rf3_ra2,9,RCCD,1,3,2,4.756828460010884,133,16.975795279000142,1500.241592314858,877.4748408872535,91.37159058948352,3.5877024300713414,2.4912254084743415,0.8986498894906119,0.9999841709501656,0.9382912847345195,0.8170311820504875,0.7294332458238328,0.6167427512293178
RCCD_k10_nc1_rf3_ra2,10,RCCD,1,3,2,5.656854249492381,137,8.589716174100428,2400.1802763774645,1418.7070598958042,96.62618961779957,3.4286236404394375,2.0552518730909677,0.9025401720470708,0.9999928887132096,0.7732042324852567,0.7869407545842063,0.7067720992718237,0.624154950238729
SCCD_k3_nc1_rf3_ra2,3,SCCD,1,3,2,1.7320508075688772,37,24.9029516265198,1.5887856263877798,0.9860659964291612,26.22236742475532,1.1400870903181082,0.6510520462741072,0.6894998398963393,0.23569956259566907,0.19416744925213067,0.7134586426619662,0.3182007354792477,0.2850840322452239
SCCD_k4_nc1_rf3_ra2,4,SCCD,1,3,2,2,65,47.463358223842505,1.4727867053114048,0.9816380079399486,50.00840527136798,0.8993118761488021,0.5232725765141575,0.7610170688126385,0.23091114429552836,0.14803536465876652,0.7875050947844531,0.36193225962025305,0.29730910327756166
SCCD_k5_nc1_rf3_ra2,5,SCCD,1,3,2,2.23606797749979,117,88.77818517155403,1.3747396352818564,0.9594045828398582,93.73463911787464,0.665134165015924,0.3966430526275945,0.7640391112450806,0.2031531367186335,0.11346795088997338,0.7912556753725415,0.39119817444236343,0.27120178218668756
SCCD_k6_nc1_rf3_ra2,6,SCCD,1,3,2,2.449489742783178,217,166.04482829078609,1.2945988260654693,0.9217070364632539,175.8643032854083,0.4573952850813013,0.26483434345209916,0.7445264245270773,0.15827657819898946,0.07959223377852256,0.7730779841691943,0.4058720142207056,0.2863779654883987
SCCD_k7_nc1_rf3_ra2,7,SCCD,1,3,2,2.6457513110645907,125,52.53463150615465,301.390007982982,483.52560828621654,82.24998854925379,2.832960093528976,3.1605439659511645,0.6872860978823618,0.99633549603354,0.7144922979276839,0.6635646982983678,0.5032858963089116,0.5338529807293874
SCCD_k8_nc1_rf3_ra2,8,SCCD,1,3,2,2.8284271247461903,129,24.68611944903166,801.3734195367397,699.0791016231057,61.839837314757894,6.087780910675218,4.678235877876318,0.6434092774036271,0.9986073172727918,0.7551348127749852,0.546786742747475,0.37945662779326333,0.3675235792766026
SCCD_k9_nc1_rf3_ra2,9,SCCD,1,3,2,3,133,11.382136406834848,1501.34103374932,1005.3080744543023,46.2176680769376,10.287750136926908,8.17419514187849,0.6025376399786354,0.999251876283841,0.8189797900760268,0.4132715183888193,0.25437917851674435,0.18796287410405033
SCCD_k10_nc1_rf3_ra2,10,SCCD,1,3,2,3.1622776601683795,137,5.381640022397784,2401.2910334680832,1310.4149364538732,35.03295981180919,15.292469944779834,8.592877054313766,0.5654606291131582,0.999530325376977,0.8371014957572281,0.28531461230822275,0.15846070234021123,0.14928592862074794
FCCD_k3_nc3_rf3_ra2,3,FCCD,3,3,2,1,39,17.688749656145387,0.9183943118691161,0.29445984729560426,18.120762864933187,0.8764408137199229,0.2854237763651748,0.48975680629321133,0.4077508673107437,0.6502140141664366,0.4930300406594669,0.41392019286489673,0.650277089445631
FCCD_k4_nc3_rf3_ra2,4,FCCD,3,3,2,1,67,29.86300332015006,1.0634495981024932,0.3107399707624262,30.90015530267793,0.9721477846951063,0.2732701415322539,0.47881684109799244,0.31979217824098616,0.4676486906777645,0.4865987947114565,0.33481532804186576,0.5693036920200855
FCCD_k5_nc3_rf3_ra2,5,FCCD,3,3,2,1,119,52.4628467644888,1.2309806000774939,0.3146802973391855,55.283808009504334,1.0280489934713164,0.2806639504442898,0.451503561802594,0.2268782051166019,0.34594371814753094,0.466675150780888,0.25310006893240056,0.3832708211877172
FCCD_k6_nc3_rf3_ra2,6,FCCD,3,3,2,1,219,94.9895676784142,1.4162367135599767,0.3641961537578942,103.08857733640359,1.0028395061525028,0.24094543796371878,0.4259225892126564,0.14468250283881207,0.20143189642321252,0.4531647871072504,0.18511830109609836,0.31477134869301104
FCCD_k7_nc3_rf3_ra2,7,FCCD,3,3,2,1,127,28.55433319012571,301.78874194613786,394.6642419362173,43.74339682476088,4.539969831195322,5.2775530861989,0.3735630321034071,0.9950191023257946,0.8753651490603832,0.3529067228889186,0.3140524965787526,0.3197060814720375
FCCD_k8_nc3_rf3_ra2,8,FCCD,3,3,2,1,131,13.234574292910581,802.0384650437708,635.4153722062257,31.135380021075832,9.840614565704003,7.071870457960567,0.3449407226651103,0.9977792780470117,0.8307935086401054,0.27529847692316034,0.23474639715692977,0.2431269074791798
FCCD_k9_nc3_rf3_ra2,9,FCCD,3,3,2,1,135,6.076951147137905,1502.2703182236496,926.7914575030292,22.00662285336371,17.181730211018145,9.817701603231455,0.3216963557266093,0.9986337523394945,0.8883627369597633,0.19677995060417014,0.1523123338846743,0.15649744455964437
FCCD_k10_nc3_rf3_ra2,10,FCCD,3,3,2,1,139,2.878807127308171,2402.483058617716,1257.659422738433,15.754401736516055,26.567893830604593,12.347656298388765,0.30248252995893143,0.999034394601775,0.8722157076354153,0.12830663032036682,0.09120992214952851,0.10388980706764071
RCCD_k3_nc3_rf3_ra2,3,RCCD,3,3,2,1.681792830507429,39,26.89048023525811,0.7245856737090456,0.32835457770011206,27.59454761526233,0.657366111619404,0.2814951067534043,0.7445294877094556,0.516814078424983,0.5830950208215887,0.7507929458676542,0.5518637852443095,0.659352642729666
RCCD_k4_nc3_rf3_ra2,4,RCCD,3,3,2,2,67,51.04195102565017,0.6531692637655249,0.3306554671889629,52.48557863535694,0.5569092567154919,0.252953147208299,0.8183954403906031,0.5206657482106825,0.4394820436622318,0.826514270026491,0.5844578367354165,0.6150297089012037
RCCD_k5_nc3_rf3_ra2,5,RCCD,3,3,2,2.378414230005442,119,99.16596883516793,0.541613834735073,0.300264586180842,102.16534109741809,0.42202225978234087,0.20015014161168757,0.8534380213806841,0.5156490679665683,0.3625524857058025,0.8624229711712639,0.6165534283610388,0.5374480472428018
RCCD_k6_nc3_rf3_ra2,6,RCCD,3,3,2,2.8284271247461903,219,197.19035979291243,0.3469413937980162,0.18496346233281555,202.62928310841193,0.26551514160489187,0.11921787184577617,0.8841795016386655,0.5906031277702293,0.3966227761756011,0.8907335644168636,0.69918402592367,0.6361690516282694
RCCD_k7_nc3_rf3_ra2,7,RCCD,3,3,2,3.363585661014858,127,67.78340632073062,300.3555325738125,463.26597555717706,107.6948085260103,1.7890304923179976,2.251500553505678,0.8867787114085258,0.999767044509099,0.7457386063282363,0.8688447790490404,0.7969617432466193,0.7493961368662189
RCCD_k8_nc3_rf3_ra2,8,RCCD,3,3,2,4,131,34.34081290252624,800.2911179801764,613.9567250602825,95.83571918650263,3.0325808148999673,2.700233371211252,0.8950453983132722,0.9999578186461016,0.8598309049668541,0.8473777262079563,0.761743530051719,0.6367457023783335
RCCD_k9_nc3_rf3_ra2,9,RCCD,3,3,2,4.756828460010884,135,16.999117512382284,1500.2386347750416,987.993342042103,91.48062749111769,3.5852846760705948,2.4201311753972727,0.8998845016019786,0.999986142298545,0.8333325344850688,0.818006173818219,0.7299251426486899,0.6348603034307154
RCCD_k10_nc3_rf3_ra2,10,RCCD,3,3,2,5.656854249492381,139,8.596434153380262,2400.178918763791,1389.2969494577135,96.69102392507463,3.427536356571341,1.805907948837449,0.9032460447502123,0.9999934543393837,0.7895722392511728,0.7874687766338369,0.7069963016790384,0.7103327893334461
SCCD_k3_nc3_rf3_ra2,3,SCCD,3,3,2,1.7320508075688772,39,27.77028382353219,0.7155140988934049,0.3302320876420106,28.513787677110372,0.6464071429963103,0.28270773967861096,0.7688890271870649,0.5233664546611179,0.5797798775038053,0.7758036459384441,0.5612198976762982,0.6565244473473784
SCCD_k4_nc3_rf3_ra2,4,SCCD,3,3,2,2,67,51.04195102565017,0.6531692637655249,0.32850186117859687,52.48557863535694,0.5569092567154919,0.2547745416723003,0.8183954403906031,0.5206657482106825,0.4423632181167179,0.826514270026491,0.5844578367354165,0.6106328343169689
SCCD_k5_nc3_rf3_ra2,5,SCCD,3,3,2,2.23606797749979,119,93.5108898380541,0.5873797479194647,0.31845906083631664,96.39215554402311,0.4527200686805361,0.21725021554843577,0.8047695165827286,0.4754720775923511,0.3418388278964427,0.8136889505670127,0.574746491517004,0.49514474585452833
SCCD_k6_nc3_rf3_ra2,6,SCCD,3,3,2,2.449489742783178,219,172.6416950700581,0.5287703825566626,0.32607860787338705,178.6195283933502,0.34527655386521044,0.16715668980508422,0.7741060367728227,0.38751162903514885,0.22497864057975167,0.7851896170167274,0.5376673960997467,0.45372231621543613
SCCD_k7_nc3_rf3_ra2,7,SCCD,3,3,2,2.6457513110645907,127,54.15116931826609,300.63957326657015,470.28002447440366,83.56584155139454,2.6414794225696085,3.9276759169452853,0.7084345086185293,0.9988224764975324,0.7346161967168637,0.6741805490209203,0.5397690580879535,0.42958376725276365
SCCD_k8_nc3_rf3_ra2,8,SCCD,3,3,2,2.8284271247461903,131,25.292029331317494,800.6345355831963,820.4913165285637,62.61792639671377,5.905098069822768,5.272923114410575,0.6592014735135967,0.9995289049508531,0.6433937274955803,0.5536665925847981,0.39119567326311183,0.3260737843566148
SCCD_k9_nc3_rf3_ra2,9,SCCD,3,3,2,3,135,11.610225554172684,1500.6111375602054,1090.078545287628,46.68516815208144,10.113275228283273,5.706204349982375,0.6146120249297025,0.9997379116851584,0.7552914414631252,0.4174518345739622,0.25876774531935925,0.2692587082619276
SCCD_k10_nc3_rf3_ra2,10,SCCD,3,3,2,3.1622776601683795,139,5.471367048631476,2400.568329909247,1365.5321982298822,35.323006353377735,15.125698184823554,7.835632585373586,0.5748884430307362,0.9998312391707292,0.8033133929687705,0.2876768025714352,0.16020784616724465,0.16371309101088824
FCCD_k3_nc5_rf3_ra2,3,FCCD,5,3,2,1,41,18.0849059386456,0.8837389761530599,0.29501829810908675,18.513173751465114,0.8443260439121476,0.28617933206773855,0.5007253732909861,0.4237405923047442,0.6489832005271596,0.5037067630902013,0.42966405367375415,0.6485602618898909
FCCD_k4_nc5_rf3_ra2,4,FCCD,5,3,2,1,69,30.17562555435536,1.0477818304157953,0.30995374252813995,31.210659690219952,0.9577570138929589,0.2907003676157227,0.4838293573889502,0.32457411796474955,0.46883492769925966,0.49148844847696593,0.3398460932328318,0.5351685715747583
FCCD_k5_nc5_rf3_ra2,5,FCCD,5,3,2,1,121,52.763136474307316,1.2222540722134154,0.3318596357280939,55.581694534081066,1.0202938326846616,0.2978636509171917,0.45408790256786674,0.22849804752393113,0.328035290735036,0.46918974309602923,0.25502385957663043,0.3611394086970252
FCCD_k6_nc5_rf3_ra2,6,FCCD,5,3,2,1,221,95.31943387246822,1.4107089366837033,0.37091859653696396,103.4135940719706,0.9982549218296645,0.252475553766685,0.4274016723046109,0.1452494323965661,0.19778119136224476,0.4545935209552197,0.18596847517740428,0.30039629317678396
FCCD_k7_nc5_rf3_ra2,7,FCCD,5,3,2,1,129,28.619294800455137,301.7848809855744,469.8171886887729,43.841604130104685,4.53458599379863,4.449618168737317,0.3744128945730855,0.9950318323522341,0.7353398966425592,0.353699025746227,0.31442536580604646,0.3791933943464883
FCCD_k8_nc5_rf3_ra2,8,FCCD,5,3,2,1,133,13.255321886119331,802.0356459440108,738.4412955299767,31.185392290221497,9.834190891953783,7.347691962868151,0.34548147974853394,0.9977827851720847,0.7148827804114035,0.27574068451831263,0.23489973303234069,0.23400028243238652
FCCD_k9_nc5_rf3_ra2,9,FCCD,5,3,2,1,137,6.08379346797479,1502.2681734272742,927.1328027429819,22.033096896353307,17.173929514137956,11.941843428462489,0.3220585685574587,0.9986351780942899,0.8880356658101768,0.19701667756161828,0.15238151679047174,0.12866063950334874
FCCD_k10_nc5_rf3_ra2,10,FCCD,5,3,2,1,141,2.8812135012064153,2402.481374038434,1335.276542199656,15.769115197082936,26.55860290174876,13.904998932844407,0.30273537290136526,0.9990350951077857,0.8215154454530438,0.12842645934194827,0.09124182988581916,0.09225427752799825
RCCD_k3_nc5_rf3_ra2,3,RCCD,5,3,2,1.681792830507429,41,28.28464123888675,0.5489671979309192,0.21951368602198734,28.86011383077592,0.5205346684220483,0.20285064964416866,0.7831302850449804,0.6821465446556773,0.8722094862993337,0.78522649413175,0.6969306227947129,0.9149812577820459
RCCD_k4_nc5_rf3_ra2,4,RCCD,5,3,2,2,69,52.804275572207686,0.48761064118302716,0.19824534917361594,53.9620608692972,0.4474778726299117,0.16890089133179087,0.8466521653866033,0.6974475835916915,0.7330166436390498,0.8497651070663277,0.7273878762426826,0.921094609190384
RCCD_k5_nc5_rf3_ra2,5,RCCD,5,3,2,2.378414230005442,121,101.43734496053268,0.404447710538645,0.1836451371481615,103.85924863467335,0.35049930670389523,0.14203787259600126,0.872985843773916,0.690528495530336,0.5927827645197098,0.8767219962171069,0.7423674345047813,0.7573353556944229
RCCD_k6_nc5_rf3_ra2,6,RCCD,5,3,2,2.8284271247461903,221,199.49805968348522,0.2852745368324408,0.135804961093962,204.23116567884608,0.23745102904997334,0.09598631193582455,0.8945269696453221,0.7182718605215868,0.5401917671530058,0.8977752444240749,0.7818199246966896,0.790140999687285
RCCD_k7_nc5_rf3_ra2,7,RCCD,5,3,2,3.363585661014858,129,68.16054542050598,300.3335230338588,505.23241853009677,108.18672524962946,1.773980235774393,2.394219272910299,0.891712646468356,0.9998403110978177,0.683794844314251,0.8728133944622912,0.8037230805205173,0.7047248495741781
RCCD_k8_nc5_rf3_ra2,8,RCCD,5,3,2,4,133,34.42712074930467,800.284324450097,699.3072447226365,96.04373484580907,3.027229288061956,2.410214888400493,0.8972948919789181,0.999966307183627,0.7548884564015167,0.8492169969714564,0.7630901379749541,0.7133646061237118
RCCD_k9_nc5_rf3_ra2,9,RCCD,5,3,2,4.756828460010884,137,17.020830396265104,1500.2360782692965,896.9058440542958,91.5833230926544,3.5831183388594146,1.9551210891691269,0.9010339193689304,0.9999878463438981,0.9179636873103902,0.8189244626230172,0.7303664521027337,0.7858568049142132
RCCD_k10_nc5_rf3_ra2,10,RCCD,5,3,2,5.656854249492381,141,8.602827313051518,2400.177691159574,1179.8496027064102,96.75327423687258,3.4265264679744036,1.7462110577014998,0.9039177879501819,0.9999939657999252,0.9297374011500276,0.7879757541679108,0.7072046723161298,0.7346166002783557
SCCD_k3_nc5_rf3_ra2,3,SCCD,5,3,2,1.7320508075688772,41,29.220541567047352,0.5390018117594149,0.20755338343996352,29.825486782481423,0.5100121836286069,0.21169640305418885,0.8090430015817007,0.6947584758120152,0.92247072125563645,0.8114923786962446,0.7113095770939327,0.8767486829042465
SCCD_k4_nc5_rf3_ra2,4,SCCD,5,3,2,2,69,52.804275572207686,0.48761064118302716,0.1989737098353901,53.9620608692972,0.4474778726299117,0.1682086952473903,0.8466521653866033,0.6974475835916915,0.7303333721249684,0.8497651070663277,0.7273878762426826,0.924885008259269
SCCD_k5_nc5_rf3_ra2,5,SCCD,5,3,2,2.23606797749979,121,95.8061597406677,0.42839966325409357,0.19635532220813198,98.09418670920053,0.37092312739574945,0.14952809274566375,0.8245229726042915,0.6519208417614709,0.5544116190234846,0.8280565507602987,0.7014910958514066,0.7193986145970636
SCCD_k6_nc5_rf3_ra2,6,SCCD,5,3,2,2.449489742783178,221,175.8104997593362,0.37417847683881666,0.1928863761689726,180.55848902496322,0.2916424473776673,0.12472147820182512,0.7883146023127335,0.5476121290063863,0.38033127781521986,0.7937130509852353,0.6365463852063992,0.6080967092655749
SCCD_k7_nc5_rf3_ra2,7,SCCD,5,3,2,2.6457513110645907,129,54.922712436754026,300.48811723113147,474.24495953887714,84.41072562176105,2.565482949557925,3.1414221965927824,0.7185282476255581,0.9993259163466397,0.7284744223896785,0.6809967839303528,0.5557584626024491,0.5371025323432596
SCCD_k8_nc5_rf3_ra2,8,SCCD,5,3,2,2.8284271247461903,133,25.579921998456324,800.48543178857,658.7094792236949,63.120047623883636,5.831105410948909,5.193583587488179,0.6667049944017639,0.9997150839200741,0.8014139513237467,0.5581063395535868,0.3961596733908298,0.3310550346545736
SCCD_k9_nc5_rf3_ra2,9,SCCD,5,3,2,3,137,11.718245894909764,1500.4638636073914,935.9772042903757,46.988647292327535,10.041193580530805,5.424540094248343,0.6203303118005508,0.9998360382429535,0.8796442819379733,0.42016549993847285,0.2606253337940976,0.28323971906557466
SCCD_k10_nc5_rf3_ra2,10,SCCD,5,3,2,3.1622776601683795,141,5.51375636958148,2400.422520032228,1260.3752160510082,35.512488698904406,15.055487895671492,7.7753170197207355,0.5793423812340182,0.9998919723411634,0.870336300966867,0.2892199802602062,0.16095496504388135,0.1649830646549279
FCCD_k3_nc7_rf3_ra2,3,FCCD,7,3,2,1,43,18.415621957585344,0.8605715623750073,0.28933267508758675,18.843397658233407,0.8224675508347064,0.2785735437357334,0.509882064655526,0.435148096416765,0.6617362496750547,0.5126915010614579,0.4410831166304891,0.6662676579560579
FCCD_k4_nc7_rf3_ra2,4,FCCD,7,3,2,1,71,30.448583337250454,1.0360732837165558,0.3149475348147552,31.483738286275056,0.9468136697561182,0.28466986786754506,0.48820590257289537,0.32824209326850656,0.4614011046435642,0.4957887412878048,0.3437740601291755,0.5465056827354513
FCCD_k5_nc7_rf3_ra2,5,FCCD,7,3,2,1,123,53.0327077091124,1.215298857290932,0.32359555467172924,55.851181241573016,1.0139944334761815,0.2706841643183356,0.45640787527579846,0.22980575304867706,0.3364127551125444,0.47146459995521356,0.25660818493989024,0.397401536345749
FCCD_k6_nc7_rf3_ra2,6,FCCD,7,3,2,1,223,95.62109296813418,1.406117249233642,0.3428115379885929,103.71356269159055,0.9943632353079443,0.24488179516629421,0.42875427792463616,0.14572374561349544,0.21399723694228057,0.45591214634671523,0.1866963088126539,0.30971155049629046
FCCD_k7_nc7_rf3_ra2,7,FCCD,7,3,2,1,131,28.679473025513627,301.7815824120169,400.5985990058997,43.93309928521547,4.529698041829841,4.77196319541436,0.3752001782427747,0.995042708382722,0.8623977313665345,0.3544371772775247,0.3147646590815885,0.35357896694817226
FCCD_k8_nc7_rf3_ra2,8,FCCD,7,3,2,1,135,13.274732164682979,802.0331861437528,667.4238465302064,31.23248873018458,9.82809223714003,8.933603096218073,0.34598738159068554,0.9977858453276927,0.7909501125311934,0.2761571104036419,0.23504549605053798,0.19246008312874271
FCCD_k9_nc7_rf3_ra2,9,FCCD,7,3,2,1,139,6.090243915658362,1502.2662714983496,1044.0106357819495,22.058244252063762,17.166353614532696,10.699226316837812,0.32240003674806406,0.9986364424061941,0.7886193565084312,0.19724154147860828,0.15244876619583902,0.1436033940077405
FCCD_k10_nc7_rf3_ra2,10,FCCD,7,3,2,1,143,2.88349593683035,2402.479861019596,1522.585488813213,15.783190314186601,26.54947423992542,15.332982996856911,0.3029751933795929,0.9990357242739,0.7204523564868426,0.12854108958161964,0.09127320210063757,0.08366249612616841
RCCD_k3_nc7_rf3_ra2,3,RCCD,7,3,2,1.681792830507429,43,29.245788922584175,0.4731229979446863,0.22237612689574823,29.76516839928814,0.4562827309799113,0.20111829101282389,0.8097420370961057,0.7914983605207593,0.860982345513508,0.8098512350457282,0.7950696487472138,0.9228625681862614
RCCD_k4_nc7_rf3_ra2,4,RCCD,7,3,2,2,71,53.99957249452941,0.4164883108717487,0.1821384405956814,55.02698523612331,0.39360112131725683,0.16386056199344243,0.8658172939031333,0.8165483989571581,0.7978389404951399,0.8665349552525451,0.8269538926834213,0.9494273582400466
RCCD_k5_nc7_rf3_ra2,5,RCCD,7,3,2,2.378414230005442,123,102.99967993404275,0.34260203572556674,0.13464939056623076,105.1344721779496,0.31129559774927384,0.11337362971656433,0.8864315458044437,0.8151809970640458,0.8084824716361566,0.8874867239152328,0.8358591415836434,0.9488123740370579
RCCD_k6_nc7_rf3_ra2,6,RCCD,7,3,2,2.8284271247461903,223,201.253654468278,0.25043878963025,0.10530839752690345,205.55251743357695,0.21865549596317177,0.07997272908873931,0.9023988601552216,0.8181826490720316,0.6966274641369492,0.9035837452502372,0.8490248316569627,0.9483572879588917
RCCD_k7_nc7_rf3_ra2,7,RCCD,7,3,2,3.363585661014858,131,68.47635165600954,300.3182617558223,466.6993375469252,108.61173258794645,1.7627642106251515,2.1202254472324418,0.8958441922518404,0.9998911199993162,0.7402524391553555,0.8762422079028672,0.8088369682599031,0.7957954750291856
RCCD_k8_nc7_rf3_ra2,8,RCCD,7,3,2,4,135,34.504846538488245,800.2788421007493,573.2651561726997,96.234118081585,3.0227063514319914,2.281373303286911,0.899320706281465,0.9999731575017204,0.9208635146142319,0.850900362159398,0.7642319651773803,0.7536521936414948
RCCD_k9_nc7_rf3_ra2,9,RCCD,7,3,2,4.756828460010884,139,17.041143449694403,1500.233846408089,993.5308061139386,91.68039431810526,3.581161655108199,2.0597310428625706,0.9021092341285303,0.999989334001364,0.8286879387249716,0.8197924590928339,0.7307655114881774,0.7459445822691139
RCCD_k10_nc7_rf3_ra2,10,RCCD,7,3,2,5.656854249492381,143,8.608925829658117,2400.176575742966,1272.6177584774805,96.81314481514609,3.4255849173416384,1.9102824908886822,0.9045585723621218,0.9999944305198497,0.8619636933877984,0.7884633507318475,0.707399053428489,0.6715214303097017
SCCD_k3_nc7_rf3_ra2,3,SCCD,7,3,2,1.7320508075688772,43,30.218162441691973,0.4631619361660356,0.2109750452085374,30.762709089741897,0.4460925749739986,0.20161237500398133,0.8366646041796912,0.808520838948308,0.9075097916517144,0.8369923400223648,0.813231537581101,0.920600943020791
SCCD_k4_nc7_rf3_ra2,4,SCCD,7,3,2,2,71,53.99957249452941,0.4164883108717487,0.17170164705384675,55.02698523612331,0.39360112131725683,0.1617464899832963,0.8658172939031333,0.8165483989571581,0.8463351573017995,0.8665349552525451,0.8269538926834213,0.961836640221557
SCCD_k5_nc7_rf3_ra2,5,SCCD,7,3,2,2.23606797749979,123,97.35040405533167,0.3601098726258988,0.14076299190449781,99.35533177860813,0.32759594600280856,0.11606593172414864,0.837812983561839,0.7755484931374624,0.7733685581445073,0.8387024358144033,0.7942688982825338,0.9268034225601335
SCCD_k6_nc7_rf3_ra2,6,SCCD,7,3,2,2.449489742783178,223,177.9317078090523,0.3077778177107759,0.13402646756045095,182.05984689011984,0.26019798290999263,0.09891620125485112,0.7978258617791678,0.6657551666787879,0.5473599599900228,0.8003128366735691,0.7134718861952875,0.766737091670799
SCCD_k7_nc7_rf3_ra2,7,SCCD,7,3,2,2.6457513110645907,131,55.4374475785992,300.4230664320872,480.7015148622193,85.03654009240682,2.524428652721026,3.105771889264943,0.7252622875710034,0.9995423010275367,0.7186898985960583,0.6860456404436415,0.5647966554104361,0.5432677856288541
SCCD_k8_nc7_rf3_ra2,8,SCCD,7,3,2,2.8284271247461903,135,25.77153657630293,800.4213934501097,627.3633546904845,63.49284624205079,5.790527470850189,4.636546293545975,0.6716991611571678,0.9997950669058262,0.8414564902017788,0.561402618311418,0.3989358183236197,0.3708281737487789
SCCD_k9_nc7_rf3_ra2,9,SCCD,7,3,2,3,139,11.790018223846157,1500.4006128290368,968.8324497804726,47.21460818654843,10.001115688243708,8.522536541731332,0.6241297329414831,0.99987818725776,0.8498136039568829,0.4221860086689374,0.261669748675466,0.1802802727605227
SCCD_k10_nc7_rf3_ra2,10,SCCD,7,3,2,3.1622776601683795,143,5.5418849466493505,2400.35989935913,1417.5569307215849,35.65400862012707,15.015968754190903,7.875134226123236,0.5822979120422214,0.999918057557947,0.7738315686621243,0.29037254349421315,0.1613785675526304,0.16289190682260168
FCCD_k3_nc10_rf3_ra2,3,FCCD,10,3,2,1,46,18.82909087010094,0.8373528653961987,0.28721931700526054,19.259238302801887,0.800188041799615,0.28580437527917246,0.5213299746566048,0.44721418254262507,0.6666053011935966,0.524005700768591,0.4533641240548117,0.6494111308549033
FCCD_k4_nc10_rf3_ra2,4,FCCD,10,3,2,1,74,30.802925705068784,1.0231741971931823,0.2968366179463278,31.840732804788026,0.9345379849111856,0.2810053523714335,0.4938873503297415,0.33238021869553425,0.4895526080093353,0.5014104962830606,0.34828972678815007,0.5536325168907309
FCCD_k5_nc10_rf3_ra2,5,FCCD,10,3,2,1,126,53.3917716626299,1.2071633708349967,0.3299495100098225,56.2129413928426,1.006474978336558,0.2806542111520225,0.45949803648370696,0.23135449254541174,0.32993433475942324,0.4745183778916254,0.258525325233139,0.3832841214924936
FCCD_k6_nc10_rf3_ra2,6,FCCD,10,3,2,1,226,96.03028707267387,1.4005233590312733,0.3371247616223423,104.12436957569642,0.989510021034982,0.25060742625235083,0.43058905848797274,0.1463057870536351,0.21760704128779929,0.4577180032029073,0.18761199149537322,0.30263556672457764
FCCD_k7_nc10_rf3_ra2,7,FCCD,10,3,2,1,134,28.762188573676138,301.7774467085393,427.91042000676947,44.05967231791794,4.523090592308571,4.8382513685075175,0.3762823072061073,0.9950563449272496,0.8073543125354008,0.3554583250945561,0.31522447556182837,0.34873463332885674
FCCD_k8_nc10_rf3_ra2,8,FCCD,10,3,2,1,138,13.301690103193412,802.0300329803512,622.4297632166928,31.298405132797935,9.819434661988113,7.7493596194068015,0.34669000266375866,0.997789768100757,0.8481261625262061,0.27673994206432584,0.23525273038899278,0.22187149377240253
FCCD_k9_nc10_rf3_ra2,9,FCCD,10,3,2,1,142,6.099276622915085,1502.2637908066908,979.7578430086611,22.09377988160877,17.15533777959219,9.507964949232619,0.3228782023505968,0.9986380914568522,0.8403372339945034,0.19755929579616754,0.1525466570369797,0.16159559070301913
FCCD_k10_nc10_rf3_ra2,10,FCCD,10,3,2,1,146,2.886713473209403,2402.4778599053443,1508.1517669471125,15.803238036895534,26.53603777823801,15.26754907059421,0.30331326692920263,0.9990365564083636,0.7273474244496363,0.12870436177623545,0.09131941807656288,0.08402105830122093
RCCD_k3_nc10_rf3_ra2,3,RCCD,10,3,2,1.681792830507429,46,30.302487637429667,0.4160096588131502,0.20776678852569183,30.781622648129947,0.405611459148505,0.21324191829750605,0.8389993558923537,0.9001619776479297,0.9215232168698376,0.8375069404578199,0.8943942348453117,0.8703942641070177
RCCD_k4_nc10_rf3_ra2,4,RCCD,10,3,2,2,74,55.29700785055397,0.363079969715646,0.1746849797635067,56.22516659122416,0.34992556929127905,0.15989672561590185,0.886620087648977,0.9366610438274546,0.8318811420708854,0.8854032618201592,0.9301691788259301,0.9729636419627314
RCCD_k5_nc10_rf3_ra2,5,RCCD,10,3,2,2.378414230005442,126,104.70526013779217,0.29493507849980477,0.12365169341274948,106.60711087542349,0.2772976151516222,0.12790909334042896,0.9011100389557934,0.9469293055933468,0.8803896581174029,0.8999179205157137,0.938339375804592,0.8409902685986077
RCCD_k6_nc10_rf3_ra2,6,RCCD,10,3,2,2.8284271247461903,226,203.29378928332187,0.21961228996933857,0.07903530897480567,207.1845596161084,0.1997905216110824,0.07668495960821417,0.9115465963119768,0.9330291686256685,0.928201874239246,0.9107580032263025,0.9291929574736338,0.9890168927094803
RCCD_k7_nc10_rf3_ra2,7,RCCD,10,3,2,3.363585661014858,134,68.87118144800702,300.3025030327929,424.7903565906214,109.15793114693561,1.7503777260713234,2.088044783529183,0.9010095663924749,0.9999435904484815,0.8132842886173172,0.8806487505468168,0.814560673757689,0.8080601672237683
RCCD_k8_nc10_rf3_ra2,8,RCCD,10,3,2,4,138,34.60866194630737,800.2723516748416,646.8651434330441,96.49262541865006,3.017069768776698,2.7414720142395743,0.9020265101104621,0.9999812675553477,0.8160881319364376,0.853186079440488,0.7656597268699069,0.6271674434780754
RCCD_k9_nc10_rf3_ra2,9,RCCD,10,3,2,4.756828460010884,142,17.069354114380133,1500.2309838156248,940.1371917078618,91.8167456801001,3.5785493935225854,2.200205764291063,0.9036026257656012,0.9999912420821614,0.8757519679469928,0.8210116927052306,0.7312989540828799,0.6983188742121629
RCCD_k10_nc10_rf3_ra2,10,RCCD,10,3,2,5.656854249492381,146,8.61757741930004,2400.17508148656,1303.9141912379143,96.89887889511515,3.4242841983488495,1.8963924396104395,0.905467613714087,0.999995053077802,0.8412749172755947,0.7891615842216633,0.7076677599174886,0.676439962416567
SCCD_k3_nc10_rf3_ra2,3,SCCD,10,3,2,1.7320508075688772,46,31.313634013338305,0.4062062923313137,0.21092189180312823,31.81473153872277,0.3957410442009561,0.2081204514858181,0.8669954454626486,0.9218864509672641,0.9077384888033286,0.8656157856610385,0.9167018583632196,0.8918130881816493
SCCD_k4_nc10_rf3_ra2,4,SCCD,10,3,2,2,74,55.29700785055397,0.363079969715646,0.1564545205523289,56.22516659122416,0.34992556929127905,0.17201338975479474,0.886620087648977,0.9366610438274546,0.9288139451342452,0.8854032618201592,0.9301691788259301,0.9044278513139814
SCCD_k5_nc10_rf3_ra2,5,SCCD,10,3,2,2.23606797749979,126,99.01555404892456,0.3088311426839497,0.122151653948638,100.79638846426914,0.2908489091370099,0.11781509029716446,0.8521435279262682,0.9043215870387478,0.8912009667512344,0.850867034641406,0.89462006883754,0.9130435031136305
SCCD_k6_nc10_rf3_ra2,6,SCCD,10,3,2,2.449489742783178,226,180.20955562848374,0.2579192905569201,0.09708858894573577,183.8265546998493,0.23164712110083094,0.07764815209080188,0.8080394764401924,0.7944526828048594,0.7556060163001741,0.808079068288777,0.8014083868980821,0.9767485564959406
SCCD_k7_nc10_rf3_ra2,7,SCCD,10,3,2,2.6457513110645907,134,55.988670918297615,300.3742226387068,443.27334240470907,85.75086832413709,2.488838819021504,3.2310332132214032,0.7324736856020074,0.9997048364048986,0.7793731089199599,0.6918085956237537,0.5728731201804635,0.5222062744650872
SCCD_k8_nc10_rf3_ra2,8,SCCD,10,3,2,2.8284271247461903,138,25.976338335651743,800.3733107246928,758.201126963708,63.919142432326325,5.7547119003302285,4.748500946087652,0.6770370334082388,0.9998551299676888,0.6962518885102331,0.56517192165127,0.40141867310098706,0.36208521679961486
SCCD_k9_nc10_rf3_ra2,9,SCCD,10,3,2,3,142,11.866622329402608,1500.3531220948337,956.0903745005758,47.473562787301134,9.965190856104892,8.801777284086644,0.6281849344717461,0.9999098364398941,0.8611392999415908,0.42450154221919545,0.26261307649855664,0.1745607918451532
SCCD_k10_nc10_rf3_ra2,10,SCCD,10,3,2,3.1622776601683795,146,5.57187553707643,2400.312882249051,1312.8096007441984,35.81657436207421,14.980086659567187,9.427953159291365,0.5854490886463406,0.99993764386177,0.835574559133569,0.2916965076093609,0.1617651207924586,0.13606300422832887
FCCD_k3_nc1_rf1_ra3,3,FCCD,1,1,3,1,27,10.128444948542226,1.1776322486914605,0.6196974891953393,10.2772642748925,1.1563252354293727,0.6700370172213024,0.2804310619541892,0.31799067800154857,0.30896029540077535,0.27962399050670533,0.3137322783714129,0.27700640081505284
FCCD_k4_nc1_rf1_ra3,4,FCCD,1,1,3,1,41,15.617839486940449,1.1743933870649492,0.4709066495620609,15.860063739139099,1.1498762819814292,0.4498954784858738,0.25041301063200433,0.28958172548692107,0.3085901220622795,0.24975563468585973,0.28306521713535254,0.3457996533255852
FCCD_k5_nc1_rf1_ra3,5,FCCD,1,1,3,1,63,25.615130058190594,1.1801829658332912,0.37983866092838614,26.11922369482874,1.1370927615570625,0.418554000566368,0.22044786302252486,0.2366435350825,0.2865997679730999,0.22048395533767123,0.22882853528781139,0.2570045982573636
FCCD_k6_nc1_rf1_ra3,6,FCCD,1,1,3,1,101,44.15279318918578,1.2011141877547566,0.3092065301638828,45.38877229350294,1.1131202516230005,0.2966823738720455,0.19797618260328625,0.17059549742984853,0.2372547626423367,0.1995234958604997,0.16677797873169667,0.25563608474421123
FCCD_k7_nc1_rf1_ra3,7,FCCD,1,1,3,1,75,14.29311301058389,301.740659101133,366.5105668743238,19.564135577357284,10.123081627953965,13.296156523451993,0.18699013557342567,0.9951776601728428,0.9426067191393236,0.15783673591739641,0.14084533863106696,0.1268987631104733
FCCD_k8_nc1_rf1_ra3,8,FCCD,1,1,3,1,81,7.157917855744114,801.92093042594,622.5221507575613,13.677399419644026,24.56405010396012,17.11402808171445,0.18656114683344832,0.9979255189065219,0.8480002934460348,0.12093532264417214,0.09404185406447298,0.10046506797393787
FCCD_k9_nc1_rf1_ra3,9,FCCD,1,1,3,1,87,3.566669986192511,1502.0433728768394,885.6204198208203,9.51971688695255,44.86790280052903,28.428525721164732,0.18880927439707934,0.9987846369859391,0.9296612604583978,0.08512389344164523,0.0583265377981102,0.05404589838476849
FCCD_k10_nc1_rf1_ra3,10,FCCD,1,1,3,1,93,1.8310914952693902,2402.105676621166,1248.9374722402256,6.723625137273089,71.10172115235443,34.48644142666008,0.19239676837720876,0.9991913475610582,0.8783068229993491,0.0547583906598791,0.034081531201950954,0.037197100585317854
RCCD_k3_nc1_rf1_ra3,3,RCCD,1,1,3,1.681792830507429,27,16.360473074452337,1.867141933922058,0.9641624595798426,17.15033819510264,1.492541452064609,0.70427372897736,0.45298018221463804,0.20056111985620365,0.1985784837592049,0.46662670885772556,0.24305961495929942,0.26354034648265734
RCCD_k4_nc1_rf1_ra3,4,RCCD,1,1,3,2,41,28.364006729829946,1.7467743626048546,0.9766795438407658,29.75177240916887,1.2702409438805236,0.614279655372401,0.4547822587587995,0.19469192513196348,0.14878691929682455,0.46851468716005085,0.25624270813024597,0.25326201044188645
RCCD_k5_nc1_rf1_ra3,5,RCCD,1,1,3,2.378414230005442,63,51.368968563725815,1.3544458566981232,0.7906709798613559,53.73648320333589,0.9221595378816333,0.4346055935467189,0.4420894728943076,0.2061969976118325,0.13768264532533786,0.4536134956014632,0.28216296684541137,0.2475124673079207
RCCD_k6_nc1_rf1_ra3,6,RCCD,1,1,3,2.8284271247461903,101,97.36346264709708,0.6766870675230254,0.31845324269724434,100.65589698475306,0.5316170000715427,0.21111657869146222,0.43656686854029114,0.30280565739214305,0.23036575573902088,0.4424710215889012,0.3492061872099998,0.3592456875691835
RCCD_k7_nc1_rf1_ra3,7,RCCD,1,1,3,3.363585661014858,75,38.23202673715819,300.8265660640913,435.8223441796828,61.87372250447412,2.2573608301535675,2.383186988723921,0.5001717860576826,0.9982016117529358,0.7926975924595226,0.4991759723065735,0.6316176132914085,0.7079871721911153
RCCD_k8_nc1_rf1_ra3,8,RCCD,1,1,3,4,81,21.216595860897026,800.7101766646733,668.7426969920349,62.159871619402885,3.102186017594916,2.483086149003567,0.5529809835040725,0.9994344819629339,0.7893902526241064,0.5496164803826762,0.7446519331874143,0.6924294572813284
RCCD_k9_nc1_rf1_ra3,9,RCCD,1,1,3,4.756828460010884,87,11.499835808736561,1500.5897237813717,981.3361716443854,68.19052788326495,3.1953154977404723,1.8717346661218792,0.6087683085731682,0.9997521781873162,0.8389856805122177,0.6097495648447551,0.8190081481680174,0.820866995821725
RCCD_k10_nc1_rf1_ra3,10,RCCD,1,1,3,5.656854249492381,93,6.33725604783469,2400.4307343070873,1315.0205486509399,82.66208240571007,2.777684461220955,1.4124384195134745,0.6658692845946169,0.9998885507104649,0.8341697051757065,0.6732145990766503,0.8724012974825877,0.9082134929599385
SCCD_k3_nc1_rf1_ra3,3,SCCD,1,1,3,1.7320508075688772,27,17.05756120657245,1.855426837147291,0.9850752127932844,17.930981241318165,1.461749709212752,0.6995916924722656,0.47228079214629803,0.20182745538683744,0.19436274188445002,0.487866458844244,0.24817966329201216,0.2653040974477904
SCCD_k4_nc1_rf1_ra3,4,SCCD,1,1,3,2,41,28.364006729829946,1.7467743626048546,0.9777984248466667,29.75177240916887,1.2702409438805236,0.6077607098397477,0.4547822587587995,0.19469192513196348,0.14861666451455302,0.46851468716005085,0.25624270813024597,0.2559785421702969
SCCD_k5_nc1_rf1_ra3,5,SCCD,1,1,3,2.23606797749979,63,47.52936591959344,1.6086831987388794,0.9582731985738892,49.73734186726742,1.0405482635188024,0.5110194800826048,0.4090452448996905,0.17360948961105693,0.1136019167094492,0.41985496931320565,0.2500597812095368,0.21050137412997116
SCCD_k6_nc1_rf1_ra3,6,SCCD,1,1,3,2.449489742783178,101,81.74923264597841,1.472353161546686,0.9664926457376598,85.43564048801609,0.8015862013111734,0.3948554109057548,0.3665544089283745,0.13916815454440412,0.07590406636307216,0.3755646341571104,0.23159573524012694,0.19207719680298452
SCCD_k7_nc1_rf1_ra3,7,SCCD,1,1,3,2.6457513110645907,75,28.9373354295996,301.7623290658242,441.8468506433234,44.044857308511105,4.198724518701018,4.785590611507793,0.3785736718871348,0.9951061951068614,0.7818892959592046,0.3553388026797724,0.33957666275286214,0.35257211782637266
SCCD_k8_nc1_rf1_ra3,8,SCCD,1,1,3,2.8284271247461903,81,14.68934875082997,801.7425333989501,708.7024018049383,34.996996996603144,8.396627378361554,6.297959374758999,0.38285739015461656,0.9981475689267143,0.744881018005025,0.3094428256063519,0.2751162712140959,0.273003030382856
SCCD_k9_nc1_rf1_ra3,9,SCCD,1,1,3,3,87,7.342725416579613,1501.666494307171,875.0366657931747,27.93995618056868,13.386082719717772,7.951833794249845,0.3887028133716881,0.9990353055110884,0.9409057105418738,0.24983493531605694,0.19550076623702253,0.19321897968565258
SCCD_k10_nc1_rf1_ra3,10,SCCD,1,1,3,3.1622776601683795,93,3.756987574030761,2401.531500836036,1746.9222213444452,22.736892361319512,18.937615814119138,11.143655970114413,0.39475486066331417,0.9994302415652724,0.6279331099949765,0.18517326723210298,0.12795990539419963,0.11511443228482734
FCCD_k3_nc3_rf1_ra3,3,FCCD,3,1,3,1,29,10.373176897126253,1.1302970422579495,0.6616004863752493,10.521865224072812,1.1111088758366896,0.5798274602892594,0.28720707155726405,0.3313076679824003,0.28939204741200364,0.2862790975139874,0.3264995524191441,0.32010305696928143
FCCD_k4_nc3_rf1_ra3,4,FCCD,3,1,3,1,43,15.763797230390924,1.1607915608709147,0.514097502844695,16.007076000003806,1.1366508895451373,0.5490831811927224,0.2527532650566352,0.29297496199191986,0.2826645522769533,0.25207070359874556,0.2863587953273138,0.28333357462383957
FCCD_k5_nc3_rf1_ra3,5,FCCD,3,1,3,1,65,25.734394751964636,1.174173746746186,0.3707357892004234,26.23958632746465,1.131232282053241,0.38832740230030877,0.2214742738514684,0.23785463595389875,0.29363680351463656,0.22149998972018142,0.23001400794645022,0.2770093022726823
FCCD_k6_nc3_rf1_ra3,6,FCCD,3,1,3,1,103,44.27144925412135,1.1977433959052113,0.3109906608004347,45.508481389775774,1.1098600257512907,0.2853060629141029,0.19850822311719027,0.1710756018614585,0.23589364945132135,0.20004972241759203,0.1672678908543758,0.26582933322416624
FCCD_k7_nc3_rf1_ra3,7,FCCD,3,1,3,1,77,14.317907362331196,301.73833984402575,420.4355948451131,19.600702393628012,10.107543995402361,12.882546500441103,0.18731450852082004,0.9951853094257105,0.8217080742142487,0.1581317444497306,0.14106185048787917,0.1309730042031314
FCCD_k8_nc3_rf1_ra3,8,FCCD,3,1,3,1,83,7.16631420022621,801.9193043568567,839.8867483825886,13.696596020124032,24.53374853019881,18.46049192414223,0.1867799858432494,0.9979275424216374,0.6285358919350374,0.12110505864452514,0.0941580049320861,0.09313738775773248
FCCD_k9_nc3_rf1_ra3,9,FCCD,3,1,3,1,89,3.5696323492473248,1502.0421734089668,1145.0731144378474,9.530378986985246,44.8220731177181,25.046900946884556,0.18896609339660703,0.9987854345734536,0.719016965290043,0.08521923235537819,0.05838617552882665,0.061342727214560105
FCCD_k10_nc3_rf1_ra3,10,FCCD,3,1,3,1,95,1.8322080581700444,2402.104757178937,1405.8150877598293,6.7298893733620995,71.04054430129948,37.77150693353999,0.19251408807113488,0.9991917300167847,0.7802948715795504,0.05480940770499159,0.03411088064991159,0.03396199237785937
RCCD_k3_nc3_rf1_ra3,3,RCCD,3,1,3,1.681792830507429,29,18.220765365627262,0.9987800893899316,0.490444600764643,18.730203773032915,0.9324281497183902,0.4542593848777623,0.50448697772074,0.3749334625068676,0.39038439616300413,0.5096117198050738,0.3890664934978448,0.4085871392690573
RCCD_k4_nc3_rf1_ra3,4,RCCD,3,1,3,2,43,30.502566617289123,0.9271645405557772,0.39004630729940654,31.392115434136205,0.8444447996447367,0.363289589053596,0.489071458637137,0.3667988243196177,0.37256381549780293,0.494345914577645,0.3854484977286861,0.4282360551494133
RCCD_k5_nc3_rf1_ra3,5,RCCD,3,1,3,2.378414230005442,65,53.763942086284,0.7738920611158744,0.2985625728921635,55.38455734081284,0.6782041511636858,0.30372716091441676,0.46270099404778536,0.36088064875125075,0.36461928578237335,0.4675256205852001,0.38365921333129027,0.3541675444524454
RCCD_k6_nc3_rf1_ra3,6,RCCD,3,1,3,2.8284271247461903,103,99.15073335211525,0.5272403100300559,0.21919102780370076,101.92150824956215,0.462039333380824,0.20451125428812156,0.4445807903309707,0.38863620332517895,0.3346885256051248,0.4480344940336337,0.40179251470348176,0.3708486397644332
RCCD_k7_nc3_rf1_ra3,7,RCCD,3,1,3,3.363585661014858,77,38.616486637109425,300.7563333794783,472.6111768611934,62.32659654474684,2.220148271147983,2.5549122252183007,0.5052014957340276,0.9984347120111771,0.7309927058131479,0.5028296047410726,0.6422043421189474,0.6604006980338208
RCCD_k8_nc3_rf1_ra3,8,RCCD,3,1,3,4,83,21.323657571850045,800.6833630753576,640.3619320865487,62.38875180279322,3.0878079515384145,2.258659072897067,0.5557713976971214,0.9994679514053916,0.8243759350262565,0.5516402348973987,0.7481193297523903,0.7612313054098889
RCCD_k9_nc3_rf1_ra3,9,RCCD,3,1,3,4.756828460010884,89,11.53308400968583,1500.5768073342551,974.6939964328751,68.32762119941395,3.1890228282038833,2.049461840203206,0.6105283729246619,0.9997607837089237,0.8447030542831704,0.6109754329009179,0.8206242380807691,0.7496822737633927
RCCD_k10_nc3_rf1_ra3,10,RCCD,3,1,3,5.656854249492381,95,6.349000885542067,2400.423168247475,1284.3140624406808,82.75803136586019,2.774706381685551,1.3767057157684717,0.6671033402525958,0.999891702328263,0.8541137525844195,0.673996024354836,0.8733376417631362,0.9317863766266824
SCCD_k3_nc3_rf1_ra3,3,SCCD,3,1,3,1.7320508075688772,29,19.021573299029928,0.9821707182601784,0.4515965306477502,19.582345877663155,0.913112826024875,0.4547631733024081,0.5266593270128959,0.38127391728928184,0.42396676308891534,0.5327968174538333,0.397296522740701,0.40813450483578045
SCCD_k4_nc3_rf1_ra3,4,SCCD,3,1,3,2,43,30.502566617289123,0.9271645405557772,0.40454926523693086,31.392115434136205,0.8444447996447367,0.41236032523720223,0.489071458637137,0.3667988243196177,0.359207525400369,0.494345914577645,0.3854484977286861,0.3772761125932101
SCCD_k5_nc3_rf1_ra3,5,SCCD,3,1,3,2.23606797749979,65,50.0631241352994,0.8213272210691304,0.33038637063741116,51.46145185968804,0.7207471526821801,0.29023033549157445,0.43085116908587445,0.34003824774660957,0.32949807184619234,0.43440894668280733,0.36101324874496227,0.37063769568531046
SCCD_k6_nc3_rf1_ra3,6,SCCD,3,1,3,2.449489742783178,103,84.99708328703844,0.7065266613527326,0.3240236261271255,87.31150233777196,0.5795115223923375,0.2181024885604192,0.3811174076683995,0.2900169003357296,0.22640547171924624,0.38381069359212644,0.3203455642859816,0.3477389046308744
SCCD_k7_nc3_rf1_ra3,7,SCCD,3,1,3,2.6457513110645907,77,29.827763246078092,301.0118957987263,494.08736349883685,44.866407655210715,3.9364640101210115,5.002552529649586,0.390222723986448,0.997587029929425,0.6992191027207141,0.3619667891094385,0.3622004052909602,0.3372809794498043
SCCD_k8_nc3_rf1_ra3,8,SCCD,3,1,3,2.8284271247461903,83,15.049892319881444,801.0036504003122,732.72617859852,35.50030269018391,8.156189187645648,5.982543906053189,0.3922544554857994,0.9990683066392617,0.7204587224231256,0.31389304560609965,0.2832264875130778,0.28739646905017424
SCCD_k9_nc3_rf1_ra3,9,SCCD,3,1,3,3,89,7.48986791466912,1500.9365987704675,944.4461204037583,28.257152960278262,13.164789236653707,7.709294353881086,0.3964921149905102,0.9995211297698205,0.8717564485588022,0.25267126177373117,0.19878703574917167,0.19929777510458588
SCCD_k10_nc3_rf1_ra3,10,SCCD,3,1,3,3.1622776601683795,95,3.819627089481677,2400.808797735916,1297.3625003235054,22.94463981370038,18.73326473703365,10.332420512493256,0.4013365308729163,0.9997310949004542,0.8455233622789459,0.18686519917711916,0.12935575095866061,0.12415247995627732
FCCD_k3_nc5_rf1_ra3,3,FCCD,5,1,3,1,31,10.574896024951233,1.0995466305525525,0.6236034020840715,10.724697312357588,1.08139176834325,0.5909567079866059,0.2927921647793557,0.34057316605999804,0.3070251359775275,0.2917977566057417,0.33547189951834994,0.3140746860894137
FCCD_k4_nc5_rf1_ra3,4,FCCD,5,1,3,1,45,15.892983541604773,1.1503243724532153,0.5309362585600356,16.13765933173307,1.126394746007663,0.48644586035455184,0.2548246100176686,0.295640839723692,0.2736997862274718,0.25412705869490776,0.28896617335220665,0.31981709203933134
FCCD_k5_nc5_rf1_ra3,5,FCCD,5,1,3,1,67,25.843535633838087,1.1691865626152445,0.37408311833240643,26.35004294683323,1.1263327468788495,0.3742361793619623,0.22241355755304393,0.23886920873794337,0.29100931518795525,0.22243240304977183,0.23101456637437418,0.2874396135295338
FCCD_k6_nc5_rf1_ra3,6,FCCD,5,1,3,1,105,44.38209479823869,1.194827696468135,0.30939808681396075,45.6204130852604,1.1070176169473647,0.29118338408834876,0.19900434535236924,0.17149307212727122,0.23710787185831533,0.20054176047132635,0.16769737247987124,0.2604637648082843
FCCD_k7_nc5_rf1_ra3,7,FCCD,5,1,3,1,79,14.34128439713786,301.7362851604425,499.04895329671615,19.635381816443775,10.092302435973702,13.014155586600697,0.18762033937128392,0.9951920861742096,0.6922674032058195,0.15841152613899032,0.14127488439079355,0.12964850510059278
FCCD_k8_nc5_rf1_ra3,8,FCCD,5,1,3,1,85,7.174298827044193,801.9178372384981,686.8290053813737,13.715025709843596,24.50367318353888,18.079084916682348,0.18698809400629637,0.9979293681421165,0.7686031929096292,0.12126801363356103,0.09427357269280218,0.09510226886266764
FCCD_k9_nc5_rf1_ra3,9,FCCD,5,1,3,1,91,3.572467631953363,1502.0410764434605,952.9414151037097,9.540710084489143,44.77643584057494,29.848486635826962,0.1891161851271316,0.9987861640030192,0.8639849026697151,0.08531161149369713,0.05844568419725719,0.05147481113868803
FCCD_k10_nc5_rf1_ra3,10,FCCD,5,1,3,1,97,1.833282072120106,2402.103907501248,1303.6650852074927,6.7360010681067,70.9795405003608,41.135779656634746,0.1926269370542238,0.999192083453169,0.8414356691876569,0.054859182426453004,0.034140197455266225,0.03118442487986846
RCCD_k3_nc5_rf1_ra3,3,RCCD,5,1,3,1.681792830507429,31,19.167291314180385,0.8205209228500782,0.48188564109445453,19.615496251722746,0.7858207097757456,0.47950084383960295,0.5306938908518769,0.45638821237750243,0.3973181663725529,0.53369877342513,0.46165307955951584,0.38707865676960695
RCCD_k4_nc5_rf1_ra3,4,RCCD,5,1,3,2,45,31.555728215459233,0.7616074647183029,0.4030091613472245,32.327909078355134,0.7217312911001703,0.41500109075811165,0.5059576205611545,0.44653299656468654,0.3605802408622993,0.5090822825639932,0.45098499046882784,0.37487540143320114
RCCD_k5_nc5_rf1_ra3,5,RCCD,5,1,3,2.378414230005442,67,55.00675855665309,0.6359098493490446,0.3018822627469116,56.410187613748825,0.5901356596366534,0.3056147293644812,0.47339686927464014,0.4391859465061436,0.3606096996184057,0.4761834207531183,0.44091433361895116,0.3519800992192415
RCCD_k6_nc5_rf1_ra3,6,RCCD,5,1,3,2.8284271247461903,105,100.34709729591354,0.46305435639589015,0.22399553873341563,102.8678311281405,0.4241655924877292,0.21537865411051554,0.4499451523450008,0.44250673705980026,0.32750974566864705,0.4521944137539948,0.4376685637375741,0.3521366626720186
RCCD_k7_nc5_rf1_ra3,7,RCCD,5,1,3,3.363585661014858,79,38.90099690294821,300.71872050555965,410.46312342575993,62.68806673259326,2.1966874381435035,2.8181660997419664,0.508923610933273,0.998559592826298,0.8416720120627006,0.5057458222430183,0.649063146227163,0.598710564683819
RCCD_k8_nc5_rf1_ra3,8,RCCD,5,1,3,4,85,21.411290765199603,800.6655871010562,667.0875177439295,62.58625675554306,3.077118205439483,2.1267005525854548,0.5580554346728812,0.9994901410897061,0.7913488897295029,0.5533865701802828,0.7507182567850338,0.8084645449718227
RCCD_k9_nc5_rf1_ra3,9,RCCD,5,1,3,4.756828460010884,91,11.561846383029085,1500.5671981275045,1079.2881755434526,68.4515691998954,3.183877736218434,2.021847733452514,0.6120509704349169,0.9997671858934336,0.7628425979592989,0.6120837574982333,0.8219503528189027,0.7599213268801441
RCCD_k10_nc5_rf1_ra3,10,RCCD,5,1,3,5.656854249492381,97,6.359483818441241,2400.4171632979437,1255.091056200524,82.8473956729208,2.772123014575106,1.3818144945819397,0.6682048048261174,0.9998942036848193,0.8740005738618635,0.6747238230552642,0.8741515131996425,0.9283414203621089
SCCD_k3_nc5_rf1_ra3,3,SCCD,5,1,3,1.7320508075688772,31,20.014943947287755,0.8056615621254716,0.47110936137596193,20.507767948497406,0.7694749105734964,0.43954585537739604,0.554163251575882,0.4648056886441926,0.4064065268448729,0.5579757177358696,0.4714598821412344,0.4222643446244435
SCCD_k4_nc5_rf1_ra3,4,SCCD,5,1,3,2,45,31.555728215459233,0.7616074647183029,0.3759693543823702,32.327909078355134,0.7217312911001703,0.37948134266194355,0.5059576205611545,0.44653299656468654,0.38651325905808875,0.5090822825639932,0.45098499046882784,0.4099640298568102
SCCD_k5_nc5_rf1_ra3,5,SCCD,5,1,3,2.23606797749979,67,51.29194767837871,0.6623479295961321,0.3000740419925885,52.483823318459464,0.617220709025757,0.31508127313676637,0.4414266189660121,0.4216555326884353,0.36278270311691,0.4430392377545477,0.421566009222508,0.3414049387755235
SCCD_k6_nc5_rf1_ra3,6,SCCD,5,1,3,2.449489742783178,105,86.55718820283275,0.55193514973629,0.24846365100634746,88.49055124029383,0.49643376255263494,0.20343346484327499,0.3881127434870455,0.37124773160030294,0.29525736108425127,0.3889936484713736,0.37395511678422255,0.3728133939403587
SCCD_k7_nc5_rf1_ra3,7,SCCD,5,1,3,2.6457513110645907,79,30.25274770771,300.8604400571236,442.9188330885577,45.36434885780803,3.8443487860864107,4.593088908210522,0.39578259761497836,0.9980892238483149,0.7799969140219993,0.36598400795286673,0.37087916295195933,0.3673488257397289
SCCD_k8_nc5_rf1_ra3,8,SCCD,5,1,3,2.8284271247461903,85,15.221201375065176,800.8545467992438,715.2782613501638,35.809521593988656,8.068100502401357,5.288663050993883,0.3967193871100684,0.9992543138022709,0.7380330076334255,0.3166271536592428,0.28631879516392567,0.3251033348048538
SCCD_k9_nc5_rf1_ra3,9,SCCD,5,1,3,3,91,7.559552873113847,1500.789324949875,856.4471699682796,28.4546805070501,13.0806083035576,7.831548971320572,0.4001810367273892,0.9996192136867948,0.9613284095606421,0.25443752373749196,0.20006634002680404,0.19618663153117816
SCCD_k10_nc5_rf1_ra3,10,SCCD,5,1,3,3.1622776601683795,97,3.849219583882979,2400.662987951851,1335.728662062818,23.0757184817348,18.652869473801516,11.026902931154062,0.4044458786612384,0.999791815866205,0.8212373774132293,0.18793272700100322,0.1299132839250237,0.11633326588491985
FCCD_k3_nc7_rf1_ra3,3,FCCD,7,1,3,1,33,10.746986756734126,1.0779641360523418,0.6098439435831253,10.89855954181319,1.0603412191420267,0.6193381021333961,0.2975569225394595,0.34739196293604957,0.3139523173682439,0.2965282032594818,0.3421318949980625,0.29968209918618915
FCCD_k4_nc7_rf1_ra3,4,FCCD,7,1,3,1,47,16.008956550456286,1.1420201829420684,0.49626168950256727,16.25525056648397,1.1181998894863387,0.54610550132115,0.2566840957885938,0.29779058943649955,0.29282361210262975,0.2559788213329247,0.2910838951946093,0.2848784714982659
FCCD_k5_nc7_rf1_ra3,5,FCCD,7,1,3,1,69,25.944171171587364,1.1649811103223562,0.38028408522939783,26.452149954099795,1.1221719992974861,0.3578481438350601,0.22327964291706717,0.23973150002549004,0.2862640755098128,0.22329433359919632,0.23187111358719328,0.30060321568735926
FCCD_k6_nc7_rf1_ra3,6,FCCD,7,1,3,1,107,44.48575973948365,1.1922807541267741,0.32150378868944557,45.725542386316235,1.1045156884358804,0.3088378205152757,0.19946916734561287,0.17185941450522138,0.22817996086619938,0.20100389603049928,0.16807723746676204,0.24557458779734093
FCCD_k7_nc7_rf1_ra3,7,FCCD,7,1,3,1,81,14.363399380078377,301.73445222075014,431.05340715386825,19.66837821791222,10.077315926501875,11.273329605802896,0.18790965938541862,0.995198131645858,0.8014675611831542,0.15867772978924652,0.14148498174295515,0.14966880912279865
FCCD_k8_nc7_rf1_ra3,8,FCCD,7,1,3,1,87,7.181910629888709,801.9165068503941,599.2879395365528,13.732760153693219,24.473802435387487,19.168170222137295,0.1871864850323967,0.9979310237176643,0.8808770070148728,0.12142482127096824,0.09438863540750184,0.08969880664726333
FCCD_k9_nc7_rf1_ra3,9,FCCD,7,1,3,1,93,3.575186379227284,1502.0400693794866,1168.5473147322339,9.550737358256207,44.73097849886956,34.467285389783775,0.18926010780628197,0.9987868336533061,0.7045730929320393,0.08540127388532011,0.05850507895066788,0.044576913875853254
FCCD_k10_nc7_rf1_ra3,10,FCCD,7,1,3,1,99,1.8343166835350606,2402.103119938043,1575.432339127762,6.741971386995426,70.91870204714714,37.84480801739611,0.19273564592719802,0.9991924110523104,0.6962852520695855,0.05490780575797406,0.03416948503027298,0.03389621186577258
RCCD_k3_nc7_rf1_ra3,3,RCCD,7,1,3,1.681792830507429,33,19.81944738863779,0.7436428273878645,0.4434905305103682,20.243809576924804,0.7182232271866842,0.4654562240249877,0.5487504455795884,0.5035698098686413,0.4317159130784072,0.5507939336333532,0.5051027826970051,0.398758321348309
RCCD_k4_nc7_rf1_ra3,4,RCCD,7,1,3,2,47,32.270035244341265,0.69048579966222,0.4115786312888267,32.992308097978636,0.6634245346498147,0.4319165409162052,0.5174106626907988,0.49252694782870743,0.3530726073247438,0.5195448760037178,0.49062095602128036,0.36019389339234825
RCCD_k5_nc7_rf1_ra3,5,RCCD,7,1,3,2.378414230005442,69,55.85915839457901,0.5740862694990562,0.2903014787174009,57.16095025804389,0.5447128418708135,0.2924500361677228,0.4807327571770102,0.4864820566474086,0.3749952379514461,0.4825209413191188,0.4776815435814256,0.3678245493629523
RCCD_k6_nc7_rf1_ra3,6,RCCD,7,1,3,2.8284271247461903,107,101.25052569169756,0.42735979663567764,0.19558003938743967,103.62546732106492,0.40034664737766,0.18872135390713804,0.4539960241502423,0.4794664213694194,0.37509309309508104,0.4555248898643689,0.4637080062166167,0.40187672936358354
RCCD_k7_nc7_rf1_ra3,7,RCCD,7,1,3,3.363585661014858,81,39.12730311980837,300.69528475330407,483.4537047766793,62.989324648168676,2.1804792511772835,2.24784699866804,0.511884269688329,0.9986374191056463,0.7145985635395734,0.5081762677833126,0.6538878364053671,0.7506141734509051
RCCD_k8_nc7_rf1_ra3,8,RCCD,7,1,3,4,87,21.485523046626874,800.6529384846503,912.1599673548736,62.76008422153902,3.06883156810451,2.1446327193019603,0.5599901955676324,0.9995059309117232,0.5787350743421641,0.5549235495459982,0.7527453898474595,0.8017046364456033
RCCD_k9_nc7_rf1_ra3,9,RCCD,7,1,3,4.756828460010884,93,11.587198316397295,1500.5597701019249,1090.4447670613986,68.56471442853145,3.1795848741181247,1.7708163496392593,0.613393029039258,0.9997721349107127,0.7550377796732193,0.6130954853153752,0.8230600950203688,0.867647970760967
RCCD_k10_nc7_rf1_ra3,10,RCCD,7,1,3,5.656854249492381,99,6.368951421676266,2400.4122814848743,1345.5435040739237,82.93103609144632,2.7698589875294677,1.4660064129465444,0.6691995865021847,0.9998962372090724,0.8152469987383509,0.6754050053964965,0.8748660270708468,0.8750272981404227
SCCD_k3_nc7_rf1_ra3,3,SCCD,7,1,3,1.7320508075688772,33,20.69827578250197,0.7298230334938466,0.4958069030528864,21.164566191934984,0.7032416369390833,0.4687146392768533,0.573082984386772,0.513105314592737,0.3861622703153209,0.5758458961097473,0.5158632987498182,0.39598622914719006
SCCD_k4_nc7_rf1_ra3,4,SCCD,7,1,3,2,47,32.270035244341265,0.69048579966222,0.4150059304635014,32.992308097978636,0.6634245346498147,0.42826413464705254,0.5174106626907988,0.49252694782870743,0.35015678042479365,0.5195448760037178,0.49062095602128036,0.36326576966660346
SCCD_k5_nc7_rf1_ra3,5,SCCD,7,1,3,2.23606797749979,69,52.11869304852146,0.5940584800716169,0.29793451585825387,53.217892464869166,0.5660112885935782,0.264329659177157,0.44854172045867297,0.4701265589968017,0.36538791679001287,0.4492358410986127,0.45970685807347933,0.40695509955043213
SCCD_k6_nc7_rf1_ra3,6,SCCD,7,1,3,2.449489742783178,107,87.60152744932248,0.4855346600711863,0.1985042598085343,89.35597330432213,0.4529592832667459,0.2020180113779016,0.3927954437745885,0.42201863055467403,0.36956749438149095,0.39279793809818186,0.4098468725756894,0.37542553731703693
SCCD_k7_nc7_rf1_ra3,7,SCCD,7,1,3,2.6457513110645907,81,30.536276173824145,300.7953893844197,377.71468026807156,45.72439426789576,3.796735917367682,4.889489260334492,0.3994918683860379,0.9983050728198124,0.9146462687817941,0.3688887308365119,0.3755301635167778,0.3450801764996375
SCCD_k8_nc7_rf1_ra3,8,SCCD,7,1,3,2.8284271247461903,87,15.335220646883572,800.7905085440032,671.3146894967324,36.03439395909998,8.02136773667345,7.262369326009058,0.3996911404244047,0.9993342229696685,0.7863658799345224,0.3186154711159545,0.28798689836242597,0.23674945700980718
SCCD_k9_nc7_rf1_ra3,9,SCCD,7,1,3,3,93,7.605853891265232,1500.726074228366,921.632774807395,28.59917273535655,13.034991553894045,8.373505025725057,0.40263207976609244,0.9996613443844522,0.8933351962774762,0.2557295517664307,0.2007664844121205,0.18348889833284676
SCCD_k10_nc7_rf1_ra3,10,SCCD,7,1,3,3.1622776601683795,99,3.868856481584599,2400.600367318715,1274.3051042652141,23.172160165219857,18.608535685223167,10.175347481509577,0.4065091702381509,0.9998178958407671,0.8608223412874662,0.1887181651050545,0.13022279500963982,0.1260689753257288
FCCD_k3_nc10_rf1_ra3,3,FCCD,10,1,3,1,36,10.966065330678795,1.0554504985597786,0.6425093914451081,11.120965180923672,1.0381671997147226,0.655859691101929,0.30362265498455265,0.35480212260914124,0.29799084942600107,0.30257941987275877,0.3494394262786425,0.28299428227017115
FCCD_k4_nc10_rf1_ra3,4,FCCD,10,1,3,1,50,16.16347601022263,1.132349690924892,0.4773686949721527,16.412459539979487,1.1085765656061222,0.5221828584453698,0.25916162689356365,0.3003337804145301,0.30441279874201327,0.2584544625156768,0.2936107342841955,0.2979295432185072
FCCD_k5_nc10_rf1_ra3,5,FCCD,10,1,3,1,72,26.08185242776847,1.159778906351269,0.3834475387631251,26.592240831756904,1.1169812025310588,0.3982943060758019,0.22446454959661286,0.24080681891135497,0.28390238842173865,0.22447690285062014,0.23294865708023416,0.2700774304920627
FCCD_k6_nc10_rf1_ra3,6,FCCD,10,1,3,1,110,44.62997061698413,1.189011987953792,0.3184869058286306,45.87219769565344,1.101275015322189,0.2840076538355917,0.2001157927786876,0.17233188092804522,0.23034140675461864,0.2016485748470191,0.16857183089429267,0.26704463575186727
FCCD_k7_nc10_rf1_ra3,7,FCCD,10,1,3,1,84,14.394486585356578,301.7320459376758,488.22435066902375,19.715087889906247,10.05524451149565,12.85455531785234,0.1883163588024921,0.9952060682520356,0.7076159198079492,0.15905456740285628,0.14179554343497833,0.1312582018769675
FCCD_k8_nc10_rf1_ra3,8,FCCD,10,1,3,1,90,7.19270160339892,801.9147285568584,640.1935975744923,13.75819166479496,24.429341705463486,22.616376803407608,0.18746773670838496,0.9979332366889756,0.8245926990196788,0.12164968624025477,0.0945604201275874,0.07602287534749012
FCCD_k9_nc10_rf1_ra3,9,FCCD,10,1,3,1,96,3.5790660017588634,1502.0387045730583,992.3581358482026,9.565260213228438,44.663107185194036,29.31925547148971,0.18946548389040463,0.9987877411869714,0.829667199810473,0.08553113509587974,0.05859398491389626,0.052403964140525276
FCCD_k10_nc10_rf1_ra3,10,FCCD,10,1,3,1,102,1.8358007850951323,2402.102040932863,1495.6123621100571,6.75068332057087,70.82774006532097,45.78396839876617,0.19289158370793646,0.9991928598816144,0.7334455980428901,0.05497875728373395,0.034213367894154655,0.028018445657753806
RCCD_k3_nc10_rf1_ra3,3,RCCD,10,1,3,1.681792830507429,36,20.536202163772987,0.6857932753620795,0.4837923539278659,20.94657550242949,0.6654236183944708,0.5069396057282557,0.5685955751896209,0.5460480448720834,0.3957522638926576,0.5699148015244159,0.545181356088505,0.366127523784006
RCCD_k4_nc10_rf1_ra3,4,RCCD,10,1,3,2,50,33.04537999300956,0.6370779583821424,0.41338542228682984,33.73291726145504,0.6171215911358193,0.42236485710567023,0.5298423702233352,0.5338167157600885,0.35152942661695097,0.5312075852286339,0.5274324932284367,0.368339595200367
RCCD_k5_nc10_rf1_ra3,5,RCCD,10,1,3,2.378414230005442,72,56.78819246311156,0.5266004894873537,0.3268249582199484,58.012178536922235,0.506828160952512,0.26860782977939945,0.48872817139578884,0.5303501889085241,0.33308861318977395,0.4897065368795081,0.5133875564934421,0.4004734443255671
RCCD_k6_nc10_rf1_ra3,6,RCCD,10,1,3,2.8284271247461903,110,102.29502941286832,0.396106113361364,0.2026647777495623,104.53946023891392,0.37758236243247123,0.1844953501891338,0.45867946192384534,0.5172974246502945,0.36198062009643395,0.4595426910285364,0.4916647707139741,0.4110820158422339
RCCD_k7_nc10_rf1_ra3,7,RCCD,10,1,3,3.363585661014858,84,39.39882864442001,300.6730435997584,427.14221592458654,63.36465351714552,2.163701018462202,2.543143929064357,0.5154365115702185,0.9987112895394865,0.8088063181099732,0.5112042923715002,0.6589583531704643,0.6634566756786223
RCCD_k8_nc10_rf1_ra3,8,RCCD,10,1,3,4,90,21.579231837048447,800.6395896499253,664.4586101524919,62.98729469256241,3.0593475015436065,2.3456953275552026,0.5624325845083484,0.9995225953880381,0.794479834338992,0.5569325404936402,0.7550789225295509,0.7329860678578944
RCCD_k9_nc10_rf1_ra3,9,RCCD,10,1,3,4.756828460010884,96,11.62036615407529,1500.551329553563,880.4467848129906,68.71792697736089,3.1743184225626577,1.9303910855298945,0.6151488391897754,0.999777758593748,0.9351240869749967,0.6144654891542871,0.8244256184306394,0.795924320140077
RCCD_k10_nc10_rf1_ra3,10,RCCD,10,1,3,5.656854249492381,102,6.381631547421977,2400.4064601620116,1207.7976092140746,83.0472658457637,2.7669399431174213,1.5021458719652772,0.6705319149098006,0.9998986620979079,0.9082236088229603,0.6763516010444203,0.8757889863110583,0.8539754057965417
SCCD_k3_nc10_rf1_ra3,3,SCCD,10,1,3,1.7320508075688772,36,21.448631568502567,0.6728684018988321,0.4659243719075873,21.899183262307385,0.651505227065447,0.43128479785048335,0.5938584411306923,0.5565368742849504,0.41092917834932635,0.5958333705209786,0.5568283040239902,0.4303526196109315
SCCD_k4_nc10_rf1_ra3,4,SCCD,10,1,3,2,50,33.04537999300956,0.6370779583821424,0.3900891124213997,33.73291726145504,0.6171215911358193,0.40346026579406163,0.5298423702233352,0.5338167157600885,0.3725229334555597,0.5312075852286339,0.5274324932284367,0.3855985674003719
SCCD_k5_nc10_rf1_ra3,5,SCCD,10,1,3,2.23606797749979,72,53.01016794842895,0.5427800064174969,0.2921976746457256,54.040154417881844,0.5243790365662776,0.28099099316213955,0.45621389452830985,0.5145411875472067,0.3725617331530017,0.45617691905108676,0.49620456381571604,0.3828247359604893
SCCD_k6_nc10_rf1_ra3,6,SCCD,10,1,3,2.449489742783178,110,88.72298551374385,0.43567626023675626,0.18217306384524473,90.33789420001058,0.4163705784630075,0.20239540119157362,0.39782393620976686,0.4703140635175334,0.40269796408437286,0.39711434235118426,0.44586230452758846,0.37472551264878035
SCCD_k7_nc10_rf1_ra3,7,SCCD,10,1,3,2.6457513110645907,84,30.83990321461086,300.74654568595696,450.9709922525771,46.12917483385427,3.756258447175126,4.7923393240972665,0.40346407944169976,0.9984672057275717,0.7660699444229625,0.3721543616148853,0.37957687947467134,0.3520756154442672
SCCD_k8_nc10_rf1_ra3,8,SCCD,10,1,3,2.8284271247461903,90,15.457086883378881,800.7424258811066,663.7636436087638,36.28822994198123,7.9805026769221366,5.390486668501485,0.40286741393005776,0.999394230593857,0.7953116619177525,0.32085988436635315,0.28946156760139613,0.318962294180999
SCCD_k9_nc10_rf1_ra3,9,SCCD,10,1,3,3,96,7.655271934869759,1500.6785835368682,967.1427651378799,28.762947292633505,12.994273037823765,8.806163395747001,0.4052481291878823,0.9996929798119376,0.8512983040936487,0.25719399951499805,0.20139560104666504,0.1744738478389901
SCCD_k10_nc10_rf1_ra3,10,SCCD,10,1,3,3.1622776601683795,102,3.8897932731864517,2400.5533502386575,1371.6503938169762,23.281912312409975,18.568357276435506,10.38977119470259,0.4087090444960951,0.9998374782083271,0.7997302434446134,0.18961200597644406,0.13050457247726796,0.1234671684811696
FCCD_k3_nc1_rf2_ra3,3,FCCD,1,2,3,1,35,15.279666849819517,0.8592930889527983,0.36817281262269175,15.547696217382688,0.837471564388839,0.32594711731688764,0.42305538735418874,0.4357955184467404,0.5200327475486992,0.4230219972168644,0.4331807383983965,0.569431458947007
FCCD_k4_nc1_rf2_ra3,4,FCCD,1,2,3,1,57,24.95879381798729,0.8943284256622616,0.2755379675386941,25.48759266872534,0.8598870107093707,0.2720132108667788,0.40018382228424587,0.3802661904376593,0.527394252655538,0.4013647100221363,0.37852645217811764,0.5719343556786188
FCCD_k5_nc1_rf2_ra3,5,FCCD,1,2,3,1,95,42.58767865451625,0.958231689902306,0.2718013545427517,43.86417543959519,0.8863384813387817,0.24093683351009432,0.36651630224598913,0.2914563064673982,0.40051924050351095,0.3702769657913792,0.29356648345049147,0.4464668236791821
FCCD_k6_nc1_rf2_ra3,6,FCCD,1,2,3,1,165,75.40077847412815,1.0408879039810983,0.2723000522083323,78.85972510728092,0.8878792194086019,0.2203374097343992,0.3380886510092887,0.19685565712347072,0.26941133990442806,0.34665771381207783,0.20908693614279567,0.3442117276439389
FCCD_k7_nc1_rf2_ra3,7,FCCD,1,2,3,1,107,23.203097091585676,301.3953730616124,477.72838154344277,33.78864853349393,5.734108742565315,7.725108517583142,0.30355530440892536,0.99631776046506,0.7231626512436624,0.27259522785965057,0.24865047453586345,0.21841321880578346
FCCD_k8_nc1_rf2_ra3,8,FCCD,1,2,3,1,113,11.025472431636448,801.566794705567,763.2517521213508,23.818078162843403,13.347988219566954,10.741060809214064,0.28736356335467234,0.9983664067712026,0.6916446179806962,0.21059902390878232,0.17306344425167347,0.16007376041129884
FCCD_k9_nc1_rf2_ra3,9,FCCD,1,2,3,1,119,5.200700167436344,1501.7101540502051,936.1688932001937,16.694055232907502,23.975305159110437,21.19871355991996,0.2753101432910157,0.999006260209235,0.879464166945201,0.14927576057462655,0.1091535399132367,0.07247822883270506
FCCD_k10_nc1_rf2_ra3,10,FCCD,1,2,3,1,125,2.530653896196,2401.823981791066,1418.4048391152871,11.863324035534122,37.6329870761315,16.875545698150635,0.26590131228678526,0.9993085364304435,0.7733689797987152,0.09661700627259788,0.0643917933770216,0.07601506069920613
RCCD_k3_nc1_rf2_ra3,3,RCCD,1,2,3,1.681792830507429,35,22.548632902619424,1.6284230953259506,0.9566239322169146,23.718439445058284,1.2050323791552413,0.6484883822986013,0.624314700096864,0.22996239630397122,0.20014335087478954,0.6453317253329282,0.3010512886831582,0.2862110526875462
RCCD_k4_nc1_rf2_ra3,4,RCCD,1,2,3,2,57,41.86256892970849,1.5291140676464967,0.9804633707803325,44.08393756011575,0.9756974717261958,0.5450605071145027,0.6712152424952167,0.22240516297788618,0.14821271737325611,0.6942098080985497,0.33359723569029137,0.2854246427002306
RCCD_k5_nc1_rf2_ra3,5,RCCD,1,2,3,2.378414230005442,95,80.1829093846101,1.1158846084890297,0.7428787970140379,84.03944229392286,0.6588523007133387,0.35905154338131196,0.6900668075707854,0.25027916592299243,0.14654028695778124,0.7094142175827627,0.39492807543019537,0.29959571194582585
RCCD_k6_nc1_rf2_ra3,6,RCCD,1,2,3,2.8284271247461903,165,158.88957232643546,0.47511319039328426,0.2616898601785437,163.98323544796256,0.3465872217243025,0.1558148772788848,0.7124430576763818,0.4312754865013479,0.28033459864069843,0.7208502619881683,0.535634131943487,0.486748902247127
RCCD_k7_nc1_rf2_ra3,7,RCCD,1,2,3,3.363585661014858,107,58.03246366424853,300.4766376475886,429.09739472236265,93.84425161176782,1.7433438258411746,1.9159512427909866,0.7592116734963419,0.9993640951728976,0.8051209986833681,0.75710323619691,0.8178471961439715,0.880641312401797
RCCD_k8_nc1_rf2_ra3,8,RCCD,1,2,3,4,113,30.465805543556943,800.3908290937604,624.5162722506177,89.13256914112993,2.6119250130758322,1.9514116464559403,0.7940487353944282,0.9998332458698903,0.8452925727885973,0.7881085926104421,0.8844238649825098,0.8810862626857567
RCCD_k9_nc1_rf2_ra3,9,RCCD,1,2,3,4.756828460010884,119,15.601697230631812,1500.3205131639584,830.8529292974874,91.84931895350825,2.835892921481285,1.838052357277518,0.8259090818276559,0.999931569123312,0.9909419185348102,0.8213029580745232,0.9228096762024594,0.8359093832509726
RCCD_k10_nc1_rf2_ra3,10,RCCD,1,2,3,5.656854249492381,125,8.143513516802992,2400.2357405815465,1319.8395791773362,104.87750021772223,2.5546441641886495,1.3037763293018436,0.8556566877825558,0.9999697810622724,0.8311239643623098,0.8541408854751761,0.9485687133793075,0.9839077468633511
SCCD_k3_nc1_rf2_ra3,3,SCCD,1,2,3,1.7320508075688772,35,23.374036519944134,1.6381507839386336,0.9808423361712227,24.652539465948934,1.1887100353140418,0.6529602641125505,0.647168041762162,0.22859683056618674,0.19520152450626668,0.670746735435563,0.3051850660567332,0.28425089971682255
SCCD_k4_nc1_rf2_ra3,4,SCCD,1,2,3,2,57,41.86256892970849,1.5291140676464967,0.9769280294098721,44.08393756011575,0.9756974717261958,0.5463402358623567,0.6712152424952167,0.22240516297788618,0.1487490747461473,0.6942098080985497,0.33359723569029137,0.28475607374514916
SCCD_k5_nc1_rf2_ra3,5,SCCD,1,2,3,2.23606797749979,95,74.45782263071104,1.4239663157531008,0.9783134713338353,78.36717124389448,0.756285454454294,0.42713375352506655,0.6407958049388057,0.19613010925137903,0.1112748370324147,0.6615320610734468,0.3440490222058083,0.2518421966815107
SCCD_k6_nc1_rf2_ra3,6,SCCD,1,2,3,2.449489742783178,165,134.10309756696273,1.331133998458513,0.9623929192689125,141.2528054097316,0.5472493036769205,0.31448051973831087,0.6013032792246075,0.1539324159456193,0.07622741237250731,0.6209300695160413,0.3392310312752818,0.24116826228975677
SCCD_k7_nc1_rf2_ra3,7,SCCD,1,2,3,2.6457513110645907,107,44.32227765854084,301.475500437193,470.9207855210915,69.04946105913267,3.096666705329709,3.6948232567215893,0.5798477002285313,0.9960529551084901,0.733616637008321,0.5570673698991531,0.4604269673017013,0.45665670580584594
SCCD_k8_nc1_rf2_ra3,8,SCCD,1,2,3,2.8284271247461903,113,21.37921885333947,801.458421416938,650.2058479978131,53.25037995625674,6.411488442049037,5.121874486340374,0.5572195250161412,0.9985014059774835,0.8118951377392783,0.47083891340377865,0.36029836690632094,0.3356899898899755
SCCD_k9_nc1_rf2_ra3,9,SCCD,1,2,3,3,119,10.133395547073325,1501.415195186227,1369.5283066616769,41.05846251323644,10.502742133634364,7.780699344879152,0.5364328821641197,0.9992025188807624,0.601175595840905,0.3671386690758364,0.2491720157763608,0.1974687806650766
SCCD_k10_nc1_rf2_ra3,10,SCCD,1,2,3,3.1622776601683795,125,4.922835490539348,2401.3438376133595,1363.898151789753,32.20913064550061,15.195673777645874,8.179189355844438,0.5172530384633013,0.9995083462902329,0.8042758192235214,0.26231684882669126,0.15947009414819094,0.15683652435073242
FCCD_k3_nc3_rf2_ra3,3,FCCD,3,2,3,1,37,15.619599755950588,0.8228891586530329,0.3408273284190857,15.884691824481774,0.8033243204895502,0.34122185905360014,0.43246727104846017,0.45507474884084814,0.5617563597643401,0.4321909797320349,0.4515941337721974,0.5439409511105537
FCCD_k4_nc3_rf2_ra3,4,FCCD,3,2,3,1,59,25.18334760290062,0.8823826197229798,0.27346499488573117,25.71173058612972,0.8485642953073204,0.29054086049412464,0.4037842683879454,0.38541428154315316,0.5313921093594337,0.40489431171474183,0.3835772742712254,0.5354623794690299
FCCD_k5_nc3_rf2_ra3,5,FCCD,3,2,3,1,97,42.78272071072695,0.9525623425395731,0.2629722913648552,44.05912411822526,0.8810074686262717,0.25394336312976173,0.36819486504826615,0.2931909614801268,0.4139663214108389,0.3719226140791849,0.2953428664108785,0.42359958314643853
FCCD_k6_nc3_rf2_ra3,6,FCCD,3,2,3,1,167,75.60196624286306,1.0376024016316365,0.2599205874034823,79.06044834212497,0.8848749206337359,0.2283315426250637,0.3389907544451901,0.19747898810551834,0.28224282906691245,0.3475400686212703,0.20979682136097366,0.3321605048401351
FCCD_k7_nc3_rf2_ra3,7,FCCD,3,2,3,1,109,23.242854746843232,301.39315707362874,492.7944498023697,33.84818376778211,5.728265677388649,7.462245114261653,0.30407543528182807,0.9963250858741919,0.7010535997510715,0.2730755377110605,0.2489041081853391,0.2261069947601492
FCCD_k8_nc3_rf2_ra3,8,FCCD,3,2,3,1,115,11.038265086698235,801.5652339523443,695.0969013589678,23.84831936172758,13.338552363092905,8.34914319425335,0.2876969860688568,0.9983683507222633,0.7594609693799321,0.21086641605198111,0.17318587146689227,0.20593274717347612
FCCD_k9_nc3_rf2_ra3,9,FCCD,3,2,3,1,121,5.204977619224999,1501.7089984426107,1073.6436379777242,16.7102058011227,23.961963093631187,15.536499245479806,0.2755365793144243,0.9990070289728387,0.7668531407023542,0.14942017655506992,0.1092143168066458,0.09889262620096739
FCCD_k10_nc3_rf2_ra3,10,FCCD,3,2,3,1,127,2.5321834048499547,2401.823093193236,1265.7107018090294,11.872441332421724,37.61574257063041,17.44561870251641,0.26606202108969657,0.9993089061426839,0.8666674792275386,0.09669125914876818,0.06442131305573139,0.07353110557163062
RCCD_k3_nc3_rf2_ra3,3,RCCD,3,2,3,1.681792830507429,37,25.097048595481656,0.7753081237899943,0.32810944767433264,25.78536304603634,0.706779358720201,0.2822459805778952,0.6948738947887338,0.4830029064667961,0.5835306501474096,0.7015686196969216,0.5132811904786159,0.6575985322210914
RCCD_k4_nc3_rf2_ra3,4,RCCD,3,2,3,2,59,45.018879286710394,0.7094984403151398,0.3282434908231783,46.31987386509413,0.6164794620421412,0.2587435278799389,0.7218228300329639,0.4793285567698247,0.4427114155527198,0.7294201136907607,0.5279818704091968,0.6012660558812204
RCCD_k5_nc3_rf2_ra3,5,RCCD,3,2,3,2.378414230005442,97,83.75522534216093,0.5847208581944576,0.2887615514027023,86.267310599681025,0.4761247548529829,0.20479741896161582,0.7208107240410254,0.4776341824735449,0.3769950381568343,0.7282206423741032,0.5464938935884969,0.525252238577934
RCCD_k6_nc3_rf2_ra3,6,RCCD,3,2,3,2.8284271247461903,167,161.3728344250526,0.3659361327632922,0.1709738119456689,165.63110288828588,0.3016913624623986,0.11989981018191297,0.7235777269730925,0.5599465425367408,0.42907578117755646,0.7280940858634192,0.6153439201433532,0.6325507968211025
RCCD_k7_nc3_rf2_ra3,7,RCCD,3,2,3,3.363585661014858,109,58.44490833775467,300.44127044692686,464.0922889601538,94.35388724519458,1.7225859421865575,2.204488020195224,0.7646074949215514,0.9994817378337594,0.7444108234277557,0.7612148016974257,0.8277025981468823,0.7653776303124968
RCCD_k8_nc3_rf2_ra3,8,RCCD,3,2,3,4,115,30.562768577649457,800.3800880692544,605.0417792231494,89.35887708490061,2.6049436497745764,2.3052965510653034,0.7965759416582209,0.9998466635367662,0.8725000233816429,0.790109603428152,0.886794159754252,0.7458311572724937
RCCD_k9_nc3_rf2_ra3,9,RCCD,3,2,3,4.756828460010884,121,15.628054630290746,1500.3160842135308,1100.773936695835,91.97216144526136,2.833036313524466,1.7875474672673086,0.8273043669322107,0.9999345209328655,0.7479528432964891,0.822401397377107,0.9237401639096183,0.8595269443130751
RCCD_k10_nc3_rf2_ra3,10,RCCD,3,2,3,5.656854249492381,127,8.151912908786304,2400.2333920823967,1243.4704783305926,104.95864749880758,2.553292487397239,1.519245875775343,0.8565392301776779,0.9999707594788666,0.8821683525939825,0.8548017632647521,0.9490708721884771,0.8443634115001143
SCCD_k3_nc3_rf2_ra3,3,SCCD,3,2,3,1.7320508075688772,37,26.06532907291772,0.7648816131614092,0.33103742513468865,26.809712449410355,0.6938199133806545,0.2822480389172129,0.7216831358851162,0.48958697758480685,0.5783694071539223,0.7294391366149661,0.5228684614743614,0.6575937365778007
SCCD_k4_nc3_rf2_ra3,4,SCCD,3,2,3,2,59,45.018879286710394,0.7094984403151398,0.3298302823919623,46.31987386509413,0.6164794620421412,0.2578756714901508,0.7218228300329639,0.4793285567698247,0.4405815603541341,0.7294201136907607,0.5279818704091968,0.603289560407816
SCCD_k5_nc3_rf2_ra3,5,SCCD,3,2,3,2.23606797749979,97,78.42711853033387,0.6366074790031436,0.3190435507838916,80.73956435405373,0.5136440593571545,0.2252135089339258,0.6749561936148777,0.43870466227676885,0.34121257684668677,0.6815584838590256,0.506575061802768,0.47763699111020563
SCCD_k6_nc3_rf2_ra3,6,SCCD,3,2,3,2.449489742783178,167,139.43093752835475,0.5653060861384736,0.32781539476608534,143.76365023239597,0.4025815304367956,0.18525180373340086,0.6251927172621534,0.3624667721689434,0.22378668937692664,0.6319674364961777,0.4611337868619566,0.4094034116850737
SCCD_k7_nc3_rf2_ra3,7,SCCD,3,2,3,2.6457513110645907,109,45.686113966555745,300.725066085027,419.5685704542452,70.19222867680816,2.8914761279934136,3.6379137913202833,0.5976901349694324,0.998538522287245,0.8234061064137185,0.566286827103015,0.4931006851744469,0.46380038498299886
SCCD_k8_nc3_rf2_ra3,8,SCCD,3,2,3,2.8284271247461903,115,21.903962323826885,800.7195376907546,571.8986731663219,53.93395069818511,6.221176262307427,4.872976359355119,0.5708962317932295,0.9994227978066073,0.9230638070837821,0.4768830337580101,0.37132026448198163,0.352836104208981
SCCD_k9_nc3_rf2_ra3,9,SCCD,3,2,3,3,121,10.336460900440578,1500.6852991418261,1123.0809564661736,41.47673875809389,10.325723319901792,6.520223103467503,0.5471825792689495,0.9996885061603763,0.7330967469780236,0.3708788330869339,0.2534436908233835,0.2356430428795839
SCCD_k10_nc3_rf2_ra3,10,SCCD,3,2,3,3.1622776601683795,127,5.004912959035232,2400.6211341473427,1227.8847284665817,32.474471218096134,15.030616067952247,9.138816598954529,0.5258770967017821,0.999809246809645,0.8933658656525958,0.26447782931496316,0.1612213043704286,0.1403678054688063
FCCD_k3_nc5_rf2_ra3,3,FCCD,5,2,3,1,39,15.903686341186551,0.7984936932290785,0.362409682569807,16.168190061530467,0.7801296852309736,0.3363889925929141,0.44033291115307727,0.4689781276587403,0.5283024392816315,0.4399044048444781,0.4650208260466463,0.5517556954603997
FCCD_k4_nc5_rf2_ra3,4,FCCD,5,2,3,1,61,25.3829489748616,0.8731049650155477,0.2927596293236912,25.911846148399796,0.839683190022946,0.2714689456875715,0.40698463297875975,0.38950971195157685,0.4963701477693319,0.4080456224589693,0.38763426885915203,0.573081020737489
FCCD_k5_nc5_rf2_ra3,5,FCCD,5,2,3,1,99,42.96145425222939,0.9478434731943699,0.26210261708859794,44.23848321080824,0.8765263263439844,0.2471052559419067,0.36973307419204765,0.2946506221514785,0.4153398897672593,0.3734366637546468,0.2968527736055271,0.43532179173825836
FCCD_k6_nc5_rf2_ra3,6,FCCD,5,2,3,1,169,75.78966187942618,1.0347576400911964,0.25130450747829125,79.24850853662242,0.882245335914159,0.2381033392084629,0.3398323606706183,0.19802189845345072,0.29191964226041484,0.3483667582526994,0.2104221332704948,0.31852858813906254
FCCD_k7_nc5_rf2_ra3,7,FCCD,5,2,3,1,111,23.280365968290088,301.3911910490164,427.4668950545806,33.90460045964206,5.722661981357157,7.3008360403013235,0.30456617710823625,0.9963315850675952,0.8081919956098317,0.27353068823172744,0.24914783793345352,0.2311058360488357
FCCD_k8_nc5_rf2_ra3,8,FCCD,5,2,3,1,117,11.050436923602506,801.5638242307971,752.0256475086194,23.877274503214764,13.329269524988666,10.375602243307906,0.2880142280235278,0.9983701065666933,0.7019693653639894,0.21112243689852678,0.1733064824578963,0.16571201885136683
FCCD_k9_nc5_rf2_ra3,9,FCCD,5,2,3,1,123,5.2090732865465155,1501.7079406888627,1047.7759450019469,16.72579458129319,23.94872740266739,14.07200174258171,0.27575339218977896,0.9990077326405762,0.7857853577434337,0.14955956911031879,0.10927467604502078,0.10918455245109737
FCCD_k10_nc5_rf2_ra3,10,FCCD,5,2,3,1,129,2.533655123706159,2401.822271457821,1359.9711874424002,11.881297066992179,37.59857694336504,19.234274110911787,0.26621665779279147,0.9993092480362239,0.8065981937684326,0.09676338181522989,0.06445072460100147,0.06669321769982499
RCCD_k3_nc5_rf2_ra3,3,RCCD,5,2,3,1.681792830507429,39,26.39742058142139,0.598869034871881,0.29177115951948474,26.97011699233475,0.5687044934912252,0.29764979327035246,0.7308779110819796,0.6253054597788634,0.65620577316904,0.7338034262924729,0.6378999195567547,0.623566845164054
RCCD_k4_nc5_rf2_ra3,4,RCCD,5,2,3,2,61,46.57324534686393,0.5439401860151328,0.23457276263819846,47.64005128870365,0.504189308478655,0.2145376662503158,0.7467451942993356,0.6252210668936239,0.6194970755936845,0.7502095478162907,0.6455709670242737,0.7251579790732176
RCCD_k5_nc5_rf2_ra3,5,RCCD,5,2,3,2.378414230005442,99,85.64993781317611,0.45177391592128036,0.18553425163128087,87.72846581883445,0.4019602008781987,0.14797668801964647,0.737116919415734,0.6181912218402692,0.586747035289383,0.7405549018392884,0.6473259555174725,0.7269408729454054
RCCD_k6_nc5_rf2_ra3,6,RCCD,5,2,3,2.8284271247461903,169,163.12136002812693,0.3136364407304496,0.1267443044121146,166.9288626307904,0.27441310527895113,0.09778475008614482,0.7314179200634258,0.653319084519817,0.5788088250731722,0.7337988790871078,0.6765126813542219,0.7756088797328142
RCCD_k7_nc5_rf2_ra3,7,RCCD,5,2,3,3.363585661014858,111,58.77536876625239,300.4188974622688,424.6132330862412,94.78302495747388,1.7079564452339657,2.0346701621295784,0.768930754681737,0.9995561718649588,0.8136235426773242,0.7646769375785334,0.8347922828229944,0.8292576597198139
RCCD_k8_nc5_rf2_ra3,8,RCCD,5,2,3,4,117,30.647838300701565,800.3718727863566,731.8066415533734,89.5629117495503,2.5992553256959225,2.1710509506348132,0.7987931653555659,0.9998569262952097,0.7213640004667368,0.7919136743076325,0.8887348588929136,0.7919491682286792
RCCD_k9_nc5_rf2_ra3,9,RCCD,5,2,3,4.756828460010884,123,15.652210592614546,1500.312376639824,967.799619442389,92.08696058988666,2.830532516329579,1.7277664590174577,0.8285831142613374,0.9999369919722277,0.8507205202794875,0.8234279142651952,0.9245572744772794,0.8892667202421493
RCCD_k10_nc5_rf2_ra3,10,RCCD,5,2,3,5.656854249492381,129,8.159784894595036,2400.231333464432,1293.2996061745594,105.03602594335598,2.5520606768888836,1.3514456638772918,0.8573663568582529,0.9999716171286027,0.8481795696302815,0.8554319469839108,0.9495289629713972,0.949202520578454
SCCD_k3_nc5_rf2_ra3,3,SCCD,5,2,3,1.7320508075688772,39,27.426548344154348,0.5883698049078004,0.2806616702130833,28.044058108018888,0.5572567349561601,0.28039382142837477,0.75937185984272,0.6364637921155173,0.6821805028650672,0.7630232354074782,0.6510043358707139,0.6619423409824968
SCCD_k4_nc5_rf2_ra3,4,SCCD,5,2,3,2,61,46.57324534686393,0.5439401860151328,0.24218039329799776,47.64005128870365,0.504189308478655,0.23046903898785545,0.7467451942993356,0.6252210668936239,0.6000367680032869,0.7502095478162907,0.6455709670242737,0.6750308031672809
SCCD_k5_nc5_rf2_ra3,5,SCCD,5,2,3,2.23606797749979,99,80.35214999357493,0.47762760748438937,0.1951686294928514,82.22283810262437,0.42510310803654805,0.15605838677442474,0.691523319034837,0.5847289074220178,0.5577826332652287,0.6940794556441916,0.612085082876187,0.6892952374296916
SCCD_k6_nc5_rf2_ra3,6,SCCD,5,2,3,2.449489742783178,169,141.99016523382892,0.410714288144941,0.19066171669850832,145.46260534864103,0.3389951244113957,0.13624807427671556,0.6366680078371206,0.4988983296771998,0.38476902018823833,0.6394358355511531,0.5476301347204893,0.5566516875330935
SCCD_k7_nc5_rf2_ra3,7,SCCD,5,2,3,2.6457513110645907,111,46.337047405499526,300.573610123436,512.1172984822063,70.91703697699366,2.8121357273401513,2.9415317351168286,0.606205993754516,0.9990416756146996,0.6746019398196597,0.5721343318810702,0.5070128180575716,0.5736010925213749
SCCD_k8_nc5_rf2_ra3,8,SCCD,5,2,3,2.8284271247461903,117,22.153289495426534,800.5704339422138,796.3413173881356,54.37195868585667,6.145215851458379,4.631465650164356,0.5773945968216914,0.9996089371882434,0.6629054087642818,0.4807558926023388,0.3759101178782517,0.3712349662954553
SCCD_k9_nc5_rf2_ra3,9,SCCD,5,2,3,3,123,10.432630266280652,1500.5380252183409,874.8074754912974,41.74760074145079,10.252953032963783,6.483721554899926,0.5522735095354965,0.9997866229998639,0.9411522178819215,0.37330084068258695,0.25524250625192885,0.23696964765454998
SCCD_k10_nc5_rf2_ra3,10,SCCD,5,2,3,3.1622776601683795,129,5.043688435054495,2400.475324289133,1388.0381760189985,32.6481151835674,14.96089028424757,8.114379364252336,0.5299513203534498,0.9998699773004103,0.790288280481081,0.26589201643915233,0.16197268223521744,0.15808918624491067
FCCD_k3_nc7_rf2_ra3,3,FCCD,7,2,3,1,41,16.14834131457568,0.7810061453087603,0.32649995571972473,16.413568620759477,0.7633304838774498,0.3385928357579275,0.4471067895074008,0.47947904052642465,0.5864071831154128,0.4465806690798959,0.4752548972063063,0.5481644115058066
FCCD_k4_nc7_rf2_ra3,4,FCCD,7,2,3,1,63,25.562735507660225,0.8656913469513193,0.2876869105751829,26.092767966345576,0.8325245222922024,0.2770745186895778,0.40986729078727674,0.39284539995040696,0.5051225312189477,0.41089468058463485,0.39096743786199667,0.561486856420245
FCCD_k5_nc7_rf2_ra3,5,FCCD,7,2,3,1,101,43.126450583274035,0.9438545442078891,0.26908332856002193,44.404632637845886,0.8727038992467047,0.2461584075451283,0.37115305872863674,0.29589587801722317,0.4045649080968822,0.3748392047826024,0.2981529833177925,0.4369962571554694
FCCD_k6_nc7_rf2_ra3,6,FCCD,7,2,3,1,171,75.96558930458733,1.0322705077605974,0.25635950331377866,79.42544702390559,0.8799230535744208,0.22608245655739723,0.3406211995533452,0.19849900853468186,0.2861634578520014,0.3491445582184425,0.21097747683377466,0.3354648636791207
FCCD_k7_nc7_rf2_ra3,7,FCCD,7,2,3,1,113,23.315874164015067,301.38943495200243,467.4200847391819,33.95822962491618,5.7172610119837834,6.491203681000581,0.30503071428272477,0.996337390363729,0.7391109929819843,0.2739633499439391,0.24938320235695985,0.25993111599438
FCCD_k8_nc7_rf2_ra3,8,FCCD,7,2,3,1,119,11.062046012237131,801.5625446300301,690.3627420669776,23.90506181158449,13.320120273266724,10.871273855622281,0.28831680272933113,0.9983717003476935,0.7646689694442592,0.2113681317853983,0.17342552227139063,0.1581564421402303
FCCD_k9_nc7_rf2_ra3,9,FCCD,7,2,3,1,125,5.213002118721918,1501.7069688648007,1151.1623636972458,16.740867085969814,23.93558687772414,16.622619322434453,0.275961373291237,0.9990083791447031,0.7152136151619817,0.14969434520683803,0.10933466732969538,0.09243099312761183
FCCD_k10_nc7_rf2_ra3,10,FCCD,7,2,3,1,131,2.5350732912300287,2401.8215093118674,1352.0145844014532,11.889910172918102,37.58148329581457,19.971667264123827,0.2663656677408552,0.9993095651370146,0.8113450224753147,0.09683352847115692,0.06448003951553079,0.06423077320547503
RCCD_k3_nc7_rf2_ra3,3,RCCD,7,2,3,1.681792830507429,41,27.29407772344113,0.5226370753625791,0.26080849431046293,27.817084828539034,0.5039304551505588,0.279456464641679,0.755704082900349,0.7165126525669716,0.7341092161400123,0.7568477423532028,0.7198940785216704,0.664162637251244
RCCD_k4_nc7_rf2_ra3,4,RCCD,7,2,3,2,63,47.62749438930355,0.4728180141021913,0.23651121809549364,48.58890764224121,0.4493401794159093,0.23271359082619117,0.7636487920661053,0.7192679916658054,0.6144196526425325,0.7651516202254112,0.7243731906213345,0.6685200462114743
RCCD_k5_nc7_rf2_ra3,5,RCCD,7,2,3,2.378414230005442,101,86.95822892441142,0.39132283245377614,0.15208506062149663,88.82273847677052,0.36176614295487086,0.18191880717495276,0.748376279763622,0.7136886629581697,0.715794645735909,0.7497921428330695,0.719247160577805,0.5913094112425689
RCCD_k6_nc7_rf2_ra3,6,RCCD,7,2,3,2.8284271247461903,171,164.4755817091086,0.2829525078768008,0.10363938170621083,168.00107312838,0.25608324509807934,0.11659777468494438,0.7374900985018451,0.7241663057437466,0.7078460013342227,0.7385121853954176,0.7249359308138272,0.6504645622457247
RCCD_k7_nc7_rf2_ra3,7,RCCD,7,2,3,3.363585661014858,113,59.051359020467224,300.40346880332805,469.5566283096415,95.15398576172521,1.6970580391493777,2.1923412616054843,0.7725414065400383,0.9996075088595988,0.7357479420852343,0.7676697221186327,0.8401532693565165,0.7696182371323425
RCCD_k8_nc7_rf2_ra3,8,RCCD,7,2,3,4,119,30.723639354001307,800.3653860824995,834.6423084847269,89.74874349113729,2.5945186099506303,1.9992070645934539,0.8007688141014417,0.999865029813794,0.6324852708191329,0.7935567952648281,0.890357388938897,0.8600219682031598
RCCD_k9_nc7_rf2_ra3,9,RCCD,7,2,3,4.756828460010884,125,15.674507342403933,1500.3092274709327,947.1949323038998,92.19472704642558,2.8283166011474803,1.7228290695979516,0.8297634402139611,0.9999390908531856,0.869226563296436,0.8243915459017176,0.9252816419333142,0.891815235456527
RCCD_k10_nc7_rf2_ra3,10,RCCD,7,2,3,5.656854249492381,131,8.16719223524002,2400.2295141763393,1285.581156085282,105.10997759174384,2.550932674400024,1.3857548246432885,0.8581446622602744,0.99997237507131,0.8532719215552828,0.8560342222698895,0.9499488372566831,0.9257017242623391
SCCD_k3_nc7_rf2_ra3,3,SCCD,7,2,3,1.7320508075688772,41,28.362920353905473,0.5125301353296572,0.27246197321609783,28.925948080911613,0.49327829629546505,0.2665802904437187,0.7852976360514835,0.7306420664553205,0.7027106097079336,0.7870177135888513,0.7354399197655368,0.6962425550830885
SCCD_k4_nc7_rf2_ra3,4,SCCD,7,2,3,2,63,47.62749438930355,0.4728180141021913,0.22180253613987325,48.58890764224121,0.4493401794159093,0.20933681562786752,0.7636487920661053,0.7192679916658054,0.6551644674461948,0.7651516202254112,0.7243731906213345,0.7431741045001977
SCCD_k5_nc7_rf2_ra3,5,SCCD,7,2,3,2.23606797749979,101,81.64730002678314,0.40933790851755886,0.1599496064246389,83.31060890184582,0.3792403844864847,0.16709932549506626,0.7026695851855728,0.6822790249023791,0.680599812170086,0.7032618115639294,0.6861064426611668,0.6437506701231288
SCCD_k6_nc7_rf2_ra3,6,SCCD,7,2,3,2.449489742783178,171,143.70332048960827,0.3443136753381712,0.14002120235603122,146.75235495000288,0.3032456035892866,0.1114048207245853,0.6443496042492142,0.5951104675956363,0.5239258104280421,0.6451054171733297,0.6121900646000339,0.6807849065774825
SCCD_k7_nc7_rf2_ra3,7,SCCD,7,2,3,2.6457513110645907,113,46.7713177760274,300.50855935614396,454.2825236458554,71.45104914736089,2.7697126168777952,3.532147081809497,0.6118873506010195,0.9992579371005446,0.7604856119022132,0.5764425589211895,0.514778627642009,0.47768843648632336
SCCD_k8_nc7_rf2_ra3,8,SCCD,7,2,3,2.8284271247461903,119,22.31923578783882,800.5063956235678,626.1871518629963,54.6961476221499,6.103784246293856,4.885201573955944,0.5817197555129651,0.999688903164769,0.8430370456316356,0.4836223654167529,0.3784617414207676,0.3519531320270613
SCCD_k9_nc7_rf2_ra3,9,SCCD,7,2,3,3,125,10.496528410934681,1500.4747744525955,1052.1520098958204,41.94905955195993,10.212563330909331,7.417724407240672,0.5556560939557404,0.9998287678399927,0.7825171534480475,0.375102255422364,0.2562519657230829,0.20713161179931064
SCCD_k10_nc7_rf2_ra3,10,SCCD,7,2,3,3.1622776601683795,131,5.0694189478590905,2400.4127036241207,1354.5692226834192,32.77790819946206,14.921597459694953,7.664947423039423,0.5326548813306495,0.9998960613662086,0.8098148732444087,0.2669490736849354,0.16239920253256337,0.1673586992549094
FCCD_k3_nc10_rf2_ra3,3,FCCD,10,2,3,1,44,16.462339191477994,0.7624331162648781,0.3358301630068392,16.730047736258566,0.7453046182928331,0.34896938137600675,0.45580059773940884,0.4911592495252901,0.570115315451911,0.4551914385240643,0.4867493662934491,0.5318648353086938
FCCD_k4_nc10_rf2_ra3,4,FCCD,10,2,3,1,66,25.80305661378681,0.8569980344911956,0.28322533066947886,26.33555571434814,0.8240487558357388,0.2834954354079729,0.4137205466588007,0.3968303890318799,0.5130796038786485,0.41471796963905966,0.3949887396016486,0.5487696839608027
FCCD_k5_nc10_rf2_ra3,5,FCCD,10,2,3,1,104,43.35245543609969,0.9389078130835297,0.25399044324250114,44.63307480957044,0.8679140167430445,0.26247532763845033,0.37309809225862284,0.29745483548776586,0.42860538648436913,0.3767675865054378,0.2997984432719561,0.4098301494940724
FCCD_k6_nc10_rf2_ra3,6,FCCD,10,2,3,1,174,76.21043577229828,1.0290755520567851,0.27794400381421913,79.67273168574404,0.8769048693770848,0.22436996457928,0.34171906370870253,0.1991152854817451,0.26394065320627547,0.3502315913702458,0.21170363186929847,0.33802528164356577
FCCD_k7_nc10_rf2_ra3,7,FCCD,10,2,3,1,116,23.3658223600653,301.38712632306624,491.858479711646,34.03404960875484,5.709477006507683,7.706262298763199,0.3056841632510611,0.9963450223198701,0.7023876525903067,0.27457503956953416,0.2497231985090735,0.2189473640444477
FCCD_k8_nc10_rf2_ra3,8,FCCD,10,2,3,1,122,11.078512636232757,801.5608323475399,658.0089144688371,23.94477386956791,13.306612479263109,10.644599171862227,0.2887459823202417,0.9983738330546724,0.8022671956430913,0.2117192650964714,0.17360156979914887,0.1615243530336266
FCCD_k9_nc10_rf2_ra3,9,FCCD,10,2,3,1,128,5.218610949260972,1501.7056506567462,985.2386601493936,16.762594462248014,23.916034165698857,13.188187003760056,0.2762582886852585,0.9990092560814658,0.835662493850451,0.14988862817607285,0.10942405461062442,0.11650162466734766
FCCD_k10_nc10_rf2_ra3,10,FCCD,10,2,3,1,134,2.537108311289335,2401.8204643755403,1382.043422733477,11.902411490950486,37.55596499570102,18.728501952652586,0.2665794917272616,0.9993099998967655,0.7937162359186554,0.09693534141322382,0.06452385202307465,0.06849429996164004
RCCD_k3_nc10_rf2_ra3,3,RCCD,10,2,3,1.681792830507429,44,28.279976648368994,0.4652184492562367,0.28398960137177387,28.768168755560527,0.4528701519576906,0.2655782685083497,0.7830011343136369,0.8049467466231738,0.6741863730083058,0.7827248508781094,0.8010608539365824,0.6988694654716872
RCCD_k4_nc10_rf2_ra3,4,RCCD,10,2,3,2,66,48.77182928659289,0.4194097919673779,0.23065615109048498,49.65425545973343,0.40508316610723927,0.21332605621706696,0.7819968066580791,0.8108605710692361,0.6300163242179847,0.7819281366817951,0.8035139612582589,0.729276597767605
RCCD_k5_nc10_rf2_ra3,5,RCCD,10,2,3,2.378414230005442,104,88.38962871452053,0.34451312384706717,0.15934720005373784,90.08201546605959,0.327167325867281,0.16120946685353008,0.7606951328845549,0.8106590133933932,0.6831727953335621,0.7604222585940957,0.7953094656494759,0.6672703834589737
RCCD_k6_nc10_rf2_ra3,6,RCCD,10,2,3,2.8284271247461903,174,166.06933475303987,0.25507838948453654,0.12003367955061348,169.32714773472318,0.2376364331836664,0.10699459931346128,0.7446363087607956,0.8033007921374422,0.6111678172004983,0.7443414473000693,0.7812099481712032,0.7088462497725903
RCCD_k7_nc10_rf2_ra3,7,RCCD,10,2,3,3.363585661014858,116,59.39564605506198,300.38760941211973,505.9364602253938,95.63094381555408,1.685035874350695,1.7932012579896925,0.7770455533432836,0.9996602845601972,0.6828433017406798,0.7715176561143974,0.8461474806454887,0.9409238418898137
RCCD_k8_nc10_rf2_ra3,8,RCCD,10,2,3,4,122,30.823844202451845,800.3578663492797,733.9512987327987,89.9998211502184,2.5887122568417196,1.8097127820711585,0.8033805137356032,0.9998744240093109,0.7192561242558069,0.7957768194651967,0.892354416371994,0.950074515454087
RCCD_k9_nc10_rf2_ra3,9,RCCD,10,2,3,4.756828460010884,128,15.705037400179366,1500.3053027740095,956.4941774197326,92.34496913257642,2.8254263812719764,1.7355275730753659,0.8313796138656294,0.9999417066260325,0.8607757529683566,0.8257349883048717,0.9262281424012366,0.8852900041410784
RCCD_k10_nc10_rf2_ra3,10,RCCD,10,2,3,5.656854249492381,134,8.177543812337587,2400.2271500125844,1394.5039876792778,105.21512003504463,2.5494067992502223,1.3517026013281817,0.8592323249938544,0.9999733600191075,0.7866239989701902,0.8568905208986279,0.9505174021968799,0.9490220920760778
SCCD_k3_nc10_rf2_ra3,3,SCCD,10,2,3,1.7320508075688772,44,29.391135523024218,0.45557464631507155,0.2894721284502865,29.915884356627014,0.4428841426572118,0.25868430323636654,0.8137663173997369,0.821986210661296,0.6614174578599963,0.8139519175130548,0.8191229166007941,0.7174944139681134
SCCD_k4_nc10_rf2_ra3,4,SCCD,10,2,3,2,66,48.77182928659289,0.4194097919673779,0.2260714907464801,49.65425545973343,0.40508316610723927,0.21408306499793375,0.7819968066580791,0.8108605710692361,0.6427928616229466,0.7819281366817951,0.8035139612582589,0.7266978380315369
SCCD_k5_nc10_rf2_ra3,5,SCCD,10,2,3,2.23606797749979,104,83.04385305158578,0.3580592474452626,0.16630550203569333,84.54528902924727,0.3408890823041722,0.16116697342820266,0.7146885415295771,0.779990102396766,0.6545885178586814,0.7136842943010481,0.7632959945643016,0.66744631655252
SCCD_k6_nc10_rf2_ra3,6,SCCD,10,2,3,2.449489742783178,174,145.54298301751902,0.29445518298601225,0.11146358834903061,148.24904291420734,0.2717122551196813,0.11735236668970415,0.6525984451094858,0.6958772817383383,0.6581586238886821,0.651684674547805,0.6832372929562228,0.6462819848346698
SCCD_k7_nc10_rf2_ra3,7,SCCD,10,2,3,2.6457513110645907,116,47.2363724118624,300.4597155866186,421.9177779828685,72.05849785412592,2.733130588615438,3.4673247932593005,0.6179714436421536,0.9994203799234729,0.818821441047046,0.5813432467504028,0.5216687654143126,0.4866189115682097
SCCD_k8_nc10_rf2_ra3,8,SCCD,10,2,3,2.8284271247461903,122,22.496602734667814,800.4583129130368,696.9398209317083,55.06612407260462,6.067295678929279,4.93311812441787,0.5863425776349331,0.9997489534526809,0.7574527249904357,0.486893690617816,0.3807378010488989,0.3485345274881728
SCCD_k9_nc10_rf2_ra3,9,SCCD,10,2,3,3,128,10.56472823515961,1500.427283727865,1111.204715111756,42.179778517672936,10.176379313648727,6.138286256320595,0.5592663969486629,0.9998604138872929,0.7409318774313476,0.3771653101208958,0.25716311744659925,0.2503052396379801
SCCD_k10_nc10_rf2_ra3,10,SCCD,10,2,3,3.1622776601683795,134,5.096852730560305,2400.365686520117,1368.8034616652697,32.92708009099855,14.88590951316563,8.335909355261482,0.5355374085826806,0.9999156468057832,0.8013935777409665,0.2681639559166865,0.16278854347617588,0.15388790543499242
FCCD_k3_nc1_rf3_ra3,3,FCCD,1,3,3,1,43,19.711079037844826,0.7423974307632846,0.2406908592808008,20.125037220409396,0.71649398714294,0.24489353844928288,0.5457499996227321,0.5044145651378049,0.7954681781144946,0.5475623732294955,0.5063218354367626,0.7578988965107587
FCCD_k4_nc1_rf3_ra3,4,FCCD,1,3,3,1,73,33.115837876658624,0.7952478948113717,0.23151385258146878,34.01134122040174,0.7492460952198035,0.22558680842861756,0.5309720764661273,0.4276438399215924,0.6276822697560136,0.5355920538992659,0.4344233243449569,0.6896400617432008
FCCD_k5_nc1_rf3_ra3,5,FCCD,1,3,3,1,127,57.600882674902174,0.8818730367577152,0.22709255895415606,59.906414031894755,0.7823928831428523,0.20205563874943702,0.49572231197136163,0.3166926047605979,0.4793713743446112,0.5056966190945182,0.3325685556702169,0.532379613013257
FCCD_k6_nc1_rf3_ra3,6,FCCD,1,3,3,1,229,103.35317180656887,0.9866465791476181,0.24668136372069582,109.82678465124118,0.7781306018526629,0.1951691299655782,0.4634240539784845,0.20767788249678226,0.2973906127929265,0.4827851229602568,0.23857684713722754,0.38859998239805804
FCCD_k7_nc1_rf3_ra3,7,FCCD,1,3,3,1,139,30.92139754401444,301.2769537350089,448.1784099799925,46.88489403232634,4.14695554328676,4.5008920430921435,0.40453023176921277,0.9967093711635046,0.7708432965048955,0.3782512449187913,0.34381580535321316,0.3748736474448175
FCCD_k8_nc1_rf3_ra3,8,FCCD,1,3,3,1,145,14.243850791245166,801.4449546674061,763.4640238585047,33.223678105625794,9.340870079685555,7.4868298106625355,0.3712461071073536,0.9985181838837679,0.6914523147418221,0.2937631714812161,0.24730552886426443,0.2296515398398206
FCCD_k9_nc1_rf3_ra3,9,FCCD,1,3,3,1,151,6.504942744601104,1501.5948179866875,1012.6917431696993,23.390127810156798,16.562684215962566,8.604961631150301,0.3443530027609312,0.9990829929257453,0.8130085006927446,0.20915104629079231,0.15800515148956493,0.17855340653616095
FCCD_k10_nc1_rf3_ra3,10,FCCD,1,3,3,1,157,3.0668743604347406,2401.7253546939655,1311.5877771587345,16.686038346416076,25.8195873771903,11.772347677084637,0.32224316343064763,0.9993495731376021,0.8363529475278056,0.13589404341916442,0.09385337931880164,0.10896684890424722
RCCD_k3_nc1_rf3_ra3,3,RCCD,1,3,3,1.681792830507429,43,27.806688059777713,1.534966777337201,0.9493111088254772,29.41092448669439,1.062389607285549,0.6067552168257246,0.7698969685523811,0.24396363669024282,0.20168511412217072,0.8002129603256585,0.3414722321846946,0.3058969043963521
RCCD_k4_nc1_rf3_ra3,4,RCCD,1,3,3,2,73,53.5329155243689,1.4497915123194516,0.9791816738841759,56.704047938497375,0.830324755232966,0.4833693630366773,0.8583350184624094,0.23457363388934135,0.14840671996224933,0.892944424125345,0.3920032220965659,0.32185262945876597
RCCD_k5_nc1_rf3_ra3,5,RCCD,1,3,3,2.378414230005442,127,105.5560614474711,1.0240044236620627,0.6977509339537639,111.10000926750435,0.5375356762894157,0.30567511288287424,0.9084321696710935,0.2727358033085089,0.15601795252702894,0.9378444691754421,0.4840595379819604,0.3519105685446807
RCCD_k6_nc1_rf3_ra3,6,RCCD,1,3,3,2.8284271247461903,229,213.84268979775578,0.40259287162027313,0.24493434175381354,221.0337352801464,0.27273454553772275,0.13110076118730135,0.9588466854719301,0.5089624948037776,0.29951178506127274,0.971637286882771,0.6806763158109893,0.5785070947140637
RCCD_k7_nc1_rf3_ra3,7,RCCD,1,3,3,3.363585661014858,139,74.9139815680691,300.35208510923866,399.55982592445224,121.9356820926898,1.4698348186902792,1.7880395231517312,0.980064703846213,0.9997785199129299,0.8646397874760852,0.9837352627859481,0.9700333954189367,0.9436401125939367
RCCD_k8_nc1_rf3_ra3,8,RCCD,1,3,3,4,145,38.00730165367446,800.2788317660713,677.1917683073643,112.1955025331766,2.3260922837329328,1.7193619945373237,0.990607314508948,0.9999731704152203,0.7795413223030577,0.9920306398734886,0.993102823677242,1
RCCD_k9_nc1_rf3_ra3,9,RCCD,1,3,3,4.756828460010884,151,18.79539917546763,1500.2266991495417,1293.7517516050075,111.35573564856739,2.623781752843219,1.5364452123548464,0.9949744983588631,0.9999940980695671,0.6363871544575016,0.9957264368288469,0.9974112464884446,1
RCCD_k10_nc1_rf3_ra3,10,RCCD,1,3,3,5.656854249492381,157,9.488214410718646,2400.1678220680324,1520.5119665649354,122.4789314236597,2.426540572455333,1.4592073212665813,0.9969473371530032,0.9999980776090657,0.7214348374030397,0.9974900500210466,0.9986462025295438,0.8791044369649204
SCCD_k3_nc1_rf3_ra3,3,SCCD,1,3,3,1.7320508075688772,43,28.723278598776727,1.5570631742373984,0.9848730973144337,30.464104133826467,1.0529178568024467,0.6115544779176376,0.795275045792723,0.24050153095508964,0.19440262897117602,0.828867891032361,0.34454401956038183,0.303496334758787
SCCD_k4_nc1_rf3_ra3,4,SCCD,1,3,3,2,73,53.5329155243689,1.4497915123194516,0.9861096085913519,56.704047938497375,0.830324755232966,0.4877769266448516,0.8583350184624094,0.23457363388934135,0.14736408529258688,0.892944424125345,0.3920032220965659,0.31894436164348544
SCCD_k5_nc1_rf3_ra3,5,SCCD,1,3,3,2.23606797749979,127,98.19846348536251,1.3578518874413372,0.9593660173609745,104.03960206646735,0.6167814878249439,0.35493016478088285,0.8451115172269695,0.20567977381185845,0.113472512179184,0.8782444395510004,0.4218662139667289,0.3030745578668428
SCCD_k6_nc1_rf3_ra3,6,SCCD,1,3,3,2.449489742783178,229,180.94161692346128,1.2815237578170597,0.9580579822953307,191.990546011346,0.42695149781486835,0.25018226949940026,0.8113219573466726,0.1598914347706707,0.07657231950172132,0.843966976340384,0.4348127283804476,0.30314986198272453
SCCD_k7_nc1_rf3_ra3,7,SCCD,1,3,3,2.6457513110645907,139,57.55938759436082,301.3739621243116,440.6758305492034,91.5396275404592,2.486286829183806,2.800345891623353,0.7530226397722439,0.996388543279045,0.7839670320488025,0.7385103196075867,0.5734611321362163,0.602520503626502
SCCD_k8_nc1_rf3_ra3,8,SCCD,1,3,3,2.8284271247461903,145,26.91991870105108,801.3572538888113,711.7740200285456,69.6227992241849,5.222438239330958,3.872548860798125,0.7016301397620872,0.9986274620137688,0.7416665285112506,0.6156035536605217,0.44233147607408724,0.4439871661639839
SCCD_k9_nc1_rf3_ra3,9,SCCD,1,3,3,3,151,12.357477142056231,1501.3245222792614,906.2810854501873,52.78215326126509,8.677946673958685,5.84308213688136,0.6541693797302714,0.9992628659913902,0.908467592446044,0.4719701691959478,0.3015678163211366,0.2629511576872846
SCCD_k10_nc1_rf3_ra3,10,SCCD,1,3,3,3.1622776601683795,157,5.8191146950618755,2401.274014148501,1494.8587951295224,40.648478437583755,12.718877357638224,7.316316927501002,0.6114270450377025,0.9995374096688734,0.7338153322187898,0.33104838782217155,0.19052432536517197,0.17533352413361153
FCCD_k3_nc3_rf3_ra3,3,FCCD,3,3,3,1,45,20.13662798214614,0.70933956515016,0.23861093045000076,20.54382158084234,0.6860886477444383,0.2430463663024616,0.5575323751966921,0.5279221625239712,0.8024021320390865,0.5589566656106052,0.5287604624304298,0.7636589897515647
FCCD_k4_nc3_rf3_ra3,4,FCCD,3,3,3,1,75,33.40990249313361,0.7838226674826301,0.23205555660444205,34.30264494200283,0.7386833641662441,0.2143507892434454,0.5356870439873022,0.4338773009958072,0.6262170257616393,0.5401793460483693,0.4406353184970497,0.7257901920597697
FCCD_k5_nc3_rf3_ra3,5,FCCD,3,3,3,1,129,57.863214449156835,0.8763133568989957,0.24956171857284642,60.16641449472145,0.7773469245435121,0.2086563234267365,0.49797998073611016,0.3187018283816135,0.436211421815129,0.5078913983537887,0.33472734360694123,0.5155381873789311
FCCD_k6_nc3_rf3_ra3,6,FCCD,3,3,3,1,231,103.62828312249776,0.9833890306823382,0.24552634068565105,110.09830774893095,0.7753085573264313,0.20868381063373917,0.46465762232568275,0.20836583075153406,0.29878961954398503,0.48397870531378717,0.2394452426672226,0.36343365706686037
FCCD_k7_nc3_rf3_ra3,7,FCCD,3,3,3,1,141,30.974161029276445,301.2747710665284,452.4471844602017,46.9651906627233,4.143167352719583,4.530776999222875,0.40522051185411545,0.9967165921004617,0.7635705002418659,0.37889905059346113,0.34413016383304385,0.372400984916872
FCCD_k8_nc3_rf3_ra3,8,FCCD,3,3,3,1,147,14.260317166063446,801.4434149912767,714.5641858566946,33.264067328177816,9.3357417576105,6.522112858681972,0.3716752802038041,0.9985201021659371,0.7387705358982805,0.2941202922693727,0.2474413790661966,0.263620399062641
FCCD_k9_nc3_rf3_ra3,9,FCCD,3,3,3,1,153,6.5102753471640655,1501.5936765349186,1047.5315683378176,23.41140107836286,16.555969801206388,9.909763218347374,0.34463529543854327,0.999083752388886,0.7859686721276978,0.20934126869314235,0.15806923182635294,0.15504358464490894
FCCD_k10_nc3_rf3_ra3,10,FCCD,3,3,3,1,159,3.068722446590264,2401.724476052725,1216.3121359888744,16.69785966481043,25.81123235690971,16.63713326942313,0.32243734586496287,0.9993499387373024,0.9018657883211191,0.13599031832407613,0.09388375938267333,0.07710436706873999
RCCD_k3_nc3_rf3_ra3,3,RCCD,3,3,3,1.681792830507429,45,30.93800515685151,0.6908223830031505,0.32735993989969253,31.84790058263109,0.613715231594788,0.2731359166785161,0.8565952310506237,0.5420728777923486,0.5848666742166965,0.8665182496019138,0.5911154424290785,0.6795318053018458
RCCD_k4_nc3_rf3_ra3,4,RCCD,3,3,3,2,75,57.569134452575646,0.6301726596968091,0.3280049419003992,59.368680753309626,0.5227304903343124,0.2459326236040604,0.923050866914258,0.5396661663968719,0.44303338732140785,0.9349056085703911,0.6226726495898449,0.6325866744040821
RCCD_k5_nc3_rf3_ra3,5,RCCD,3,3,3,2.378414230005442,129,110.15235921012861,0.51594352293251,0.2838263330169542,113.72370005821898,0.39234747664307335,0.19078461612141726,0.9479886356070949,0.54130472942379,0.3835502891226997,0.959992207174038,0.6631857896468234,0.5638311146435041
RCCD_k6_nc3_rf3_ra3,6,RCCD,3,3,3,2.8284271247461903,231,216.95446803376254,0.30750741134132725,0.1630586033251555,222.9602758050203,0.23877334008892534,0.10524955790371548,0.9727995507783881,0.6663405978941789,0.4499040248443914,0.9801061235799641,0.7774902574209627,0.7205989457803758
RCCD_k7_nc3_rf3_ra3,7,RCCD,3,3,3,3.363585661014858,141,75.35715874395646,300.3274040961507,443.3689290308646,122.49275940359672,1.4550149923796243,1.6872658169493084,0.98586258427582,0.9998606820679595,0.7792050826079654,0.9882295714692795,0.9799135179681433,1
RCCD_k8_nc3_rf3_ra3,8,RCCD,3,3,3,4,147,38.10130445652716,800.2723035039036,707.868883413895,112.42422736706763,2.3215178676939017,1.8986381992669545,0.9930573664736663,0.9999813277474041,0.7457581183299495,0.9940530207906986,0.9950596750753098,0.9055764258831158
RCCD_k9_nc3_rf3_ra3,9,RCCD,3,3,3,4.756828460010884,153,18.818839952462472,1500.2242752757782,974.9383120476758,111.47153452215696,2.6220105639510147,1.681449837443394,0.9962153858289216,0.9999957137343033,0.8444913750994918,0.9967618931447392,0.9980850056811146,0.9137621462980877
RCCD_k10_nc3_rf3_ra3,10,RCCD,3,3,3,5.656854249492381,159,9.49518798379086,2400.1666268549216,1196.1944519986678,122.55171994211288,2.4257227250640376,1.4912866816190276,0.9976800656521538,0.9999985755789982,0.9170334317596149,0.9980828525714026,0.9989829022615976,0.8601938489683754
SCCD_k3_nc3_rf3_ra3,3,SCCD,3,3,3,1.7320508075688772,45,32.03048412453241,0.6837859231267785,0.3314239865365144,33.00445942526201,0.6038833289803425,0.2727702190745411,0.8868432146873877,0.5476510476926788,0.5776948172090635,0.8979859233117695,0.6007394694305703,0.6804428400690092
SCCD_k4_nc3_rf3_ra3,4,SCCD,3,3,3,2,75,57.569134452575646,0.6301726596968091,0.32861699507615283,59.368680753309626,0.5227304903343124,0.24627453404396568,0.923050866914258,0.5396661663968719,0.44220823221458777,0.9349056085703911,0.6226726495898449,0.6317084350483024
SCCD_k5_nc3_rf3_ra3,5,SCCD,3,3,3,2.23606797749979,129,103.43335677245854,0.5704916438077868,0.31577301120105117,106.83782708285142,0.4258863898167929,0.2089429093988836,0.8901638373077053,0.4895473441378517,0.34474660033557053,0.9018654983828266,0.610959348161859,0.514831075503089
SCCD_k6_nc3_rf3_ra3,6,SCCD,3,3,3,2.449489742783178,231,188.1303246565567,0.5156952261348116,0.31984289202659066,194.86110157290454,0.32490511994740506,0.1660668179417649,0.8435553181841366,0.3973367639368172,0.22936486553339933,0.8565855877670241,0.5713789480481356,0.4567000283937756
SCCD_k7_nc3_rf3_ra3,7,SCCD,3,3,3,2.6457513110645907,141,59.33054166408038,300.6235271902897,440.98126671461426,92.90223959390813,2.3209807617558127,3.082967090230341,0.7761938229408821,0.9988757896290705,0.7834240341889127,0.74950340631912,0.6143044713565421,0.5472863535572954
SCCD_k8_nc3_rf3_ra3,8,SCCD,3,3,3,2.8284271247461903,147,27.58065619733908,800.6183697584318,596.9597533027159,70.43046989887257,5.067699561517568,4.646305290503846,0.7188513411711576,0.999549087112211,0.8843124910824153,0.6227449634151644,0.45583775973042395,0.37004929444721785
SCCD_k9_nc3_rf3_ra3,9,SCCD,3,3,3,3,153,12.605111357805274,1500.5946259437783,1082.1065210005038,53.270128550273924,8.53280801976237,5.276239372889176,0.6672784245178379,0.999748912183654,0.7608557751015862,0.47633357170014157,0.3066973290100896,0.29120081629532213
SCCD_k10_nc3_rf3_ra3,10,SCCD,3,3,3,3.1622776601683795,159,5.916135650463724,2400.5513104666975,1277.4887706466852,40.953528114945144,12.582502550361095,5.921081380719719,0.6216212479666167,0.999838327780025,0.8586770612573421,0.33353276627316886,0.19258931347459496,0.21664887680047748
FCCD_k3_nc5_rf3_ra3,3,FCCD,5,3,3,1,47,20.493975815745316,0.6869463418936702,0.23710756670709815,20.898231103168463,0.6651501359923854,0.24888730712391735,0.5674264342523883,0.5451314816898021,0.807489705958756,0.5685994462432403,0.545405512258319,0.7457372764329713
FCCD_k4_nc5_rf3_ra3,4,FCCD,5,3,3,1,77,33.671666897537065,0.7749218105565718,0.2409208190099426,34.563394012982705,0.7303512948722509,0.21032034800517857,0.5398841169971622,0.4388608744699546,0.6031738604636667,0.5442854802220686,0.44566221997976746,0.7396987593864806
FCCD_k5_nc5_rf3_ra3,5,FCCD,5,3,3,1,131,58.10372276627852,0.8716812501824281,0.2350862462925912,60.40603521546355,0.7730901711617446,0.20471066143519415,0.5000498333750846,0.3203954071749165,0.4630712081462982,0.5099141431683882,0.3365704038410763,0.5254748434224837
FCCD_k6_nc5_rf3_ra3,6,FCCD,5,3,3,1,233,103.88498596160723,0.9805675339450136,0.24026211050531937,110.353132090134,0.7728304560710453,0.19214807824215288,0.465808649123298,0.20896538508235116,0.3053362087230493,0.48509888197462314,0.24021303015772402,0.3947097528276493
FCCD_k7_nc5_rf3_ra3,7,FCCD,5,3,3,1,143,31.023954836830193,301.27283367163267,507.7103797319473,47.04128182341209,4.1396029272251775,3.9493068561020106,0.4058719410297119,0.9967230016848059,0.6804574748968072,0.3795129279808773,0.34442647880598326,0.42723087327143017
FCCD_k8_nc5_rf3_ra3,8,FCCD,5,3,3,1,149,14.275987221862021,801.4420238017284,643.2349807304005,33.30270503301664,9.330753225854927,7.564126607409799,0.37208369835551286,0.9985218354550442,0.8206938091576326,0.2944619261690308,0.24757366947697435,0.22730476151113616
FCCD_k9_nc5_rf3_ra3,9,FCCD,5,3,3,1,155,6.5153820349961435,1501.592631441429,921.7430647095783,23.43190310675033,16.549349159339325,9.508515052654174,0.3449056288385718,0.9990844477412095,0.893228305479827,0.2095245947836676,0.15813246813637627,0.16158624178924433
FCCD_k10_nc5_rf3_ra3,10,FCCD,5,3,3,1,161,3.070500905741351,2401.723663339346,1414.4094465969595,16.709319508185008,25.80294383065671,14.220559420720555,0.32262421243839406,0.9993502769048768,0.7755535753861024,0.1360836493125822,0.09391391710457828,0.09020711440564047
RCCD_k3_nc5_rf3_ra3,3,RCCD,5,3,3,1.681792830507429,47,32.53854353765587,0.5154632882886799,0.20666539125953612,33.27346547337581,0.4829480218613313,0.18560454255332656,0.900910096768683,0.7264844765980003,0.9264343592027348,0.905305044688047,0.7511710043897466,1
RCCD_k4_nc5_rf3_ra3,4,RCCD,5,3,3,2,77,59.55682294096484,0.4646137506681104,0.19710403055089581,60.99024315325101,0.41956296767454093,0.16471609852162122,0.9549210278921785,0.7319690020746512,0.7372611308969247,0.9604410889468444,0.7757833853686317,0.9444960261291174
RCCD_k5_nc5_rf3_ra3,5,RCCD,5,3,3,2.378414230005442,131,112.61665064767004,0.3855044347008452,0.1851929090033798,115.51153769275177,0.32823618952269257,0.13668598713396637,0.9691967177068775,0.7244603276630659,0.5878285117671632,0.9750841378442968,0.7927196312260575,0.7869885203312154
RCCD_k6_nc5_rf3_ra3,6,RCCD,5,3,3,2.8284271247461903,233,219.19129336549722,0.25989664501491766,0.11961376397537078,224.52140086932994,0.2168614307696938,0.08570467684069026,0.9828292251962599,0.7884083009933045,0.6133133803614603,0.9869686385713884,0.8560486988954479,0.8849309426864312
RCCD_k7_nc5_rf3_ra3,7,RCCD,5,3,3,3.363585661014858,143,75.72448584479174,300.3106500904621,409.31956412388683,122.97389300808086,1.4440118317286106,1.750553760707068,0.9906681535268377,0.9999164632117523,0.8440234800668766,0.9921111923756404,0.9873803168027458,0.9638469008045791
RCCD_k8_nc5_rf3_ra3,8,RCCD,5,3,3,4,149,38.186094115596894,800.2670180955292,645.2624508091536,112.63455384228577,2.3176350869685214,1.9001276955793236,0.9952672906938741,0.9999879321801302,0.8181151186731661,0.9959127237474307,0.9967267185838887,0.9048665510941427
RCCD_k9_nc5_rf3_ra3,9,RCCD,5,3,3,4.756828460010884,155,18.840802895974818,1500.2221526271544,972.7984598960003,111.58138083678703,2.6204083491029,2.059032892078983,0.9973780410351064,0.9999971286177736,0.8463489918213267,0.9977441225631731,0.9986952718697146,0.7461975077064041
RCCD_k10_nc5_rf3_ra3,10,RCCD,5,3,3,5.656854249492381,161,9.501843762347312,2400.1655396753545,1418.8451336614237,122.62190192539225,2.4249596349994453,1.2827956305771475,0.9983794027899233,0.9999990285385963,0.7731289887412853,0.9986544270389309,0.9992972637529853,1
SCCD_k3_nc5_rf3_ra3,3,SCCD,5,3,3,1.7320508075688772,47,33.703223855212805,0.5072724729650072,0.19927607000859504,34.486652374018746,0.4738359188335751,0.2038911696416026,0.933157153444115,0.7382148591842042,0.9607873103511766,0.9383134556147757,0.7656164005942215,0.9103118240950796
SCCD_k4_nc5_rf3_ra3,4,SCCD,5,3,3,2,77,59.55682294096484,0.4646137506681104,0.19789942414408135,60.99024315325101,0.41956296767454093,0.16935127292803762,0.9549210278921785,0.7319690020746512,0.7342979450132043,0.9604410889468444,0.7757833853686317,0.9186450022095276
SCCD_k5_nc5_rf3_ra3,5,SCCD,5,3,3,2.23606797749979,131,105.97217841094567,0.4115114868626715,0.19592973547567177,108.66371623971,0.34926729582790267,0.1491828837068995,0.9120133381116599,0.678675269087059,0.5556158784423285,0.9172786388350848,0.7449860729064233,0.7210633022479693
SCCD_k6_nc5_rf3_ra3,6,SCCD,5,3,3,2.449489742783178,233,191.58342012471252,0.3611033025355247,0.18960464114356176,196.90899014991658,0.27463863191164684,0.12277369338858324,0.8590386117556437,0.5674405935678559,0.38691416770724746,0.8655878556709902,0.6759571454271028,0.6177440653285798
SCCD_k7_nc5_rf3_ra3,7,SCCD,5,3,3,2.6457513110645907,143,60.17588021712274,300.4720711107324,410.9387644941229,93.79958879476963,2.251748777039134,2.9045543080504825,0.7872529932225265,0.9993792833830912,0.8406978188017618,0.7567429119073958,0.6331917993773288,0.580903518406509
SCCD_k8_nc5_rf3_ra3,8,SCCD,5,3,3,2.8284271247461903,149,27.894599715562048,800.4692659279609,754.9333867273956,70.96652563806467,5.0012767494074835,4.381866825125135,0.7270338411636104,0.9997352736455057,0.699265625020889,0.6274847587362944,0.4618918190005579,0.3923811615356939
SCCD_k9_nc5_rf3_ra3,9,SCCD,5,3,3,3,155,12.722388013383254,1500.4473519613007,939.3733539520595,53.5967265534395,8.469016972475279,6.401055153659949,0.6734867141350762,0.999847040920782,0.8764640728997486,0.47925396250061003,0.3090074606205579,0.24002999122361082
SCCD_k10_nc5_rf3_ra3,10,SCCD,5,3,3,3.1622776601683795,161,5.961970808401488,2400.405500564761,1354.2807964885717,41.159450811273935,12.521211108130773,6.750687025340653,0.6264372477613114,0.9998990618220406,0.8099873425159412,0.3352098370826044,0.19353203991527773,0.1900244561422865
FCCD_k3_nc7_rf3_ra3,3,FCCD,7,3,3,1,49,20.802750527095263,0.6707738676671378,0.25123629720243,21.206251904553785,0.6498398927550677,0.22526271544309187,0.5759756262209863,0.5582746962106078,0.7620790524811911,0.576980081725472,0.5582552790220163,0.8239470175445694
FCCD_k4_nc7_rf3_ra3,4,FCCD,7,3,3,1,79,33.907712891213166,0.7677919262168771,0.24255105232515892,34.7996062326982,0.723605313130016,0.21671643142625266,0.5436688266539288,0.4429362328702514,0.599119810346097,0.548005221442907,0.4498170114726365,0.7178675814718012
FCCD_k5_nc7_rf3_ra3,5,FCCD,7,3,3,1,133,58.32583234615345,0.8677624566106995,0.2350276040996655,60.62832762864751,0.7694483750457745,0.22203660669250946,0.5019613435696074,0.3218423048281665,0.4631867499407631,0.511790612050963,0.3381633902313407,0.48447102649853585
FCCD_k6_nc7_rf3_ra3,6,FCCD,7,3,3,1,235,104.12562750868263,0.9781000271993211,0.23234364074252783,110.5932403791417,0.770635889380899,0.19615128540383278,0.46688765888518563,0.20949255355486757,0.3157423275586328,0.48615436866851547,0.24089709317864919,0.38665421087159507
FCCD_k7_nc7_rf3_ra3,7,FCCD,7,3,3,1,145,31.071099553664446,301.2711024063965,441.9372552240795,47.11360800839642,4.136227887151994,4.311570992503716,0.4064887133861524,0.9967287293894185,0.7817293493306657,0.3800964308355854,0.3447075206634318,0.39133434654859256
FCCD_k8_nc7_rf3_ra3,8,FCCD,7,3,3,1,151,14.290935197278012,801.440760606786,597.6181128293148,33.33975041594308,9.32588610389307,7.242892918686469,0.372473296489027,0.998523409280328,0.883338297796609,0.29478948078663236,0.24770287663546472,0.23738608506849745
FCCD_k9_nc7_rf3_ra3,9,FCCD,7,3,3,1,157,6.520281330578134,1501.5916709989096,851.4870302970337,23.45169576391802,16.542811625785795,10.052667906789644,0.3451649834879993,0.9990850867719144,0.9669284046418286,0.20970157778218293,0.15819496031362698,0.1528395473322182
FCCD_k10_nc7_rf3_ra3,10,FCCD,7,3,3,1,163,3.0722148304585577,2401.722909401912,1317.6966576484128,16.72044381639798,25.794715205997,12.61676791540898,0.3228042982384124,0.999350590616163,0.8324755906460211,0.13617424764346922,0.09394387604647801,0.10167387077085382
RCCD_k3_nc7_rf3_ra3,3,RCCD,7,3,3,1.681792830507429,49,33.64269351915712,0.4396153504634973,0.21594394578708495,34.299700020691255,0.4205910940006245,0.20024270343825587,0.9314812213038132,0.8518266634753914,0.8866278636479451,0.933226852636222,0.8625397822833568,0.9268979062228705
RCCD_k4_nc7_rf3_ra3,4,RCCD,7,3,3,2,79,60.90497299625513,0.39349129715629194,0.15767710888705266,62.169225910948455,0.3678573109353072,0.16876237834158547,0.9765369699955174,0.8642703558742726,0.9216121572370348,0.9790070664722534,0.8848267242814348,0.9218506045125333
RCCD_k5_nc7_rf3_ra3,5,RCCD,7,3,3,2.378414230005442,133,114.32407805095778,0.3257478513794885,0.1336075793899147,116.8748680068778,0.29211157928181153,0.1106513937421648,0.983891108149784,0.857358438117775,0.8147866504758023,0.9865926138848681,0.8907530189429798,0.9721549736212768
RCCD_k6_nc7_rf3_ra3,6,RCCD,7,3,3,2.8284271247461903,235,220.94283955384543,0.2313083762409954,0.0952524009207514,225.83540061482944,0.20155238213274831,0.08757077559114267,0.9906829622528648,0.8858506365397908,0.7701718929114193,0.9927448208634878,0.9210704616169263,0.8660734127029828
RCCD_k7_nc7_rf3_ra3,7,RCCD,7,3,3,3.363585661014858,145,76.03839805187276,300.29853254375263,427.6352539309195,123.39760712745826,1.4354995395899062,1.9652263990677121,0.9947749206192665,0.9999568115089814,0.8078738125437813,0.9955295725693476,0.9932353306685341,0.8585605290819083
RCCD_k8_nc7_rf3_ra3,8,RCCD,7,3,3,4,151,38.26333187105679,800.2626514669493,696.2021767211567,112.82927947874217,2.3142907224569247,1.8000395629802939,0.997280385078001,0.9999933886085619,0.7582552657408642,0.997634484365032,0.9981670810383747,0.9551801137585033
RCCD_k9_nc7_rf3_ra3,9,RCCD,7,3,3,4.756828460010884,157,18.86146477953778,1500.2202783368612,957.9564503831994,111.6858714211095,2.6189501286827346,2.3853268874366313,0.9984718218610035,0.9999983779575795,0.8594618215149279,0.9986784618372446,0.9992513411980358,0.6441235456855863
RCCD_k10_nc7_rf3_ra3,10,RCCD,7,3,3,5.656854249492381,163,9.508209647560454,2400.164546515201,1461.8927776345458,122.68966235442298,2.424245536508447,1.4385460401280428,0.9990482802032219,0.9999994423265552,0.7503630362981201,0.9992062799409579,0.9995916220006785,0.8917306744405399
SCCD_k3_nc7_rf3_ra3,3,SCCD,7,3,3,1.7320508075688772,49,34.85388833992963,0.4314320970348983,0.20153683132462527,35.55266475644488,0.41195255156547694,0.20222589511665112,0.9650161471041984,0.8679838143048374,0.9500095742426042,0.9673175396132552,0.8806270267559121,0.9178079911391329
SCCD_k4_nc7_rf3_ra3,4,SCCD,7,3,3,2,79,60.90497299625513,0.39349129715629194,0.15788276719454022,62.169225910948455,0.3678573109353072,0.15557370049316344,0.9765369699955174,0.8642703558742726,0.9204116639863447,0.9790070664722534,0.8848267242814348,1
SCCD_k5_nc7_rf3_ra3,5,SCCD,7,3,3,2.23606797749979,133,107.68028292520779,0.3432216651513663,0.13956459403757684,110.0279269100492,0.3079483619358812,0.11329426365816724,0.9267135558787685,0.813709323844027,0.7800092340037055,0.9287945463530328,0.8449444883478614,0.9494770458029023
SCCD_k6_nc7_rf3_ra3,6,SCCD,7,3,3,2.449489742783178,235,193.89493333621064,0.2947026357184949,0.13908712655451097,198.50615286322775,0.2447164788584001,0.0978753335341435,0.8694031782665014,0.695292975003453,0.5274443705812056,0.8726087877631212,0.7586082740199138,0.7748910550870357
SCCD_k7_nc7_rf3_ra3,7,SCCD,7,3,3,2.6457513110645907,145,60.73984799759394,300.40702029271847,485.1547752325027,94.47193458783228,2.213501529894996,3.376653138009964,0.7946311208320448,0.9995956912414258,0.712093007444349,0.7621671671710744,0.6441327645916493,0.4996858569677374
SCCD_k8_nc7_rf3_ra3,8,SCCD,7,3,3,2.8284271247461903,151,28.103553126279532,800.4052275740894,706.6600592765636,71.36964588347064,4.963998310441045,3.614827795267666,0.7324799204179192,0.9998152598812599,0.7470338242400457,0.6310491407834071,0.46536051598772105,0.47564146673548824
SCCD_k9_nc7_rf3_ra3,9,SCCD,7,3,3,3,157,12.800310547640319,1500.3841011701925,850.8939986391788,53.84333720151415,8.432693600538114,4.664428173091101,0.677611709497477,0.9998891908717686,0.9676023066269747,0.48145911826076226,0.3103384935567911,0.32939626366604535
SCCD_k10_nc7_rf3_ra3,10,SCCD,7,3,3,3.1622776601683795,163,5.992385963532179,2400.34287988095,1229.9543047001296,41.31560303994507,12.485851092575507,6.8833676547996605,0.629633034302811,0.9999251474131944,0.891862648210816,0.33648156841286303,0.19408012397387395,0.18636163211225176
FCCD_k3_nc10_rf3_ra3,3,FCCD,10,3,3,1,52,21.20019859055315,0.6534864299300511,0.2327293565787092,21.604938654090567,0.6332769087335443,0.23589771543661295,0.5869799593711776,0.5730433870493218,0.8226805682598031,0.5878275579492737,0.5728561165685236,0.7868009328102186
FCCD_k4_nc10_rf3_ra3,4,FCCD,10,3,3,1,82,34.22358483569815,0.7594116080474419,0.23423031017551602,35.11720192825277,0.7155842588378099,0.21921242470014865,0.5487334480862858,0.44782415731186975,0.6204028008134592,0.5530065452598459,0.45485905456682046,0.7096938082134993
FCCD_k5_nc10_rf3_ra3,5,FCCD,10,3,3,1,136,58.63019075468038,0.8628986160059889,0.24471943126776305,60.93441371272913,0.7648712471926871,0.20911491952206437,0.5045807001998598,0.323656410960104,0.4448427798533741,0.514374420485725,0.3401870211077833,0.5144075946872918
FCCD_k6_nc10_rf3_ra3,6,FCCD,10,3,3,1,238,104.46058969961183,0.9749293038515348,0.25208497292851656,110.92934081524834,0.7677755268210991,0.19806811165706345,0.4683895918567295,0.21017387775767865,0.2910158470346241,0.487631825109474,0.2417945599537961,0.382912321598656
FCCD_k7_nc10_rf3_ra3,7,FCCD,10,3,3,1,148,31.13743158309164,301.26882535777844,454.5538322200957,47.2158421942016,4.131461438935784,5.213428941965403,0.4073565044101419,0.9967362628598104,0.7600317024805552,0.38092122118335514,0.34510520815761875,0.32363840300338464
FCCD_k8_nc10_rf3_ra3,8,FCCD,10,3,3,1,154,14.312141590147741,801.4390696584853,657.5523851285842,33.39263074028073,9.318780459733759,7.190536889273518,0.3730260115457949,0.9985255160549114,0.8028241984337692,0.2952570476748317,0.24789175204745825,0.23911455027818324
FCCD_k9_nc10_rf3_ra3,9,FCCD,10,3,3,1,160,6.527276614527483,1501.5903678459529,901.8349916111018,23.480172620862927,16.53314174942175,8.401655469922499,0.34553529374708997,0.999085953826414,0.9129463853553405,0.20995621360433153,0.15828748511809748,0.18287410354486
FCCD_k10_nc10_rf3_ra3,10,FCCD,10,3,3,1,166,3.074674544313537,2401.7218754706078,1433.0655324926865,16.736551335603927,25.782472347630257,12.681504517529454,0.3230627457261831,0.9993510208324468,0.7654571814731358,0.13630543012482904,0.09398848548320511,0.10115484553145554
RCCD_k3_nc10_rf3_ra3,3,RCCD,10,3,3,1.681792830507429,52,34.85704934129555,0.38245302083620125,0.20696246983537786,35.45673635712419,0.3709781855816679,0.21140184509794394,0.9651036672491353,0.9791426836664159,0.925104534523595,0.9647075180059972,0.9778918673636003,0.8779703056391712
RCCD_k4_nc10_rf3_ra3,4,RCCD,10,3,3,2,82,62.36832282605205,0.3400828634266976,0.14531714046829544,63.502326019942394,0.3254899794378651,0.16751782983924915,1,1,1,1,1,0.9286993548236188
RCCD_k5_nc10_rf3_ra3,5,RCCD,10,3,3,2.378414230005442,136,116.19586466834245,0.27928266907893934,0.1125391531436087,118.463149188462,0.2601992711134752,0.11733241388801242,1,1,0.9673226521473152,1,1,0.9167995373149136
RCCD_k6_nc10_rf3_ra3,6,RCCD,10,3,3,2.8284271247461903,238,223.02073213352725,0.2049046723300712,0.07336072192149252,227.48585121642657,0.18564394565100162,0.07584272046926799,1,1,1,1,1,1
RCCD_k7_nc10_rf3_ra3,7,RCCD,10,3,3,3.363585661014858,148,76.4377915805692,300.28556310327696,492.6262734610228,123.95172431591679,1.4257888598791089,1.7128911334710135,1,1,0.7012929305294847,1,1,0.985039728432841
RCCD_k8_nc10_rf3_ra3,8,RCCD,10,3,3,4,154,38.3676771784337,800.2573606173071,795.5553584446199,113.09681175521416,2.31004881510902,1.75809063377069,1,1,0.6635603178528736,1,1,0.9779711930150594
RCCD_k9_nc10_rf3_ra3,9,RCCD,10,3,3,4.756828460010884,160,18.89033257281393,1500.2178449159296,906.2487462253573,111.83366387580213,2.616989428616991,1.6933674883848704,1,1,0.9085000108497607,1,1,0.9073312337065736
RCCD_k10_nc10_rf3_ra3,10,RCCD,10,3,3,5.656854249492381,166,9.517267419374704,2400.1632080071704,1461.314077700874,122.78712095531725,2.4232555279663837,1.3852856439556038,1,1,0.7506601901036996,1,1,0.9260152490386012
SCCD_k3_nc10_rf3_ra3,3,SCCD,10,3,3,1.7320508075688772,52,36.11741466142147,0.3744760771978858,0.1914619193209108,36.75387171275654,0.3627765506496175,0.19947356581090106,1,1,1,1,1,0.9304718737984451
SCCD_k4_nc10_rf3_ra3,4,SCCD,10,3,3,2,82,62.36832282605205,0.3400828634266976,0.16262179510689057,63.502326019942394,0.3254899794378651,0.16464336281963396,1,1,0.893589573112135,1,1,0.9449132830431416
SCCD_k5_nc10_rf3_ra3,5,SCCD,10,3,3,2.23606797749979,136,109.52212245431447,0.2919429118551602,0.10886167208928843,111.59532911761737,0.272496679762461,0.10757030276457173,0.9425647183479651,0.956634525922308,1,0.94202568378527,0.9548713450024212,1
SCCD_k6_nc10_rf3_ra3,6,SCCD,10,3,3,2.449489742783178,238,196.37713932693035,0.24484410278781477,0.09610315599173662,200.3954151035888,0.21725247493994682,0.08073086401890586,0.8805331120936111,0.8368781195749051,0.7633539311424945,0.8809137536775228,0.854507851762414,0.9394513658556516
SCCD_k7_nc10_rf3_ra3,7,SCCD,10,3,3,2.6457513110645907,148,61.34379394607572,300.3581764850865,402.08445647190143,95.24521455579182,2.179926821382338,2.8865323246859336,0.8025322641800338,0.9997582440316448,0.8592108384459337,0.7684057247403799,0.6540535424831305,0.5845303731815613
SCCD_k8_nc10_rf3_ra3,8,SCCD,10,3,3,2.8284271247461903,154,28.326887001084895,800.3571448370947,598.6125079936484,71.83451272632188,4.930730856038616,4.396465399328324,0.738300806414398,0.9998753253838849,0.8818709256316943,0.635159485147998,0.4685002857699943,0.3910782499960085
SCCD_k9_nc10_rf3_ra3,9,SCCD,10,3,3,3,160,12.883478895780021,1500.3366104264085,985.1682353422148,54.12857183406874,8.399814573763988,8.222389866394426,0.6820144031937962,0.9999208407568985,0.8357222312312198,0.4840096439492647,0.3115532379477644,0.1868611483182551
SCCD_k10_nc10_rf3_ra3,10,SCCD,10,3,3,3.1622776601683795,166,6.024814495488896,2400.2958627628236,1189.8549141105168,41.49677414409794,12.453456211789513,7.453431973270245,0.6330403707290946,0.9999447339981244,0.9219193788750136,0.3379570578839355,0.1945849800051749,0.17210804836987223
