DesignID,lambda,lambda_eff,Dcrit,Acrit,Gcrit
FCCD_k3_nc1_rf1_ra1,1e-10,9.9e-10,6.707446946839218,2.1305555548009947,3.3622972408638865
FCCD_k4_nc1_rf1_ra1,1e-10,1.7666666666666668e-9,11.130812775431098,2.3542843676199,5.78921699430159
FCCD_k5_nc1_rf1_ra1,1e-10,3.3476190476190476e-9,19.279685911947514,2.6324087357232218,9.122988548840349
FCCD_k6_nc1_rf1_ra1,1e-10,3.332142857142857e-9,20.158940358018963,3.2784424345617444,12.736119042566289
FCCD_k7_nc1_rf1_ra1,1e-10,3.3194444444444445e-9,3.2626711010205502,903765740.2907676,3990756853.008414
FCCD_k8_nc1_rf1_ra1,1e-10,3.308888888888889e-9,0.407036833292874,2417726146.825086,5799354372.353755
FCCD_k9_nc1_rf1_ra1,1e-10,3.3e-9,0.04998022521322041,4545451727.168025,7534553542.244115
FCCD_k10_nc1_rf1_ra1,1e-10,3.292424242424242e-9,0.006698146089129992,7289454003.669188,9565812295.415668
RCCD_k3_nc1_rf1_ra1,1e-10,1.5197056274847715e-9,10.305535991953501,2.0786678456654046,0.9752176573274364
RCCD_k4_nc1_rf1_ra1,1e-10,2.7266666666666668e-9,19.181639983173095,1.895833328967596,0.958949712822767
RCCD_k5_nc1_rf1_ra1,1e-10,5.045564488071066e-9,36.708422239095974,1.551589144604091,0.8526142938370824
RCCD_k6_nc1_rf1_ra1,1e-10,6.332142857142859e-9,43.79961942509533,1.2664930529236822,0.6062087256747609
RCCD_k7_nc1_rf1_ra1,1e-10,8.659421997182739e-9,8.600319660326228,346443533.26387876,1578642419.7595346
RCCD_k8_nc1_rf1_ra1,1e-10,1.290888888888889e-8,1.3856730815069898,619727950.5824063,1491083564.328766
RCCD_k9_nc1_rf1_ra1,1e-10,2.0731442738115364e-8,0.23854358124655234,723538635.1336036,1186471990.394418
RCCD_k10_nc1_rf1_ra1,1e-10,3.523181818181819e-8,0.04908370066496238,681202340.0861866,948800912.2027241
SCCD_k3_nc1_rf1_ra1,1e-10,1.59e-9,10.66951889851483,2.057539679578197,0.9877026200017819
SCCD_k4_nc1_rf1_ra1,1e-10,2.7266666666666668e-9,19.181639983173095,1.895833328967596,0.9726221032925895
SCCD_k5_nc1_rf1_ra1,1e-10,4.680952380952382e-9,34.46840734022521,1.7163095169934592,0.9220713084054865
SCCD_k6_nc1_rf1_ra1,1e-10,5.0464285714285715e-9,37.72690236171762,1.845012619293008,0.885307458961269
SCCD_k7_nc1_rf1_ra1,1e-10,5.4194444444444455e-9,6.51135548824942,553562458.5868889,2446946774.4548182
SCCD_k8_nc1_rf1_ra1,1e-10,5.797777777777779e-9,0.8699448097241059,1379838096.0622456,3467140012.156027
SCCD_k9_nc1_rf1_ra1,1e-10,6.18e-9,0.11485122627912071,2427184197.004312,4039156470.4855556
SCCD_k10_nc1_rf1_ra1,1e-10,6.565151515151518e-9,0.01659986513295187,3655665597.228281,5103726774.346003
FCCD_k3_nc3_rf1_ra1,1e-10,1.01e-9,7.0203995507129555,1.9778169007474173,3.358006233691232
FCCD_k4_nc3_rf1_ra1,1e-10,1.78e-9,11.368480249602818,2.2885802454570325,5.52680869732241
FCCD_k5_nc3_rf1_ra1,1e-10,3.357142857142857e-9,19.50270375552935,2.5966449127815516,9.404853690217378
FCCD_k6_nc3_rf1_ra1,1e-10,3.3392857142857146e-9,20.300398725220596,3.2556697131964913,12.910194946071906
FCCD_k7_nc3_rf1_ra1,1e-10,3.325e-9,3.2780594167874493,902254965.6828245,4006407668.5758543
FCCD_k8_nc3_rf1_ra1,1e-10,3.3133333333333335e-9,0.4084163782955378,2414485647.2449217,5444580501.298432
FCCD_k9_nc3_rf1_ra1,1e-10,3.303636363636364e-9,0.050108233427838204,4540458224.213711,7814172002.180744
FCCD_k10_nc3_rf1_ra1,1e-10,3.2954545454545454e-9,0.0067116225450560936,7282762074.986899,9845786823.13232
RCCD_k3_nc3_rf1_ra1,1e-10,1.5397056274847715e-9,11.49329212107847,1.192812843358377,0.6698557030707382
RCCD_k4_nc3_rf1_ra1,1e-10,2.74e-9,20.63924560400414,1.0624999994279778,0.5833054467517724
RCCD_k5_nc3_rf1_ra1,1e-10,5.055088297594875e-9,38.54024786974099,0.8749350265834281,0.45040755036055585
RCCD_k6_nc3_rf1_ra1,1e-10,6.339285714285716e-9,44.984201798315276,0.9346217098479995,0.5992589264277196
RCCD_k7_nc3_rf1_ra1,1e-10,8.664977552738294e-9,8.709921887835321,346221375.1090985,1615529817.2789302
RCCD_k8_nc3_rf1_ra1,1e-10,1.2913333333333334e-8,1.3942348160707554,619514826.2171289,1469373463.9834454
RCCD_k9_nc3_rf1_ra1,1e-10,2.0735079101751727e-8,0.2393428582465958,723411689.9546673,1266932164.7118664
RCCD_k10_nc3_rf1_ra1,1e-10,3.52348484848485e-8,0.04918410741150127,681143820.1856167,905376850.3896998
SCCD_k3_nc3_rf1_ra1,1e-10,1.6100000000000002e-9,11.908497296769868,1.1686507932132881,0.6573616030413689
SCCD_k4_nc3_rf1_ra1,1e-10,2.74e-9,20.63924560400414,1.0624999994279778,0.5831002285341901
SCCD_k5_nc3_rf1_ra1,1e-10,4.690476190476191e-9,36.31961835908141,0.9163095229893562,0.5282486260477854
SCCD_k6_nc3_rf1_ra1,1e-10,5.053571428571429e-9,39.2365842594083,1.0672348476238107,0.6231240465107828
SCCD_k7_nc3_rf1_ra1,1e-10,5.425000000000001e-9,6.713699110101555,552995301.7481754,2439314405.876939
SCCD_k8_nc3_rf1_ra1,1e-10,5.802222222222224e-9,0.8915660276553653,1378781997.9231937,3420288310.1890025
SCCD_k9_nc3_rf1_ra1,1e-10,6.183636363636364e-9,0.11718720534517653,2425757760.258377,4221989858.2264314
SCCD_k10_nc3_rf1_ra1,1e-10,6.56818181818182e-9,0.016881322446422233,3653980901.460826,4823405353.534495
FCCD_k3_nc5_rf1_ra1,1e-10,1.0300000000000002e-9,7.242911327417892,1.906958762247617,3.3954838777313165
FCCD_k4_nc5_rf1_ra1,1e-10,1.7933333333333333e-9,11.552054399220395,2.250943903624375,6.083158631824317
FCCD_k5_nc5_rf1_ra1,1e-10,3.3666666666666666e-9,19.68407166087605,2.573517380598703,9.273658513298864
FCCD_k6_nc5_rf1_ra1,1e-10,3.3464285714285716e-9,20.4194049294691,3.2397731131414353,12.174449791190332
FCCD_k7_nc5_rf1_ra1,1e-10,3.330555555555556e-9,3.291393626373107,900749714.0198147,4232272520.7719274
FCCD_k8_nc5_rf1_ra1,1e-10,3.3177777777777778e-9,0.409640585438298,2411251025.4176292,6257313672.094232
FCCD_k9_nc5_rf1_ra1,1e-10,3.307272727272727e-9,0.050224045341121244,4535463744.088993,8041461437.384773
FCCD_k10_nc5_rf1_ra1,1e-10,3.2984848484848486e-9,0.006724004195036577,7276071890.9865675,10416076730.617193
RCCD_k3_nc5_rf1_ra1,1e-10,1.5597056274847714e-9,12.093760112928912,1.0139768269501725,0.6697501708821675
RCCD_k4_nc5_rf1_ra1,1e-10,2.7533333333333338e-9,21.354221133568863,0.8958333330663655,0.5832869250003501
RCCD_k5_nc5_rf1_ra1,1e-10,5.064612107118685e-9,39.45932242312182,0.7265791597531033,0.45038414155603124
RCCD_k6_nc5_rf1_ra1,1e-10,6.346428571428573e-9,45.66871030418259,0.8316271548169663,0.6002178016930562
RCCD_k7_nc5_rf1_ra1,1e-10,8.670533108293851e-9,8.7859795601409,345999501.75198764,1722153909.6898713
RCCD_k8_nc5_rf1_ra1,1e-10,1.2917777777777779e-8,1.4010013712783334,619301429.6917307,1612954748.0368254
RCCD_k9_nc5_rf1_ra1,1e-10,2.0738715465388088e-8,0.240023055125297,723284789.3179204,1209105267.0015483
RCCD_k10_nc5_rf1_ra1,1e-10,3.52378787878788e-8,0.049273083693362967,681085174.149927,945385091.1749046
SCCD_k3_nc5_rf1_ra1,1e-10,1.6300000000000002e-9,12.532619009755273,0.9908730156395895,0.6590839470557341
SCCD_k4_nc5_rf1_ra1,1e-10,2.7533333333333338e-9,21.354221133568863,0.8958333330663655,0.5832373724831736
SCCD_k5_nc5_rf1_ra1,1e-10,4.700000000000001e-9,37.21392709954391,0.7563095234701662,0.5251740246857585
SCCD_k6_nc5_rf1_ra1,1e-10,5.060714285714285e-9,39.95897711548496,0.911679292557718,0.6247786557043701
SCCD_k7_nc5_rf1_ra1,1e-10,5.4305555555555565e-9,6.8102238584873565,552429487.1983352,2497646598.4947543
SCCD_k8_nc5_rf1_ra1,1e-10,5.806666666666668e-9,0.9018673625925371,1377725443.5492723,3638129675.924286
SCCD_k9_nc5_rf1_ra1,1e-10,6.1872727272727275e-9,0.11829965386905915,2424331468.480178,4182636714.1937785
SCCD_k10_nc5_rf1_ra1,1e-10,6.571212121212123e-9,0.017015344423630667,3652293776.205467,4912495450.407698
FCCD_k3_nc7_rf1_ra1,1e-10,1.05e-9,7.416969720522033,1.866056909933596,3.3033967004858935
FCCD_k4_nc7_rf1_ra1,1e-10,1.8066666666666666e-9,11.702107352117084,2.226555554110506,6.136120664102212
FCCD_k5_nc7_rf1_ra1,1e-10,3.376190476190476e-9,19.83715211457649,2.557334538334144,8.820679875010901
FCCD_k6_nc7_rf1_ra1,1e-10,3.3535714285714285e-9,20.522202850908204,3.228046817897915,13.811271970140846
FCCD_k7_nc7_rf1_ra1,1e-10,3.3361111111111113e-9,3.303177322936539,899249476.4827092,4634940739.497943
FCCD_k8_nc7_rf1_ra1,1e-10,3.3222222222222225e-9,0.41074331574940165,2408027848.3530297,6096933015.153377
FCCD_k9_nc7_rf1_ra1,1e-10,3.310909090909091e-9,0.050330043859235014,4530480239.695955,7836606581.983807
FCCD_k10_nc7_rf1_ra1,1e-10,3.3015151515151518e-9,0.0067354884165126755,7269385219.646357,9830706888.710545
RCCD_k3_nc7_rf1_ra1,1e-10,1.5797056274847715e-9,12.506765032227491,0.9371612084525021,0.6696782377892898
RCCD_k4_nc7_rf1_ra1,1e-10,2.766666666666667e-9,21.838640783135098,0.824404761722018,0.5833181729819096
RCCD_k5_nc7_rf1_ra1,1e-10,5.074135916642494e-9,40.0834815909291,0.6615309829547603,0.4503041391620115
RCCD_k6_nc7_rf1_ra1,1e-10,6.3535714285714305e-9,46.15449284689309,0.7814503202659858,0.6033865441540773
RCCD_k7_nc7_rf1_ra1,1e-10,8.676088663849406e-9,8.84446419214476,345777912.6067995,1603593762.2722156
RCCD_k8_nc7_rf1_ra1,1e-10,1.2922222222222223e-8,1.4066066438681213,619088520.5481812,1530247076.4492118
RCCD_k9_nc7_rf1_ra1,1e-10,2.0742351829024455e-8,0.24061569441139713,723158236.6581702,1291487784.842442
RCCD_k10_nc7_rf1_ra1,1e-10,3.52409090909091e-8,0.04935301002139819,681026702.8443813,1004877164.8597074
SCCD_k3_nc7_rf1_ra1,1e-10,1.65e-9,12.961481398771904,0.9146825395052149,0.655169855405004
SCCD_k4_nc7_rf1_ra1,1e-10,2.766666666666667e-9,21.838640783135098,0.824404761722018,0.5832671094906043
SCCD_k5_nc7_rf1_ra1,1e-10,4.70952380952381e-9,37.814989175314736,0.6877380950314287,0.5332208409665552
SCCD_k6_nc7_rf1_ra1,1e-10,5.0678571428571435e-9,40.442055503058775,0.8450126260260353,0.6229008688308472
SCCD_k7_nc7_rf1_ra1,1e-10,5.4361111111111115e-9,6.874759520898747,551864829.4133916,2490475378.7492523
SCCD_k8_nc7_rf1_ra1,1e-10,5.8111111111111124e-09,0.9087594097586057,1376673733.6092205,3326052623.0800595
SCCD_k9_nc7_rf1_ra1,1e-10,6.1909090909090905e-9,0.11904467377965743,2422906853.0565586,4104309564.6248403
SCCD_k10_nc7_rf1_ra1,1e-10,6.574242424242425e-9,0.017105173990836706,3650613070.377822,4960294261.314635
FCCD_k3_nc10_rf1_ra1,1e-10,1.0800000000000002e-9,7.624080905852616,1.829320987012242,3.3182939362520174
FCCD_k4_nc10_rf1_ra1,1e-10,1.8266666666666666e-9,11.886314475084884,2.2027074528378967,5.977618875332101
FCCD_k5_nc10_rf1_ra1,1e-10,3.3904761904761908e-9,20.029947006098837,2.5404967928400475,9.741024328674447
FCCD_k6_nc10_rf1_ra1,1e-10,3.364285714285715e-9,20.654271057837207,3.2152770811237255,12.085327154799643
FCCD_k7_nc10_rf1_ra1,1e-10,3.3444444444444443e-9,3.3186561141396815,897008943.4264258,4531265942.626983
FCCD_k8_nc10_rf1_ra1,1e-10,3.328888888888889e-9,0.4122203364530036,2403207818.029749,6137521151.117492
FCCD_k9_nc10_rf1_ra1,1e-10,3.3163636363636367e-9,0.050474376339567854,4523025483.589206,7752015289.969257
FCCD_k10_nc10_rf1_ra1,1e-10,3.306060606060606e-9,0.006751338288060222,7259389974.931579,10219340386.256538
RCCD_k3_nc10_rf1_ra1,1e-10,1.6097056274847714e-9,12.960247695731063,0.8794817371296988,0.6695936913153107
RCCD_k4_nc10_rf1_ra1,1e-10,2.786666666666667e-9,22.364150290123867,0.7708333331952096,0.5833266383309553
RCCD_k5_nc10_rf1_ra1,1e-10,5.088421630928209e-9,40.759990334370464,0.6121507696845323,0.45020955354675096
RCCD_k6_nc10_rf1_ra1,1e-10,6.364285714285716e-9,46.69404021073972,0.7410300924100003,0.6095287569090433
RCCD_k7_nc10_rf1_ra1,1e-10,8.68442199718274e-9,8.912976912245282,345446131.22884804,1686937640.9302511
RCCD_k8_nc10_rf1_ra1,1e-10,1.292888888888889e-8,1.4135582601257666,618769455.9801079,1573418221.5981183
RCCD_k9_nc10_rf1_ra1,1e-10,2.0747806374479e-8,0.24138346215790882,722968035.7348317,1289215034.1086233
RCCD_k10_nc10_rf1_ra1,1e-10,3.524545454545456e-8,0.049459557613144293,680938804.0049328,913792189.8980805
SCCD_k3_nc10_rf1_ra1,1e-10,1.6800000000000002e-9,13.432128470499245,0.8575396823913621,0.6569443000839784
SCCD_k4_nc10_rf1_ra1,1e-10,2.786666666666667e-9,22.364150290123867,0.7708333331952096,0.5833303519782118
SCCD_k5_nc10_rf1_ra1,1e-10,4.723809523809524e-9,38.462743988984506,0.6363095236734155,0.5258724601542779
SCCD_k6_nc10_rf1_ra1,1e-10,5.078571428571429e-9,40.960517387004074,0.7950126260977562,0.6244961077189213
SCCD_k7_nc10_rf1_ra1,1e-10,5.444444444444445e-9,6.944096603078952,551020543.1524259,2552608218.7539616
SCCD_k8_nc10_rf1_ra1,1e-10,5.8177777777777795e-9,0.9161777291284907,1375095834.5488763,3559071221.8850293
SCCD_k9_nc10_rf1_ra1,1e-10,6.196363636363636e-9,0.1198479817187266,2420773066.516291,4356467325.466954
SCCD_k10_nc10_rf1_ra1,1e-10,6.5787878787878796e-9,0.01720218977869645,3648088763.831523,5009390164.462447
FCCD_k3_nc1_rf2_ra1,1e-10,1.79e-9,10.545465272188727,1.7642790250037268,3.137400865259633
FCCD_k4_nc1_rf2_ra1,1e-10,3.3666666666666666e-9,18.22135552592666,2.0473566878072296,5.902925905585391
FCCD_k5_nc1_rf2_ra1,1e-10,6.5476190476190486e-9,32.46024532432286,2.3995181175314584,8.83298745128054
FCCD_k6_nc1_rf2_ra1,1e-10,6.532142857142857e-9,34.53062272896296,2.954397300676012,13.142674063227489
FCCD_k7_nc1_rf2_ra1,1e-10,6.519444444444445e-9,5.660917558655475,460162532.4397289,2062522556.6488252
FCCD_k8_nc1_rf2_ra1,1e-10,6.508888888888889e-9,0.7137701922789083,1229089334.5968459,3020213788.0773687
FCCD_k9_nc1_rf2_ra1,1e-10,6.5e-9,0.08843759440503145,2307693760.7972136,4179036211.161772
FCCD_k10_nc1_rf2_ra1,1e-10,6.492424242424242e-9,0.011944721269827726,3696614008.5778923,5113019979.632625
RCCD_k3_nc1_rf2_ra1,1e-10,2.319705627484772e-9,15.275349801138153,1.7906813579557856,0.9845598381372793
RCCD_k4_nc1_rf2_ra1,1e-10,4.326666666666667e-9,30.008709342045425,1.6374999931770475,0.9522539766669676
RCCD_k5_nc1_rf2_ra1,1e-10,8.245564488071065e-9,59.818713240856816,1.3301577368154132,0.805086489067766
RCCD_k6_nc1_rf2_ra1,1e-10,9.532142857142859e-9,72.31020941834794,0.9236328093181579,0.45787992575566006
RCCD_k7_nc1_rf2_ra1,1e-10,1.185942199718274e-8,13.891456183923088,252963465.20636925,1264610023.2751992
RCCD_k8_nc1_rf2_ra1,1e-10,1.610888888888889e-8,2.1380743983111925,496620347.09309095,1261584265.2132185
RCCD_k9_nc1_rf2_ra1,1e-10,2.3931442738115362e-8,0.3461773794600817,626790300.8183367,1048815681.0786086
RCCD_k10_nc1_rf2_ra1,1e-10,3.8431818181818194e-8,0.0666399818383784,624482609.8138481,830808128.4576572
SCCD_k3_nc1_rf2_ra1,1e-10,2.39e-9,15.738802796571825,1.7834595916284464,0.9973742137750454
SCCD_k4_nc1_rf2_ra1,1e-10,4.326666666666667e-9,30.008709342045425,1.6374999931770475,0.9924363691970197
SCCD_k5_nc1_rf2_ra1,1e-10,7.880952380952382e-9,56.370193792013,1.5065202588740665,0.9600965257350086
SCCD_k6_nc1_rf2_ra1,1e-10,8.24642857142857e-9,62.69854263518864,1.5516264507112154,0.9357316688793431
SCCD_k7_nc1_rf2_ra1,1e-10,8.619444444444444e-9,10.763259056538518,348050838.4233073,1886693488.023183
SCCD_k8_nc1_rf2_ra1,1e-10,8.997777777777779e-9,1.4177040213196248,889108876.3347517,2134378154.639545
SCCD_k9_nc1_rf2_ra1,1e-10,9.38e-9,0.18346740463253206,1599147777.998981,2861757304.456477
SCCD_k10_nc1_rf2_ra1,1e-10,9.765151515151517e-9,0.025900170774959385,2457722400.518738,3377263348.0609255
FCCD_k3_nc3_rf2_ra1,1e-10,1.8100000000000002e-9,11.02625990405711,1.6239508382668497,3.198738311906964
FCCD_k4_nc3_rf2_ra1,1e-10,3.38e-9,18.606249641684354,1.9842360830707335,5.734088341172227
FCCD_k5_nc3_rf2_ra1,1e-10,6.557142857142857e-9,32.833938740162154,2.364389785390155,9.028197488239488
FCCD_k6_nc3_rf2_ra1,1e-10,6.539285714285714e-9,34.771913211630455,2.9319844038788654,14.635098158749306
FCCD_k7_nc3_rf2_ra1,1e-10,6.5250000000000005e-9,5.6871319399998415,459770174.2059231,2619607884.818773
FCCD_k8_nc3_rf2_ra1,1e-10,6.5133333333333344e-9,0.716097895509965,1228251209.6072252,3019222732.391618
FCCD_k9_nc3_rf2_ra1,1e-10,6.503636363636363e-9,0.08865044408423607,2306402891.5437126,4024718017.433932
FCCD_k10_nc3_rf2_ra1,1e-10,6.4954545454545455e-9,0.011966725255844734,3694895057.526281,5132008537.381036
RCCD_k3_nc3_rf2_ra1,1e-10,2.339705627484772e-9,17.032613018901255,0.9123028108527982,0.5524897491644701
RCCD_k4_nc3_rf2_ra1,1e-10,4.34e-9,32.289059895701165,0.8041666658595099,0.490178001680125
RCCD_k5_nc3_rf2_ra1,1e-10,8.255088297594875e-9,62.76920083172747,0.6670059873558157,0.38570189963956897
RCCD_k6_nc3_rf2_ra1,1e-10,9.539285714285716e-9,74.12260782728566,0.6370117179181427,0.32205867193978815
RCCD_k7_nc3_rf2_ra1,1e-10,1.1864977552738295e-8,14.037808567251671,252844849.3055179,1200978605.4148033
RCCD_k8_nc3_rf2_ra1,1e-10,1.6113333333333333e-8,2.1477353649104143,496483458.4253854,1182629800.701964
RCCD_k9_nc3_rf2_ra1,1e-10,2.3935079101751726e-8,0.34694015563994846,626695572.251064,1055856663.7442802
RCCD_k10_nc3_rf2_ra1,1e-10,3.84348484848485e-8,0.06672261066445992,624433323.733296,871609307.1196202
SCCD_k3_nc3_rf2_ra1,1e-10,2.41e-9,17.566442529102975,0.8945707065279339,0.5052885846267879
SCCD_k4_nc3_rf2_ra1,1e-10,4.34e-9,32.289059895701165,0.8041666658595099,0.47818745885240377
SCCD_k5_nc3_rf2_ra1,1e-10,7.890476190476191e-9,59.397694384164716,0.7065202689657971,0.46703874038420323
SCCD_k6_nc3_rf2_ra1,1e-10,8.25357142857143e-9,65.20749112243892,0.7738486829134933,0.4762025153633275
SCCD_k7_nc3_rf2_ra1,1e-10,8.625000000000001e-9,11.09738144340675,347826327.58174956,1559538514.4984808
SCCD_k8_nc3_rf2_ra1,1e-10,9.002222222222224e-9,1.452868700366116,888670209.8590258,2158588100.3472366
SCCD_k9_nc3_rf2_ra1,1e-10,9.383636363636364e-9,0.1871887646370693,1598527797.2338529,2722224287.195066
SCCD_k10_nc3_rf2_ra1,1e-10,9.76818181818182e-9,0.026337885904572755,2456957238.203231,3299048706.7573776
FCCD_k3_nc5_rf2_ra1,1e-10,1.83e-9,11.370326235419165,1.5578703693507276,3.1729853800406227
FCCD_k4_nc5_rf2_ra1,1e-10,3.393333333333333e-9,18.904262240349848,1.9478876760854233,5.581643366641184
FCCD_k5_nc5_rf2_ra1,1e-10,6.5666666666666676e-9,33.13811242828325,2.3416303137612378,8.776099593842197
FCCD_k6_nc5_rf2_ra1,1e-10,6.546428571428571e-9,34.97504120452942,2.9163172210429247,13.5460491625478
FCCD_k7_nc5_rf2_ra1,1e-10,6.5305555555555556e-9,5.709804109734464,459379484.13010055,2157655283.3457747
FCCD_k8_nc5_rf2_ra1,1e-10,6.517777777777778e-9,0.7181546997627816,1227411773.7437398,3145079127.5405655
FCCD_k9_nc5_rf2_ra1,1e-10,6.507272727272728e-9,0.08884173684098248,2305113465.6480017,4077370156.32506
FCCD_k10_nc5_rf2_ra1,1e-10,6.498484848484849e-9,0.011986785401753181,3693170334.8233275,4946054930.700707
RCCD_k3_nc5_rf2_ra1,1e-10,2.3597056274847717e-9,17.921784791305907,0.7345646083917456,0.5482376759206926
RCCD_k4_nc5_rf2_ra1,1e-10,4.353333333333334e-9,33.407603089023176,0.6374999996758806,0.48982617503410714
RCCD_k5_nc5_rf2_ra1,1e-10,8.264612107118685e-9,64.25824963950349,0.5195424660300242,0.37762762327035554
RCCD_k6_nc5_rf2_ra1,1e-10,9.546428571428574e-9,75.20377892371175,0.5414713537703393,0.3217446264547447
RCCD_k7_nc5_rf2_ra1,1e-10,1.187053310829385e-8,14.145043680688646,252726647.18166947,1106348412.6903937
RCCD_k8_nc5_rf2_ra1,1e-10,1.6117777777777777e-8,2.1558291825259843,496346244.0532753,1224001676.377062
RCCD_k9_nc5_rf2_ra1,1e-10,2.393871546538809e-8,0.34762489201391905,626600332.9543395,1039908494.7953945
RCCD_k10_nc5_rf2_ra1,1e-10,3.84378787878788e-8,0.06679934872336925,624384256.0745083,848553571.9149808
SCCD_k3_nc5_rf2_ra1,1e-10,2.43e-9,18.487095901719986,0.7167929290561242,0.502445797749901
SCCD_k4_nc5_rf2_ra1,1e-10,4.353333333333334e-9,33.407603089023176,0.6374999996758806,0.4889598668227356
SCCD_k5_nc5_rf2_ra1,1e-10,7.900000000000001e-9,60.86026143736985,0.5465202697743243,0.45193590227959457
SCCD_k6_nc5_rf2_ra1,1e-10,8.260714285714287e-9,66.40803970718797,0.6182931281571734,0.46661858948408985
SCCD_k7_nc5_rf2_ra1,1e-10,8.630555555555556e-9,11.256574688577594,347602679.1569644,1930306895.0856836
SCCD_k8_nc5_rf2_ra1,1e-10,9.006666666666668e-9,1.4695844054327505,888230691.948066,2048970107.915244
SCCD_k9_nc5_rf2_ra1,1e-10,9.387272727272728e-9,0.18895539787067647,1597908297.6001072,2816584422.0015287
SCCD_k10_nc5_rf2_ra1,1e-10,9.771212121212124e-9,0.02654552328635684,2456194495.137168,3394554637.178862
FCCD_k3_nc7_rf2_ra1,1e-10,1.85e-9,11.640363306129585,1.5194386321872615,3.0715098111994843
FCCD_k4_nc7_rf2_ra1,1e-10,3.4066666666666673e-9,19.148214734307924,1.9242587654797074,6.03216188912207
FCCD_k5_nc7_rf2_ra1,1e-10,6.576190476190476e-9,33.394997836259876,2.3256849284708694,9.290485108106889
FCCD_k6_nc7_rf2_ra1,1e-10,6.55357142857143e-9,35.150587347228985,2.9047486709200907,11.520550043725358
FCCD_k7_nc7_rf2_ra1,1e-10,6.5361111111111115e-9,5.729801697231855,458988459.53390044,2041681555.3815796
FCCD_k8_nc7_rf2_ra1,1e-10,6.522222222222223e-9,0.7199993139419464,1226575934.3012002,3366598540.4638233
FCCD_k9_nc7_rf2_ra1,1e-10,6.510909090909091e-9,0.08901569638996412,2303828246.302099,3806453326.9415956
FCCD_k10_nc7_rf2_ra1,1e-10,6.501515151515152e-9,0.01200523547094543,3691454584.2030797,4904897987.136695
RCCD_k3_nc7_rf2_ra1,1e-10,2.3797056274847717e-9,18.533507855478494,0.6581779850113801,0.5497983841776296
RCCD_k4_nc7_rf2_ra1,1e-10,4.366666666666667e-9,34.16545322433278,0.5660714283807698,0.4928275873409878
RCCD_k5_nc7_rf2_ra1,1e-10,8.274135916642494e-9,65.27118524790892,0.45464739591928316,0.3731464775414832
RCCD_k6_nc7_rf2_ra1,1e-10,9.55357142857143e-9,75.9804325776416,0.49370117163121113,0.3215715153611154
RCCD_k7_nc7_rf2_ra1,1e-10,1.1876088663849406e-8,14.22991519390965,252608706.67344752,1389083928.1490011
RCCD_k8_nc7_rf2_ra1,1e-10,1.6122222222222222e-8,2.1628016084608364,496209506.44145036,1335839386.131556
RCCD_k9_nc7_rf2_ra1,1e-10,2.3942351829024454e-8,0.34824640769406334,626505122.601433,1093433231.5696762
RCCD_k10_nc7_rf2_ra1,1e-10,3.84409090909091e-8,0.06687101791508157,624334985.5177146,869996388.8947221
SCCD_k3_nc7_rf2_ra1,1e-10,2.45e-9,19.119718668487877,0.6406024529504459,0.5086366195917094
SCCD_k4_nc7_rf2_ra1,1e-10,4.366666666666667e-9,34.16545322433278,0.5660714283807698,0.4848174586034813
SCCD_k5_nc7_rf2_ra1,1e-10,7.90952380952381e-9,61.84324812806182,0.4779488414259317,0.4436805265230599
SCCD_k6_nc7_rf2_ra1,1e-10,8.267857142857143e-9,67.21087028591643,0.5516264617108972,0.47363065249899977
SCCD_k7_nc7_rf2_ra1,1e-10,8.636111111111111e-9,11.362887109642264,347378746.6225793,1615823182.5819979
SCCD_k8_nc7_rf2_ra1,1e-10,9.011111111111111e-9,1.480743683875438,887792892.0675414,2143641756.9188411
SCCD_k9_nc7_rf2_ra1,1e-10,9.39090909090909e-9,0.19013495707612899,1597290607.4418263,2834978817.659054
SCCD_k10_nc7_rf2_ra1,1e-10,9.774242424242425e-9,0.026684198434517643,2455435483.1873713,3469458391.974631
FCCD_k3_nc10_rf2_ra1,1e-10,1.88e-9,11.962438277243809,1.4847399140688056,3.199894879534564
FCCD_k4_nc10_rf2_ra1,1e-10,3.426666666666667e-9,19.44804231606253,1.9010958834858145,5.82231459926083
FCCD_k5_nc10_rf2_ra1,1e-10,6.59047619047619e-9,33.71869224853842,2.3090766655380786,8.734888833330654
FCCD_k6_nc10_rf2_ra1,1e-10,6.564285714285714e-9,35.376214126020685,2.8921396067224845,13.33177538239113
FCCD_k7_nc10_rf2_ra1,1e-10,6.544444444444445e-9,5.756003389487129,458404413.4476062,2096880984.5830405
FCCD_k8_nc10_rf2_ra1,1e-10,6.528888888888889e-9,0.7224570068109237,1225322584.9427562,2993951842.4269695
FCCD_k9_nc10_rf2_ra1,1e-10,6.516363636363636e-9,0.08925080726804449,2301898960.7138314,3767541278.7075205
FCCD_k10_nc10_rf2_ra1,1e-10,6.506060606060607e-9,0.01203047981828745,3688874402.2437625,5163256497.782471
RCCD_k3_nc10_rf2_ra1,1e-10,2.4097056274847718e-9,19.205272607364854,0.6008038184281869,0.5505706413327554
RCCD_k4_nc10_rf2_ra1,1e-10,4.386666666666667e-9,34.98758637142875,0.512499999880395,0.47993986921077403
RCCD_k5_nc10_rf2_ra1,1e-10,8.288421630928209e-9,66.37010446589214,0.4052860310809788,0.3795946991680961
RCCD_k6_nc10_rf2_ra1,1e-10,9.564285714285716e-9,76.84951727552398,0.45461647712138553,0.32136144394065236
RCCD_k7_nc10_rf2_ra1,1e-10,1.1884421997182738e-8,14.33143347932641,252431247.56242388,1349318794.815055
RCCD_k8_nc10_rf2_ra1,1e-10,1.612888888888889e-8,2.1717418945032514,496004258.988903,1334560971.2116535
RCCD_k9_nc10_rf2_ra1,1e-10,2.3947806374478998e-8,0.3490834519350702,626362361.3123107,1074836997.8457959
RCCD_k10_nc10_rf2_ra1,1e-10,3.844545454545456e-8,0.06697039015036713,624261136.8057547,853454533.160766
SCCD_k3_nc10_rf2_ra1,1e-10,2.48e-9,19.813978786242775,0.5834595958526897,0.5088858385047198
SCCD_k4_nc10_rf2_ra1,1e-10,4.386666666666667e-9,34.98758637142875,0.512499999880395,0.4781104260154424
SCCD_k5_nc10_rf2_ra1,1e-10,7.923809523809526e-9,62.90259688162688,0.42652027011599414,0.44895787724856945
SCCD_k6_nc10_rf2_ra1,1e-10,8.278571428571429e-9,68.07250488832584,0.5016264618280772,0.4720149088950141
SCCD_k7_nc10_rf2_ra1,1e-10,8.644444444444445e-9,11.476948565083942,347043816.2152785,1786903529.4227312
SCCD_k8_nc10_rf2_ra1,1e-10,9.01777777777778e-9,1.492723240794649,887136098.015104,2240510708.6507206
SCCD_k9_nc10_rf2_ra1,1e-10,9.396363636363638e-9,0.1914023109182217,1596362975.336177,2714933360.609997
SCCD_k10_nc10_rf2_ra1,1e-10,9.77878787878788e-9,0.026833332910168584,2454293620.189533,3222296657.089827
FCCD_k3_nc1_rf3_ra1,1e-10,2.59e-9,13.84361586411328,1.6351214557858025,3.0582158640434542
FCCD_k4_nc1_rf3_ra1,1e-10,4.9666666666666665e-9,24.400208647597267,1.9422400715983383,5.648398520961825
FCCD_k5_nc1_rf3_ra1,1e-10,9.747619047619049e-9,44.10227148170762,2.3209158211353107,9.515372402039429
FCCD_k6_nc1_rf3_ra1,1e-10,9.732142857142858e-9,47.38208129157613,2.8452171327158013,12.773242423554144
FCCD_k7_nc1_rf3_ra1,1e-10,9.719444444444444e-9,7.828121297678203,308659665.3405191,1388379013.238817
FCCD_k8_nc1_rf3_ra1,1e-10,9.708888888888889e-9,0.9934089910833471,823987017.5395155,2152023704.471673
FCCD_k9_nc1_rf3_ra1,1e-10,9.700000000000001e-9,0.12376054532044155,1546392365.1673398,2776105941.096291
FCCD_k10_nc1_rf3_ra1,1e-10,9.692424242424242e-9,0.01679450225495444,2476159695.625254,3393117187.4286637
RCCD_k3_nc1_rf3_ra1,1e-10,3.119705627484772e-9,19.573340670649454,1.6820598909549715,0.9802239911889128
RCCD_k4_nc1_rf3_ra1,1e-10,5.9266666666666665e-9,39.48145652123055,1.5446428478287295,0.9849420566161566
RCCD_k5_nc1_rf3_ra1,1e-10,1.1445564488071065e-8,80.28977308439632,1.2518018184748394,0.7847156666545217
RCCD_k6_nc1_rf3_ra1,1e-10,1.273214285714286e-8,97.83093963278345,0.8011937072828225,0.43912518475413076
RCCD_k7_nc1_rf3_ra1,1e-10,1.505942199718274e-8,18.6440132866068,199210666.87418473,955142625.4183325
RCCD_k8_nc1_rf3_ra1,1e-10,1.930888888888889e-8,2.8068508313154807,414316893.0881325,1021047300.720076
RCCD_k9_nc1_rf3_ra1,1e-10,2.7131442738115365e-8,0.4392873473581587,552863815.7767304,996668477.8806773
RCCD_k10_nc1_rf3_ra1,1e-10,4.1631818181818196e-8,0.08122246420251247,576482107.1386305,866543885.5075887
SCCD_k3_nc1_rf3_ra1,1e-10,3.19e-9,20.122340847060883,1.6805555498134845,0.9869859693805317
SCCD_k4_nc1_rf3_ra1,1e-10,5.9266666666666665e-9,39.48145652123055,1.5446428478287295,0.9670378529934004
SCCD_k5_nc1_rf3_ra1,1e-10,1.1080952380952381e-8,75.769622141617,1.433223254440563,0.9806915153073842
SCCD_k6_nc1_rf3_ra1,1e-10,1.1446428571428571e-8,85.06376285715102,1.4494598609218754,0.8828161869538553
SCCD_k7_nc1_rf3_ra1,1e-10,1.1819444444444445e-8,14.608084540144363,253819331.56279758,1059498617.0209308
SCCD_k8_nc1_rf3_ra1,1e-10,1.2197777777777778e-8,1.9167545257477177,655857402.5381596,1615583126.7426047
SCCD_k9_nc1_rf3_ra1,1e-10,1.258e-8,0.24636389154766294,1192368573.7209768,1953632008.7278132
SCCD_k10_nc1_rf3_ra1,1e-10,1.296515151515152e-8,0.034471330849244135,1851116868.6975687,2556974108.131934
FCCD_k3_nc3_rf3_ra1,1e-10,2.6100000000000003e-9,14.46976274825315,1.4988387201728965,3.1457850748137672
FCCD_k4_nc3_rf3_ra1,1e-10,4.98e-9,24.913746914845078,1.8799654179518857,5.774352244668812
FCCD_k5_nc3_rf3_ra1,1e-10,9.757142857142858e-9,44.609179433490645,2.285997157855968,9.39435040987092
FCCD_k6_nc3_rf3_ra1,1e-10,9.739285714285714e-9,47.71270884573292,2.8229229011248083,14.266384598874566
FCCD_k7_nc3_rf3_ra1,1e-10,9.725000000000001e-9,7.864141985191821,308483535.92951185,1655473125.3198142
FCCD_k8_nc3_rf3_ra1,1e-10,9.713333333333335e-9,0.9966051969298826,823610796.3973573,2229825840.1054683
FCCD_k9_nc3_rf3_ra1,1e-10,9.703636363636363e-9,0.12405190470927818,1545811590.180086,2651620297.324964
FCCD_k10_nc3_rf3_ra1,1e-10,9.695454545454545e-9,0.016824482908480314,2475385045.9600854,3409579762.399935
RCCD_k3_nc3_rf3_ra1,1e-10,3.139705627484772e-9,21.82313358699957,0.8070503418044958,0.5012792006556672
RCCD_k4_nc3_rf3_ra1,1e-10,5.94e-9,42.48163757192828,0.7113095227332884,0.4338147204799421
RCCD_k5_nc3_rf3_ra1,1e-10,1.1455088297594875e-8,84.23119135970661,0.594052613608111,0.33671902583243624
RCCD_k6_nc3_rf3_ra1,1e-10,1.2739285714285716e-8,100.20430768010907,0.531870038640492,0.2778085186097244
RCCD_k7_nc3_rf3_ra1,1e-10,1.5064977552738297e-8,18.824264689922217,199137285.54900277,1067360893.8706547
RCCD_k8_nc3_rf3_ra1,1e-10,1.9313333333333335e-8,2.8177675822969817,414221752.3745193,1072634726.894325
RCCD_k9_nc3_rf3_ra1,1e-10,2.713507910175173e-8,0.4400694730218732,552789983.2926085,989689111.3956255
RCCD_k10_nc3_rf3_ra1,1e-10,4.16348484848485e-8,0.08129949703769813,576440191.1574175,778820255.2805122
SCCD_k3_nc3_rf3_ra1,1e-10,3.2100000000000003e-9,22.459010928880858,0.7916666659770382,0.4495976573484064
SCCD_k4_nc3_rf3_ra1,1e-10,5.94e-9,42.48163757192828,0.7113095227332884,0.44182102899740083
SCCD_k5_nc3_rf3_ra1,1e-10,1.109047619047619e-8,79.83901697461063,0.6332232686282283,0.4243155981526648
SCCD_k6_nc3_rf3_ra1,1e-10,1.1453571428571429e-8,88.46767927493552,0.6716820969956822,0.4304159543311021
SCCD_k7_nc3_rf3_ra1,1e-10,1.1825e-8,15.061342105575315,253699911.1715784,1236120281.757392
SCCD_k8_nc3_rf3_ra1,1e-10,1.2202222222222222e-8,1.964252619832454,655618326.2961851,1562005970.6292236
SCCD_k9_nc3_rf3_ra1,1e-10,1.2583636363636365e-8,0.2513542163704397,1192024460.4290857,2210130850.393186
SCCD_k10_nc3_rf3_ra1,1e-10,1.2968181818181823e-8,0.03505292584067285,1850681894.6143482,2428248808.883142
FCCD_k3_nc5_rf3_ra1,1e-10,2.6300000000000002e-9,14.918838332455842,1.4343347918906166,3.140806297592185
FCCD_k4_nc5_rf3_ra1,1e-10,4.993333333333333e-9,25.311688524400868,1.8440403451069347,5.833738583894068
FCCD_k5_nc5_rf3_ra1,1e-10,9.766666666666668e-9,45.02190756823052,2.2633592648638974,9.47678849446834
FCCD_k6_nc5_rf3_ra1,1e-10,9.74642857142857e-9,47.991106134836095,2.8073314346018954,13.63419608941328
FCCD_k7_nc5_rf3_ra1,1e-10,9.730555555555556e-9,7.895276940724453,308307157.15257895,1491634926.4930758
FCCD_k8_nc5_rf3_ra1,1e-10,9.717777777777778e-9,0.9994249861138086,823233263.3447449,1993675307.3372226
FCCD_k9_nc5_rf3_ra1,1e-10,9.707272727272729e-9,0.12431308967903591,1545233287.1836033,2690867876.0130477
FCCD_k10_nc5_rf3_ra1,1e-10,9.698484848484848e-9,0.01685171673719418,2474612504.9603343,3609024444.4312425
RCCD_k3_nc5_rf3_ra1,1e-10,3.159705627484772e-9,22.961983722387412,0.6298076671390354,0.5014423668118083
RCCD_k4_nc5_rf3_ra1,1e-10,5.953333333333333e-9,43.95326748854385,0.5446428567274593,0.43991448519698795
RCCD_k5_nc5_rf3_ra1,1e-10,1.1464612107118686e-8,86.22508757794571,0.44695059059960757,0.33534823622222554
RCCD_k6_nc5_rf3_ra1,1e-10,1.2746428571428574e-8,101.6389207743605,0.4394156445018256,0.27827973380385396
RCCD_k7_nc5_rf3_ra1,1e-10,1.507053310829385e-8,18.959273395711715,199064146.00448522,1070803662.4874067
RCCD_k8_nc5_rf3_ra1,1e-10,1.931777777777778e-8,2.8271236458255773,414126236.46123534,1093931826.4441311
RCCD_k9_nc5_rf3_ra1,1e-10,2.713871546538809e-8,0.4407857800026215,552716141.5843393,938817121.0530413
RCCD_k10_nc5_rf3_ra1,1e-10,4.16378787878788e-8,0.08137230187432219,576398287.8288119,815157128.4214829
SCCD_k3_nc5_rf3_ra1,1e-10,3.23e-9,23.636082730246994,0.6138888886064885,0.455798369302313
SCCD_k4_nc5_rf3_ra1,1e-10,5.953333333333333e-9,43.95326748854385,0.5446428567274593,0.45067250781501067
SCCD_k5_nc5_rf3_ra1,1e-10,1.11e-8,81.80491677727791,0.47322326976443124,0.4106617899128077
SCCD_k6_nc5_rf3_ra1,1e-10,1.1460714285714287e-8,90.09647598550865,0.5161265425490957,0.44789755081684174
SCCD_k7_nc5_rf3_ra1,1e-10,1.1830555555555557e-8,15.27717882138576,253580603.7086833,1096071543.3142831
SCCD_k8_nc5_rf3_ra1,1e-10,1.2206666666666667e-8,1.9868061398391232,655379075.1869142,1649849190.9606612
SCCD_k9_nc5_rf3_ra1,1e-10,1.2587272727272729e-8,0.253719639822414,1191679335.440236,2020012810.6898441
SCCD_k10_nc5_rf3_ra1,1e-10,1.2971212121212126e-8,0.03532826581273236,1850251859.5506194,2570403856.9376354
FCCD_k3_nc7_rf3_ra1,1e-10,2.65e-9,15.2716939151228,1.3967226421457606,3.019917743734542
FCCD_k4_nc7_rf3_ra1,1e-10,5.006666666666667e-9,25.637603844352515,1.820661562318095,5.563579298018875
FCCD_k5_nc7_rf3_ra1,1e-10,9.776190476190477e-9,45.37054044077453,2.2474923705736716,8.738869528058657
FCCD_k6_nc7_rf3_ra1,1e-10,9.75357142857143e-9,48.231739374439925,2.7958149704024606,12.157128826081713
FCCD_k7_nc7_rf3_ra1,1e-10,9.736111111111111e-9,7.922718491203527,308130979.95592266,1478185839.7312393
FCCD_k8_nc7_rf3_ra1,1e-10,9.722222222222223e-9,1.0019500929009666,822856627.51249,2085634717.5943244
FCCD_k9_nc7_rf3_ra1,1e-10,9.71090909090909e-9,0.1245501010437197,1544654625.5717952,2802449300.204812
FCCD_k10_nc7_rf3_ra1,1e-10,9.701515151515152e-9,0.0168767009058475,2473840325.224287,3332090906.1133776
RCCD_k3_nc7_rf3_ra1,1e-10,3.179705627484772e-9,23.745562948371948,0.5536147317085176,0.5082534912780476
RCCD_k4_nc7_rf3_ra1,1e-10,5.966666666666666e-9,44.95034559717568,0.47321428548137123,0.4552611047550588
RCCD_k5_nc7_rf3_ra1,1e-10,1.1474135916642494e-8,87.58238001814283,0.3821171817046717,0.3420423132934629
RCCD_k6_nc7_rf3_ra1,1e-10,1.275357142857143e-8,102.67486946309424,0.39266904064103747,0.286696676954005
RCCD_k7_nc7_rf3_ra1,1e-10,1.5076088663849407e-8,19.06746763598522,198990685.03779984,946581380.1779932
RCCD_k8_nc7_rf3_ra1,1e-10,1.9322222222222224e-8,2.835316750125668,414030904.15605354,985238814.5836933
RCCD_k9_nc7_rf3_ra1,1e-10,2.7142351829024456e-8,0.4414468880871129,552641798.7796198,993982084.672984
RCCD_k10_nc7_rf3_ra1,1e-10,4.16409090909091e-8,0.08144133457567525,576356390.5921226,792516027.4798918
SCCD_k3_nc7_rf3_ra1,1e-10,3.25e-9,24.44490225111749,0.5376984125288362,0.4593819557245741
SCCD_k4_nc7_rf3_ra1,1e-10,5.966666666666666e-9,44.95034559717568,0.47321428548137123,0.44301555814660737
SCCD_k5_nc7_rf3_ra1,1e-10,1.110952380952381e-8,83.12619181739501,0.4046518415063284,0.4080943747576594
SCCD_k6_nc7_rf3_ra1,1e-10,1.1467857142857144e-8,91.18568455467404,0.4494598761881633,0.4418466162889487
SCCD_k7_nc7_rf3_ra1,1e-10,1.1836111111111112e-8,15.421237462577343,253461864.9658338,1176601137.3884356
SCCD_k8_nc7_rf3_ra1,1e-10,1.2211111111111112e-8,2.001846759891393,655141047.0557606,1498108148.1653247
SCCD_k9_nc7_rf3_ra1,1e-10,1.259090909090909e-8,0.2552966133281802,1191336360.0126636,2131718706.9156814
SCCD_k10_nc7_rf3_ra1,1e-10,1.2974242424242427e-8,0.035511844280417315,1849820209.295483,2515385316.5259414
FCCD_k3_nc10_rf3_ra1,1e-10,2.6800000000000003e-9,15.692891332628388,1.3627022105509408,3.052137128075248
FCCD_k4_nc10_rf3_ra1,1e-10,5.026666666666667e-9,26.038324164533798,1.7977246751991944,5.817026211816938
FCCD_k5_nc10_rf3_ra1,1e-10,9.79047619047619e-9,45.80991787666991,2.2309599995873284,8.666551230744505
FCCD_k6_nc10_rf3_ra1,1e-10,9.764285714285714e-9,48.54106576126686,2.7832589765829705,12.537405829597125
FCCD_k7_nc10_rf3_ra1,1e-10,9.744444444444445e-9,7.958641351157497,307867877.0812255,1519112855.2160168
FCCD_k8_nc10_rf3_ra1,1e-10,9.72888888888889e-9,1.0053073654468105,822293470.5655841,2133226276.362259
FCCD_k9_nc10_rf3_ra1,1e-10,9.7163636363636365e-09,0.1248694045933478,1543789138.7416956,2689521252.6916156
FCCD_k10_nc10_rf3_ra1,1e-10,9.706060606060607e-9,0.01691074123666391,2472684648.2464433,3373710636.6216
RCCD_k3_nc10_rf3_ra1,1e-10,3.209705627484772e-9,24.606103052404205,0.4963784217704179,0.504648028041508
RCCD_k4_nc10_rf3_ra1,1e-10,5.986666666666667e-9,46.031998717274114,0.4196428570070944,0.4466472546804247
RCCD_k5_nc10_rf3_ra1,1e-10,1.1488421630928209e-8,89.05545137893925,0.33276277338935717,0.3218050992672593
RCCD_k6_nc10_rf3_ra1,1e-10,1.2764285714285716e-8,103.83791012694707,0.3541605677467155,0.2789500549257612
RCCD_k7_nc10_rf3_ra1,1e-10,1.508442199718274e-8,19.198091975340063,198880548.3636291,1094137932.8191311
RCCD_k8_nc10_rf3_ra1,1e-10,1.932888888888889e-8,2.84597757087905,413888279.58621913,1014933643.8388541
RCCD_k9_nc10_rf3_ra1,1e-10,2.7147806374479e-8,0.4423521030426687,552530972.8287834,1023881231.8226285
RCCD_k10_nc10_rf3_ra1,1e-10,4.1645454545454555e-8,0.0815386481792145,576293367.2894933,748504661.3459944
SCCD_k3_nc10_rf3_ra1,1e-10,3.28e-9,25.332526227560994,0.4805555554461463,0.45991759035522406
SCCD_k4_nc10_rf3_ra1,1e-10,5.986666666666667e-9,46.031998717274114,0.4196428570070944,0.45366529926781046
SCCD_k5_nc10_rf3_ra1,1e-10,1.1123809523809525e-8,84.55010841806875,0.3532232702443711,0.4079066151106387
SCCD_k6_nc10_rf3_ra1,1e-10,1.147857142857143e-8,92.35467315260105,0.3994598763506974,0.42353413307587967
SCCD_k7_nc10_rf3_ra1,1e-10,1.1844444444444445e-8,15.575700088511649,253283205.532028,1417155002.4561822
SCCD_k8_nc10_rf3_ra1,1e-10,1.2217777777777779e-8,2.017972601307087,654783313.4525859,1581832216.4305503
SCCD_k9_nc10_rf3_ra1,1e-10,1.2596363636363636e-8,0.256987995081458,1190819647.1965134,2037642336.5111225
SCCD_k10_nc10_rf3_ra1,1e-10,1.2978787878787881e-8,0.03570883221000445,1849171166.8870099,2527861054.450882
FCCD_k3_nc1_rf1_ra2,1e-10,1.1699999999999999e-9,8.598166050337133,1.4391025637766626,1.8370469822274615
FCCD_k4_nc1_rf1_ra2,1e-10,1.9266666666666666e-9,13.685490937729943,1.4818322976695681,3.0530974335973724
FCCD_k5_nc1_rf1_ra2,1e-10,3.490476190476191e-9,22.97417236758955,1.5494901537610655,4.863354324054182
FCCD_k6_nc1_rf1_ra2,1e-10,3.4607142857142854e-9,23.628733279427564,1.9599160765731578,6.10375752850716
FCCD_k7_nc1_rf1_ra2,1e-10,3.4361111111111114e-9,3.781269615802433,873079849.4818842,4121384681.7371564
FCCD_k8_nc1_rf1_ra2,1e-10,3.415555555555556e-9,0.4673495309327569,2342222587.712335,6022443691.243188
FCCD_k9_nc1_rf1_ra2,1e-10,3.3981818181818187e-9,0.056928368646347136,4414119195.239517,7590859300.831528
FCCD_k10_nc1_rf1_ra2,1e-10,3.383333333333334e-9,0.007575891367940127,7093590276.14913,9773930158.125366
RCCD_k3_nc1_rf1_ra2,1e-10,2.2294112549695428e-9,13.591267470289491,1.945083440482916,0.9834241194533748
RCCD_k4_nc1_rf1_ra2,1e-10,3.846666666666667e-9,24.25146507539,1.804687493866325,0.9827520043290204
RCCD_k5_nc1_rf1_ra2,1e-10,6.886367071380227e-9,44.928566889100985,1.4287919785084895,0.7972170585775836
RCCD_k6_nc1_rf1_ra2,1e-10,9.460714285714289e-9,53.69346724979901,1.1080729139152417,0.5710174358555504
RCCD_k7_nc1_rf1_ra2,1e-10,1.4116066216587701e-8,10.943680885951505,212523793.62312236,1177037607.4554567
RCCD_k8_nc1_rf1_ra2,1e-10,2.261555555555556e-8,1.860017832629473,353738852.08011454,914833524.6561567
RCCD_k9_nc1_rf1_ra2,1e-10,3.8261067294412545e-8,0.3404772719461899,392043377.04767805,667761535.4960445
RCCD_k10_nc1_rf1_ra2,1e-10,6.726212121212124e-8,0.074516369149718,356813002.7641057,477767383.0805707
SCCD_k3_nc1_rf1_ra2,1e-10,2.37e-9,14.13551449220349,1.930555551182707,0.9947089702980865
SCCD_k4_nc1_rf1_ra2,1e-10,3.846666666666667e-9,24.25146507539,1.804687493866325,0.9795541009431559
SCCD_k5_nc1_rf1_ra2,1e-10,6.157142857142859e-9,41.80819534675087,1.6524999910501557,0.9342885779677933
SCCD_k6_nc1_rf1_ra2,1e-10,6.889285714285714e-9,45.35136280871207,1.7802579270082164,0.90256009089047
SCCD_k7_nc1_rf1_ra2,1e-10,7.636111111111114e-9,7.978033433913111,392870172.39325935,1670877570.4881592
SCCD_k8_nc1_rf1_ra2,1e-10,8.393333333333335e-9,1.0961509512864416,953137316.6454812,2409212255.4130335
SCCD_k9_nc1_rf1_ra2,1e-10,9.158181818181819e-9,0.1495509299378766,1637879351.2231379,2723208773.8402443
SCCD_k10_nc1_rf1_ra2,1e-10,9.92878787878788e-9,0.022389107274399207,2417213290.756063,3479394409.639815
FCCD_k3_nc3_rf1_ra2,1e-10,1.19e-9,8.865984227144427,1.3655660374488852,1.8266970874696886
FCCD_k4_nc3_rf1_ra2,1e-10,1.94e-9,13.8614170514738,1.4570512815938093,3.1595802075763695
FCCD_k5_nc3_rf1_ra2,1e-10,3.5000000000000003e-9,23.125936668224604,1.5376093603838885,4.842288572395445
FCCD_k6_nc3_rf1_ra2,1e-10,3.467857142857143e-9,23.721099077924343,1.9527345113311558,6.60052472244569
FCCD_k7_nc3_rf1_ra2,1e-10,3.4416666666666665e-9,3.7912566323816397,871669844.9547243,4089103251.0862164
FCCD_k8_nc3_rf1_ra2,1e-10,3.4200000000000006e-9,0.4682538733733167,2339181196.6675596,6102854479.755441
FCCD_k9_nc3_rf1_ra2,1e-10,3.4018181818181818e-9,0.05701390944712409,4409409930.463533,7834007787.576092
FCCD_k10_nc3_rf1_ra2,1e-10,3.3863636363636366e-9,0.007585113311692267,7087252976.869776,9668048454.32157
RCCD_k3_nc3_rf1_ra2,1e-10,2.2494112549695427e-9,15.152714991826223,1.0604462122405587,0.5745949603421111
RCCD_k4_nc3_rf1_ra2,1e-10,3.86e-9,26.094324799954784,0.9713541658828915,0.51737217816155745
RCCD_k5_nc3_rf1_ra2,1e-10,6.895890880904037e-9,47.0864532679014,0.8084189135402824,0.41471601304093236
RCCD_k6_nc3_rf1_ra2,1e-10,9.467857142857146e-9,54.97265215751882,0.8551993525986978,0.567636482438445
RCCD_k7_nc3_rf1_ra2,1e-10,1.4121621772143258e-8,11.062232412853135,212440144.94357216,967159101.3027436
RCCD_k8_nc3_rf1_ra2,1e-10,2.262e-8,1.8699977717292968,353669318.2955644,911053312.6173431
RCCD_k9_nc3_rf1_ra2,1e-10,3.8264703658048905e-8,0.34150678955253455,392006193.07488006,685419805.2826724
RCCD_k10_nc3_rf1_ra2,1e-10,6.726515151515153e-8,0.07465878127409005,356796954.7163711,476772474.40755135
SCCD_k3_nc3_rf1_ra2,1e-10,2.39e-9,15.776975298349603,1.0416666660514076,0.5728227875990807
SCCD_k4_nc3_rf1_ra2,1e-10,3.86e-9,26.094324799954784,0.9713541658828915,0.5202708614475536
SCCD_k5_nc3_rf1_ra2,1e-10,6.166666666666668e-9,44.053607821281965,0.8524999989359879,0.42247339543259504
SCCD_k6_nc3_rf1_ra2,1e-10,6.896428571428571e-9,47.16614555234571,1.0024801575689575,0.5744402890020988
SCCD_k7_nc3_rf1_ra2,1e-10,7.641666666666669e-9,8.225750739907902,392584506.0534215,1966750492.0984762
SCCD_k8_nc3_rf1_ra2,1e-10,8.39777777777778e-9,1.1233469210295604,952633280.0125719,2299963158.875381
SCCD_k9_nc3_rf1_ra2,1e-10,9.161818181818183e-9,0.1525847183340943,1637229679.2392962,2823132518.627808
SCCD_k10_nc3_rf1_ra2,1e-10,9.931818181818184e-9,0.022767434677668,2416475465.005156,3323903407.0460596
FCCD_k3_nc5_rf1_ra2,1e-10,1.21e-9,9.07625831532959,1.3227611937583812,1.811427113430734
FCCD_k4_nc5_rf1_ra2,1e-10,1.9533333333333336e-9,14.010738321485125,1.4396288205077332,2.9705644593497107
FCCD_k5_nc5_rf1_ra2,1e-10,3.50952380952381e-9,23.26007009349549,1.5284460706510214,5.028025789240409
FCCD_k6_nc5_rf1_ra2,1e-10,3.475e-9,23.804670572123527,1.9468999190907808,6.005312643353146
FCCD_k7_nc5_rf1_ra2,1e-10,3.4472222222222223e-9,3.8004818669498865,870265732.6808846,3643300203.039766
FCCD_k8_nc5_rf1_ra2,1e-10,3.424444444444445e-9,0.46910311937582344,2336143957.449443,6033313021.411271
FCCD_k9_nc5_rf1_ra2,1e-10,3.4054545454545456e-9,0.05709528607791287,4404699445.075881,7456638342.081804
FCCD_k10_nc5_rf1_ra2,1e-10,3.389393939393939e-9,0.007593975080152455,7080908698.328403,9564580717.749249
RCCD_k3_nc5_rf1_ra2,1e-10,2.2694112549695426e-9,15.943305181463364,0.8811458315162561,0.5786017185484864
RCCD_k4_nc5_rf1_ra2,1e-10,3.873333333333334e-9,26.998272746670565,0.8046874996459057,0.5223254799374912
RCCD_k5_nc5_rf1_ra2,1e-10,6.9054146904278456e-9,48.190024008269226,0.6660133944503013,0.41714385649528657
RCCD_k6_nc5_rf1_ra2,1e-10,9.475000000000004e-9,55.75147337518433,0.7669876448781975,0.5608241597246928
RCCD_k7_nc5_rf1_ra2,1e-10,1.4127177327698811e-8,11.148405535965132,212356642.23068234,1086557985.5102863
RCCD_k8_nc5_rf1_ra2,1e-10,2.2624444444444445e-8,1.8780967299623428,353599897.45459944,873567293.3416485
RCCD_k9_nc5_rf1_ra2,1e-10,3.826834002168527e-8,0.3423942893461963,391968927.0051187,711017368.3497987
RCCD_k10_nc5_rf1_ra2,1e-10,6.726818181818184e-8,0.07478572866251458,356780861.6734252,480901043.9124243
SCCD_k3_nc5_rf1_ra2,1e-10,2.41e-9,16.60384308869736,0.8638888885767233,0.5595119996052214
SCCD_k4_nc5_rf1_ra2,1e-10,3.873333333333334e-9,26.998272746670565,0.8046874996459057,0.5270401808974521
SCCD_k5_nc5_rf1_ra2,1e-10,6.176190476190478e-9,45.13835287877358,0.6924999995680537,0.42202692010679194
SCCD_k6_nc5_rf1_ra2,1e-10,6.90357142857143e-9,48.03453119853483,0.8469246026813123,0.5810998881880828
SCCD_k7_nc5_rf1_ra2,1e-10,7.647222222222222e-9,8.343808439328535,392299164.3238961,1782184822.0735352
SCCD_k8_nc5_rf1_ra2,1e-10,8.402222222222225e-9,1.1362784491757172,952128787.0857716,2623001161.1016226
SCCD_k9_nc5_rf1_ra2,1e-10,9.165454545454546e-9,0.15402516276158998,1636579825.2245512,2761049631.987105
SCCD_k10_nc5_rf1_ra2,1e-10,9.934848484848487e-9,0.0229468819377146,2415737480.0192785,3340249542.0277934
FCCD_k3_nc7_rf1_ra2,1e-10,1.23e-9,9.250130702299366,1.2947530861548708,1.8057643351462014
FCCD_k4_nc7_rf1_ra2,1e-10,1.966666666666667e-9,14.14063914253071,1.426711026164853,2.9679705121578017
FCCD_k5_nc7_rf1_ra2,1e-10,3.5190476190476193e-9,23.38031886092362,1.5211636063442515,4.830134951309757
FCCD_k6_nc7_rf1_ra2,1e-10,3.482142857142857e-9,23.881001216705048,1.9420658343556096,6.729685993752586
FCCD_k7_nc7_rf1_ra2,1e-10,3.452777777777778e-9,3.809060495361695,868866583.7136809,4379024059.556249
FCCD_k8_nc7_rf1_ra2,1e-10,3.428888888888889e-9,0.46990426492404114,2333118322.005423,5664627288.419156
FCCD_k9_nc7_rf1_ra2,1e-10,3.4090909090909095e-9,0.05717294838911632,4399999013.185211,7507744393.918618
FCCD_k10_nc7_rf1_ra2,1e-10,3.3924242424242422e-9,0.007602500785581016,7074594027.744892,10036044414.953783
RCCD_k3_nc7_rf1_ra2,1e-10,2.289411254969543e-9,16.487299902630884,0.8040571921620921,0.5805917054662842
RCCD_k4_nc7_rf1_ra2,1e-10,3.886666666666667e-9,27.61072748046013,0.7332589283359627,0.5220492506900617
RCCD_k5_nc7_rf1_ra2,1e-10,6.914938499951656e-9,48.94363479082272,0.6028127102746035,0.41848520690622965
RCCD_k6_nc7_rf1_ra2,1e-10,9.48214285714286e-9,56.31550803720864,0.7221080040515976,0.5627843931067932
RCCD_k7_nc7_rf1_ra2,1e-10,1.413273288325437e-8,11.21629781181788,212273231.83308664,946796207.0590715
RCCD_k8_nc7_rf1_ra2,1e-10,2.262888888888889e-8,1.8849209376192184,353530367.4197767,894199166.3329628
RCCD_k9_nc7_rf1_ra2,1e-10,3.827197638532163e-8,0.3431747535802912,391931668.0224653,678577761.0649381
RCCD_k10_nc7_rf1_ra2,1e-10,6.727121212121214e-8,0.07490028186783039,356764808.0801328,477559387.6534282
SCCD_k3_nc7_rf1_ra2,1e-10,2.43e-9,17.17202152027655,0.7876984124698362,0.5679283017265803
SCCD_k4_nc7_rf1_ra2,1e-10,3.886666666666667e-9,27.61072748046013,0.7332589283359627,0.5288071018012495
SCCD_k5_nc7_rf1_ra2,1e-10,6.185714285714287e-9,45.86740660098192,0.6239285711710162,0.42252482782820594
SCCD_k6_nc7_rf1_ra2,1e-10,6.910714285714286e-9,48.61523785185162,0.7802579361988121,0.5787671548673533
SCCD_k7_nc7_rf1_ra2,1e-10,7.652777777777779e-9,8.422668804901837,392014328.16291803,1744414915.8184404
SCCD_k8_nc7_rf1_ra2,1e-10,8.40666666666667e-9,1.1449140133066502,951625632.6235344,2440516402.6227646
SCCD_k9_nc7_rf1_ra2,1e-10,9.169090909090909e-9,0.15498710049584696,1635930486.9734716,2803619817.1943173
SCCD_k10_nc7_rf1_ra2,1e-10,9.93787878787879e-9,0.023066719037432373,2415002073.518462,3237647094.321627
FCCD_k3_nc10_rf1_ra2,1e-10,1.26e-9,9.465844908247332,1.2671568624829992,1.8490527615606993
FCCD_k4_nc10_rf1_ra2,1e-10,1.986666666666667e-9,14.308714978986652,1.4125796173833913,3.07322127129157
FCCD_k5_nc10_rf1_ra2,1e-10,3.5333333333333335e-9,23.54027756772182,1.5126687144102757,4.691440315429871
FCCD_k6_nc10_rf1_ra2,1e-10,3.492857142857143e-9,23.98441243025464,1.9361918592986118,6.941900651628598
FCCD_k7_nc10_rf1_ra2,1e-10,3.4611111111111116e-9,3.820910528962352,866773383.8233453,4323943299.227199
FCCD_k8_nc10_rf1_ra2,1e-10,3.4355555555555554e-9,0.47102873604165557,2328593230.850581,6245398995.825672
FCCD_k9_nc10_rf1_ra2,1e-10,3.414545454545455e-9,0.05728335305445504,4392967145.362758,7196496269.496782
FCCD_k10_nc10_rf1_ra2,1e-10,3.396969696969697e-9,0.007614753029015393,7065116749.199402,9455840243.88733
RCCD_k3_nc10_rf1_ra2,1e-10,2.3194112549695427e-9,17.08474451621836,0.7461436211914264,0.5761815143369609
RCCD_k4_nc10_rf1_ra2,1e-10,3.906666666666667e-9,28.275132373026427,0.6796874998275099,0.5204282692265192
RCCD_k5_nc10_rf1_ra2,1e-10,6.92922421423737e-9,49.762983533585746,0.5545203520439269,0.41305626128116646
RCCD_k6_nc10_rf1_ra2,1e-10,9.492857142857146e-9,56.949904129015216,0.6849959933392206,0.5547881926931171
RCCD_k7_nc10_rf1_ra2,1e-10,1.4141066216587701e-8,11.297219414057363,212148065.81631082,932678226.7138493
RCCD_k8_nc10_rf1_ra2,1e-10,2.2635555555555555e-8,1.8935013818489053,353426298.13196236,889934993.6450058
RCCD_k9_nc10_rf1_ra2,1e-10,3.827743093077618e-8,0.3441940608267492,391875832.83991945,673274504.9688628
RCCD_k10_nc10_rf1_ra2,1e-10,6.72757575757576e-8,0.07505362323674292,356740684.9124087,485630475.9684987
SCCD_k3_nc10_rf1_ra2,1e-10,2.46e-9,17.795558398075645,0.7305555553708469,0.5726447005754564
SCCD_k4_nc10_rf1_ra2,1e-10,3.906666666666667e-9,28.275132373026427,0.6796874998275099,0.5275577799940352
SCCD_k5_nc10_rf1_ra2,1e-10,6.200000000000002e-9,46.65309592835786,0.5724999998351828,0.41930303021517895
SCCD_k6_nc10_rf1_ra2,1e-10,6.921428571428571e-9,49.238478868782906,0.7302579362966806,0.583419359020262
SCCD_k7_nc10_rf1_ra2,1e-10,7.661111111111112e-9,8.507303638144595,391588030.2585852,1816633172.249192
SCCD_k8_nc10_rf1_ra2,1e-10,8.413333333333337e-9,1.1541873465426002,950871955.8432095,2427260487.113076
SCCD_k9_nc10_rf1_ra2,1e-10,9.174545454545456e-9,0.1560207320068684,1634958996.3312461,2829922172.7358537
SCCD_k10_nc10_rf1_ra2,1e-10,9.942424242424246e-9,0.02319556995548608,2413897884.673835,3253148489.115427
FCCD_k3_nc1_rf2_ra2,1e-10,1.97e-9,13.207239807151696,1.1004870125794446,1.6886017224979157
FCCD_k4_nc1_rf2_ra2,1e-10,3.526666666666667e-9,22.116869640764467,1.1895768424409534,2.8030037833117976
FCCD_k5_nc1_rf2_ra2,1e-10,6.69047619047619e-9,38.4296985851095,1.3223133466658437,4.315897456660968
FCCD_k6_nc1_rf2_ra2,1e-10,6.660714285714286e-9,40.23792079857464,1.6428813585603077,5.840927835468789
FCCD_k7_nc1_rf2_ra2,1e-10,6.6361111111111115e-9,6.516837705520954,452072293.920323,2076525961.476879
FCCD_k8_nc1_rf2_ra2,1e-10,6.615555555555555e-9,0.8133240721480532,1209271954.436125,3166112947.7840524
FCCD_k9_nc1_rf2_ra2,1e-10,6.5981818181818184e-9,0.09989185894807583,2273352409.2475095,4083365222.241531
FCCD_k10_nc1_rf2_ra2,1e-10,6.583333333333333e-9,0.013389140636210583,3645572419.6056066,4690358447.834071
RCCD_k3_nc1_rf2_ra2,1e-10,3.0294112549695437e-9,19.253074363465622,1.6909865951138403,0.9575300527669468
RCCD_k4_nc1_rf2_ra2,1e-10,5.446666666666667e-9,36.630855782628096,1.5729166580965572,0.9573845035199342
RCCD_k5_nc1_rf2_ra2,1e-10,1.0086367071380227e-8,71.38622833011183,1.199640536682204,0.7626366569121885
RCCD_k6_nc1_rf2_ra2,1e-10,1.266071428571429e-8,86.58703390930617,0.7545072090681006,0.3386295702353467
RCCD_k7_nc1_rf2_ra2,1e-10,1.73160662165877e-8,17.12648468727967,173249487.59969386,882315799.8528936
RCCD_k8_nc1_rf2_ra2,1e-10,2.5815555555555558e-8,2.7662436779695434,309890716.1436852,764008388.0548933
RCCD_k9_nc1_rf2_ra2,1e-10,4.146106729441255e-8,0.4766393711085264,361785272.8972998,618823712.9394137
RCCD_k10_nc1_rf2_ra2,1e-10,7.046212121212123e-8,0.09811286574422025,340608566.88991636,439681903.7086221
SCCD_k3_nc1_rf2_ra2,1e-10,3.17e-9,19.910026276466763,1.695436502221172,0.9882584604430795
SCCD_k4_nc1_rf2_ra2,1e-10,5.446666666666667e-9,36.630855782628096,1.5729166580965572,0.9866823532672826
SCCD_k5_nc1_rf2_ra2,1e-10,9.357142857142859e-9,66.69855893136679,1.4581547483882864,0.9398286856213521
SCCD_k6_nc1_rf2_ra2,1e-10,1.0089285714285714e-8,73.60885675111071,1.5058396326784136,0.8883711958249961
SCCD_k7_nc1_rf2_ra2,1e-10,1.0836111111111113e-8,12.774097176599378,276851920.2880294,1388096865.8718593
SCCD_k8_nc1_rf2_ra2,1e-10,1.1593333333333336e-8,1.7132362814051312,690052015.4152834,1781446268.9627912
SCCD_k9_nc1_rf2_ra2,1e-10,1.2358181818181818e-8,0.22681666364559577,1213770412.5131729,2022485212.564194
SCCD_k10_nc1_rf2_ra2,1e-10,1.3128787878787881e-8,0.032851500171810204,1828044480.289162,2496182758.4907084
FCCD_k3_nc3_rf2_ra2,1e-10,1.99e-9,13.597113208145105,1.0389563103215131,1.700124450189129
FCCD_k4_nc3_rf2_ra2,1e-10,3.54e-9,22.394294594548818,1.16682816463436,3.0012061009592186
FCCD_k5_nc3_rf2_ra2,1e-10,6.7000000000000004e-9,38.68086988963154,1.3108764897405463,4.700347926169425
FCCD_k6_nc3_rf2_ra2,1e-10,6.667857142857144e-9,40.39377563117519,1.635936574366163,6.7281115507308185
FCCD_k7_nc3_rf2_ra2,1e-10,6.641666666666667e-9,6.533495287741359,451693605.0458801,2313384444.7004943
FCCD_k8_nc3_rf2_ra2,1e-10,6.620000000000001e-9,0.8147970201767101,1208460629.8753004,3169242388.566166
FCCD_k9_nc3_rf2_ra2,1e-10,6.6018181818181815e-9,0.10002709811143957,2272099663.1827793,3884098584.2432604
FCCD_k10_nc3_rf2_ra2,1e-10,6.586363636363636e-9,0.013403258250070334,3643893425.2750325,4962365564.104527
RCCD_k3_nc3_rf2_ra2,1e-10,3.0494112549695436e-09,21.45561180656182,0.8187326399747761,0.3350104598540473
RCCD_k4_nc3_rf2_ra2,1e-10,5.4600000000000006e-9,39.41442075501767,0.7395833323350586,0.3230634114151937
RCCD_k5_nc3_rf2_ra2,1e-10,1.0095890880904037e-8,74.71542893140958,0.6130542957736186,0.2720037402443195
RCCD_k6_nc3_rf2_ra2,1e-10,1.2667857142857146e-8,88.36948188115421,0.5647078796067643,0.30127261089118623
RCCD_k7_nc3_rf2_ra2,1e-10,1.7321621772143257e-8,17.265115026072436,173193983.49519682,790451572.0833412
RCCD_k8_nc3_rf2_ra2,1e-10,2.582e-8,2.7760720569894417,309837409.58314717,784586473.2883966
RCCD_k9_nc3_rf2_ra2,1e-10,4.146470365804891e-8,0.47751383510009304,361753531.0178374,639464750.8600996
RCCD_k10_nc3_rf2_ra2,1e-10,7.046515151515154e-8,0.0982200758989806,340593904.31152326,466850704.6767668
SCCD_k3_nc3_rf2_ra2,1e-10,3.19e-9,22.22204171656269,0.8065476183540918,0.3332437295734903
SCCD_k4_nc3_rf2_ra2,1e-10,5.4600000000000006e-9,39.41442075501767,0.7395833323350586,0.3225608678036171
SCCD_k5_nc3_rf2_ra2,1e-10,9.366666666666668e-9,70.28076989878956,0.6581547603698189,0.3170688603111285
SCCD_k6_nc3_rf2_ra2,1e-10,1.009642857142857e-8,76.55439299144616,0.7280618671105488,0.31194860017270065
SCCD_k7_nc3_rf2_ra2,1e-10,1.084166666666667e-8,13.170494743402072,276710393.4192069,1276862745.4160175
SCCD_k8_nc3_rf2_ra2,1e-10,1.159777777777778e-8,1.7556968526959456,689787752.2242625,1702515998.844625
SCCD_k9_nc3_rf2_ra2,1e-10,1.2361818181818183e-8,0.23141140114847344,1213413209.5352893,2136228951.4909143
SCCD_k10_nc3_rf2_ra2,1e-10,1.3131818181818184e-8,0.03340572438248538,1827621133.36071,2418861384.2366257
FCCD_k3_nc5_rf2_ra2,1e-10,2.0100000000000003e-9,13.906631986921695,1.002228681833911,1.6562785546466265
FCCD_k4_nc5_rf2_ra2,1e-10,3.5533333333333335e-9,22.630624370301913,1.1507082406227822,2.966354048978328
FCCD_k5_nc5_rf2_ra2,1e-10,6.709523809523811e-9,38.90313451902955,1.3020327340338078,4.67528696944702
FCCD_k6_nc5_rf2_ra2,1e-10,6.675e-9,40.53491377197724,1.630284152889274,6.5326607062875075
FCCD_k7_nc5_rf2_ra2,1e-10,6.647222222222223e-9,6.548858771308207,451316514.9277146,2106714104.6650376
FCCD_k8_nc5_rf2_ra2,1e-10,6.624444444444445e-9,0.8161753168081723,1207648018.4728653,2995993750.641975
FCCD_k9_nc5_rf2_ra2,1e-10,6.605454545454545e-9,0.10015503683223771,2270848297.026144,4040851547.315017
FCCD_k10_nc5_rf2_ra2,1e-10,6.589393939393939e-9,0.013416722727110138,3642223144.384398,4895727793.1462145
RCCD_k3_nc5_rf2_ra2,1e-10,3.0694112549695436e-9,22.573050932430306,0.6410106305284761,0.3348966432791102
RCCD_k4_nc5_rf2_ra2,1e-10,5.473333333333334e-9,40.77979751668863,0.5729166662760028,0.29162431034017117
RCCD_k5_nc5_rf2_ra2,1e-10,1.0105414690427846e-8,76.44279771239202,0.47368503264068995,0.22532900611462375
RCCD_k6_nc5_rf2_ra2,1e-10,1.2675000000000003e-8,89.51623595845913,0.4899384465383739,0.3032706059683512
RCCD_k7_nc5_rf2_ra2,1e-10,1.7327177327698813e-8,17.373387484016856,173138372.9622861,814766949.7401316
RCCD_k8_nc5_rf2_ra2,1e-10,2.5824444444444447e-8,2.784595663592874,309783965.09783185,797617019.4492
RCCD_k9_nc5_rf2_ra2,1e-10,4.1468340021685275e-8,0.4783115404679513,361721794.7086298,607910623.6526029
RCCD_k10_nc5_rf2_ra2,1e-10,7.046818181818184e-8,0.09832037297127981,340579305.6684795,487192715.53011256
SCCD_k3_nc5_rf2_ra2,1e-10,3.2100000000000003e-9,23.386694013869075,0.6287698409811704,0.3300201441642522
SCCD_k4_nc5_rf2_ra2,1e-10,5.473333333333334e-9,40.77979751668863,0.5729166662760028,0.2915976878580869
SCCD_k5_nc5_rf2_ra2,1e-10,9.376190476190478e-9,72.01131414878769,0.4981547613295685,0.26222602282611995
SCCD_k6_nc5_rf2_ra2,1e-10,1.010357142857143e-8,77.96385172890193,0.5725063125326527,0.31154134284308127
SCCD_k7_nc5_rf2_ra2,1e-10,1.0847222222222223e-8,13.359280677113322,276568830.61607826,1347972944.8605514
SCCD_k8_nc5_rf2_ra2,1e-10,1.1602222222222224e-8,1.7758617428404462,689522917.7839472,1694726028.0830412
SCCD_k9_nc5_rf2_ra2,1e-10,1.2365454545454545e-8,0.23358944641696966,1213056217.331262,2068050684.3106627
SCCD_k10_nc5_rf2_ra2,1e-10,1.3134848484848488e-8,0.03366809610715611,1827200861.8892891,2604666177.526692
FCCD_k3_nc7_rf2_ra2,1e-10,2.0300000000000002e-9,14.164334057840646,0.9778225803189742,1.6161085843676162
FCCD_k4_nc7_rf2_ra2,1e-10,3.5666666666666668e-9,22.836759584881584,1.138688181675895,2.997226097982916
FCCD_k5_nc7_rf2_ra2,1e-10,6.7190476190476194e-9,39.10258328324497,1.29498996943142,4.593893408634349
FCCD_k6_nc7_rf2_ra2,1e-10,6.6821428571428575e-9,40.66391525083772,1.6255940567881701,6.534753239672752
FCCD_k7_nc7_rf2_ra2,1e-10,6.6527777777777775e-9,6.563124282861908,450939090.6592871,1943863213.5216534
FCCD_k8_nc7_rf2_ra2,1e-10,6.628888888888889e-9,0.8174708081505017,1206838870.7824314,2868635611.4737077
FCCD_k9_nc7_rf2_ra2,1e-10,6.60909090909091e-9,0.10027643626815876,2269605384.6372113,3956500713.28457
FCCD_k10_nc7_rf2_ra2,1e-10,6.592424242424242e-9,0.013429625972589678,3640542965.812526,5087232326.993141
RCCD_k3_nc7_rf2_ra2,1e-10,3.0894112549695435e-9,23.342365061679427,0.5645035419542411,0.3348880944599362
RCCD_k4_nc7_rf2_ra2,1e-10,5.486666666666667e-9,41.70488558649286,0.5014880950152553,0.2916222527179391
RCCD_k5_nc7_rf2_ra2,1e-10,1.0114938499951656e-8,77.62748283856273,0.4112457943041166,0.22527897394973592
RCCD_k6_nc7_rf2_ra2,1e-10,1.268214285714286e-8,90.3664727254755,0.44994549390883015,0.3004827992451901
RCCD_k7_nc7_rf2_ra2,1e-10,1.733273288325437e-8,17.462370954962378,173082940.04691416,860068255.6187056
RCCD_k8_nc7_rf2_ra2,1e-10,2.5828888888888892e-08,2.792125329718461,309730787.5656707,767860569.8785065
RCCD_k9_nc7_rf2_ra2,1e-10,4.1471976385321635e-8,0.4790451372823228,361690063.9680002,675576373.9860796
RCCD_k10_nc7_rf2_ra2,1e-10,7.047121212121215e-8,0.09841462787651517,340564608.2669707,479621197.75010717
SCCD_k3_nc7_rf2_ra2,1e-10,3.23e-9,24.18697952915626,0.5525793649028614,0.3277157854718043
SCCD_k4_nc7_rf2_ra2,1e-10,5.486666666666667e-9,41.70488558649286,0.5014880950152553,0.29158310595509945
SCCD_k5_nc7_rf2_ra2,1e-10,9.385714285714287e-9,73.1744074660712,0.4295833330228578,0.2630347079189837
SCCD_k6_nc7_rf2_ra2,1e-10,1.0110714285714287e-8,78.9063846579922,0.5058396461355469,0.31227046281659004
SCCD_k7_nc7_rf2_ra2,1e-10,1.085277777777778e-8,13.485304095077367,276427050.7104135,1219038373.8035004
SCCD_k8_nc7_rf2_ra2,1e-10,1.160666666666667e-8,1.7893116583450233,689259060.2917569,1732002305.4823406
SCCD_k9_nc7_rf2_ra2,1e-10,1.2369090909090909e-8,0.23504160017239542,1212701455.4526446,2104500624.9004624
SCCD_k10_nc7_rf2_ra2,1e-10,1.313787878787879e-8,0.033843018147768696,1826778980.667445,2553739743.269103
FCCD_k3_nc10_rf2_ra2,1e-10,2.0600000000000003e-9,14.485822654835783,0.9534793811238084,1.6642360106001555
FCCD_k4_nc10_rf2_ra2,1e-10,3.5866666666666667e-9,23.104108798440805,1.1254719518121876,2.8234671955721793
FCCD_k5_nc10_rf2_ra2,1e-10,6.733333333333333e-9,39.36814332175211,1.2867586902993517,4.63309383005692
FCCD_k6_nc10_rf2_ra2,1e-10,6.692857142857143e-9,40.838809858938184,1.6198865565707175,6.12743476326811
FCCD_k7_nc10_rf2_ra2,1e-10,6.661111111111112e-9,6.582786667589931,450375337.42615116,2234826037.724797
FCCD_k8_nc10_rf2_ra2,1e-10,6.6355555555555555e-9,0.8192811708765961,1205625512.7088146,3409617660.749989
FCCD_k9_nc10_rf2_ra2,1e-10,6.614545454545454e-9,0.1004480774396337,2267732968.258093,4087863004.007365
FCCD_k10_nc10_rf2_ra2,1e-10,6.596969696969697e-9,0.013448006030852827,3638037700.627492,4814619158.552974
RCCD_k3_nc10_rf2_ra2,1e-10,3.119411254969543e-9,24.187520225857813,0.5069884134750865,0.334891367984339
RCCD_k4_nc10_rf2_ra2,1e-10,5.5066666666666675e-9,42.70844226713771,0.44791666653318274,0.2916480982879818
RCCD_k5_nc10_rf2_ra2,1e-10,1.012922421423737e-8,78.91864484624357,0.36328957987655147,0.22517107698298583
RCCD_k6_nc10_rf2_ra2,1e-10,1.2692857142857146e-8,91.33742060836514,0.4158135774084833,0.3043211453885615
RCCD_k7_nc10_rf2_ra2,1e-10,1.7341066216587702e-8,17.571958520278766,172999821.76193026,800617373.4081724
RCCD_k8_nc10_rf2_ra2,1e-10,2.5835555555555557e-8,2.802002742556667,309650714.84586537,835041395.373419
RCCD_k9_nc10_rf2_ra2,1e-10,4.1477430930776176e-8,0.4800460799728426,361642478.2946209,635424216.0520355
RCCD_k10_nc10_rf2_ra2,1e-10,7.04757575757576e-8,0.09854616253187463,340542633.21100855,462346912.75972694
SCCD_k3_nc10_rf2_ra2,1e-10,3.2600000000000003e-9,25.065238019510556,0.4954365078197946,0.33020831297079556
SCCD_k4_nc10_rf2_ra2,1e-10,5.5066666666666675e-9,42.70844226713771,0.44791666653318274,0.29166148224963867
SCCD_k5_nc10_rf2_ra2,1e-10,9.400000000000001e-9,74.42785419908779,0.378154761735083,0.2585145327880717
SCCD_k6_nc10_rf2_ra2,1e-10,1.012142857142857e-8,79.91795423096994,0.45583964627885903,0.31232687861489183
SCCD_k7_nc10_rf2_ra2,1e-10,1.0861111111111113e-8,13.62044697442408,276214924.3011614,1288758959.9232738
SCCD_k8_nc10_rf2_ra2,1e-10,1.1613333333333335e-8,1.8037345453416507,688863108.1213541,1755717591.791138
SCCD_k9_nc10_rf2_ra2,1e-10,1.2374545454545455e-8,0.23659925771890128,1212166673.8705237,2208720841.192174
SCCD_k10_nc10_rf2_ra2,1e-10,1.3142424242424246e-8,0.03403068884726135,1826146888.1027334,2706212852.403801
FCCD_k3_nc1_rf3_ra2,1e-10,2.77e-9,17.17507188596993,0.9777950305295116,1.6048332277201793
FCCD_k4_nc1_rf3_ra2,1e-10,5.126666666666667e-9,29.475174813958024,1.0875779615067651,2.923438732560055
FCCD_k5_nc1_rf3_ra2,1e-10,9.89047619047619e-9,52.092817532662785,1.2448425844379956,4.781230632589107
FCCD_k6_nc1_rf3_ra2,1e-10,9.860714285714286e-9,55.099417608552166,1.5351105076572424,6.491084641165041
FCCD_k7_nc1_rf3_ra2,1e-10,9.836111111111112e-9,8.990473161473497,304998275.3385056,1474225146.8939912
FCCD_k8_nc1_rf3_ra2,1e-10,9.815555555555555e-9,1.1289552892617112,815033204.7814902,1875899648.1470435
FCCD_k9_nc1_rf3_ra2,1e-10,9.798181818181818e-9,0.1393819876262371,1530895716.790445,2769056922.306051
FCCD_k10_nc1_rf3_ra2,1e-10,9.783333333333333e-9,0.01876667039363533,2453152820.8694353,3254332498.027648
RCCD_k3_nc1_rf3_ra2,1e-10,3.8294112549695434e-9,24.118153437095042,1.5923565272703653,0.9707416045172649
RCCD_k4_nc1_rf3_ra2,1e-10,7.046666666666667e-9,47.416534971347716,1.4882812389453313,0.9921584778771565
RCCD_k5_nc1_rf3_ra2,1e-10,1.3286367071380228e-8,94.77987514929536,1.1146457423256655,0.7310197805179051
RCCD_k6_nc1_rf3_ra2,1e-10,1.586071428571429e-8,115.8864060343021,0.6251055717359995,0.30099139147526965
RCCD_k7_nc1_rf3_ra2,1e-10,2.0516066216587702e-8,22.597994386594866,146226895.10030305,789449409.6481048
RCCD_k8_nc1_rf3_ra2,1e-10,2.9015555555555556e-8,3.5492069256878644,275714204.39120656,734720939.7593533
RCCD_k9_nc1_rf3_ra2,1e-10,4.466106729441254e-8,0.5897946067089134,335863022.5899307,559329360.8467274
RCCD_k10_nc1_rf3_ra2,1e-10,7.366212121212123e-8,0.11681814493156921,325811956.00824094,444294819.4956614
SCCD_k3_nc1_rf3_ra2,1e-10,3.97e-9,24.863198583971187,1.6064814743628533,0.9907378874909698
SCCD_k4_nc1_rf3_ra2,1e-10,7.046666666666667e-9,47.416534971347716,1.4882812389453313,0.9948930043372696
SCCD_k5_nc1_rf3_ra2,1e-10,1.2557142857142858e-8,88.71978678184807,1.388994234759269,0.9286482097503167
SCCD_k6_nc1_rf3_ra2,1e-10,1.3289285714285714e-8,98.84149809376873,1.4090277596530236,0.8945038795941994
SCCD_k7_nc1_rf3_ra2,1e-10,1.4036111111111112e-8,17.082357653022093,213734310.99120435,1024051241.9933763
SCCD_k8_nc1_rf3_ra2,1e-10,1.4793333333333336e-8,2.269274066624412,540784288.4109317,1446849366.0378032
SCCD_k9_nc1_rf3_ra2,1e-10,1.555818181818182e-8,0.2965556614915792,964122691.6721145,1659772605.696562
SCCD_k10_nc1_rf3_ra2,1e-10,1.632878787878788e-8,0.04231056393495243,1469797743.481342,2013729491.434089
FCCD_k3_nc3_rf3_ra2,1e-10,2.79e-9,17.67249724001304,0.9200513534115299,1.621702458988434
FCCD_k4_nc3_rf3_ra2,1e-10,5.14e-9,29.8418187780993,1.0654809342530054,2.8547072445750667
FCCD_k5_nc3_rf3_ra2,1e-10,9.900000000000001e-9,52.43207101334239,1.233550550372116,4.39654574843283
FCCD_k6_nc3_rf3_ra2,1e-10,9.867857142857144e-9,55.31217908649716,1.5282429421844075,6.333737794717321
FCCD_k7_nc3_rf3_ra2,1e-10,9.841666666666667e-9,9.013186997521283,304826518.6382414,1390093222.7836692
FCCD_k8_nc3_rf3_ra2,1e-10,9.820000000000001e-9,1.1309515673223665,814663492.7436225,2026867633.5598094
FCCD_k9_nc3_rf3_ra2,1e-10,9.801818181818182e-9,0.13956345428007855,1530328518.248519,2659333888.910495
FCCD_k10_nc3_rf3_ra2,1e-10,9.786363636363636e-9,0.018785391876400874,2452394092.304436,3273492780.708889
RCCD_k3_nc3_rf3_ra2,1e-10,3.849411254969543e-9,26.870974852030887,0.7266720344599108,0.3281837654716058
RCCD_k4_nc3_rf3_ra2,1e-10,7.06e-9,51.019699649653106,0.6549479154058204,0.3288695704527687
RCCD_k5_nc3_rf3_ra2,1e-10,1.3295890880904036e-8,99.14036461511087,0.5429508842993487,0.2940081717316747
RCCD_k6_nc3_rf3_ra2,1e-10,1.5867857142857147e-8,118.11021290827526,0.4595114078149881,0.20839722623544646
RCCD_k7_nc3_rf3_ra2,1e-10,2.052162177214326e-8,22.75611580289002,146187251.97831014,688926545.0832589
RCCD_k8_nc3_rf3_ra2,1e-10,2.902e-8,3.559370053162543,275671882.82475775,708884556.170236
RCCD_k9_nc3_rf3_ra2,1e-10,4.46647036580489e-8,0.5906183122751824,335835714.33530927,595258409.4153439
RCCD_k10_nc3_rf3_ra2,1e-10,7.366515151515154e-8,0.11691127877176609,325798568.8683089,442794034.9683875
SCCD_k3_nc3_rf3_ra2,1e-10,3.99e-9,27.750392110424198,0.7175925917597169,0.3309160734452016
SCCD_k4_nc3_rf3_ra2,1e-10,7.06e-9,51.019699649653106,0.6549479154058204,0.32466254142188095
SCCD_k5_nc3_rf3_ra2,1e-10,1.2566666666666668e-8,93.48470220984225,0.5889942508366395,0.3096646159277267
SCCD_k6_nc3_rf3_ra2,1e-10,1.3296428571428573e-8,102.79674515046284,0.6312499979566524,0.3077762367211498
SCCD_k7_nc3_rf3_ra2,1e-10,1.4041666666666667e-8,17.612275324454203,213649949.4491051,1178680002.3658676
SCCD_k8_nc3_rf3_ra2,1e-10,1.479777777777778e-8,2.325481321319797,540621735.7361271,1324393733.6077626
SCCD_k9_nc3_rf3_ra2,1e-10,1.5561818181818182e-8,0.3025581076411761,963897698.415174,1756761358.1986477
SCCD_k10_nc3_rf3_ra2,1e-10,1.6331818181818185e-8,0.04302366395141632,1469523502.5289695,2017428790.439078
FCCD_k3_nc5_rf3_ra2,1e-10,2.8100000000000004e-9,18.068916716857917,0.8852842179642185,1.6123753417862117
FCCD_k4_nc5_rf3_ra2,1e-10,5.153333333333333e-9,30.154534529063536,1.0497812738222931,2.932174909351203
FCCD_k5_nc5_rf3_ra2,1e-10,9.909523809523811e-9,52.732403856185236,1.224811222743906,4.565070524452977
FCCD_k6_nc5_rf3_ra2,1e-10,9.875e-9,55.50490631934072,1.5226499968622347,6.368978407606916
FCCD_k7_nc5_rf3_ra2,1e-10,9.847222222222224e-9,9.034127306422562,304654295.7896576,1521194653.0934813
FCCD_k8_nc5_rf3_ra2,1e-10,9.824444444444444e-9,1.1328161773171113,814295735.5260683,1995671795.4908864
FCCD_k9_nc5_rf3_ra2,1e-10,9.805454545454546e-9,0.1397348157287321,1529759744.4991777,2650442484.692099
FCCD_k10_nc5_rf3_ra2,1e-10,9.78939393939394e-9,0.018803213563595312,2451635832.924483,3311476133.528914
RCCD_k3_nc5_rf3_ra2,1e-10,3.869411254969543e-9,28.269106520186366,0.5497917806724834,0.29687370230491955
RCCD_k4_nc5_rf3_ra2,1e-10,7.073333333333333e-9,52.787101299036905,0.4882812495245374,0.2571297374854239
RCCD_k5_nc5_rf3_ra2,1e-10,1.3305414690427847e-8,101.41779792210764,0.40497431022394914,0.20098594339275802
RCCD_k6_nc5_rf3_ra2,1e-10,1.5875000000000005e-8,119.57664429297517,0.39066888997402577,0.20891097368564324
RCCD_k7_nc5_rf3_ra2,1e-10,2.0527177327698812e-8,22.88338518693935,146147630.35804462,676193085.3738381
RCCD_k8_nc5_rf3_ra2,1e-10,2.902444444444445e-8,3.568418338660711,275629636.1040763,687520408.082314
RCCD_k9_nc5_rf3_ra2,1e-10,4.466834002168527e-8,0.5913861403244073,335808314.37032276,582610434.3759218
RCCD_k10_nc5_rf3_ra2,1e-10,7.366818181818184e-8,0.11699999542416722,325785182.8285779,431038980.30107707
SCCD_k3_nc5_rf3_ra2,1e-10,4.01e-9,29.204784030187557,0.5398148144880093,0.27663656302544115
SCCD_k4_nc5_rf3_ra2,1e-10,7.073333333333333e-9,52.787101299036905,0.4882812495245374,0.2571698219554197
SCCD_k5_nc5_rf3_ra2,1e-10,1.2576190476190477e-8,95.78660376756076,0.42899425212405184,0.2355137031453939
SCCD_k6_nc5_rf3_ra2,1e-10,1.3303571428571429e-8,104.68935725056579,0.47569444368847746,0.2511750957791509
SCCD_k7_nc5_rf3_ra2,1e-10,1.4047222222222223e-8,17.864556937328455,213565439.03102455,915345587.3915988
SCCD_k8_nc5_rf3_ra2,1e-10,1.4802222222222224e-8,2.352155697205492,540459043.5394803,1284270540.6288712
SCCD_k9_nc5_rf3_ra2,1e-10,1.5565454545454546e-8,0.305400670910385,963673294.6319826,1691821417.8403726
SCCD_k10_nc5_rf3_ra2,1e-10,1.6334848484848486e-8,0.04336087202954315,1469251161.9574559,2006398197.1024368
FCCD_k3_nc7_rf3_ra2,1e-10,2.8300000000000004e-9,18.399767176656407,0.8620555204774136,1.6231997964099012
FCCD_k4_nc7_rf3_ra2,1e-10,5.166666666666667e-9,30.427539246369452,1.0380521081562994,2.9059108374653553
FCCD_k5_nc7_rf3_ra2,1e-10,9.91904761904762e-9,53.00199373295231,1.2178468991309417,4.499646692014265
FCCD_k6_nc7_rf3_ra2,1e-10,9.882142857142857e-9,55.68110265973373,1.5180069514767969,6.423266033338292
FCCD_k7_nc7_rf3_ra2,1e-10,9.852777777777777e-9,9.053556844486994,304482706.59969693,1555296510.6081
FCCD_k8_nc7_rf3_ra2,1e-10,9.828888888888889e-9,1.1345669193780086,813927231.4550703,2061174061.641964
FCCD_k9_nc7_rf3_ra2,1e-10,9.80909090909091e-9,0.13989711741007896,1529194605.7231066,2752393620.8764086
FCCD_k10_nc7_rf3_ra2,1e-10,9.792424242424243e-9,0.018820248363882578,2450871091.847582,3344395313.5992103
RCCD_k3_nc7_rf3_ra2,1e-10,3.889411254969544e-9,29.23194844857488,0.47359512041259005,0.29894492240911835
RCCD_k4_nc7_rf3_ra2,1e-10,7.086666666666667e-9,53.98457457276668,0.41685267831279954,0.26150194359170814
RCCD_k5_nc7_rf3_ra2,1e-10,1.3314938499951655e-8,102.98287057589614,0.3428872287302469,0.20038160719732415
RCCD_k6_nc7_rf3_ra2,1e-10,1.5882142857142863e-8,120.67620422165274,0.35295516274527244,0.20920196090786652
RCCD_k7_nc7_rf3_ra2,1e-10,2.053273288325437e-8,22.990024834833736,146108181.8999341,748032581.5136524
RCCD_k8_nc7_rf3_ra2,1e-10,2.902888888888889e-8,3.576576062114485,275587599.0774005,693799295.2963438
RCCD_k9_nc7_rf3_ra2,1e-10,4.467197638532163e-8,0.5921052826791771,335781015.01174045,568179689.8267006
RCCD_k10_nc7_rf3_ra2,1e-10,7.367121212121215e-8,0.11708470987758349,325771763.71966773,464158666.7638809
SCCD_k3_nc7_rf3_ra2,1e-10,4.0299999999999995e-9,30.204162805920372,0.46362433843768885,0.27284027803260563
SCCD_k4_nc7_rf3_ra2,1e-10,7.086666666666667e-9,53.98457457276668,0.41685267831279954,0.2585743336427417
SCCD_k5_nc7_rf3_ra2,1e-10,1.2585714285714287e-8,97.33370452486238,0.3604228239076237,0.24789058057281127
SCCD_k6_nc7_rf3_ra2,1e-10,1.3310714285714287e-8,105.95498438779252,0.40902777737670976,0.25083580010356615
SCCD_k7_nc7_rf3_ra2,1e-10,1.4052777777777778e-8,18.032903399016796,213481103.47175902,1071718765.826356
SCCD_k8_nc7_rf3_ra2,1e-10,1.4806666666666669e-8,2.369935271909604,540297162.3319921,1386525943.4130316
SCCD_k9_nc7_rf3_ra2,1e-10,1.556909090909091e-8,0.3072943593426897,963447720.2671515,1559245581.7963498
SCCD_k10_nc7_rf3_ra2,1e-10,1.633787878787879e-8,0.04358543559338583,1468978392.6678462,2031035889.0584228
FCCD_k3_nc10_rf3_ra2,1e-10,2.86e-9,18.813317407821167,0.8387862133753482,1.6237301271700237
FCCD_k4_nc10_rf3_ra2,1e-10,5.186666666666667e-9,30.781901620392283,1.025133488051917,2.9407505143534367
FCCD_k5_nc10_rf3_ra2,1e-10,9.933333333333333e-9,53.3610565760864,1.209701988246555,4.393987011387154
FCCD_k6_nc10_rf3_ra2,1e-10,9.892857142857143e-9,55.920039653272006,1.5123538929705973,6.271012548238404
FCCD_k7_nc10_rf3_ra2,1e-10,9.861111111111112e-9,9.08031933817454,304225136.8982319,1421783589.6394243
FCCD_k8_nc10_rf3_ra2,1e-10,9.835555555555556e-9,1.1370090407054352,813374610.6234835,2102064523.2816002
FCCD_k9_nc10_rf3_ra2,1e-10,9.814545454545454e-9,0.14012592096319235,1528344360.616825,2669310306.737009
FCCD_k10_nc10_rf3_ra2,1e-10,9.796969696969697e-9,0.018844421139931095,2449738703.0729604,3181890568.1091967
RCCD_k3_nc10_rf3_ra2,1e-10,3.919411254969544e-9,30.28987985051375,0.41629275998363596,0.29891672187117735
RCCD_k4_nc10_rf3_ra2,1e-10,7.106666666666667e-9,55.28362094800436,0.36328124985680965,0.25668946353925653
RCCD_k5_nc10_rf3_ra2,1e-10,1.3329224214237372e-8,104.69055205344883,0.29508667552826123,0.1971671105352837
RCCD_k6_nc10_rf3_ra2,1e-10,1.589285714285715e-8,121.94135874738662,0.32026176929943595,0.20816387071788994
RCCD_k7_nc10_rf3_ra2,1e-10,2.05410662165877e-8,23.12346767029741,146048847.0526005,660335436.7145483
RCCD_k8_nc10_rf3_ra2,1e-10,2.9035555555555556e-8,3.5874890187846984,275524143.36065984,696285841.5264876
RCCD_k9_nc10_rf3_ra2,1e-10,4.467743093077618e-8,0.5931055468108828,335740002.21164286,584941316.1584413
RCCD_k10_nc10_rf3_ra2,1e-10,7.36757575757576e-8,0.1172050362805091,325751623.842716,421993594.5308872
SCCD_k3_nc10_rf3_ra2,1e-10,4.0600000000000005e-9,31.3009125010488,0.40648148136964,0.2725736634995443
SCCD_k4_nc10_rf3_ra2,1e-10,7.106666666666667e-9,55.28362094800436,0.36328124985680965,0.25947535481083783
SCCD_k5_nc10_rf3_ra2,1e-10,1.26e-8,99.0009898246928,0.3089942526678225,0.23459793047633232
SCCD_k6_nc10_rf3_ra2,1e-10,1.3321428571428573e-8,107.31331348534117,0.3590277775653714,0.2548550396726385
SCCD_k7_nc10_rf3_ra2,1e-10,1.4061111111111112e-8,18.21335629899264,213354347.6491425,1001212018.7377194
SCCD_k8_nc10_rf3_ra2,1e-10,1.4813333333333336e-8,2.388985588913787,540053831.5292754,1403311377.6236393
SCCD_k9_nc10_rf3_ra2,1e-10,1.5574545454545457e-8,0.3093232351521123,963109754.4307733,1740396443.0191174
SCCD_k10_nc10_rf3_ra2,1e-10,1.634242424242425e-8,0.043826038683206704,1468570776.1521738,1958199162.3871937
FCCD_k3_nc1_rf1_ra3,1e-10,1.35e-9,10.116515572780205,1.1793758041400249,1.304380210535028
FCCD_k4_nc1_rf1_ra3,1e-10,2.086666666666667e-9,15.605610021149024,1.17566186463665,2.1960478425025793
FCCD_k5_nc1_rf1_ra3,1e-10,3.6333333333333336e-9,25.600730781783668,1.1814682818811668,3.137263669755103
FCCD_k6_nc1_rf1_ra3,1e-10,3.589285714285715e-9,26.05618617083283,1.5133994381480473,4.885773327894428
FCCD_k7_nc1_rf1_ra3,1e-10,3.552777777777778e-9,4.14442269279392,844410154.6499568,3839285858.8671026
FCCD_k8_nc1_rf1_ra3,1e-10,3.522222222222222e-9,0.509763482981468,2271290993.7785363,5371554889.373049
FCCD_k9_nc1_rf1_ra3,1e-10,3.496363636363636e-9,0.06184001608049826,4290173453.2023635,7809678854.95995
FCCD_k10_nc1_rf1_ra3,1e-10,3.4742424242424243e-9,0.008199611687299206,6907979806.55557,9172142140.852442
RCCD_k3_nc1_rf1_ra3,1e-10,2.9391168824543138e-9,16.329806286242977,1.8853433463289262,0.9718537653981074
RCCD_k4_nc1_rf1_ra3,1e-10,4.9666666666666665e-9,28.330847723055705,1.762499992093427,0.9831667446767638
RCCD_k5_nc1_rf1_ra3,1e-10,8.727169654689387e-9,51.335736891978826,1.3635329117064536,0.7522446111234306
RCCD_k6_nc1_rf1_ra3,1e-10,1.2589285714285718e-8,61.284635427353905,1.0366815445416493,0.5599662154811066
RCCD_k7_nc1_rf1_ra3,1e-10,1.9572710435992666e-8,12.782971300377662,153274625.37292284,725975675.3686908
RCCD_k8_nc1_rf1_ra3,1e-10,3.2322222222222225e-8,2.241395406222267,247507730.60328993,608594677.5998976
RCCD_k9_nc1_rf1_ra3,1e-10,5.5790691850709736e-8,0.424511228113384,268862048.9696012,460289213.045486
RCCD_k10_nc1_rf1_ra3,1e-10,9.929242424242426e-8,0.09606599226455712,241710290.39100182,323512448.4282525
SCCD_k3_nc1_rf1_ra3,1e-10,3.15e-9,17.025787670427356,1.8735754927842643,0.9930937820295958
SCCD_k4_nc1_rf1_ra3,1e-10,4.9666666666666665e-9,28.330847723055705,1.762499992093427,0.9942577295420495
SCCD_k5_nc1_rf1_ra3,1e-10,7.633333333333334e-9,47.49280883545418,1.6230376233208221,0.9620661947072711
SCCD_k6_nc1_rf1_ra3,1e-10,8.732142857142857e-9,51.18178537354344,1.7492510772918366,0.9776469446564627
SCCD_k7_nc1_rf1_ra3,1e-10,9.852777777777779e-9,9.13499628180358,304482651.66332704,1345977977.6226237
SCCD_k8_nc1_rf1_ra3,1e-10,1.0988888888888892e-8,1.2807011426840573,728007804.8253324,1732800829.3954525
SCCD_k9_nc1_rf1_ra3,1e-10,1.2136363636363636e-8,0.17877007294876585,1235955137.931254,2226963950.414804
SCCD_k10_nc1_rf1_ra3,1e-10,1.3292424242424248e-8,0.02740737051717657,1805539897.2270632,2421697490.7791133
FCCD_k3_nc3_rf1_ra3,1e-10,1.37e-9,10.36145076732131,1.1318389055635243,1.300805720204533
FCCD_k4_nc3_rf1_ra3,1e-10,2.1e-9,15.751596451544389,1.1620323342574577,2.076563139429004
FCCD_k5_nc3_rf1_ra3,1e-10,3.642857142857143e-9,25.72000207699947,1.175451495921867,3.0576368096451882
FCCD_k6_nc3_rf1_ra3,1e-10,3.5964285714285717e-9,26.127238884937544,1.5098482957779324,4.834553961669976
FCCD_k7_nc3_rf1_ra3,1e-10,3.5583333333333338e-9,4.152155593749594,843091161.6103239,4333182718.541837
FCCD_k8_nc3_rf1_ra3,1e-10,3.526666666666667e-9,0.510475963765794,2268430911.2225285,5433262833.319163
FCCD_k9_nc3_rf1_ra3,1e-10,3.5000000000000003e-9,0.061908948454608155,4285714150.4595685,7097964677.876404
FCCD_k10_nc3_rf1_ra3,1e-10,3.4772727272727275e-9,0.00820721746829525,6901952526.264086,9324431724.876116
RCCD_k3_nc3_rf1_ra3,1e-10,2.959116882454314e-9,18.20255245178769,1.001361794312743,0.5309900732428681
RCCD_k4_nc3_rf1_ra3,1e-10,4.98e-9,30.483698201295553,0.9291666656659109,0.4944112950701258
RCCD_k5_nc3_rf1_ra3,1e-10,8.736693464213196e-9,53.74411440433366,0.7753206575755615,0.3955970277732765
RCCD_k6_nc3_rf1_ra3,1e-10,1.2596428571428576e-8,62.65463800610554,0.815985575890031,0.5486804514094813
RCCD_k7_nc3_rf1_ra3,1e-10,1.9578265991548223e-8,12.91207421363726,153231124.93239066,651825129.5269016
RCCD_k8_nc3_rf1_ra3,1e-10,3.2326666666666666e-8,2.2527742875317944,247473699.61044875,609177595.2005931
RCCD_k9_nc3_rf1_ra3,1e-10,5.5794328214346096e-8,0.42574713882391185,268844525.9465116,483129867.71060187
RCCD_k10_nc3_rf1_ra3,1e-10,9.929545454545458e-8,0.0962452111603603,241702904.96048298,324167122.2995254
SCCD_k3_nc3_rf1_ra3,1e-10,3.17e-9,19.002876169861324,0.9846866088860486,0.5132080767591621
SCCD_k4_nc3_rf1_ra3,1e-10,4.98e-9,30.483698201295553,0.9291666656659109,0.4857335337862448
SCCD_k5_nc3_rf1_ra3,1e-10,7.642857142857144e-9,50.04352752607211,0.8230376330964393,0.40266753245409675
SCCD_k6_nc3_rf1_ra3,1e-10,8.739285714285715e-9,53.229878639283775,0.9714733100824341,0.5534805011386449
SCCD_k7_nc3_rf1_ra3,1e-10,9.858333333333334e-9,9.41850878468735,304311035.62134457,1554859126.7135172
SCCD_k8_nc3_rf1_ra3,1e-10,1.0993333333333335e-8,1.3124467351767426,727713716.3970265,1756276037.1105554
SCCD_k9_nc3_rf1_ra3,1e-10,1.2140000000000002e-8,0.18239176787905215,1235584922.7810278,2092806303.2881587
SCCD_k10_nc3_rf1_ra3,1e-10,1.329545454545455e-8,0.027869714690795452,1805127881.1169305,2507892409.0600452
FCCD_k3_nc5_rf1_ra3,1e-10,1.3900000000000002e-9,10.56326724994695,1.1009816205187173,1.3025391148592116
FCCD_k4_nc5_rf1_ra3,1e-10,2.1133333333333335e-9,15.880793693049336,1.1515463528940235,2.1749246660353494
FCCD_k5_nc5_rf1_ra3,1e-10,3.6523809523809526e-9,25.82914329428367,1.1704585812786692,3.010845229771462
FCCD_k6_nc5_rf1_ra3,1e-10,3.6035714285714286e-9,26.193429228751835,1.5067829055245394,4.684208052919601
FCCD_k7_nc5_rf1_ra3,1e-10,3.563888888888889e-9,4.1594780521340375,841776702.3230689,3952796264.56
FCCD_k8_nc5_rf1_ra3,1e-10,3.531111111111111e-9,0.5111593411770384,2265575553.2321944,5781394612.812963
FCCD_k9_nc5_rf1_ra3,1e-10,3.503636363636364e-9,0.06197568324398384,4281266061.8453913,7478403524.837833
FCCD_k10_nc5_rf1_ra3,1e-10,3.4803030303030307e-9,0.00821462818991906,6895949716.022757,9475733038.542818
RCCD_k3_nc5_rf1_ra3,1e-10,2.979116882454314e-9,19.151558359865607,0.8218006565588023,0.5314373543628511
RCCD_k4_nc5_rf1_ra3,1e-10,4.993333333333333e-9,31.53970086081404,0.7624999995534606,0.4867622790565433
RCCD_k5_nc5_rf1_ra3,1e-10,8.746217273737006e-9,54.99009621526965,0.6365250232613995,0.3893865937363875
RCCD_k6_nc5_rf1_ra3,1e-10,1.2603571428571433e-8,63.50958946954503,0.7346765344988545,0.5447504055287683
RCCD_k7_nc5_rf1_ra3,1e-10,1.9583821547103776e-8,13.007648709818119,153187649.20903814,828011841.8699529
RCCD_k8_nc5_rf1_ra3,1e-10,3.2331111111111114e-8,2.2620966314843485,247439707.4393499,639302056.9418718
RCCD_k9_nc5_rf1_ra3,1e-10,5.579796457798246e-8,0.4268172378951403,268827016.3364222,435161644.19504577
RCCD_k10_nc5_rf1_ra3,1e-10,9.929848484848487e-8,0.09640527950244317,241695537.13353762,319627370.3290384
SCCD_k3_nc5_rf1_ra3,1e-10,3.19e-9,19.99881271202336,0.8069088315101345,0.5233989015251049
SCCD_k4_nc5_rf1_ra3,1e-10,4.993333333333333e-9,31.53970086081404,0.7624999995534606,0.4890985201775012
SCCD_k5_nc5_rf1_ra3,1e-10,7.652380952380953e-9,51.27576415327725,0.6630376338797258,0.40079067575890337
SCCD_k6_nc5_rf1_ra3,1e-10,8.746428571428572e-9,54.20990492702112,0.8159177553732013,0.5509523510397871
SCCD_k7_nc5_rf1_ra3,1e-10,9.86388888888889e-9,9.553554932076006,304139613.53464013,1504185923.4913125
SCCD_k8_nc5_rf1_ra3,1e-10,1.099777777777778e-8,1.327525490265012,727419611.5061989,1786933875.861253
SCCD_k9_nc5_rf1_ra3,1e-10,1.2143636363636364e-8,0.1841087100375977,1235214767.3256845,2176498863.45948
SCCD_k10_nc5_rf1_ra3,1e-10,1.3298484848484851e-8,0.028088581012069385,1804717209.7054996,2468402972.6303387
FCCD_k3_nc7_rf1_ra3,1e-10,1.41e-9,10.735400776350211,1.079335465335872,1.2986316382876737
FCCD_k4_nc7_rf1_ra3,1e-10,2.1266666666666668e-9,15.996766382123331,1.1432288167158982,2.128761258929808
FCCD_k5_nc7_rf1_ra3,1e-10,3.661904761904762e-9,25.929774742061326,1.166248683952835,3.4025601585473497
FCCD_k6_nc7_rf1_ra3,1e-10,3.6107142857142855e-09,26.255390345978025,1.5041099803664375,4.872645582308649
FCCD_k7_nc7_rf1_ra3,1e-10,3.5694444444444443e-9,4.166435164317746,840466335.389694,4731895383.887875
FCCD_k8_nc7_rf1_ra3,1e-10,3.5355555555555555e-9,0.5118162133898422,2262728795.563175,5385479343.907511
FCCD_k9_nc7_rf1_ra3,1e-10,3.507272727272727e-9,0.06204041711618333,4276825247.381957,7832351290.685374
FCCD_k10_nc7_rf1_ra3,1e-10,3.4833333333333335e-9,0.008221869979674314,6889943166.831185,9001676072.731943
RCCD_k3_nc7_rf1_ra3,1e-10,2.999116882454314e-9,19.804705213954996,0.7445590255524569,0.5310466088989474
RCCD_k4_nc7_rf1_ra3,1e-10,5.006666666666667e-9,32.2551777089475,0.6910714282778565,0.4892536539546169
RCCD_k5_nc7_rf1_ra3,1e-10,8.755741083260815e-9,55.84388504402511,0.5744614431947116,0.3883601628774001
RCCD_k6_nc7_rf1_ra3,1e-10,1.261071428571429e-8,64.13512755904058,0.6923958329096468,0.5418897067741302
RCCD_k7_nc7_rf1_ra3,1e-10,1.958937710265933e-8,13.083715164566595,153144198.16330284,738104124.3052018
RCCD_k8_nc7_rf1_ra3,1e-10,3.2335555555555556e-8,2.270001171503764,247405657.7865295,617474872.6547928
RCCD_k9_nc7_rf1_ra3,1e-10,5.580160094161882e-8,0.42776131413676566,268809490.1834506,462545429.0216653
RCCD_k10_nc7_rf1_ra3,1e-10,9.930151515151517e-8,0.0965499458637446,241688152.3190033,332950647.7800948
SCCD_k3_nc7_rf1_ra3,1e-10,3.2100000000000003e-9,20.683165965507087,0.7307183554305303,0.5236175022487796
SCCD_k4_nc7_rf1_ra3,1e-10,5.006666666666667e-9,32.2551777089475,0.6910714282778565,0.4896453027104845
SCCD_k5_nc7_rf1_ra3,1e-10,7.661904761904763e-9,52.10394649311708,0.5944662055243639,0.4041450429992589
SCCD_k6_nc7_rf1_ra3,1e-10,8.75357142857143e-9,54.865267885079305,0.7492510889398667,0.5541052712561156
SCCD_k7_nc7_rf1_ra3,1e-10,9.869444444444446e-9,9.643718057142332,303968329.84433395,1442314011.2187028
SCCD_k8_nc7_rf1_ra3,1e-10,1.1002222222222225e-8,1.3375848117785245,727125998.6908826,1768903513.968415
SCCD_k9_nc7_rf1_ra3,1e-10,1.2147272727272728e-8,0.18525361288033954,1234844833.6700966,2184507207.810802
SCCD_k10_nc7_rf1_ra3,1e-10,1.3301515151515154e-8,0.0282344860380546,1804305569.6036384,2389239081.707011
FCCD_k3_nc10_rf1_ra3,1e-10,1.44e-9,10.954490100306785,1.0567653888928619,1.3032579779750604
FCCD_k4_nc10_rf1_ra3,1e-10,2.1466666666666667e-9,16.151272382719593,1.1335445242723448,2.1136811933406943
FCCD_k5_nc10_rf1_ra3,1e-10,3.676190476190476e-9,26.067444205175356,1.161041471558412,2.9976759388019327
FCCD_k6_nc10_rf1_ra3,1e-10,3.6214285714285715e-9,26.341506819072837,1.5006860342012032,4.49722229726526
FCCD_k7_nc10_rf1_ra3,1e-10,3.577777777777778e-9,4.176266604985635,838509665.396377,3436977138.885875
FCCD_k8_nc10_rf1_ra3,1e-10,3.5422222222222225e-9,0.5127571642325252,2258469263.4231763,5562754985.820959
FCCD_k9_nc10_rf1_ra3,1e-10,3.5127272727272726e-9,0.06213405353852853,4270191853.5595512,7061194388.486552
FCCD_k10_nc10_rf1_ra3,1e-10,3.4878787878787875e-9,0.008232421955688574,6880974255.534388,10038234571.340511
RCCD_k3_nc10_rf1_ra3,1e-10,3.029116882454314e-9,20.522116010964606,0.6865143358838207,0.5340695943020297
RCCD_k4_nc10_rf1_ra3,1e-10,5.026666666666667e-9,33.031343345723535,0.6374999997876758,0.48551606325014635
RCCD_k5_nc10_rf1_ra3,1e-10,8.770026797546531e-9,56.7739506484143,0.5268434904775614,0.3948869079997332
RCCD_k6_nc10_rf1_ra3,1e-10,1.2621428571428575e-8,64.84331504276435,0.6569546565427883,0.5406993464302218
RCCD_k7_nc10_rf1_ra3,1e-10,1.9597710435992665e-8,13.175058533233644,153079081.68085268,778134438.7123029
RCCD_k8_nc10_rf1_ra3,1e-10,3.234222222222222e-8,2.2799920307503134,247354686.35629174,647978024.044073
RCCD_k9_nc10_rf1_ra3,1e-10,5.5807055487073365e-8,0.42899786141892926,268783205.2410866,477941656.4108731
RCCD_k10_nc10_rf1_ra3,1e-10,9.930606060606063e-8,0.09674386679931472,241677080.9343207,316848004.06188256
SCCD_k3_nc10_rf1_ra3,1e-10,3.24e-9,21.43419674614064,0.6735754983461208,0.5212836588979417
SCCD_k4_nc10_rf1_ra3,1e-10,5.026666666666667e-9,33.031343345723535,0.6374999997876758,0.48875043362177945
SCCD_k5_nc10_rf1_ra3,1e-10,7.676190476190478e-9,52.99646511796766,0.5430376342106824,0.3958706008748265
SCCD_k6_nc10_rf1_ra3,1e-10,8.764285714285714e-9,55.568633472761576,0.6992510890638637,0.5596492453076592
SCCD_k7_nc10_rf1_ra3,1e-10,9.877777777777779e-9,9.740424275118928,303711956.94859964,1323184880.9031763
SCCD_k8_nc10_rf1_ra3,1e-10,1.100888888888889e-8,1.3483740133318944,726685574.1899805,1822034519.4151251
SCCD_k9_nc10_rf1_ra3,1e-10,1.2152727272727273e-8,0.18648169072022985,1234291232.5507073,2066055334.759791
SCCD_k10_nc10_rf1_ra3,1e-10,1.330606060606061e-8,0.028391014099486668,1803688499.595933,2387828501.990503
FCCD_k3_nc1_rf2_ra3,1e-10,2.1500000000000002e-9,15.26653438608652,0.8603933164920136,1.1814511997926924
FCCD_k4_nc1_rf2_ra3,1e-10,3.6866666666666668e-9,24.94390893759531,0.8953410307754339,2.0116069968959884
FCCD_k5_nc1_rf2_ra3,1e-10,6.833333333333333e-9,42.568238323962326,0.9594147890629374,3.155125948643541
FCCD_k6_nc1_rf2_ra3,1e-10,6.789285714285714e-9,44.133845587594294,1.2025717672055931,4.64177241365585
FCCD_k7_nc1_rf2_ra3,1e-10,6.7527777777777776e-9,7.098517974049184,444262082.0266174,2502206599.7773943
FCCD_k8_nc1_rf2_ra3,1e-10,6.722222222222223e-9,0.8808760435470132,1190083491.11545,3061227292.9164667
FCCD_k9_nc1_rf2_ra3,1e-10,6.6963636363636374e-9,0.10766252674396531,2240022434.414106,3982435270.4632354
FCCD_k10_nc1_rf2_ra3,1e-10,6.674242424242425e-9,0.01436946570410259,3595914178.066846,4857006672.468419
RCCD_k3_nc1_rf2_ra3,1e-10,3.739116882454314e-9,22.51175023961966,1.645719336780739,0.9621464246311684
RCCD_k4_nc1_rf2_ra3,1e-10,6.5666666666666676e-9,41.819700029375625,1.544642846818659,0.9768961097469201
RCCD_k5_nc1_rf2_ra3,1e-10,1.1927169654689388e-8,80.14016236410107,1.1238378084180813,0.7353105561508612
RCCD_k6_nc1_rf2_ra3,1e-10,1.5789285714285717e-8,97.33991013533186,0.6781373984953073,0.30580945875815196
RCCD_k7_nc1_rf2_ra3,1e-10,2.277271043599267e-8,19.651605568642424,131736668.77050391,636654753.6458081
RCCD_k8_nc1_rf2_ra3,1e-10,3.552222222222223e-8,3.273218215584073,225211150.92540804,583268070.2530403
RCCD_k9_nc1_rf2_ra3,1e-10,5.899069185070973e-8,0.5847854624527548,254277426.15337485,438987463.8166474
RCCD_k10_nc1_rf2_ra3,1e-10,1.0249242424242428e-7,0.12488273208843252,234163669.23730546,319489588.91357505
SCCD_k3_nc1_rf2_ra3,1e-10,3.95e-9,23.335571386647338,1.655909578948972,0.9978642516003524
SCCD_k4_nc1_rf2_ra3,1e-10,6.5666666666666676e-9,41.819700029375625,1.544642846818659,0.9679598387528979
SCCD_k5_nc1_rf2_ra3,1e-10,1.0833333333333333e-8,74.40709970362992,1.4382357999590671,0.9307510664356338
SCCD_k6_nc1_rf2_ra3,1e-10,1.1932142857142857e-8,81.70606068831196,1.4858564651817452,0.8996360436233654
SCCD_k7_nc1_rf2_ra3,1e-10,1.3052777777777778e-8,14.324689579550292,229836031.78048518,1146410015.141378
SCCD_k8_nc1_rf2_ra3,1e-10,1.4188888888888891e-8,1.9507285257861153,563821623.0620708,1420918552.4190643
SCCD_k9_nc1_rf2_ra3,1e-10,1.5336363636363637e-8,0.26298482058332057,978067666.9333285,1623029609.218303
SCCD_k10_nc1_rf2_ra3,1e-10,1.6492424242424247e-8,0.03884371674906032,1455214398.663395,1949857309.0771961
FCCD_k3_nc3_rf2_ra3,1e-10,2.17e-9,15.606744245783709,0.8238636361518716,1.1534354289601008
FCCD_k4_nc3_rf2_ra3,1e-10,3.7e-9,25.168529423879914,0.8833734861660683,1.9143097256872224
FCCD_k5_nc3_rf2_ra3,1e-10,6.842857142857144e-9,42.76330686418997,0.9537386661011468,2.9342775068986113
FCCD_k6_nc3_rf2_ra3,1e-10,6.7964285714285714e-9,44.252504030459896,1.1991979198216403,4.657800662590936
FCCD_k7_nc3_rf2_ra3,1e-10,6.7583333333333335e-9,7.111172175025721,443897293.03235984,2174262875.7464323
FCCD_k8_nc3_rf2_ra3,1e-10,6.726666666666667e-9,0.8820019743452484,1189297701.7513614,2993808367.2109795
FCCD_k9_nc3_rf2_ra3,1e-10,6.7000000000000004e-9,0.10776706119229061,2238806142.6577196,3802580256.924281
FCCD_k10_nc3_rf2_ra3,1e-10,6.677272727272727e-9,0.014380518220708445,3594287583.0523033,5073347153.799144
RCCD_k3_nc3_rf2_ra3,1e-10,3.759116882454315e-9,25.077571065195475,0.7774750825164716,0.3272807881727192
RCCD_k4_nc3_rf2_ra3,1e-10,6.58e-9,44.99756332434708,0.7113095226130458,0.32301101379257635
RCCD_k5_nc3_rf2_ra3,1e-10,1.1936693464213197e-8,83.73188214454174,0.5860160991588433,0.2927260453491049
RCCD_k6_nc3_rf2_ra3,1e-10,1.5796428571428575e-8,99.13205531818134,0.5277901777010119,0.29462815674802056
RCCD_k7_nc3_rf2_ra3,1e-10,2.2778265991548222e-8,19.791869818116542,131704492.29637796,718295946.3525561
RCCD_k8_nc3_rf2_ra3,1e-10,3.552666666666667e-8,3.2837166645841958,225182995.39049408,563731318.1484464
RCCD_k9_nc3_rf2_ra3,1e-10,5.899432821434609e-8,0.5857837189288438,254261745.72731167,449722675.59843034
RCCD_k10_nc3_rf2_ra3,1e-10,1.0249545454545458e-7,0.1250129286744557,234156739.06302708,330458251.46929246
SCCD_k3_nc3_rf2_ra3,1e-10,3.97e-9,26.045371994854715,0.7670206963149776,0.3326206571411886
SCCD_k4_nc3_rf2_ra3,1e-10,6.58e-9,44.99756332434708,0.7113095226130458,0.3235503602968547
SCCD_k5_nc3_rf2_ra3,1e-10,1.0842857142857143e-8,78.40331690215463,0.6382358138303201,0.3210735192533681
SCCD_k6_nc3_rf2_ra3,1e-10,1.1939285714285714e-8,84.9756151022055,0.7080787018436606,0.2987134679572853
SCCD_k7_nc3_rf2_ra3,1e-10,1.3058333333333334e-8,14.769097950236487,229738358.67518425,989521312.0339116
SCCD_k8_nc3_rf2_ra3,1e-10,1.4193333333333338e-8,1.9990501689712314,563645186.9370732,1470690273.5323637
SCCD_k9_nc3_rf2_ra3,1e-10,1.534e-8,0.26830805234772376,977835711.2126524,1693609352.5360658
SCCD_k10_nc3_rf2_ra3,1e-10,1.649545454545455e-8,0.03949834805101207,1454946794.344608,2133025017.2376273
FCCD_k3_nc5_rf2_ra3,1e-10,2.19e-9,15.890985231155058,0.7993988043608625,1.1820895048259816
FCCD_k4_nc5_rf2_ra3,1e-10,3.7133333333333333e-9,25.368170378284745,0.8740809223357943,2.006514963046075
FCCD_k5_nc5_rf2_ra3,1e-10,6.852380952380952e-9,42.942055847121736,0.9490146481481263,3.129389339038718
FCCD_k6_nc5_rf2_ra3,1e-10,6.8035714285714296e-9,44.3631484413997,1.1962797609152565,4.731377219540313
FCCD_k7_nc5_rf2_ra3,1e-10,6.7638888888888885e-9,7.123141096411136,443532170.75341195,2173299813.659588
FCCD_k8_nc5_rf2_ra3,1e-10,6.731111111111112e-9,0.8830787521472104,1188510649.275523,2747595230.3829293
FCCD_k9_nc5_rf2_ra3,1e-10,6.7036363636363635e-9,0.10786781505701255,2237593779.9102836,3948297626.5579157
FCCD_k10_nc5_rf2_ra3,1e-10,6.68030303030303e-9,0.014391260734793843,3592651329.4187126,4936383990.252367
RCCD_k3_nc5_rf2_ra3,1e-10,3.779116882454314e-9,26.38160496877487,0.599760770248847,0.30858805322194693
RCCD_k4_nc5_rf2_ra3,1e-10,6.593333333333334e-9,46.55634881694314,0.5446428566785106,0.2748178788717227
RCCD_k5_nc5_rf2_ra3,1e-10,1.1946217273737007e-8,85.63150321689133,0.4522986817353427,0.2144520343663256
RCCD_k6_nc5_rf2_ra3,1e-10,1.580357142857143e-8,100.33049824137635,0.46335565428507425,0.2919122324075471
RCCD_k7_nc5_rf2_ra3,1e-10,2.278382154710378e-8,19.904305302079358,131672413.67696527,628545900.7976178
RCCD_k8_nc5_rf2_ra3,1e-10,3.5531111111111116e-8,3.2929361143888296,225154764.3496109,547108547.1679683
RCCD_k9_nc5_rf2_ra3,1e-10,5.899796457798245e-8,0.5866994152424931,254246067.23576787,461328304.8282497
RCCD_k10_nc5_rf2_ra3,1e-10,1.0249848484848487e-7,0.12513503795192196,234149791.64715266,325195167.11144525
SCCD_k3_nc5_rf2_ra3,1e-10,3.99e-9,27.41040418705438,0.5892429190407966,0.30138301213079244
SCCD_k4_nc5_rf2_ra3,1e-10,6.593333333333334e-9,46.55634881694314,0.5446428566785106,0.2724795401255823
SCCD_k5_nc5_rf2_ra3,1e-10,1.0852380952380952e-8,80.333865036127,0.47823581494127826,0.21776969335644908
SCCD_k6_nc5_rf2_ra3,1e-10,1.1946428571428572e-8,86.54011869799517,0.5525231474441739,0.298441222271272
SCCD_k7_nc5_rf2_ra3,1e-10,1.306388888888889e-8,14.980689171029884,229640894.06022266,1118507403.2979686
SCCD_k8_nc5_rf2_ra3,1e-10,1.4197777777777779e-8,2.021984831241113,563468344.8117567,1376649396.6093142
SCCD_k9_nc5_rf2_ra3,1e-10,1.5343636363636364e-8,0.27082911240494084,977604364.0642738,1555795956.0306027
SCCD_k10_nc5_rf2_ra3,1e-10,1.649848484848485e-8,0.039807911183286776,1454678607.708712,1978363124.4647129
FCCD_k3_nc7_rf2_ra3,1e-10,2.21e-9,16.135727329956833,0.7818688855165441,1.160635928935558
FCCD_k4_nc7_rf2_ra3,1e-10,3.726666666666667e-9,25.547978593963695,0.8666566309028112,2.003219262930056
FCCD_k5_nc7_rf2_ra3,1e-10,6.861904761904763e-9,43.10705959969849,0.9450217148624835,3.1110111134382348
FCCD_k6_nc7_rf2_ra3,1e-10,6.810714285714286e-9,44.46680959283863,1.193730809461527,4.173583657101337
FCCD_k7_nc7_rf2_ra3,1e-10,6.769444444444444e-9,7.134496659622876,443168578.9624289,1997299236.645531
FCCD_k8_nc7_rf2_ra3,1e-10,6.735555555555556e-9,0.8841103969430589,1187726934.8900392,3139685181.9260626
FCCD_k9_nc7_rf2_ra3,1e-10,6.707272727272728e-9,0.10796516508325682,2236380123.4409585,3856751317.0853667
FCCD_k10_nc7_rf2_ra3,1e-10,6.683333333333333e-9,0.01440169492002433,3591020716.742186,5054803586.854376
RCCD_k3_nc7_rf2_ra3,1e-10,3.7991168824543145e-9,27.279809263280388,0.5231722271037432,0.3049352643158866
RCCD_k4_nc7_rf2_ra3,1e-10,6.606666666666667e-9,47.6124777208733,0.4732142854520871,0.27440074016737054
RCCD_k5_nc7_rf2_ra3,1e-10,1.1955741083260816e-8,86.94202024543259,0.3916150414833311,0.21378617518363424
RCCD_k6_nc7_rf2_ra3,1e-10,1.5810714285714288e-8,101.23506958524163,0.4275586967751496,0.2867729675609785
RCCD_k7_nc7_rf2_ra3,1e-10,2.2789377102659332e-8,19.998262202754994,131640268.59971233,641736195.5446913
RCCD_k8_nc7_rf2_ra3,1e-10,3.553555555555556e-8,3.301158496301111,225126671.68090743,563543617.5551862
RCCD_k9_nc7_rf2_ra3,1e-10,5.900160094161881e-8,0.58754539212717,254230390.6782226,440423242.20562315
RCCD_k10_nc7_rf2_ra3,1e-10,1.0250151515151518e-7,0.12525001046329617,234142891.9160677,318076777.2915357
SCCD_k3_nc7_rf2_ra3,1e-10,4.01e-9,28.348379833465366,0.513052442989736,0.3044340181123062
SCCD_k4_nc7_rf2_ra3,1e-10,6.606666666666667e-9,47.6124777208733,0.4732142854520871,0.27472479110014536
SCCD_k5_nc7_rf2_ra3,1e-10,1.0861904761904762e-8,81.6313803314823,0.40966438667623595,0.21802710083087248
SCCD_k6_nc7_rf2_ra3,1e-10,1.195357142857143e-8,87.58633318998662,0.4858564810962271,0.29791930552540546
SCCD_k7_nc7_rf2_ra3,1e-10,1.3069444444444446e-8,15.121898362555582,229543137.80818957,1000910674.0219294
SCCD_k8_nc7_rf2_ra3,1e-10,1.4202222222222224e-8,2.0372734809031594,563292130.3691564,1308671522.6404555
SCCD_k9_nc7_rf2_ra3,1e-10,1.5347272727272728e-8,0.27250865457395573,977372628.6928011,1718602485.4925687
SCCD_k10_nc7_rf2_ra3,1e-10,1.6501515151515155e-8,0.04001403614062039,1454412343.9840534,1890029714.0407283
FCCD_k3_nc10_rf2_ra3,1e-10,2.24e-9,16.449785767267734,0.7632575755726481,1.186754147560826
FCCD_k4_nc10_rf2_ra3,1e-10,3.746666666666667e-9,25.788310519241804,0.8579522057765995,2.0626062016838347
FCCD_k5_nc10_rf2_ra3,1e-10,6.8761904761904764e-9,43.333064955030636,0.9400704606037286,3.011282027284848
FCCD_k6_nc10_rf2_ra3,1e-10,6.821428571428571e-9,44.6110111376625,1.190459655095556,4.293716431571214
FCCD_k7_nc10_rf2_ra3,1e-10,6.777777777777777e-9,7.150519465535416,442622683.55240446,2115079399.9686081
FCCD_k8_nc10_rf2_ra3,1e-10,6.742222222222222e-9,0.8855826402520325,1186551684.158661,3080745170.1882277
FCCD_k9_nc10_rf2_ra3,1e-10,6.712727272727273e-9,0.10810532895417453,2234562105.2783294,3915482507.0607657
FCCD_k10_nc10_rf2_ra3,1e-10,6.687878787878788e-9,0.014416823539393747,3588578977.0949144,4773658288.9627285
RCCD_k3_nc10_rf2_ra3,1e-10,3.829116882454315e-9,28.26681848925388,0.4655622242988016,0.30760760798896003
RCCD_k4_nc10_rf2_ra3,1e-10,6.626666666666667e-9,48.758190493338084,0.4196428569882667,0.2740614254164045
RCCD_k5_nc10_rf2_ra3,1e-10,1.1970026797546532e-8,88.37512584064775,0.3446757142558138,0.21522437019252486
RCCD_k6_nc10_rf2_ra3,1e-10,1.5821428571428577e-8,102.28055676439536,0.39623635892077513,0.28798778293968996
RCCD_k7_nc10_rf2_ra3,1e-10,2.2797710435992667e-8,20.115559138135694,131592182.94286306,678221667.6017979
RCCD_k8_nc10_rf2_ra3,1e-10,3.554222222222222e-8,3.3120413869235055,225084365.8306839,548498550.5501472
RCCD_k9_nc10_rf2_ra3,1e-10,5.900705548707337e-8,0.5887050326798368,254206913.13891667,437424534.1960805
RCCD_k10_nc10_rf2_ra3,1e-10,1.0250606060606062e-7,0.12541082774114506,234132504.63881367,312690670.5605833
SCCD_k3_nc10_rf2_ra3,1e-10,4.04e-9,29.377743803582657,0.4559095859211948,0.303776571663149
SCCD_k4_nc10_rf2_ra3,1e-10,6.626666666666667e-9,48.758190493338084,0.4196428569882667,0.27286506850558245
SCCD_k5_nc10_rf2_ra3,1e-10,1.0876190476190477e-8,83.02969144200999,0.3582358154106034,0.21821971590550213
SCCD_k6_nc10_rf2_ra3,1e-10,1.1964285714285714e-8,88.70917857220267,0.435856481265661,0.29992943821372414
SCCD_k7_nc10_rf2_ra3,1e-10,1.3077777777777778e-8,15.273276691557212,229396846.38596135,1160972305.2946513
SCCD_k8_nc10_rf2_ra3,1e-10,1.4208888888888891e-8,2.053656751180414,563027651.6383733,1341549478.5360005
SCCD_k9_nc10_rf2_ra3,1e-10,1.5352727272727272e-8,0.27430820988387955,977025231.6030363,1643609733.6014988
SCCD_k10_nc10_rf2_ra3,1e-10,1.650606060606061e-8,0.04023489519236849,1454011648.521358,2008931264.4282334
FCCD_k3_nc1_rf3_ra3,1e-10,2.95e-9,19.69644165567776,0.7433486235721654,1.1166689906966873
FCCD_k4_nc1_rf3_ra3,1e-10,5.286666666666667e-9,33.09827509949952,0.796206690053866,1.9355139161656
FCCD_k5_nc1_rf3_ra3,1e-10,1.0033333333333334e-8,57.576682957844596,0.8830357889050966,3.243335338784011
FCCD_k6_nc1_rf3_ra3,1e-10,9.989285714285715e-9,60.31542792747147,1.0961307967033949,4.632166763705343
FCCD_k7_nc1_rf3_ra3,1e-10,9.952777777777778e-9,9.77087891709719,301423593.18521917,1374182778.9591215
FCCD_k8_nc1_rf3_ra3,1e-10,9.922222222222223e-9,1.21960251986346,806271364.373831,1930538355.6643915
FCCD_k9_nc1_rf3_ra3,1e-10,9.896363636363637e-9,0.14980283699156893,1515706576.957473,2781819309.5810566
FCCD_k10_nc1_rf3_ra3,1e-10,9.874242424242425e-9,0.020080085590037145,2430566291.534057,3354458580.2393007
RCCD_k3_nc1_rf3_ra3,1e-10,4.539116882454315e-9,27.763804731655878,1.5518777206097305,0.9568559915237256
RCCD_k4_nc1_rf3_ra3,1e-10,8.166666666666667e-9,53.48092458631652,1.4652777649728834,0.9792934062679083
RCCD_k5_nc1_rf3_ra3,1e-10,1.512716965468939e-8,105.50441578010188,1.0314670624588005,0.684884481753081
RCCD_k6_nc1_rf3_ra3,1e-10,1.8989285714285716e-8,129.2456876640696,0.545802693923659,0.2639335200927141
RCCD_k7_nc1_rf3_ra3,1e-10,2.5972710435992667e-8,25.64858968521655,115505883.12926348,642337344.8518753
RCCD_k8_nc1_rf3_ra3,1e-10,3.872222222222222e-8,4.146672265169235,206599759.38670826,530480707.4890985
RCCD_k9_nc1_rf3_ra3,1e-10,6.219069185070974e-8,0.7147276627713584,241193619.608143,444484678.26426166
RCCD_k10_nc1_rf3_ra3,1e-10,1.0569242424242428e-7,0.1471413874842459,227073990.1849607,329182961.16307694
SCCD_k3_nc1_rf3_ra3,1e-10,4.75e-9,28.678337170735027,1.5747354412295052,0.9988969909373286
SCCD_k4_nc1_rf3_ra3,1e-10,8.166666666666667e-9,53.48092458631652,1.4652777649728834,0.9946781193549352
SCCD_k5_nc1_rf3_ra3,1e-10,1.4033333333333335e-8,98.13465768685,1.3721031543640978,0.9531524170605233
SCCD_k6_nc1_rf3_ra3,1e-10,1.513214285714286e-8,108.82592272553937,1.392781965897611,0.9651647257750653
SCCD_k7_nc1_rf3_ra3,1e-10,1.6252777777777778e-8,18.94641081636361,184583762.44334373,933271281.6799701
SCCD_k8_nc1_rf3_ra3,1e-10,1.7388888888888893e-08,2.546774316806233,460064002.02241814,1300011626.0698738
SCCD_k9_nc1_rf3_ra3,1e-10,1.853636363636364e-8,0.3377215286681103,809219978.1481618,1422748047.2807348
SCCD_k10_nc1_rf3_ra3,1e-10,1.969242424242425e-8,0.04897476684739524,1218742924.6613467,1638722294.0163198
FCCD_k3_nc3_rf3_ra3,1e-10,2.97e-9,20.122340840517655,0.7101851849336646,1.1052371306484232
FCCD_k4_nc3_rf3_ra3,1e-10,5.3e-9,33.39243832629329,0.7847614558732993,2.031170204935104
FCCD_k5_nc3_rf3_ra3,1e-10,1.0042857142857144e-8,57.83905773584256,0.8774695785744068,3.049264701865708
FCCD_k6_nc3_rf3_ra3,1e-10,9.996428571428571e-9,60.47682107405688,1.0928141448539137,4.141238326261291
FCCD_k7_nc3_rf3_ra3,1e-10,9.958333333333333e-9,9.788013448559594,301255193.0260079,1379093350.0442188
FCCD_k8_nc3_rf3_ra3,1e-10,9.926666666666668e-9,1.2211101308310044,805910085.657784,2088320697.3896182
FCCD_k9_nc3_rf3_ra3,1e-10,9.900000000000001e-9,0.1499406756396613,1515150575.7226748,2578706937.544118
FCCD_k10_nc3_rf3_ra3,1e-10,9.877272727272728e-9,0.020094427491579282,2429821584.504849,3206627295.826104
RCCD_k3_nc3_rf3_ra3,1e-10,4.559116882454314e-9,30.916607975860487,0.6928892818884705,0.3285445720575652
RCCD_k4_nc3_rf3_ra3,1e-10,8.18e-9,57.544919949519276,0.6319444429891999,0.33043760139370604
RCCD_k5_nc3_rf3_ra3,1e-10,1.5136693464213197e-8,110.12526671728796,0.5171963815346959,0.2729256914077807
RCCD_k6_nc3_rf3_ra3,1e-10,1.8996428571428577e-8,131.39885827528593,0.4221643509745615,0.20193481847816666
RCCD_k7_nc3_rf3_ra3,1e-10,2.597826599154822e-8,25.80095956905636,115481146.16887313,510060152.24857724
RCCD_k8_nc3_rf3_ra3,1e-10,3.8726666666666664e-8,4.157019202147931,206575995.37178254,522375668.1287316
RCCD_k9_nc3_rf3_ra3,1e-10,6.21943282143461e-8,0.7156307309185705,241179560.88791183,427718661.49233407
RCCD_k10_nc3_rf3_ra3,1e-10,1.0569545454545458e-7,0.14725109237708453,227067487.48081464,325052863.84130603
SCCD_k3_nc3_rf3_ra3,1e-10,4.770000000000001e-9,32.00855669554449,0.6858465598593976,0.3330637221810463
SCCD_k4_nc3_rf3_ra3,1e-10,8.18e-9,57.544919949519276,0.6319444429891999,0.3188273546971867
SCCD_k5_nc3_rf3_ra3,1e-10,1.4042857142857142e-8,103.40522202067561,0.5721031723311524,0.3199888440096425
SCCD_k6_nc3_rf3_ra3,1e-10,1.5139285714285714e-8,113.18070708515293,0.6150042064310011,0.2914546924453283
SCCD_k7_nc3_rf3_ra3,1e-10,1.6258333333333335e-8,19.53406557547372,184520920.33114803,885898887.0891858
SCCD_k8_nc3_rf3_ra3,1e-10,1.7393333333333338e-8,2.6098342830696737,459946176.85610944,1148358580.537582
SCCD_k9_nc3_rf3_ra3,1e-10,1.8540000000000003e-8,0.3445536707343136,809061468.767547,1432771290.1673856
SCCD_k10_nc3_rf3_ra3,1e-10,1.969545454545455e-8,0.04979959488165408,1218555233.8787167,1685307643.0417376
FCCD_k3_nc5_rf3_ra3,1e-10,2.99e-9,20.479894341990935,0.6877329190191329,1.101029980968525
FCCD_k4_nc5_rf3_ra3,1e-10,5.313333333333334e-9,33.65426575506045,0.7758468262339702,1.9613576706631821
FCCD_k5_nc5_rf3_ra3,1e-10,1.0052380952380953e-8,58.079593824017266,0.8728325038160416,2.806376199472415
FCCD_k6_nc5_rf3_ra3,1e-10,1.000357142857143e-8,60.627362207607156,1.0899435453152477,4.289706881452605
FCCD_k7_nc5_rf3_ra3,1e-10,9.963888888888888e-9,9.804209006860441,301087410.34773034,1563778987.5441172
FCCD_k8_nc5_rf3_ra3,1e-10,9.931111111111112e-9,1.2225498396149939,805548602.2465874,2075901510.108337
FCCD_k9_nc5_rf3_ra3,1e-10,9.903636363636363e-9,0.15007329633437477,1514596177.5726397,2602169640.8504453
FCCD_k10_nc5_rf3_ra3,1e-10,9.88030303030303e-9,0.02010832189755647,2429075201.0406446,3322825590.351905
RCCD_k3_nc5_rf3_ra3,1e-10,4.579116882454315e-9,32.52176232445661,0.5162706910275614,0.22333934583162482
RCCD_k4_nc5_rf3_ra3,1e-10,8.193333333333334e-9,59.538365365563955,0.4652777772324237,0.19823356020223395
RCCD_k5_nc5_rf3_ra3,1e-10,1.5146217273737006e-8,112.59596565172126,0.3860078973181282,0.18166803065384382
RCCD_k6_nc5_rf3_ra3,1e-10,1.9003571428571432e-8,132.8858264197397,0.3653575445601709,0.2012265085073233
RCCD_k7_nc5_rf3_ra3,1e-10,2.5983821547103777e-8,25.927309319703348,115456419.80957487,560060220.3965658
RCCD_k8_nc5_rf3_ra3,1e-10,3.873111111111111e-8,4.166360087986483,206552271.5596926,500105797.32526845
RCCD_k9_nc5_rf3_ra3,1e-10,6.219796457798245e-8,0.7164776698029829,241165404.62507775,416510277.6900469
RCCD_k10_nc5_rf3_ra3,1e-10,1.0569848484848487e-7,0.14735587287851756,227060967.5321794,302533445.2348628
SCCD_k3_nc5_rf3_ra3,1e-10,4.79e-9,33.68611808001149,0.5080687826864105,0.21943879660155402
SCCD_k4_nc5_rf3_ra3,1e-10,8.193333333333334e-9,59.538365365563955,0.4652777772324237,0.19772060849727327
SCCD_k5_nc5_rf3_ra3,1e-10,1.4052380952380952e-8,105.95139947974103,0.4121031737697653,0.18192215434441
SCCD_k6_nc5_rf3_ra3,1e-10,1.5146428571428573e-8,115.26450045130159,0.45944865234122245,0.20790321100107587
SCCD_k7_nc5_rf3_ra3,1e-10,1.626388888888889e-8,19.81378695306454,184457799.2553771,920504281.1804717
SCCD_k8_nc5_rf3_ra3,1e-10,1.739777777777778e-8,2.6397490715859138,459828584.77361333,1182544429.480258
SCCD_k9_nc5_rf3_ra3,1e-10,1.8543636363636363e-8,0.3477872391979884,808903363.0094717,1382472510.0876691
SCCD_k10_nc5_rf3_ra3,1e-10,1.9698484848484852e-8,0.05018934041827266,1218367487.9520555,1695159393.3540604
FCCD_k3_nc7_rf3_ra3,1e-10,3.01e-9,20.788793474660707,0.6715240639449912,1.1263311342451339
FCCD_k4_nc7_rf3_ra3,1e-10,5.326666666666667e-9,33.89035096352305,0.7687070549835443,1.9385763831032852
FCCD_k5_nc7_rf3_ra3,1e-10,1.0061904761904763e-8,58.30172001751378,0.8689098428573235,2.761984419556645
FCCD_k6_nc7_rf3_ra3,1e-10,1.0010714285714286e-8,60.76844134280054,1.0874346842047091,4.354733600592551
FCCD_k7_nc7_rf3_ra3,1e-10,9.969444444444445e-9,9.819569208314961,300919385.5138852,1481572360.5422804
FCCD_k8_nc7_rf3_ra3,1e-10,9.935555555555555e-9,1.2239277082808995,805187970.8144723,1884593975.8124495
FCCD_k9_nc7_rf3_ra3,1e-10,9.907272727272729e-9,0.15020124197062298,1514039035.9911592,2596768027.4150395
FCCD_k10_nc7_rf3_ra3,1e-10,9.883333333333332e-9,0.020121789894768524,2428331174.5356383,3257088420.0637918
RCCD_k3_nc7_rf3_ra3,1e-10,4.599116882454314e-9,33.62789928731138,0.4400702603470477,0.2232623202409908
RCCD_k4_nc7_rf3_ra3,1e-10,8.206666666666666e-9,60.888990793274466,0.39384920605500506,0.19430447537587725
RCCD_k5_nc7_rf3_ra3,1e-10,1.5155741083260815e-8,114.30633825725666,0.3260224932879351,0.15021058869356224
RCCD_k6_nc7_rf3_ra3,1e-10,1.901071428571429e-8,134.02605602779528,0.33272384720289094,0.2018982353616732
RCCD_k7_nc7_rf3_ra3,1e-10,2.5989377102659337e-8,26.035340150182144,115431798.71745174,498770303.62780714
RCCD_k8_nc7_rf3_ra3,1e-10,3.873555555555556e-8,4.1748761340187,206528663.6931521,480956180.90879154
RCCD_k9_nc7_rf3_ra3,1e-10,6.220160094161881e-8,0.7172750452482421,241151349.19430342,420765359.4209695
RCCD_k10_nc7_rf3_ra3,1e-10,1.0570151515151518e-7,0.14745615699702674,227054450.883453,301175918.1752972
SCCD_k3_nc7_rf3_ra3,1e-10,4.8100000000000006e-9,34.8388467358743,0.43187830666332433,0.21978517760654895
SCCD_k4_nc7_rf3_ra3,1e-10,8.206666666666666e-9,60.888990793274466,0.39384920605500506,0.19444394794598607
SCCD_k5_nc7_rf3_ra3,1e-10,1.4061904761904763e-8,107.66267729809087,0.3435317455950011,0.17409765974534766
SCCD_k6_nc7_rf3_ra3,1e-10,1.5153571428571427e-8,116.65797428195329,0.3927819860786128,0.2082326801822753
SCCD_k7_nc7_rf3_ra3,1e-10,1.6269444444444445e-8,20.00041371184938,184394721.43672937,950406219.0686533
SCCD_k8_nc7_rf3_ra3,1e-10,1.7402222222222224e-8,2.6596813898752574,459711397.01118743,1110530964.9872236
SCCD_k9_nc7_rf3_ra3,1e-10,1.8547272727272727e-8,0.34994016472924866,808744420.6134864,1356004650.7363012
SCCD_k10_nc7_rf3_ra3,1e-10,1.9701515151515153e-8,0.05044868074565002,1218180307.026173,1636678643.4073834
FCCD_k3_nc10_rf3_ra3,1e-10,3.04e-9,21.18634148554844,0.6542035396046961,1.0796031302538651
FCCD_k4_nc10_rf3_ra3,1e-10,5.346666666666667e-9,34.20625239379244,0.760316418296458,1.981228242629614
FCCD_k5_nc10_rf3_ra3,1e-10,1.0076190476190476e-8,58.60608840118509,0.8640416299916156,2.8280590055012165
FCCD_k6_nc10_rf3_ra3,1e-10,1.0021428571428571e-8,60.96475306821437,1.0842129938613239,4.249807976986673
FCCD_k7_nc10_rf3_ra3,1e-10,9.977777777777777e-9,9.841223435892037,300668234.8818751,1411937452.5234458
FCCD_k8_nc10_rf3_ra3,1e-10,9.942222222222222e-9,1.2258903551483127,804648730.890072,1833756516.756256
FCCD_k9_nc10_rf3_ra3,1e-10,9.912727272727273e-9,0.15038495091109286,1513207508.4227962,2593093075.3919997
FCCD_k10_nc10_rf3_ra3,1e-10,9.887878787878788e-9,0.020141276790689805,2427212813.103747,3222048612.8461185
RCCD_k3_nc10_rf3_ra3,1e-10,4.629116882454314e-9,34.8437160844665,0.3827187661210853,0.2231418270394548
RCCD_k4_nc10_rf3_ra3,1e-10,8.226666666666667e-9,62.35418012549203,0.3402777776172594,0.19443965207974737
RCCD_k5_nc10_rf3_ra3,1e-10,1.517002679754653e-8,116.18040858218555,0.2794289877728313,0.15017023625094975
RCCD_k6_nc10_rf3_ra3,1e-10,1.9021428571428576e-8,135.35847291207847,0.3035114245342578,0.2026795361911403
RCCD_k7_nc10_rf3_ra3,1e-10,2.599771043599267e-8,26.172885693013967,115394760.61319311,512946559.2901184
RCCD_k8_nc10_rf3_ra3,1e-10,3.8742222222222225e-8,4.186394517852777,206493023.73703668,551816026.1511885
RCCD_k9_nc10_rf3_ra3,1e-10,6.220705548707336e-8,0.718390347957728,241130200.264054,431698991.62935466
RCCD_k10_nc10_rf3_ra3,1e-10,1.0570606060606062e-7,0.14759896634370634,227044684.0201001,320358930.6706178
SCCD_k3_nc10_rf3_ra3,1e-10,4.84e-9,36.10388741178214,0.37473544960978034,0.2188637235769387
SCCD_k4_nc10_rf3_ra3,1e-10,8.226666666666667e-9,62.35418012549203,0.3402777776172594,0.19433703209044623
SCCD_k5_nc10_rf3_ra3,1e-10,1.4076190476190477e-8,109.50689354401612,0.29210317437733896,0.17334574860345278
SCCD_k6_nc10_rf3_ra3,1e-10,1.5164285714285713e-8,118.1535143153229,0.34278198629339274,0.20808789159104502
SCCD_k7_nc10_rf3_ra3,1e-10,1.6277777777777777e-8,20.200416837733567,184300386.72739476,889357579.9250808
SCCD_k8_nc10_rf3_ra3,1e-10,1.740888888888889e-8,2.681028763796596,459535227.2103483,1166411673.729438
SCCD_k9_nc10_rf3_ra3,1e-10,1.8552727272727274e-8,0.35224519323809306,808506263.4887589,1400018326.462573
SCCD_k10_nc10_rf3_ra3,1e-10,1.970606060606061e-8,0.050726314736142135,1217898799.9865012,1675391286.472929
FCCD_k3_nc1_rf1_ra1,1e-9,9.900000000000001e-9,6.707446959572135,2.130555548009937,3.361346187826762
FCCD_k4_nc1_rf1_ra1,1e-9,1.766666666666667e-8,11.130812803208503,2.354284354165088,5.950540807847779
FCCD_k5_nc1_rf1_ra1,1e-9,3.347619047619048e-8,19.279685984761137,2.6324087043207616,9.718376279754995
FCCD_k6_nc1_rf1_ra1,1e-9,3.332142857142857e-8,20.158940428804314,3.2784423959813678,12.79472937087174
FCCD_k7_nc1_rf1_ra1,1e-9,3.319444444444444e-8,3.9528163102374068,90376572.59697756,398320836.0616193
FCCD_k8_nc1_rf1_ra1,1e-9,3.308888888888889e-8,0.612930690828834,241773000.29302448,618835552.0400499
FCCD_k9_nc1_rf1_ra1,1e-9,3.3000000000000004e-8,0.09365380179446177,454545448.4275212,766180660.5669706
FCCD_k10_nc1_rf1_ra1,1e-9,3.292424242424242e-8,0.015473580716537188,728946122.1467633,975265223.399773
RCCD_k3_nc1_rf1_ra1,1e-9,1.5197056274847714e-8,10.305536021252832,2.078667820112968,0.9764771344350999
RCCD_k4_nc1_rf1_ra1,1e-9,2.7266666666666666e-8,19.18164004266657,1.8958332896758894,0.9685498716888703
RCCD_k5_nc1_rf1_ra1,1e-9,5.0455644880710664e-8,36.7084223622576,1.5515890932224627,0.8183153676921806
RCCD_k6_nc1_rf1_ra1,1e-9,6.332142857142859e-8,43.799619537999064,1.26649302923685,0.6051666673001521
RCCD_k7_nc1_rf1_ra1,1e-9,8.659421997182738e-8,10.419525360683963,34644346.35106514,165860718.06558046
RCCD_k8_nc1_rf1_ra1,1e-9,1.290888888888889e-7,2.0865968714179832,61972801.51786985,150161163.09410447
RCCD_k9_nc1_rf1_ra1,1e-9,2.0731442738115364e-7,0.4469871198870727,72353863.99112408,117486193.56441729
RCCD_k10_nc1_rf1_ra1,1e-9,3.5231818181818193e-7,0.11338970996369752,68120242.7268877,92677991.90180734
SCCD_k3_nc1_rf1_ra1,1e-9,1.59e-8,10.669518929929511,2.057539652924795,0.9953786574052234
SCCD_k4_nc1_rf1_ra1,1e-9,2.7266666666666666e-8,19.18164004266657,1.8958332896758894,0.9760007311118015
SCCD_k5_nc1_rf1_ra1,1e-9,4.680952380952382e-8,34.468407458904316,1.716309455648878,0.9419404572024376
SCCD_k6_nc1_rf1_ra1,1e-9,5.046428571428572e-8,37.72690247462417,1.8450125565663922,0.9174611737353202
SCCD_k7_nc1_rf1_ra1,1e-9,5.419444444444445e-8,7.888687483646676,55356231.174048595,259093697.93500784
SCCD_k8_nc1_rf1_ra1,1e-9,5.797777777777779e-8,1.3099943726664585,137983900.66132858,305447433.3476231
SCCD_k9_nc1_rf1_ra1,1e-9,6.18e-8,0.21521022421253366,242718442.04964092,414324724.8900522
SCCD_k10_nc1_rf1_ra1,1e-9,6.565151515151517e-8,0.038347840496638405,365566587.9886035,498226008.8836478
FCCD_k3_nc3_rf1_ra1,1e-9,1.01e-8,7.020399563334482,1.9778168947981154,3.3092269909977454
FCCD_k4_nc3_rf1_ra1,1e-9,1.78e-8,11.368480277389708,2.2885802323480906,6.022842505982694
FCCD_k5_nc3_rf1_ra1,1e-9,3.357142857142857e-8,19.502703828391244,2.596644881613732,9.49035113864116
FCCD_k6_nc3_rf1_ra1,1e-9,3.3392857142857146e-8,20.300398796159243,3.2556696746942277,13.121762474981375
FCCD_k7_nc3_rf1_ra1,1e-9,3.325e-8,3.971459415276538,90225567.44168186,464676907.86060095
FCCD_k8_nc3_rf1_ra1,1e-9,3.313333333333333e-8,0.6150081767323188,241448690.40887773,581915836.122809
FCCD_k9_nc3_rf1_ra1,1e-9,3.303636363636364e-8,0.093893722248522,454045096.5563029,743281095.4648545
FCCD_k10_nc3_rf1_ra1,1e-9,3.295454545454546e-8,0.015504721065765874,728275895.3465344,1007564401.9729024
RCCD_k3_nc3_rf1_ra1,1e-9,1.5397056274847716e-8,11.493292140075988,1.1928128395055473,0.6698570440267456
RCCD_k4_nc3_rf1_ra1,1e-9,2.74e-8,20.639245640055744,1.0624999942797746,0.5832459533367242
RCCD_k5_nc3_rf1_ra1,1e-9,5.055088297594876e-8,38.5402479427947,0.8749350193774652,0.4505599471450303
RCCD_k6_nc3_rf1_ra1,1e-9,6.339285714285716e-8,44.98420188398364,0.934621703743163,0.5997146765651588
RCCD_k7_nc3_rf1_ra1,1e-9,8.664977552738295e-8,10.552311436744196,34622132.57202189,152923663.895234
RCCD_k8_nc3_rf1_ra1,1e-9,1.2913333333333334e-7,2.0994895448786384,61951471.99725365,149712346.05458075
RCCD_k9_nc3_rf1_ra1,1e-9,2.0735079101751727e-7,0.4484848106511345,72341174.4158319,133798941.7746737
RCCD_k10_nc3_rf1_ra1,1e-9,3.52348484848485e-7,0.11362166671589798,68114383.87078187,90453660.68743561
SCCD_k3_nc3_rf1_ra1,1e-9,1.6100000000000002e-8,11.90849731693542,1.1686507892757363,0.6535204472705433
SCCD_k4_nc3_rf1_ra1,1e-9,2.74e-8,20.639245640055744,1.0624999942797746,0.5833086192528423
SCCD_k5_nc3_rf1_ra1,1e-9,4.690476190476192e-8,36.31961842598101,0.9163095156078658,0.5206045563175942
SCCD_k6_nc3_rf1_ra1,1e-9,5.053571428571429e-8,39.236584327427906,1.0672348398744769,0.623219355313573
SCCD_k7_nc3_rf1_ra1,1e-9,5.425000000000001e-8,8.133832087616447,55299538.37729323,239185277.5381971
SCCD_k8_nc3_rf1_ra1,1e-9,5.8022222222222237e-8,1.3425525300662502,137878205.61231267,350170836.08319885
SCCD_k9_nc3_rf1_ra1,1e-9,6.183636363636364e-8,0.2195874463157713,242575700.12604395,425569354.52120847
SCCD_k10_nc3_rf1_ra1,1e-9,6.568181818181821e-8,0.03899805101208718,365397920.4133552,522770267.6428449
FCCD_k3_nc5_rf1_ra1,1e-9,1.0300000000000001e-8,7.242911340221556,1.9069587564967803,3.383765482142266
FCCD_k4_nc5_rf1_ra1,1e-9,1.7933333333333335e-8,11.55205442719966,2.250943890612672,5.793445719294721
FCCD_k5_nc5_rf1_ra1,1e-9,3.3666666666666664e-8,19.684071733967293,2.5735173495113,9.221906520267018
FCCD_k6_nc5_rf1_ra1,1e-9,3.3464285714285715e-8,20.4194050006271,3.239773074650788,12.10952991760561
FCCD_k7_nc5_rf1_ra1,1e-9,3.330555555555556e-8,3.98761405437479,90075075.66916469,389275176.61786777
FCCD_k8_nc5_rf1_ra1,1e-9,3.317777777777778e-8,0.616851627862491,241125237.57440305,605491259.1826323
FCCD_k9_nc5_rf1_ra1,1e-9,3.3072727272727275e-8,0.09411072165115064,453545845.0244424,792854649.4007677
FCCD_k10_nc5_rf1_ra1,1e-9,3.2984848484848487e-8,0.015533325181552985,727606762.0922517,959335846.5519222
RCCD_k3_nc5_rf1_ra1,1e-9,1.5597056274847714e-8,12.093760130142622,1.0139768248808916,0.6696349839618448
RCCD_k4_nc5_rf1_ra1,1e-9,2.7533333333333338e-8,21.35422116517132,0.8958333306636521,0.5832040253854166
RCCD_k5_nc5_rf1_ra1,1e-9,5.064612107118685e-8,39.459322485352125,0.7265791566796446,0.45036589529528986
RCCD_k6_nc5_rf1_ra1,1e-9,6.346428571428574e-8,45.66871038165752,0.8316271516179399,0.6074322736679603
RCCD_k7_nc5_rf1_ra1,1e-9,8.67053310829385e-8,10.644457337836197,34599948.03114393,178807196.32760406
RCCD_k8_nc5_rf1_ra1,1e-9,1.291777777777778e-7,2.1096787194736457,61930157.16921223,149233919.18800783
RCCD_k9_nc5_rf1_ra1,1e-9,2.073871546538809e-7,0.4497593618228488,72328492.33129956,125341379.60039748
RCCD_k10_nc5_rf1_ra1,1e-9,3.5237878787878803e-7,0.11382720955275298,68108525.69392134,92631018.96418099
SCCD_k3_nc5_rf1_ra1,1e-9,1.63e-8,12.53261902797283,0.9908730135387489,0.6589851824098264
SCCD_k4_nc5_rf1_ra1,1e-9,2.7533333333333338e-8,21.35422116517132,0.8958333306636521,0.583195467680682
SCCD_k5_nc5_rf1_ra1,1e-9,4.700000000000001e-8,37.2139271562365,0.7563095204159485,0.5310445585600048
SCCD_k6_nc5_rf1_ra1,1e-9,5.060714285714286e-8,39.95897717474375,0.911679289213543,0.6261511072281398
SCCD_k7_nc5_rf1_ra1,1e-9,5.4305555555555566e-8,8.25077428491949,55242973.03353021,258248455.00120163
SCCD_k8_nc5_rf1_ra1,1e-9,5.8066666666666684e-8,1.358064438986425,137772672.96093237,358774601.046968
SCCD_k9_nc5_rf1_ra1,1e-9,6.187272727272727e-8,0.22167194948953922,242433160.69181517,446001989.48898566
SCCD_k10_nc5_rf1_ra1,1e-9,6.571212121212123e-8,0.03930765168329967,365229400.1490191,501341290.5172263
FCCD_k3_nc7_rf1_ra1,1e-9,1.0500000000000001e-8,7.416969733601296,1.8660569042140047,3.3221022099002346
FCCD_k4_nc7_rf1_ra1,1e-9,1.8066666666666666e-8,11.702107380361129,2.2265555411050464,6.1121760456851595
FCCD_k5_nc7_rf1_ra1,1e-9,3.3761904761904764e-8,19.83715218798004,2.557334507257939,8.948451398596498
FCCD_k6_nc7_rf1_ra1,1e-9,3.353571428571429e-8,20.522202922317675,3.2280467793848127,12.931277477864684
FCCD_k7_nc7_rf1_ra1,1e-9,3.336111111111112e-8,4.00189025698079,89925070.72440535,428882870.16725534
FCCD_k8_nc7_rf1_ra1,1e-9,3.3222222222222226e-8,0.6185122767642106,240802662.0015557,659069462.6423178
FCCD_k9_nc7_rf1_ra1,1e-9,3.310909090909091e-8,0.0943093257507282,453047809.30881333,793224101.5791352
FCCD_k10_nc7_rf1_ra1,1e-9,3.3015151515151515e-8,0.015559849045416204,726938889.7280049,970856817.9703128
RCCD_k3_nc7_rf1_ra1,1e-9,1.5797056274847716e-8,12.506765048891438,0.9371612068751716,0.669529592274699
RCCD_k4_nc7_rf1_ra1,1e-9,2.766666666666667e-8,21.83864081302154,0.824404760077325,0.5833150779246804
RCCD_k5_nc7_rf1_ra1,1e-9,5.0741359166424944e-8,40.08348164859259,0.6615309810629011,0.45031482635924436
RCCD_k6_nc7_rf1_ra1,1e-9,6.35357142857143e-8,46.154492920550716,0.7814503180444771,0.6041484967773203
RCCD_k7_nc7_rf1_ra1,1e-9,8.676088663849406e-8,10.715312940722988,34577794.756188594,159448602.84381258
RCCD_k8_nc7_rf1_ra1,1e-9,1.2922222222222225e-7,2.118119398419967,61908857.01106887,161382374.86755094
RCCD_k9_nc7_rf1_ra1,1e-9,2.0742351829024456e-7,0.4508699027568357,72315811.6609847,130347888.18837161
RCCD_k10_nc7_rf1_ra1,1e-9,3.52409090909091e-7,0.11401185480348243,68102670.21810871,99874805.90664573
SCCD_k3_nc7_rf1_ra1,1e-9,1.6500000000000002e-8,12.961481416377525,0.9146825379092911,0.6579087850246582
SCCD_k4_nc7_rf1_ra1,1e-9,2.766666666666667e-8,21.83864081302154,0.824404760077325,0.5827306688797658
SCCD_k5_nc7_rf1_ra1,1e-9,4.7095238095238104e-8,37.81498922780602,0.6877380931714322,0.5249454913340174
SCCD_k6_nc7_rf1_ra1,1e-9,5.067857142857143e-8,40.442055558726736,0.8450126238967164,0.6210859348491978
SCCD_k7_nc7_rf1_ra1,1e-9,5.436111111111112e-8,8.32896095376792,55186512.558247335,304989170.4233278
SCCD_k8_nc7_rf1_ra1,1e-9,5.8111111111111124e-8,1.368443085776119,137667301.82166457,333883818.516215
SCCD_k9_nc7_rf1_ra1,1e-9,6.19090909090909e-8,0.2230679667822487,242290754.69312802,426601613.2814671
SCCD_k10_nc7_rf1_ra1,1e-9,6.574242424242425e-8,0.03951517984097099,365061070.0266519,496620365.47619146
FCCD_k3_nc10_rf1_ra1,1e-9,1.08e-8,7.624080919408994,1.8293209812335363,3.342397685214349
FCCD_k4_nc10_rf1_ra1,1e-9,1.8266666666666668e-8,11.886314503780444,2.202707439771374,5.835926400629192
FCCD_k5_nc10_rf1_ra1,1e-9,3.390476190476191e-8,20.02994708003933,2.5404967617189738,9.178060832914195
FCCD_k6_nc10_rf1_ra1,1e-9,3.3642857142857145e-8,20.65427112965064,3.2152770425433257,12.231271519030336
FCCD_k7_nc10_rf1_ra1,1e-9,3.344444444444444e-8,4.020643293122884,89701002.5209638,408460863.17192334
FCCD_k8_nc10_rf1_ra1,1e-9,3.3288888888888894e-8,0.6207365421816098,240320411.53852624,604447029.5325866
FCCD_k9_nc10_rf1_ra1,1e-9,3.316363636363637e-8,0.09457976065984197,452302646.9378513,796563826.8279583
FCCD_k10_nc10_rf1_ra1,1e-9,3.306060606060606e-8,0.01559646329489463,725939493.1317225,1052288018.9326754
RCCD_k3_nc10_rf1_ra1,1e-9,1.6097056274847712e-8,12.960247712244179,0.8794817358067407,0.6696465583331987
RCCD_k4_nc10_rf1_ra1,1e-9,2.7866666666666668e-8,22.36415031894753,0.7708333319520949,0.5833055764891499
RCCD_k5_nc10_rf1_ra1,1e-9,5.0884216309282093e-8,40.75999038878296,0.6121507684324935,0.4502616222882329
RCCD_k6_nc10_rf1_ra1,1e-9,6.364285714285717e-8,46.694040281523144,0.741030090766671,0.598682985281171
RCCD_k7_nc10_rf1_ra1,1e-9,8.684421997182739e-8,10.798318031929378,34544615.17488917,174548429.04121247
RCCD_k8_nc10_rf1_ra1,1e-9,1.292888888888889e-7,2.1285874839699153,61876935.94033914,161776315.27480382
RCCD_k9_nc10_rf1_ra1,1e-9,2.0747806374479e-7,0.45230854861492936,72296797.87967053,123729225.00687435
RCCD_k10_nc10_rf1_ra1,1e-9,3.524545454545456e-7,0.11425798898796827,68093887.81699406,92557972.10847542
SCCD_k3_nc10_rf1_ra1,1e-9,1.68e-8,13.432128487915346,0.8575396810564788,0.6551640288015989
SCCD_k4_nc10_rf1_ra1,1e-9,2.7866666666666668e-8,22.36415031894753,0.7708333319520949,0.5832685833882271
SCCD_k5_nc10_rf1_ra1,1e-9,4.723809523809525e-8,38.462744038532286,0.636309522448441,0.5268228384640627
SCCD_k6_nc10_rf1_ra1,1e-9,5.078571428571429e-8,40.960517440161695,0.7950126246139269,0.6237477718831419
SCCD_k7_nc10_rf1_ra1,1e-9,5.444444444444445e-8,8.412965246292792,55102044.2479519,253396813.0184141
SCCD_k8_nc10_rf1_ra1,1e-9,5.81777777777778e-8,1.3796137842196037,137509555.42341164,363316712.69482696
SCCD_k9_nc10_rf1_ra1,1e-9,6.196363636363637e-8,0.22457320117471627,242077446.66111878,433308155.92413926
SCCD_k10_nc10_rf1_ra1,1e-9,6.57878787878788e-8,0.03973929144735918,364808828.7834736,492688151.0228951
FCCD_k3_nc1_rf2_ra1,1e-9,1.7899999999999998e-8,10.545465302161613,1.7642790140822069,3.1443713303833905
FCCD_k4_nc1_rf2_ra1,1e-9,3.3666666666666664e-8,18.221355601283996,2.0473566631081175,6.014687387187619
FCCD_k5_nc1_rf2_ra1,1e-9,6.547619047619049e-8,32.46024554288875,2.3995180567875938,8.716294301107325
FCCD_k6_nc1_rf2_ra1,1e-9,6.532142857142857e-8,34.53062294315998,2.9543972259458986,12.790181992691236
FCCD_k7_nc1_rf2_ra1,1e-9,6.519444444444445e-8,6.858358919751228,46016201.17695328,213658449.3457765
FCCD_k8_nc1_rf2_ra1,1e-9,6.50888888888889e-8,1.0748212157957007,122908868.77093099,343767968.59582907
FCCD_k9_nc1_rf2_ra1,1e-9,6.5e-8,0.16571593073465105,230769253.8437761,399422279.2691711
FCCD_k10_nc1_rf2_ra1,1e-9,6.492424242424243e-8,0.027593847896925372,369661684.75017893,515530682.883234
RCCD_k3_nc1_rf2_ra1,1e-9,2.319705627484772e-8,15.275349858244562,1.7906813205892556,0.9814969576080719
RCCD_k4_nc1_rf2_ra1,1e-9,4.326666666666667e-8,30.00870946961094,1.6374999317704995,0.9817490979818935
RCCD_k5_nc1_rf2_ra1,1e-9,8.245564488071066e-8,59.81871352203651,1.3301576557920836,0.8345166610393749
RCCD_k6_nc1_rf2_ra1,1e-9,9.532142857142858e-8,72.31020962298014,0.923632780681582,0.4580815205748702
RCCD_k7_nc1_rf2_ra1,1e-9,1.1859421997182739e-7,16.82988358540354,25296344.022560213,139060926.88039097
RCCD_k8_nc1_rf2_ra1,1e-9,1.610888888888889e-7,3.2195902909602476,49662023.94745655,118918765.50640005
RCCD_k9_nc1_rf2_ra1,1e-9,2.393144273811536e-7,0.6486731642426402,62679045.21607996,113711380.43949714
RCCD_k10_nc1_rf2_ra1,1e-9,3.8431818181818196e-7,0.15394700692809932,62448255.16866148,88330004.79330608
SCCD_k3_nc1_rf2_ra1,1e-9,2.39e-8,15.73880285694936,1.7834595526480679,0.9977600233795936
SCCD_k4_nc1_rf2_ra1,1e-9,4.326666666666667e-8,30.00870946961094,1.6374999317704995,0.9824273426002311
SCCD_k5_nc1_rf2_ra1,1e-9,7.880952380952383e-8,56.370194078844186,1.5065201563083463,0.9165223202823545
SCCD_k6_nc1_rf2_ra1,1e-9,8.246428571428571e-8,62.69854289305514,1.5516263492173903,0.9077584026726147
SCCD_k7_nc1_rf2_ra1,1e-9,8.619444444444445e-8,13.039987790296012,34805030.70546151,150701548.8864861
SCCD_k8_nc1_rf2_ra1,1e-9,8.99777777777778e-8,2.1348304133853127,88910853.27374113,218036212.10321087
SCCD_k9_nc1_rf2_ra1,1e-9,9.38e-8,0.3437844556833244,159914718.481415,283797542.8986153
SCCD_k10_nc1_rf2_ra1,1e-9,9.765151515151517e-8,0.05983278098259448,245771934.93315277,331618114.14966077
FCCD_k3_nc3_rf2_ra1,1e-9,1.8100000000000003e-8,11.026259933226147,1.6239508287116697,3.169264717754886
FCCD_k4_nc3_rf2_ra1,1e-9,3.38e-8,18.606249716556476,1.9842360590595582,5.940838003446203
FCCD_k5_nc3_rf2_ra1,1e-9,6.557142857142857e-8,32.83393895832453,2.3643897251689885,8.770671934102628
FCCD_k6_nc3_rf2_ra1,1e-9,6.539285714285714e-8,34.771913425922,2.9319843293722725,12.581862856591382
FCCD_k7_nc3_rf2_ra1,1e-9,6.525e-8,6.89011774517848,45977015.500508234,232203708.30943817
FCCD_k8_nc3_rf2_ra1,1e-9,6.513333333333335e-8,1.0783264642727364,122824987.12637945,304015195.0836064
FCCD_k9_nc3_rf2_ra1,1e-9,6.503636363636363e-8,0.1661147578645938,230640240.12646377,416341740.0044142
FCCD_k10_nc3_rf2_ra1,1e-9,6.495454545454545e-8,0.027644697584078802,369489141.16289467,477765050.47299534
RCCD_k3_nc3_rf2_ra1,1e-9,2.3397056274847718e-8,17.032613051622064,0.9123028060445705,0.5520684004284637
RCCD_k4_nc3_rf2_ra1,1e-9,4.34e-8,32.28905996331609,0.8041666585950958,0.4756975738390525
RCCD_k5_nc3_rf2_ra1,1e-9,8.255088297594876e-8,62.76920097985008,0.6670059763254739,0.3634260741998261
RCCD_k6_nc3_rf2_ra1,1e-9,9.539285714285716e-8,74.1226079720623,0.637011710431427,0.32205756558904436
RCCD_k7_nc3_rf2_ra1,1e-9,1.1864977552738295e-7,17.007192695026465,25284497.50596012,128421706.56360236
RCCD_k8_nc3_rf2_ra1,1e-9,1.6113333333333333e-7,3.2341382295556835,49648326.12763344,115123441.83749087
RCCD_k9_nc3_rf2_ra1,1e-9,2.3935079101751727e-7,0.6501026048107542,62669523.79114683,107121694.56084082
RCCD_k10_nc3_rf2_ra1,1e-9,3.84348484848485e-7,0.15413788492681366,62443332.47483012,87206547.16960238
SCCD_k3_nc3_rf2_ra1,1e-9,2.4100000000000004e-8,17.56644256318756,0.8945707016429684,0.5084520636663578
SCCD_k4_nc3_rf2_ra1,1e-9,4.34e-8,32.28905996331609,0.8041666585950958,0.48218491092839827
SCCD_k5_nc3_rf2_ra1,1e-9,7.890476190476192e-8,59.39769452607716,0.7065202572255644,0.4620460340001536
SCCD_k6_nc3_rf2_ra1,1e-9,8.25357142857143e-8,65.20749125630796,0.7738486712401654,0.49044951111312923
SCCD_k7_nc3_rf2_ra1,1e-9,8.625000000000001e-8,13.44478531906977,34782610.52585073,162865421.8635222
SCCD_k8_nc3_rf2_ra1,1e-9,9.002222222222223e-8,2.187782824993497,88866949.74610472,238140823.4498741
SCCD_k9_nc3_rf2_ra1,1e-9,9.383636363636365e-8,0.3507575842148683,159852754.88761356,294833772.0192089
SCCD_k10_nc3_rf2_ra1,1e-9,9.76818181818182e-8,0.060843936096031316,245695684.74870118,333546845.7583777
FCCD_k3_nc5_rf2_ra1,1e-9,1.8300000000000002e-8,11.370326264593295,1.5578703601739363,3.1305780511152475
FCCD_k4_nc5_rf2_ra1,1e-9,3.393333333333333e-8,18.904262315322246,1.9478876523233755,5.948322623737976
FCCD_k5_nc5_rf2_ra1,1e-9,6.566666666666667e-8,33.138112646663956,2.34163025377121,9.1388863914181009
FCCD_k6_nc5_rf2_ra1,1e-9,6.546428571428572e-8,34.97504141915521,2.9163171466333973,12.709686814361742
FCCD_k7_nc5_rf2_ra1,1e-9,6.530555555555556e-8,6.9175862706391955,45937901.507576056,241150823.11168352
FCCD_k8_nc5_rf2_ra1,1e-9,6.517777777777777e-8,1.0814233767058534,122741234.3956238,312110785.4268481
FCCD_k9_nc5_rf2_ra1,1e-9,6.507272727272728e-8,0.16647320012936498,230511325.27694702,409280295.9487342
FCCD_k10_nc5_rf2_ra1,1e-9,6.498484848484849e-8,0.027691033492600627,369316876.18457144,494847760.25693953
RCCD_k3_nc5_rf2_ra1,1e-9,2.3597056274847717e-8,17.921784819264257,0.7345646062660772,0.5528654325418584
RCCD_k4_nc5_rf2_ra1,1e-9,4.353333333333333e-8,33.40760314465185,0.6374999967588071,0.4774869552219726
RCCD_k5_nc5_rf2_ra1,1e-9,8.264612107118686e-8,64.25824975775197,0.5195424616986468,0.3739283818374892
RCCD_k6_nc5_rf2_ra1,1e-9,9.546428571428575e-8,75.20377904866305,0.5414713502033898,0.3216830594895097
RCCD_k7_nc5_rf2_ra1,1e-9,1.187053310829385e-7,17.137111592568044,25272666.65570051,122097083.64297849
RCCD_k8_nc5_rf2_ra1,1e-9,1.611777777777778e-7,3.2463258600533873,49634633.49818721,123915939.07206365
RCCD_k9_nc5_rf2_ra1,1e-9,2.393871546538809e-7,0.6513856548275504,62660007.305850536,115820089.12162937
RCCD_k10_nc5_rf2_ra1,1e-9,3.84378787878788e-7,0.15431517453671686,62438409.30230102,84122248.00443676
SCCD_k3_nc5_rf2_ra1,1e-9,2.4300000000000003e-8,18.487095930700846,0.7167929269248746,0.5105757743870972
SCCD_k4_nc5_rf2_ra1,1e-9,4.353333333333333e-8,33.40760314465185,0.6374999967588071,0.48226762811363555
SCCD_k5_nc5_rf2_ra1,1e-9,7.900000000000002e-8,60.86026154998334,0.5465202653108073,0.43976680858636075
SCCD_k6_nc5_rf2_ra1,1e-9,8.260714285714286e-8,66.40803981621063,0.6182931236769954,0.47436739090104246
SCCD_k7_nc5_rf2_ra1,1e-9,8.630555555555556e-8,13.637653280285132,34760216.95803067,138381572.4281412
SCCD_k8_nc5_rf2_ra1,1e-9,9.006666666666668e-8,2.212953502001949,88823097.74533366,209828149.81682643
SCCD_k9_nc5_rf2_ra1,1e-9,9.387272727272728e-8,0.3540679243693422,159790818.11500177,302040684.4736918
SCCD_k10_nc5_rf2_ra1,1e-9,9.771212121212124e-8,0.061323597083517326,245619501.87201142,332469512.9736336
FCCD_k3_nc7_rf2_ra1,1e-9,1.85e-8,11.640363335578138,1.5194386231278518,3.1416516732410518
FCCD_k4_nc7_rf2_ra1,1e-9,3.4066666666666674e-8,19.148214809621393,1.9242587418052448,5.933115047354766
FCCD_k5_nc7_rf2_ra1,1e-9,6.576190476190476e-8,33.3949980551519,2.325684868580851,9.422185323632243
FCCD_k6_nc7_rf2_ra1,1e-9,6.553571428571429e-8,35.150587562310776,2.9047485965427167,12.353708060129188
FCCD_k7_nc7_rf2_ra1,1e-9,6.536111111111111e-8,6.94181308519662,45898863.99088428,228419166.43131253
FCCD_k8_nc7_rf2_ra1,1e-9,6.522222222222223e-8,1.0842011721377245,122657581.33248827,332021671.79863137
FCCD_k9_nc7_rf2_ra1,1e-9,6.510909090909091e-8,0.16679920878315524,230382599.71584463,413390142.0214887
FCCD_k10_nc7_rf2_ra1,1e-9,6.501515151515152e-8,0.027733671214937576,369144727.887287,498312683.1646701
RCCD_k3_nc7_rf2_ra1,1e-9,2.3797056274847718e-8,18.533507881604123,0.6581779836324172,0.5483972205850953
RCCD_k4_nc7_rf2_ra1,1e-9,4.366666666666667e-8,34.16545327500379,0.5660714266648412,0.49089890064178315
RCCD_k5_nc7_rf2_ra1,1e-9,8.274135916642495e-8,65.27118535313953,0.45464739351373096,0.36470442644724194
RCCD_k6_nc7_rf2_ra1,1e-9,9.553571428571431e-8,75.98043269283197,0.49370116943711567,0.32140686504028854
RCCD_k7_nc7_rf2_ra1,1e-9,1.1876088663849407e-7,17.239937409808423,25260843.86494058,127904911.74238107
RCCD_k8_nc7_rf2_ra1,1e-9,1.6122222222222224e-7,3.25682524951969,49620954.801759206,129246536.99916652
RCCD_k9_nc7_rf2_ra1,1e-9,2.3942351829024453e-7,0.6525502560394884,62650488.31942941,107350813.41368707
RCCD_k10_nc7_rf2_ra1,1e-9,3.84409090909091e-7,0.15448073435670143,62433488.1613896,86242944.25321229
SCCD_k3_nc7_rf2_ra1,1e-9,2.45e-8,19.119718695495024,0.640602451582383,0.5072697035845266
SCCD_k4_nc7_rf2_ra1,1e-9,4.366666666666667e-8,34.16545327500379,0.5660714266648412,0.4867969672616325
SCCD_k5_nc7_rf2_ra1,1e-9,7.90952380952381e-8,61.843248228257124,0.4779488389697402,0.4600847304202138
SCCD_k6_nc7_rf2_ra1,1e-9,8.267857142857143e-8,67.21087038444492,0.551626459214239,0.48864155229549067
SCCD_k7_nc7_rf2_ra1,1e-9,8.636111111111112e-8,13.766452504895112,34737860.86722502,160348300.4206893
SCCD_k8_nc7_rf2_ra1,1e-9,9.011111111111112e-8,2.2297577095458974,88779281.50299421,232799164.46283114
SCCD_k9_nc7_rf2_ra1,1e-9,9.3909090909090915e-08,0.3562782625209226,159728951.1584223,274550954.461505
SCCD_k10_nc7_rf2_ra1,1e-9,9.774242424242425e-8,0.06164398076765998,245543314.3205907,323541203.98875827
FCCD_k3_nc10_rf2_ra1,1e-9,1.8800000000000003e-8,11.962438307295615,1.484739905019267,3.1426472629941147
FCCD_k4_nc10_rf2_ra1,1e-9,3.426666666666667e-8,19.448042392078197,1.9010958598173535,5.726788036803091
FCCD_k5_nc10_rf2_ra1,1e-9,6.59047619047619e-8,33.71869246845045,2.3090766056811254,8.797702062801042
FCCD_k6_nc10_rf2_ra1,1e-9,6.564285714285715e-8,35.376214341895725,2.892139532329235,13.468267404832808
FCCD_k7_nc10_rf2_ra1,1e-9,6.544444444444444e-8,6.973557664317039,45840419.51939217,226773959.917246
FCCD_k8_nc10_rf2_ra1,1e-9,6.52888888888889e-8,1.087901885338921,122532354.21465917,314225313.3126318
FCCD_k9_nc10_rf2_ra1,1e-9,6.516363636363636e-8,0.1672397438322435,230189771.9334759,400647331.6598896
FCCD_k10_nc10_rf2_ra1,1e-9,6.506060606060607e-8,0.027791984544972472,368886871.86128,512585654.63246703
RCCD_k3_nc10_rf2_ra1,1e-9,2.4097056274847718e-8,19.205272632389015,0.6008038174470277,0.5433093060578345
RCCD_k4_nc10_rf2_ra1,1e-9,4.386666666666667e-8,34.98758641862351,0.512499998803948,0.47079012043409585
RCCD_k5_nc10_rf2_ra1,1e-9,8.288421630928208e-8,66.37010456144182,0.4052860297217438,0.36712463960476005
RCCD_k6_nc10_rf2_ra1,1e-9,9.564285714285716e-8,76.84951738292868,0.45461647575930847,0.3214128284688172
RCCD_k7_nc10_rf2_ra1,1e-9,1.188442199718274e-7,17.36292781270005,25243129.664341096,124504241.4543265
RCCD_k8_nc10_rf2_ra1,1e-9,1.612888888888889e-7,3.2702877246611384,49600441.3323174,127554143.64951558
RCCD_k9_nc10_rf2_ra1,1e-9,2.3947806374478997e-7,0.654118708909761,62636217.58584657,110147085.15522362
RCCD_k10_nc10_rf2_ra1,1e-9,3.8445454545454557e-7,0.1547102959890395,62426104.544596,88338133.81605846
SCCD_k3_nc10_rf2_ra1,1e-9,2.4800000000000004e-8,19.813978812046162,0.5834595948905329,0.5065517853089373
SCCD_k4_nc10_rf2_ra1,1e-9,4.386666666666667e-8,34.98758641862351,0.512499998803948,0.4880370814512657
SCCD_k5_nc10_rf2_ra1,1e-9,7.923809523809526e-8,62.90259697273677,0.42652026872751286,0.4415628607928145
SCCD_k6_nc10_rf2_ra1,1e-9,8.278571428571429e-8,68.07250497918992,0.5016264603860349,0.4688672295675419
SCCD_k7_nc10_rf2_ra1,1e-9,8.644444444444445e-8,13.904640925462198,34704373.51510943,167403029.29608023
SCCD_k8_nc10_rf2_ra1,1e-9,9.01777777777778e-8,2.2477967074414176,88713658.56943129,252017748.02072972
SCCD_k9_nc10_rf2_ra1,1e-9,9.396363636363638e-8,0.3586530230278144,159636236.31876314,270701310.1150732
SCCD_k10_nc10_rf2_ra1,1e-9,9.77878787878788e-8,0.0619884943035838,245429199.5293554,341099681.6511096
FCCD_k3_nc1_rf3_ra1,1e-9,2.59e-8,13.843615916877786,1.635121440449114,3.0388778488228345
FCCD_k4_nc1_rf3_ra1,1e-9,4.966666666666667e-8,24.40020878882264,1.9422400354540672,5.589710656653065
FCCD_k5_nc1_rf3_ra1,1e-9,9.747619047619048e-8,44.102271909311924,2.320915730905697,9.257917025227508
FCCD_k6_nc1_rf3_ra1,1e-9,9.732142857142858e-8,47.38208171329447,2.845217021635195,13.040507010982552
FCCD_k7_nc1_rf3_ra1,1e-9,9.719444444444445e-8,9.483985718054956,30865962.762699477,153568248.6364728
FCCD_k8_nc1_rf3_ra1,1e-9,9.708888888888889e-8,1.4959113052297373,82398729.79809281,227185365.84951293
FCCD_k9_nc1_rf3_ra1,1e-9,9.700000000000001e-8,0.23190469503265235,154639173.50393057,263766692.38362032
FCCD_k10_nc1_rf3_ra1,1e-9,9.692424242424243e-8,0.038797471558534836,247616099.23670837,326684174.6868302
RCCD_k3_nc1_rf3_ra1,1e-9,3.119705627484772e-8,19.57334076309,1.6820598413881742,0.979693150585581
RCCD_k4_nc1_rf3_ra1,1e-9,5.926666666666667e-8,39.4814567380923,1.5446427640016565,0.9751406790284288
RCCD_k5_nc1_rf3_ra1,1e-9,1.1445564488071065e-7,80.28977357740688,1.2518017074427459,0.8550738843659871
RCCD_k6_nc1_rf3_ra1,1e-9,1.273214285714286e-7,97.83093995355773,0.8011936722072297,0.4413059506949529
RCCD_k7_nc1_rf3_ra1,1e-9,1.505942199718274e-7,22.587736208528824,19921084.028710354,84890727.59920622
RCCD_k8_nc1_rf3_ra1,1e-9,1.930888888888889e-7,4.226657966940788,41431693.01894441,108303653.53516787
RCCD_k9_nc1_rf3_ra1,1e-9,2.7131442738115363e-7,0.8231441917217539,55286405.071398795,94567106.68236236
RCCD_k10_nc1_rf3_ra1,1e-9,4.16318181818182e-7,0.18763442313133735,57648214.241407014,76058993.43210948
SCCD_k3_nc1_rf3_ra1,1e-9,3.19e-8,20.122340944148657,1.6805554981348192,0.9915245043475331
SCCD_k4_nc1_rf3_ra1,1e-9,5.926666666666667e-8,39.4814567380923,1.5446427640016565,0.980516933211338
SCCD_k5_nc1_rf3_ra1,1e-9,1.1080952380952381e-7,75.76962265733138,1.4332231104436728,0.9309739664153829
SCCD_k6_nc1_rf3_ra1,1e-9,1.1446428571428572e-7,85.06376331078465,1.449459720329895,0.9116992896196056
SCCD_k7_nc1_rf3_ra1,1e-9,1.1819444444444445e-7,17.698100309383822,25381903.921599995,109885588.64082594
SCCD_k8_nc1_rf3_ra1,1e-9,1.2197777777777778e-7,2.886318809328389,65585722.07875647,154854360.1657381
SCCD_k9_nc1_rf3_ra1,1e-9,1.258e-7,0.46164093168766035,119236879.4364412,200121833.52239692
SCCD_k10_nc1_rf3_ra1,1e-9,1.296515151515152e-7,0.07963325867170429,185111603.13652447,248615392.6507668
FCCD_k3_nc3_rf3_ra1,1e-9,2.6100000000000002e-8,14.469762799197888,1.498838706745688,3.1072823609445708
FCCD_k4_nc3_rf3_ra1,1e-9,4.98e-8,24.913747054793976,1.8799653828383789,5.808365338952403
FCCD_k5_nc3_rf3_ra1,1e-9,9.757142857142858e-8,44.60917985991872,2.2859970684369437,9.492147973461433
FCCD_k6_nc3_rf3_ra1,1e-9,9.739285714285715e-8,47.7127092673757,2.8229227904125977,13.11042938482393
FCCD_k7_nc3_rf3_ra1,1e-9,9.725e-8,9.527626242084681,30848331.784361456,165220663.5575614
FCCD_k8_nc3_rf3_ra1,1e-9,9.713333333333334e-8,1.5007245477141962,82361021.29553463,212268621.28893563
FCCD_k9_nc3_rf3_ra1,1e-9,9.703636363636364e-8,0.2324505899681587,154581240.93226475,271896705.7484968
FCCD_k10_nc3_rf3_ra1,1e-9,9.695454545454546e-8,0.038866728765404396,247538668.8805954,336104456.3444201
RCCD_k3_nc3_rf3_ra1,1e-9,3.139705627484772e-8,21.823133636767455,0.807050335680138,0.5015151275261086
RCCD_k4_nc3_rf3_ra1,1e-9,5.94e-8,42.4816376796238,0.7113095130471677,0.4576548200406783
RCCD_k5_nc3_rf3_ra1,1e-9,1.1455088297594875e-7,84.23119160535813,0.5940525985217672,0.3423524615163631
RCCD_k6_nc3_rf3_ra1,1e-9,1.2739285714285715e-7,100.20430789834256,0.5318700292620836,0.28321381772727244
RCCD_k7_nc3_rf3_ra1,1e-9,1.5064977552738296e-7,22.80611655569779,19913737.370228652,90583195.3081239
RCCD_k8_nc3_rf3_ra1,1e-9,1.9313333333333333e-7,4.243097098368172,41422162.930154204,104047469.93005957
RCCD_k9_nc3_rf3_ra1,1e-9,2.713507910175173e-7,0.8246098411689697,55278999.95512135,92973739.05148445
RCCD_k10_nc3_rf3_ra1,1e-9,4.16348484848485e-7,0.18781238200177336,57644020.07920756,77850499.6421072
SCCD_k3_nc3_rf3_ra1,1e-9,3.21e-8,22.459010980247427,0.7916666597703687,0.45816084747565117
SCCD_k4_nc3_rf3_ra1,1e-9,5.94e-8,42.4816376796238,0.7113095130471677,0.44045290211227595
SCCD_k5_nc3_rf3_ra1,1e-9,1.109047619047619e-7,79.83901721490602,0.6332232523200522,0.4238253875110428
SCCD_k6_nc3_rf3_ra1,1e-9,1.145357142857143e-7,88.46767949369853,0.6716820810679519,0.41513965608712144
SCCD_k7_nc3_rf3_ra1,1e-9,1.1825e-7,18.24723330540375,25369979.518690735,120477578.930592
SCCD_k8_nc3_rf3_ra1,1e-9,1.2202222222222223e-7,2.957843042233877,65561829.064530455,177987194.50951236
SCCD_k9_nc3_rf3_ra1,1e-9,1.2583636363636366e-7,0.47099192587270333,119202432.42816071,206407260.60885957
SCCD_k10_nc3_rf3_ra1,1e-9,1.2968181818181823e-7,0.08097677934116472,185068352.18876204,270003292.3548751
FCCD_k3_nc5_rf3_ra1,1e-9,2.6300000000000004e-8,14.91883838310635,1.434334779021139,3.144328435749532
FCCD_k4_nc5_rf3_ra1,1e-9,4.993333333333333e-8,25.311688664241494,1.844040310393216,5.875549584001398
FCCD_k5_nc5_rf3_ra1,1e-9,9.766666666666668e-8,45.021907994757946,2.2633591758262885,8.794480911176304
FCCD_k6_nc5_rf3_ra1,1e-9,9.746428571428571e-8,47.99110655690602,2.8073313240715723,12.359638202137287
FCCD_k7_nc5_rf3_ra1,1e-9,9.730555555555557e-8,9.565346522044448,30830716.43791665,165692815.64746097
FCCD_k8_nc5_rf3_ra1,1e-9,9.717777777777778e-8,1.5049704104963433,82323353.8141159,210452087.09283337
FCCD_k9_nc5_rf3_ra1,1e-9,9.707272727272729e-8,0.2329400395972422,154523321.214024,262469749.28443462
FCCD_k10_nc5_rf3_ra1,1e-9,9.698484848484848e-8,0.03892964589165764,247461354.16748363,340099157.29566014
RCCD_k3_nc5_rf3_ra1,1e-9,3.159705627484772e-8,22.961983763512453,0.6298076645925563,0.4972306140628827
RCCD_k4_nc5_rf3_ra1,1e-9,5.953333333333334e-8,43.95326757405334,0.5446428529888758,0.4499843084043018
RCCD_k5_nc5_rf3_ra1,1e-9,1.1464612107118687e-7,86.22508776730028,0.44695058478079025,0.3450391046622274
RCCD_k6_nc5_rf3_ra1,1e-9,1.2746428571428574e-7,101.63892095734262,0.43941564011420975,0.2784202361836112
RCCD_k7_nc5_rf3_ra1,1e-9,1.507053310829385e-7,22.969685945709585,19906396.158692993,86900684.05181958
RCCD_k8_nc5_rf3_ra1,1e-9,1.9317777777777778e-7,4.257185432968769,41412631.38992606,109646512.77227171
RCCD_k9_nc5_rf3_ra1,1e-9,2.713871546538809e-7,0.8259521693197964,55271591.32404593,95053778.37267406
RCCD_k10_nc5_rf3_ra1,1e-9,4.16378787878788e-7,0.18798057756518227,57639823.884002835,80840462.60419095
SCCD_k3_nc5_rf3_ra1,1e-9,3.23e-8,23.63608277242736,0.6138888860648817,0.46327262868551977
SCCD_k4_nc5_rf3_ra1,1e-9,5.953333333333334e-8,43.95326757405334,0.5446428529888758,0.4237202348525738
SCCD_k5_nc5_rf3_ra1,1e-9,1.11e-7,81.80491696143635,0.47322326368206435,0.42902098499999475
SCCD_k6_nc5_rf3_ra1,1e-9,1.1460714285714287e-7,90.09647615680969,0.5161265366020622,0.43036229864598935
SCCD_k7_nc5_rf3_ra1,1e-9,1.1830555555555557e-7,18.50872434706221,25358066.922768205,121932972.34673987
SCCD_k8_nc5_rf3_ra1,1e-9,1.2206666666666666e-7,2.9918045107279743,65537958.184257045,174556017.8507704
SCCD_k9_nc5_rf3_ra1,1e-9,1.258727272727273e-7,0.4754242236253047,119167987.74628037,217837484.61547422
SCCD_k10_nc5_rf3_ra1,1e-9,1.2971212121212125e-7,0.08161288752796367,185025115.57194158,248518729.84317896
FCCD_k3_nc7_rf3_ra1,1e-9,2.6500000000000002e-8,15.271693965995606,1.396722629474951,3.13472045881444
FCCD_k4_nc7_rf3_ra1,1e-9,5.006666666666667e-8,25.637603984571435,1.82066152777142,5.602069565150469
FCCD_k5_nc7_rf3_ra1,1e-9,9.776190476190477e-8,45.3705408680078,2.247492281724324,9.183731804667932
FCCD_k6_nc7_rf3_ra1,1e-9,9.75357142857143e-8,48.23173979719561,2.795814859958183,12.33126549913167
FCCD_k7_nc7_rf3_ra1,1e-9,9.736111111111112e-8,9.598592019218625,30813125.697899275,161212567.54686353
FCCD_k8_nc7_rf3_ra1,1e-9,9.722222222222224e-8,1.508772729534112,82285714.2579174,213448822.69473663
FCCD_k9_nc7_rf3_ra1,1e-9,9.710909090909092e-8,0.23338415982211064,154465444.88442785,266600094.24457383
FCCD_k10_nc7_rf3_ra1,1e-9,9.701515151515152e-8,0.03898736705042531,247384057.68970945,329654870.8102799
RCCD_k3_nc7_rf3_ra1,1e-9,3.179705627484772e-8,23.745562985992017,0.5536147301579855,0.4960204902027817
RCCD_k4_nc7_rf3_ra1,1e-9,5.966666666666667e-8,44.950345673326396,0.4732142833851419,0.4594323632882065
RCCD_k5_nc7_rf3_ra1,1e-9,1.1474135916642495e-7,87.58238018271503,0.38211717855555416,0.33629595362622
RCCD_k6_nc7_rf3_ra1,1e-9,1.275357142857143e-7,102.67486962836924,0.3926690380315651,0.2761253911168326
RCCD_k7_nc7_rf3_ra1,1e-9,1.507608866384941e-7,23.10076517937443,19899061.309198517,87107977.07617542
RCCD_k8_nc7_rf3_ra1,1e-9,1.9322222222222224e-7,4.269522764898982,41403105.887468636,99537954.87149139
RCCD_k9_nc7_rf3_ra1,1e-9,2.7142351829024456e-7,0.8271908365385409,55264188.58533231,92225023.44781214
RCCD_k10_nc7_rf3_ra1,1e-9,4.16409090909091e-7,0.18814005715003446,57635629.8734072,77647890.74704252
SCCD_k3_nc7_rf3_ra1,1e-9,3.25e-8,24.444902289563643,0.5376984110026494,0.4549966047837993
SCCD_k4_nc7_rf3_ra1,1e-9,5.966666666666667e-8,44.950345673326396,0.4732142833851419,0.4392512949989044
SCCD_k5_nc7_rf3_ra1,1e-9,1.1109523809523811e-7,83.12619197754913,0.40465183824387413,0.42425337681462116
SCCD_k6_nc7_rf3_ra1,1e-9,1.1467857142857144e-7,91.1856847057462,0.4494598729927434,0.43790351163794605
SCCD_k7_nc7_rf3_ra1,1e-9,1.1836111111111112e-7,18.683257238010935,25346162.552467305,122492253.87891874
SCCD_k8_nc7_rf3_ra1,1e-9,1.2211111111111111e-7,3.01445366677581,65514100.63596837,159784099.8684037
SCCD_k9_nc7_rf3_ra1,1e-9,1.2590909090909092e-7,0.47837931617759033,119133569.10013193,208018557.5323805
SCCD_k10_nc7_rf3_ra1,1e-9,1.297424242424243e-7,0.08203698288084897,184981918.06252688,247136105.47374457
FCCD_k3_nc10_rf3_ra1,1e-9,2.6800000000000002e-8,15.692891384208371,1.362702197949162,3.1312538109587393
FCCD_k4_nc10_rf3_ra1,1e-9,5.026666666666667e-8,26.038324305711964,1.7977246407222989,5.752911565369479
FCCD_k5_nc10_rf3_ra1,1e-9,9.79047619047619e-8,45.809918305493106,2.2309599108479956,8.674657633281255
FCCD_k6_nc10_rf3_ra1,1e-9,9.764285714285714e-8,48.5410661852883,2.7832588661731505,13.061625714782755
FCCD_k7_nc10_rf3_ra1,1e-9,9.744444444444445e-8,9.642114610079174,30786774.951060012,134545051.45404026
FCCD_k8_nc10_rf3_ra1,1e-9,9.728888888888889e-8,1.513828451674301,82229331.42807809,224458476.70658708
FCCD_k9_nc10_rf3_ra1,1e-9,9.7163636363636365e-08,0.23398254172903518,154378738.16673476,270681991.02877176
FCCD_k10_nc10_rf3_ra1,1e-9,9.706060606060607e-8,0.03906602189134999,247268189.4815321,337085977.5998658
RCCD_k3_nc10_rf3_ra1,1e-9,3.2097056274847717e-8,24.606103087687018,0.4963784207520838,0.5054633747294425
RCCD_k4_nc10_rf3_ra1,1e-9,5.986666666666667e-8,46.031998786660765,0.4196428557852303,0.432031411468454
RCCD_k5_nc10_rf3_ra1,1e-9,1.1488421630928209e-7,89.05545152484713,0.33276277169213475,0.3396510975346795
RCCD_k6_nc10_rf3_ra1,1e-9,1.2764285714285717e-7,103.83791027782904,0.3541605662259394,0.2783547876698197
RCCD_k7_nc10_rf3_ra1,1e-9,1.508442199718274e-7,23.259018173647284,19888068.239984658,97636245.79293773
RCCD_k8_nc10_rf3_ra1,1e-9,1.932888888888889e-7,4.285576528009049,41388826.42115997,101687190.09924501
RCCD_k9_nc10_rf3_ra1,1e-9,2.7147806374479004e-7,0.8288871268502613,55253085.73698698,97713910.10422574
RCCD_k10_nc10_rf3_ra1,1e-9,4.164545454545456e-7,0.18836485014798035,57629339.37111643,84291420.45435247
SCCD_k3_nc10_rf3_ra1,1e-9,3.2799999999999996e-8,25.3325262634977,0.480555554461463,0.4546614260668291
SCCD_k4_nc10_rf3_ra1,1e-9,5.986666666666667e-8,46.031998786660765,0.4196428557852303,0.43626719920548174
SCCD_k5_nc10_rf3_ra1,1e-9,1.1123809523809525e-7,84.5501085604459,0.35322326848144864,0.4295982365679367
SCCD_k6_nc10_rf3_ra1,1e-9,1.147857142857143e-7,92.35467328871547,0.39945987461808713,0.44822077734958393
SCCD_k7_nc10_rf3_ra1,1e-9,1.1844444444444446e-7,18.87039091763516,25328330.026833627,110424531.86737716
SCCD_k8_nc10_rf3_ra1,1e-9,1.221777777777778e-7,3.038736319812299,65478354.5276957,160582067.68906265
SCCD_k9_nc10_rf3_ra1,1e-9,1.2596363636363638e-7,0.4815485675481025,119081979.11254051,210165821.9470207
SCCD_k10_nc10_rf3_ra1,1e-9,1.2978787878787882e-7,0.08249203276817368,184917123.94524738,255708959.90299296
FCCD_k3_nc1_rf1_ra2,1e-9,1.17e-8,8.598166063366579,1.4391025608435501,1.7855495949469973
FCCD_k4_nc1_rf1_ra2,1e-9,1.9266666666666667e-8,13.68549096117317,1.4818322934658608,3.196629697986774
FCCD_k5_nc1_rf1_ra2,1e-9,3.490476190476191e-8,22.974172420841622,1.5494901452055931,4.659898255369
FCCD_k6_nc1_rf1_ra2,1e-9,3.4607142857142854e-8,23.62873333094189,1.9599160660849317,6.9183698298014935
FCCD_k7_nc1_rf1_ra2,1e-9,3.436111111111111e-8,4.581112595243517,87308018.54360913,394871566.7495986
FCCD_k8_nc1_rf1_ra2,1e-9,3.415555555555556e-8,0.7037517893090836,234222496.4542059,621201179.0283151
FCCD_k9_nc1_rf1_ra2,1e-9,3.3981818181818184e-8,0.10667333117983692,441412498.65447026,747692788.7124118
FCCD_k10_nc1_rf1_ra2,1e-9,3.383333333333334e-8,0.017501286312640137,709359628.1315947,951394296.3416193
RCCD_k3_nc1_rf1_ra2,1e-9,2.229411254969543e-8,13.591267523332837,1.9450834033564712,0.973553922810846
RCCD_k4_nc1_rf1_ra2,1e-9,3.8466666666666674e-8,24.25146517640265,1.8046874386632283,0.9801161050726634
RCCD_k5_nc1_rf1_ra2,1e-9,6.886367071380227e-8,44.92856707855552,1.4287919169696155,0.8070333128743804
RCCD_k6_nc1_rf1_ra2,1e-9,9.46071428571429e-8,53.69346743072384,1.1080728891524432,0.577369230427785
RCCD_k7_nc1_rf1_ra2,1e-9,1.41160662165877e-7,13.258572095795543,21252380.64122312,100448961.80149429
RCCD_k8_nc1_rf1_ra2,1e-9,2.2615555555555557e-7,2.8008825287964934,35373882.508509256,89354618.97064759
RCCD_k9_nc1_rf1_ra2,1e-9,3.826106729441255e-7,0.6379922248592255,39204343.1828711,65300936.9790961
RCCD_k10_nc1_rf1_ra2,1e-9,6.726212121212124e-7,0.1721424768239645,35681301.482334495,48636938.83407367
SCCD_k3_nc1_rf1_ra2,1e-9,2.37e-8,14.13551455041177,1.9305555118270448,0.9878834617418176
SCCD_k4_nc1_rf1_ra2,1e-9,3.8466666666666674e-8,24.25146517640265,1.8046874386632283,0.9811850822298526
SCCD_k5_nc1_rf1_ra2,1e-9,6.157142857142859e-8,41.80819552905869,1.652499910501729,0.946746694148102
SCCD_k6_nc1_rf1_ra2,1e-9,6.889285714285714e-8,45.35136298749745,1.7802578415105554,0.9646093899566938
SCCD_k7_nc1_rf1_ra2,1e-9,7.636111111111113e-8,9.665608294564239,39287014.25487838,175189650.46537784
SCCD_k8_nc1_rf1_ra2,1e-9,8.393333333333336e-8,1.6506239455987564,95313737.0384845,254902822.71864462
SCCD_k9_nc1_rf1_ra2,1e-9,9.158181818181818e-8,0.28023112129084243,163787974.28111193,288829527.3070698
SCCD_k10_nc1_rf1_ra2,1e-9,9.928787878787882e-8,0.05172174068287887,241721344.64670095,324245540.52873415
FCCD_k3_nc3_rf1_ra2,1e-9,1.19e-8,8.865984240111118,1.3655660348662075,1.7909838133537568
FCCD_k4_nc3_rf1_ra2,1e-9,1.94e-8,13.861417074982871,1.4570512774765496,3.0456294842205254
FCCD_k5_nc3_rf1_ra2,1e-9,3.5e-8,23.125936721562603,1.5376093518703764,4.674054341070006
FCCD_k6_nc3_rf1_ra2,1e-9,3.4678571428571435e-8,23.721099129556894,1.952734500851168,6.834110644419021
FCCD_k7_nc3_rf1_ra2,1e-9,3.441666666666667e-8,4.5932118851086985,87167076.47130986,383811252.2585397
FCCD_k8_nc3_rf1_ra2,1e-9,3.42e-8,0.7051136932685241,233918147.1517481,585703729.0584984
FCCD_k9_nc3_rf1_ra2,1e-9,3.4018181818181816e-8,0.10683367393065067,440940739.74081045,756153419.6302092
FCCD_k10_nc3_rf1_ra2,1e-9,3.386363636363637e-8,0.01752259986508771,708724821.7873806,991775391.6653655
RCCD_k3_nc3_rf1_ra2,1e-9,2.2494112549695427e-8,15.152715024356704,1.0604462069020908,0.5792831900251723
RCCD_k4_nc3_rf1_ra2,1e-9,3.86e-8,26.09432485865805,0.9713541588289202,0.5236851156266322
RCCD_k5_nc3_rf1_ra2,1e-9,6.895890880904037e-8,47.086453380399746,0.8084189043088521,0.411390831443315
RCCD_k6_nc3_rf1_ra2,1e-9,9.467857142857146e-8,54.972652300589374,0.8551993449525018,0.5603403998520782
RCCD_k7_nc3_rf1_ra2,1e-9,1.4121621772143258e-7,13.40220036330976,21244019.173422035,108984607.31659737
RCCD_k8_nc3_rf1_ra2,1e-9,2.262e-7,2.815910641232782,35366932.11312211,89599562.34532766
RCCD_k9_nc3_rf1_ra2,1e-9,3.826470365804891e-7,0.6399213838054646,39200617.80224124,68398658.33838032
RCCD_k10_nc3_rf1_ra2,1e-9,6.726515151515154e-7,0.17247147163399953,35679694.19813568,47260929.88244482
SCCD_k3_nc3_rf1_ra2,1e-9,2.39e-8,15.776975333699882,1.0416666605140776,0.5708769428877534
SCCD_k4_nc3_rf1_ra2,1e-9,3.86e-8,26.09432485865805,0.9713541588289202,0.5267727441814714
SCCD_k5_nc3_rf1_ra2,1e-9,6.166666666666668e-8,44.05360792053631,0.8524999893598877,0.4211426413846543
SCCD_k6_nc3_rf1_ra2,1e-9,6.896428571428571e-8,47.166145657158644,1.0024801471181624,0.5806843191515743
SCCD_k7_nc3_rf1_ra2,1e-9,7.641666666666669e-8,9.965724574499419,39258450.59217909,198873684.0247333
SCCD_k8_nc3_rf1_ra2,1e-9,8.397777777777781e-8,1.6915767504647496,95263292.39457215,234932288.7496475
SCCD_k9_nc3_rf1_ra2,1e-9,9.161818181818183e-8,0.28591590735967914,163722961.94482374,286779179.4180082
SCCD_k10_nc3_rf1_ra2,1e-9,9.931818181818185e-8,0.052595722163705574,241647609.6830306,332243991.7219265
FCCD_k3_nc5_rf1_ra2,1e-9,1.21e-8,9.076258328403824,1.3227611913151538,1.824501702827846
FCCD_k4_nc5_rf1_ra2,1e-9,1.9533333333333336e-8,14.010738345124679,1.4396288164310385,2.9880165800851537
FCCD_k5_nc5_rf1_ra2,1e-9,3.5095238095238096e-8,23.260070146968243,1.5284460621587568,4.297034381720323
FCCD_k6_nc5_rf1_ra2,1e-9,3.4750000000000003e-8,23.804670623889585,1.94689990861116,6.653317751005368
FCCD_k7_nc5_rf1_ra2,1e-9,3.447222222222222e-8,4.604388827996038,87026593.19879004,419769441.82351875
FCCD_k8_nc5_rf1_ra2,1e-9,3.424444444444445e-8,0.706392448197528,233614554.4426265,573353117.1820447
FCCD_k9_nc5_rf1_ra2,1e-9,3.4054545454545454e-8,0.10698614807946534,440469854.87419504,745272189.2581497
FCCD_k10_nc5_rf1_ra2,1e-9,3.3893939393939396e-8,0.01754306519104755,708091117.3597931,980085776.1330637
RCCD_k3_nc5_rf1_ra2,1e-9,2.269411254969543e-8,15.943305210156755,0.8811458288022694,0.5765133800169067
RCCD_k4_nc5_rf1_ra2,1e-9,3.8733333333333336e-8,26.998272797159867,0.8046874964590583,0.5251888679910576
RCCD_k5_nc5_rf1_ra2,1e-9,6.905414690427846e-8,48.190024103253805,0.6660133904985127,0.4171909999846978
RCCD_k6_nc5_rf1_ra2,1e-9,9.475000000000004e-8,55.75147350541357,0.7669876406424431,0.5638596610089004
RCCD_k7_nc5_rf1_ra2,1e-9,1.4127177327698813e-7,13.50660170859985,21235664.58894472,99172532.19687498
RCCD_k8_nc5_rf1_ra2,1e-9,2.2624444444444445e-7,2.828106425735542,35359984.458997704,92801097.53772047
RCCD_k9_nc5_rf1_ra2,1e-9,3.8268340021685275e-7,0.6415843898721346,39196892.64195993,65962001.77214251
RCCD_k10_nc5_rf1_ra2,1e-9,6.726818181818184e-7,0.17276473335450948,35678086.71022781,47962113.43055428
SCCD_k3_nc5_rf1_ra2,1e-9,2.4100000000000004e-8,16.60384311980923,0.8638888857672323,0.565796229436782
SCCD_k4_nc5_rf1_ra2,1e-9,3.8733333333333336e-8,26.998272797159867,0.8046874964590583,0.5220212788677928
SCCD_k5_nc5_rf1_ra2,1e-9,6.176190476190478e-8,45.138352961512375,0.6924999956805437,0.4223113869781006
SCCD_k6_nc5_rf1_ra2,1e-9,6.903571428571429e-8,48.034531288807564,0.8469245982416876,0.5821312178691018
SCCD_k7_nc5_rf1_ra2,1e-9,7.647222222222224e-8,10.108754368504625,39229933.59741306,174269697.03732485
SCCD_k8_nc5_rf1_ra2,1e-9,8.402222222222225e-8,1.711049328964689,95212901.71632499,240153279.1645376
SCCD_k9_nc5_rf1_ra2,1e-9,9.165454545454546e-8,0.2886150263628189,163657998.93547922,282551541.8362072
SCCD_k10_nc5_rf1_ra2,1e-9,9.934848484848487e-8,0.05301026187337511,241573894.8276082,331397709.39209795
FCCD_k3_nc7_rf1_ra2,1e-9,1.2300000000000001e-8,9.250130715557502,1.2947530837709285,1.828758230292355
FCCD_k4_nc7_rf1_ra2,1e-9,1.966666666666667e-8,14.14063916633675,1.4267110221048,3.063412884556693
FCCD_k5_nc7_rf1_ra2,1e-9,3.519047619047619e-8,23.380318914561883,1.5211635978605416,4.730518749400019
FCCD_k6_nc7_rf1_ra2,1e-9,3.482142857142857e-8,23.881001268614618,1.9420658238710604,7.102379588824228
FCCD_k7_nc7_rf1_ra2,1e-9,3.452777777777778e-8,4.614782587965775,86886562.019423455,476795122.8152564
FCCD_k8_nc7_rf1_ra2,1e-9,3.4288888888888896e-8,0.707598972595361,233311748.75332817,587752074.7726057
FCCD_k9_nc7_rf1_ra2,1e-9,3.409090909090909e-8,0.10713166089392485,439999995.29408735,753505579.5899609
FCCD_k10_nc7_rf1_ra2,1e-9,3.3924242424242425e-8,0.017562769494600956,707458672.9730033,978172626.0677096
RCCD_k3_nc7_rf1_ra2,1e-9,2.289411254969543e-8,16.48729992994599,0.8040571901758466,0.5810484628939607
RCCD_k4_nc7_rf1_ra2,1e-9,3.886666666666667e-8,27.61072752767336,0.7332589262167694,0.5223721962243654
RCCD_k5_nc7_rf1_ra2,1e-9,6.914938499951656e-8,48.94363487825871,0.6028127078607052,0.40889126862869335
RCCD_k6_nc7_rf1_ra2,1e-9,9.48214285714286e-8,56.315508161151335,0.7221080010422931,0.5621489345046125
RCCD_k7_nc7_rf1_ra2,1e-9,1.4132732883254369e-7,13.588855390835741,21227317.656615775,101395832.16912869
RCCD_k8_nc7_rf1_ra2,1e-9,2.262888888888889e-7,2.83838245033003,35353039.53980658,95636721.40474182
RCCD_k9_nc7_rf1_ra2,1e-9,3.8271976385321636e-7,0.6430468290290606,39193168.59218925,69154537.63337573
RCCD_k10_nc7_rf1_ra2,1e-9,6.727121212121215e-7,0.1730293687673853,35676479.8389892,48805668.07681112
SCCD_k3_nc7_rf1_ra2,1e-9,2.4300000000000003e-8,17.172021549858734,0.7876984104126462,0.5654136346614328
SCCD_k4_nc7_rf1_ra2,1e-9,3.886666666666667e-8,27.61072752767336,0.7332589262167694,0.5196370420395446
SCCD_k5_nc7_rf1_ra2,1e-9,6.185714285714288e-8,45.867406676848795,0.623928568853021,0.4189386710064217
SCCD_k6_nc7_rf1_ra2,1e-9,6.910714285714286e-8,48.61523793611096,0.7802579334166917,0.5865029650849791
SCCD_k7_nc7_rf1_ra2,1e-9,7.65277777777778e-8,10.204295819190307,39201452.628552325,164472155.58918074
SCCD_k8_nc7_rf1_ra2,1e-9,8.406666666666669e-8,1.7240531448673024,95162564.40481713,264851069.24200615
SCCD_k9_nc7_rf1_ra2,1e-9,9.169090909090909e-8,0.29041750632822044,163593097.36791292,286976331.40242803
SCCD_k10_nc7_rf1_ra2,1e-9,9.937878787878791e-8,0.05328711107343152,241500229.17053333,333774132.0556667
FCCD_k3_nc10_rf1_ra2,1e-9,1.26e-8,9.46584492184933,1.2671568601241099,1.835123660990186
FCCD_k4_nc10_rf1_ra2,1e-9,1.986666666666667e-8,14.308715003079607,1.4125796133243567,3.072877332885667
FCCD_k5_nc10_rf1_ra2,1e-9,3.533333333333334e-8,23.540277621643487,1.512668705924871,4.890995423840939
FCCD_k6_nc10_rf1_ra2,1e-9,3.4928571428571434e-8,23.98441248239124,1.9361918488000718,6.681967383995591
FCCD_k7_nc10_rf1_ra2,1e-9,3.461111111111112e-8,4.6291386774052,86677367.05955414,440238645.5879439
FCCD_k8_nc10_rf1_ra2,1e-9,3.4355555555555557e-8,0.7092923860878415,232858974.08323696,574352759.4289998
FCCD_k9_nc10_rf1_ra2,1e-9,3.414545454545455e-8,0.10733852217328374,439297061.892004,750873062.7647659
FCCD_k10_nc10_rf1_ra2,1e-9,3.396969696969697e-8,0.01759106434889767,706511987.3905151,918011243.239361
RCCD_k3_nc10_rf1_ra2,1e-9,2.3194112549695427e-8,17.084744542828744,0.746143619588036,0.5760731213078997
RCCD_k4_nc10_rf1_ra2,1e-9,3.906666666666667e-8,28.27513241807401,0.679687498275096,0.52935703726011
RCCD_k5_nc10_rf1_ra2,1e-9,6.92922421423737e-8,49.76298361553247,0.5545203504709838,0.41073086536569337
RCCD_k6_nc10_rf1_ra2,1e-9,9.492857142857147e-8,56.94990424804685,0.6849959910845147,0.5608460462655913
RCCD_k7_nc10_rf1_ra2,1e-9,1.4141066216587702e-7,13.686893750260886,21214808.50253269,109399306.32471111
RCCD_k8_nc10_rf1_ra2,1e-9,2.2635555555555556e-7,2.851303263201413,35342627.83555626,84531863.33231175
RCCD_k9_nc10_rf1_ra2,1e-9,3.827743093077618e-7,0.644956832090699,39187583.41061445,63560985.7065577
RCCD_k10_nc10_rf1_ra2,1e-9,6.72757575757576e-7,0.17338360399129948,35674069.34078143,48439379.4359793
SCCD_k3_nc10_rf1_ra2,1e-9,2.4600000000000002e-8,17.795558426859067,0.7305555537084676,0.5703370147578091
SCCD_k4_nc10_rf1_ra2,1e-9,3.906666666666667e-8,28.27513241807401,0.679687498275096,0.5229415377386492
SCCD_k5_nc10_rf1_ra2,1e-9,6.200000000000001e-8,46.65309599932721,0.5724999983518306,0.42240366990994793
SCCD_k6_nc10_rf1_ra2,1e-9,6.921428571428571e-8,49.238478948777576,0.7302579343953776,0.5727767517541499
SCCD_k7_nc10_rf1_ra2,1e-9,7.661111111111114e-8,10.306833495042332,39158811.85694613,207219703.2771663
SCCD_k8_nc10_rf1_ra2,1e-9,8.413333333333336e-8,1.7380173790408975,95087162.21824385,242555662.4044208
SCCD_k9_nc10_rf1_ra2,1e-9,9.174545454545455e-8,0.2923543972438407,163495836.775386,288607576.8526322
SCCD_k10_nc10_rf1_ra2,1e-9,9.942424242424246e-8,0.053584772035075175,241389827.06173846,330881489.1327192
FCCD_k3_nc1_rf2_ra2,1e-9,1.97e-8,13.207239832921182,1.1004870089113308,1.6621353143648394
FCCD_k4_nc1_rf2_ra2,1e-9,3.5266666666666665e-8,22.11686969643582,1.1895768356244871,2.999118981010068
FCCD_k5_nc1_rf2_ra2,1e-9,6.69047619047619e-8,38.42969873081693,1.3223133309118131,4.865087723805114
FCCD_k6_nc1_rf2_ra2,1e-9,6.660714285714286e-8,40.237920940104146,1.6428813392513788,6.788166137339157
FCCD_k7_nc1_rf2_ra2,1e-9,6.636111111111112e-8,7.895329575136015,45207202.05373744,222818069.20300215
FCCD_k8_nc1_rf2_ra2,1e-9,6.615555555555556e-8,1.224733078135638,120927131.32166977,298771180.9369772
FCCD_k9_nc1_rf2_ra2,1e-9,6.598181818181819e-8,0.18717908421487114,227335340.9102572,392508879.8981094
FCCD_k10_nc1_rf2_ra2,1e-9,6.583333333333333e-8,0.03093065906061219,364556999.6985645,490406977.0895985
RCCD_k3_nc1_rf2_ra2,1e-9,3.0294112549695434e-8,19.25307445223051,1.690986546985266,0.9729360524131953
RCCD_k4_nc1_rf2_ra2,1e-9,5.446666666666667e-8,36.630855970921395,1.5729165809655865,0.9898682104087023
RCCD_k5_nc1_rf2_ra2,1e-9,1.0086367071380226e-7,71.38622870030098,1.1996404540120242,0.7516815216592597
RCCD_k6_nc1_rf2_ra2,1e-9,1.266071428571429e-7,86.58703417516976,0.7545071868348767,0.3654962108004783
RCCD_k7_nc1_rf2_ra2,1e-9,1.7316066216587702e-7,20.74920965850821,17324952.048321676,82459247.91457722
RCCD_k8_nc1_rf2_ra2,1e-9,2.5815555555555557e-7,4.165510386784766,30989068.525159657,77067745.10919242
RCCD_k9_nc1_rf2_ra2,1e-9,4.1461067294412546e-7,0.8931352149658229,36178519.43986125,61210839.31481758
RCCD_k10_nc1_rf2_ra2,1e-9,7.046212121212124e-7,0.22665345361472736,34060853.62910284,45112550.59012929
SCCD_k3_nc1_rf2_ra2,1e-9,3.17e-8,19.910026372773157,1.695436450783167,0.9942003754252398
SCCD_k4_nc1_rf2_ra2,1e-9,5.446666666666667e-8,36.630855970921395,1.5729165809655865,0.9620114520940298
SCCD_k5_nc1_rf2_ra2,1e-9,9.357142857142858e-8,66.69855932138645,1.458154626740083,0.9411172935574638
SCCD_k6_nc1_rf2_ra2,1e-9,1.0089285714285715e-7,73.60885711057334,1.5058395086022205,0.9282207861538813
SCCD_k7_nc1_rf2_ra2,1e-9,1.0836111111111114e-7,15.476171177471516,27685213.334771,136369344.79591045
SCCD_k8_nc1_rf2_ra2,1e-9,1.1593333333333335e-7,2.579853628170176,69005181.33422823,169134121.52916208
SCCD_k9_nc1_rf2_ra2,1e-9,1.235818181818182e-7,0.42501297148578665,121377090.61378095,210871039.97146913
SCCD_k10_nc1_rf2_ra2,1e-9,1.3128787878787882e-7,0.07589123404799242,182804398.78467283,259399104.6885259
FCCD_k3_nc3_rf2_ra2,1e-9,1.99e-8,13.597113233446214,1.038956307098626,1.6678702229763664
FCCD_k4_nc3_rf2_ra2,1e-9,3.54e-8,22.39429465004956,1.1668281579715079,2.9681014237719903
FCCD_k5_nc3_rf2_ra2,1e-9,6.7e-8,38.680870035229724,1.3108764740803462,4.647121776231593
FCCD_k6_nc3_rf2_ra2,1e-9,6.667857142857144e-8,40.39377577280402,1.6359365550903955,6.975872837272062
FCCD_k7_nc3_rf2_ra2,1e-9,6.641666666666668e-8,7.915509780082939,45169396.03109336,193178688.92421848
FCCD_k8_nc3_rf2_ra2,1e-9,6.620000000000001e-8,1.2269512179257775,120845931.935713,292445773.45156026
FCCD_k9_nc3_rf2_ra2,1e-9,6.601818181818182e-8,0.18743248174321933,227210137.11097902,398444271.24990153
FCCD_k10_nc3_rf2_ra2,1e-9,6.586363636363637e-8,0.030963266359033775,364389301.9559028,462856497.9996942
RCCD_k3_nc3_rf2_ra2,1e-9,3.0494112549695436e-8,21.45561185477232,0.8187326339366185,0.3349951115921948
RCCD_k4_nc3_rf2_ra2,1e-9,5.4600000000000006e-8,39.41442085051389,0.7395833233505863,0.33148646796764686
RCCD_k5_nc3_rf2_ra2,1e-9,1.0095890880904038e-7,74.71542912959745,0.6130542832999465,0.29234542212354886
RCCD_k6_nc3_rf2_ra2,1e-9,1.2667857142857146e-7,88.36948208434964,0.5647078721545894,0.3023699203782705
RCCD_k7_nc3_rf2_ra2,1e-9,1.7321621772143257e-7,20.91716485735043,17319394.4901788,93241553.34868105
RCCD_k8_nc3_rf2_ra2,1e-9,2.582e-7,4.180310422909073,30983733.45303525,75895388.0207022
RCCD_k9_nc3_rf2_ra2,1e-9,4.1464703658048906e-7,0.8947737887708951,36175347.0464528,62072824.07256212
RCCD_k10_nc3_rf2_ra2,1e-9,7.046515151515154e-7,0.22690111871682878,34059389.129360795,46421877.096408166
SCCD_k3_nc3_rf2_ra2,1e-9,3.19e-8,22.222041768020013,0.8065476121123494,0.33210255251795734
SCCD_k4_nc3_rf2_ra2,1e-9,5.4600000000000006e-8,39.41442085051389,0.7395833233505863,0.32976566250462763
SCCD_k5_nc3_rf2_ra2,1e-9,9.366666666666667e-8,70.28077008447288,0.658154746555311,0.3194908192482589
SCCD_k6_nc3_rf2_ra2,1e-9,1.0096428571428571e-7,76.55439317232621,0.7280618529236578,0.31252778466952513
SCCD_k7_nc3_rf2_ra2,1e-9,1.084166666666667e-7,15.956419477090916,27671023.67156416,121201787.8637984
SCCD_k8_nc3_rf2_ra2,1e-9,1.159777777777778e-7,2.6437924479379893,68978732.52218863,172268872.12143847
SCCD_k9_nc3_rf2_ra2,1e-9,1.2361818181818182e-7,0.4336226616549158,121341377.29300319,218307949.35185608
SCCD_k10_nc3_rf2_ra2,1e-9,1.3131818181818185e-7,0.07717154401401596,182762192.87712622,251296315.3896545
FCCD_k3_nc5_rf2_ra2,1e-9,2.01e-8,13.906632012134857,1.0022286788042285,1.648982957449993
FCCD_k4_nc5_rf2_ra2,1e-9,3.5533333333333334e-8,22.63062442582185,1.1507082340423902,2.883838648133637
FCCD_k5_nc5_rf2_ra2,1e-9,6.70952380952381e-8,38.9031346646832,1.3020327184305391,4.674417762053389
FCCD_k6_nc5_rf2_ra2,1e-9,6.675e-8,40.53491391376162,1.6302841336324614,7.052871065944218
FCCD_k7_nc5_rf2_ra2,1e-9,6.647222222222223e-8,7.934123771392066,45131638.71661268,245880368.1782757
FCCD_k8_nc5_rf2_ra2,1e-9,6.624444444444444e-8,1.2290263733889142,120764855.55629669,309269870.2321845
FCCD_k9_nc5_rf2_ra2,1e-9,6.605454545454546e-8,0.18767219349720032,227085098.0168826,397305961.1465896
FCCD_k10_nc5_rf2_ra2,1e-9,6.589393939393939e-8,0.03099439053903211,364221644.03886634,507183561.1110741
RCCD_k3_nc5_rf2_ra2,1e-9,3.069411254969544e-8,22.573050972402054,0.6410106279931829,0.33492326950779927
RCCD_k4_nc5_rf2_ra2,1e-9,5.473333333333334e-8,40.77979759341413,0.5729166627600275,0.2916651564049042
RCCD_k5_nc5_rf2_ra2,1e-9,1.0105414690427846e-7,76.44279786921282,0.47368502766598347,0.22525309477543679
RCCD_k6_nc5_rf2_ra2,1e-9,1.2675000000000005e-7,89.51623613713917,0.48993844265647146,0.3011314324210007
RCCD_k7_nc5_rf2_ra2,1e-9,1.7327177327698813e-7,21.048339000091957,17313842.644816633,83119360.85997039
RCCD_k8_nc5_rf2_ra2,1e-9,2.582444444444445e-7,4.193145250086484,30978402.706958342,81515092.77541749
RCCD_k9_nc5_rf2_ra2,1e-9,4.146834002168527e-7,0.8962685384261828,36172174.09460304,63359013.00542824
RCCD_k10_nc5_rf2_ra2,1e-9,7.046818181818184e-7,0.22713282979799,34057924.38241883,49079727.28275829
SCCD_k3_nc5_rf2_ra2,1e-9,3.21e-8,23.386694056351374,0.6287698383831325,0.32737407793558776
SCCD_k4_nc5_rf2_ra2,1e-9,5.473333333333334e-8,40.77979759341413,0.5729166627600275,0.2916323276003868
SCCD_k5_nc5_rf2_ra2,1e-9,9.376190476190478e-8,72.01131429293774,0.49815475615282856,0.2660128740304409
SCCD_k6_nc5_rf2_ra2,1e-9,1.010357142857143e-7,77.96385187385675,0.5725063071447133,0.3121053470642829
SCCD_k7_nc5_rf2_ra2,1e-9,1.0847222222222224e-7,16.185139657135114,27656850.965941083,130344378.16326125
SCCD_k8_nc5_rf2_ra2,1e-9,1.1602222222222225e-7,2.6741570601149904,68952309.15089287,167137717.37411547
SCCD_k9_nc5_rf2_ra2,1e-9,1.2365454545454546e-7,0.4377039003144569,121305698.12076709,206378059.10687038
SCCD_k10_nc5_rf2_ra2,1e-9,1.3134848484848487e-7,0.07777767669659609,182720035.82845977,248942599.23400134
FCCD_k3_nc7_rf2_ra2,1e-9,2.0300000000000003e-8,14.164334083144976,0.977822577383289,1.6547941240604758
FCCD_k4_nc7_rf2_ra2,1e-9,3.566666666666667e-8,22.836759640530026,1.1386881751404545,2.978224696444466
FCCD_k5_nc7_rf2_ra2,1e-9,6.719047619047619e-8,39.10258342906014,1.2949899538623948,4.394751739221498
FCCD_k6_nc7_rf2_ra2,1e-9,6.682142857142857e-8,40.663915392815866,1.6255940375407383,7.329533432428236
FCCD_k7_nc7_rf2_ra2,1e-9,6.652777777777777e-8,7.951406055049961,45093949.28922058,213508303.6772232
FCCD_k8_nc7_rf2_ra2,1e-9,6.628888888888889e-8,1.230977292462881,120683873.87975869,309524102.32219166
FCCD_k9_nc7_rf2_ra2,1e-9,6.60909090909091e-8,0.18789982754813334,226960125.70988944,399317891.30646807
FCCD_k10_nc7_rf2_ra2,1e-9,6.592424242424243e-8,0.03102417926506122,364054254.61384594,506028366.70086884
RCCD_k3_nc7_rf2_ra2,1e-9,3.089411254969543e-8,23.34236509831725,0.5645035403965419,0.3348855684673078
RCCD_k4_nc7_rf2_ra2,1e-9,5.486666666666667e-8,41.70488565534341,0.5014880930096955,0.29162991025842167
RCCD_k5_nc7_rf2_ra2,1e-9,1.0114938499951656e-7,77.62748297695236,0.41124579154569585,0.22522075765949806
RCCD_k6_nc7_rf2_ra2,1e-9,1.268214285714286e-7,90.36647289122195,0.4499454914138814,0.30062623010143147
RCCD_k7_nc7_rf2_ra2,1e-9,1.733273288325437e-7,21.156145582901193,17308292.94775345,78975676.14643766
RCCD_k8_nc7_rf2_ra2,1e-9,2.5828888888888893e-7,4.204484023576268,30973071.31193241,77437614.59693773
RCCD_k9_nc7_rf2_ra2,1e-9,4.147197638532163e-7,0.8976431527917635,36169002.81541274,65194735.602689624
RCCD_k10_nc7_rf2_ra2,1e-9,7.047121212121215e-7,0.22735055752733735,34056460.13515404,47276172.76360955
SCCD_k3_nc7_rf2_ra2,1e-9,3.23e-8,24.18697956800898,0.5525793633143257,0.3297013309794418
SCCD_k4_nc7_rf2_ra2,1e-9,5.486666666666667e-8,41.70488565534341,0.5014880930096955,0.2916540481508961
SCCD_k5_nc7_rf2_ra2,1e-9,9.385714285714287e-8,73.17440759251488,0.42958333022858514,0.26721680774335155
SCCD_k6_nc7_rf2_ra2,1e-9,1.0110714285714287e-7,78.90638478770754,0.505839643173651,0.31228034582884834
SCCD_k7_nc7_rf2_ra2,1e-9,1.0852777777777779e-7,16.337819366395845,27642696.47735897,122823569.1154972
SCCD_k8_nc7_rf2_ra2,1e-9,1.160666666666667e-7,2.6944105821442528,68925901.52992424,171481035.10816377
SCCD_k9_nc7_rf2_ra2,1e-9,1.236909090909091e-7,0.4404251633383797,121270027.46957676,208245917.59537998
SCCD_k10_nc7_rf2_ra2,1e-9,1.3137878787878792e-7,0.07818176144833669,182677898.30738947,241622314.8352491
FCCD_k3_nc10_rf2_ra2,1e-9,2.0600000000000002e-8,14.485822680443114,0.9534793782483902,1.6613057977725774
FCCD_k4_nc10_rf2_ra2,1e-9,3.586666666666667e-8,23.104108854399325,1.1254719453063355,3.0653821232906737
FCCD_k5_nc10_rf2_ra2,1e-9,6.733333333333333e-8,39.36814346793461,1.2867586747556494,4.156100633344192
FCCD_k6_nc10_rf2_ra2,1e-9,6.692857142857143e-8,40.83881000125421,1.6198865373253943,7.1224763107542355
FCCD_k7_nc10_rf2_ra2,1e-9,6.661111111111111e-8,7.97522814419625,45037535.43249843,213735741.08343852
FCCD_k8_nc10_rf2_ra2,1e-9,6.635555555555556e-8,1.233703212668104,120562642.45550166,303578202.27426183
FCCD_k9_nc10_rf2_ra2,1e-9,6.614545454545455e-8,0.18822143585804002,226772955.3985326,413125023.7007228
FCCD_k10_nc10_rf2_ra2,1e-9,6.596969696969697e-8,0.031066649273085483,363803416.148758,515609653.249775
RCCD_k3_nc10_rf2_ra2,1e-9,3.1194112549695435e-8,24.187520260285247,0.5069884124404459,0.334859534155935
RCCD_k4_nc10_rf2_ra2,1e-9,5.5066666666666677e-8,42.70844233034266,0.44791666533182584,0.2916390433086024
RCCD_k5_nc10_rf2_ra2,1e-9,1.012922421423737e-7,78.91864497070422,0.36328957833982223,0.22523521842569946
RCCD_k6_nc10_rf2_ra2,1e-9,1.2692857142857148e-7,91.33742076331501,0.4158135758089701,0.3013796982358995
RCCD_k7_nc10_rf2_ra2,1e-9,1.73410662165877e-7,21.28891460298038,17299974.72443096,89559755.27198043
RCCD_k8_nc10_rf2_ra2,1e-9,2.583555555555556e-7,4.219357438947291,30965078.584606115,80984181.6485798
RCCD_k9_nc10_rf2_ra2,1e-9,4.147743093077618e-7,0.8995187198633656,36164246.72322092,66179814.59482432
RCCD_k10_nc10_rf2_ra2,1e-9,7.047575757575761e-7,0.2276544187316614,34054263.00074751,45246223.04207593
SCCD_k3_nc10_rf2_ra2,1e-9,3.26e-8,25.065238055945652,0.49543650676937445,0.3290828657381861
SCCD_k4_nc10_rf2_ra2,1e-9,5.5066666666666677e-8,42.70844233034266,0.44791666533182584,0.2916597637162201
SCCD_k5_nc10_rf2_ra2,1e-9,9.400000000000002e-8,74.42785431247297,0.3781547602079743,0.26360518807646965
SCCD_k6_nc10_rf2_ra2,1e-9,1.0121428571428572e-7,79.91795434948752,0.4558396446067715,0.31178495736051687
SCCD_k7_nc10_rf2_ra2,1e-9,1.0861111111111113e-7,16.50154852485795,27621487.420275282,133874959.8488409
SCCD_k8_nc10_rf2_ra2,1e-9,1.1613333333333337e-7,2.7161288508913564,68886340.34393898,167129636.22651494
SCCD_k9_nc10_rf2_ra2,1e-9,1.2374545454545455e-7,0.44334390210330693,121216577.2138084,217696721.36902338
SCCD_k10_nc10_rf2_ra2,1e-9,1.3142424242424246e-7,0.07861530059745038,182614717.76368892,247877513.27569956
FCCD_k3_nc1_rf3_ra2,1e-9,2.77e-8,17.175071927836623,0.9777950257920132,1.5964691047660267
FCCD_k4_nc1_rf3_ra2,1e-9,5.126666666666667e-8,29.475174912563986,1.087577951865987,2.972071427677297
FCCD_k5_nc1_rf3_ra2,1e-9,9.89047619047619e-8,52.092817807536214,1.2448425613383027,4.459413927801446
FCCD_k6_nc1_rf3_ra2,1e-9,9.860714285714287e-8,55.09941787664146,1.5351104793229116,6.9245258713678055
FCCD_k7_nc1_rf3_ra2,1e-9,9.836111111111112e-8,10.892206095433961,30499857.7794652,130751827.49892575
FCCD_k8_nc1_rf3_ra2,1e-9,9.815555555555555e-8,1.7000220350960258,81503292.29372354,216908085.21764913
FCCD_k9_nc1_rf3_ra2,1e-9,9.798181818181819e-8,0.2611763668376012,153089640.27609622,264745819.06018886
FCCD_k10_nc1_rf3_ra2,1e-9,9.783333333333333e-8,0.04335345196310087,245315141.6191555,331863534.4124628
RCCD_k3_nc1_rf3_ra2,1e-9,3.829411254969544e-8,24.118153569455682,1.5923564675433637,0.958307337828525
RCCD_k4_nc1_rf3_ra2,1e-9,7.046666666666668e-8,47.41653526971406,1.4882811394532094,0.9810902755131834
RCCD_k5_nc1_rf3_ra2,1e-9,1.3286367071380227e-7,94.77987575086023,1.1146456374302012,0.7373031865715097
RCCD_k6_nc1_rf3_ra2,1e-9,1.586071428571429e-7,115.88640640361375,0.6251055484410715,0.3100075091419808
RCCD_k7_nc1_rf3_ra2,1e-9,2.0516066216587701e-7,27.378095680977435,14622687.31506632,71722254.78349563
RCCD_k8_nc1_rf3_ra2,1e-9,2.901555555555556e-7,5.344524921115491,27571417.973878045,69740405.79171315
RCCD_k9_nc1_rf3_ra2,1e-9,4.466106729441255e-7,1.1051674316609683,33586300.275785305,60450333.0637101
RCCD_k10_nc1_rf3_ra2,1e-9,7.366212121212124e-7,0.26986506593452614,32581195.985279825,45674072.827131025
SCCD_k3_nc1_rf3_ra2,1e-9,3.9700000000000005e-8,24.8631987266849,1.606481410295303,0.9950874637232738
SCCD_k4_nc1_rf3_ra2,1e-9,7.046666666666668e-8,47.41653526971406,1.4882811394532094,0.9834077865864793
SCCD_k5_nc1_rf3_ra2,1e-9,1.2557142857142857e-7,88.71978744503355,1.3889940717306017,0.9653395055193518
SCCD_k6_nc1_rf3_ra2,1e-9,1.3289285714285714e-7,98.84149868867003,1.4090275965303467,0.8657201989659745
SCCD_k7_nc1_rf3_ra2,1e-9,1.4036111111111114e-7,20.69574800118338,21373443.167471696,102436080.74607913
SCCD_k8_nc1_rf3_ra2,1e-9,1.4793333333333337e-7,3.4171555500712283,54078416.8503454,135714485.06849983
SCCD_k9_nc1_rf3_ra2,1e-9,1.5558181818181821e-7,0.5556911196071811,96412300.70361686,169355539.36306024
SCCD_k10_nc1_rf3_ra2,1e-9,1.6328787878787882e-7,0.09774291522792143,146979673.91316572,195139490.5337335
FCCD_k3_nc3_rf3_ra2,1e-9,2.7900000000000002e-8,17.672497280840915,0.9200513492413495,1.6323609219975401
FCCD_k4_nc3_rf3_ra2,1e-9,5.1400000000000004e-8,29.841818876157816,1.0654809248337622,2.922832470824082
FCCD_k5_nc3_rf3_ra2,1e-9,9.9e-8,52.432071287760245,1.2335505274178558,4.349682508374691
FCCD_k6_nc3_rf3_ra2,1e-9,9.867857142857143e-8,55.31217935461176,1.5282429139075793,6.130921489856376
FCCD_k7_nc3_rf3_ra2,1e-9,9.841666666666667e-8,10.919725585562444,30482646.860734366,143034050.01538682
FCCD_k8_nc3_rf3_ra2,1e-9,9.82e-8,1.7030278148849152,81466398.72687106,219123631.40662983
FCCD_k9_nc3_rf3_ra2,1e-9,9.801818181818182e-8,0.2615164383787335,153032842.71587348,287500981.5930797
FCCD_k10_nc3_rf3_ra2,1e-9,9.786363636363636e-8,0.04339670477044376,245239210.60970375,329860377.28459924
RCCD_k3_nc3_rf3_ra2,1e-9,3.8494112549695435e-8,26.870974919679472,0.7266720272008214,0.3298638978411743
RCCD_k4_nc3_rf3_ra2,1e-9,7.06e-8,51.01969979120009,0.6549479040581759,0.32748207464565576
RCCD_k5_nc3_rf3_ra2,1e-9,1.3295890880904037e-7,99.14036492183774,0.5429508682422646,0.29263117172602704
RCCD_k6_nc3_rf3_ra2,1e-9,1.5867857142857148e-7,118.11021318508821,0.4595113995784598,0.20946609115871326
RCCD_k7_nc3_rf3_ra2,1e-9,2.052162177214326e-7,27.569663512034438,14618727.022380507,62293950.34889224
RCCD_k8_nc3_rf3_ra2,1e-9,2.902e-7,5.359828620771907,27567194.69739658,73510523.98633565
RCCD_k9_nc3_rf3_ra2,1e-9,4.466470365804891e-7,1.1067109434402234,33583565.22735339,60177630.01249133
RCCD_k10_nc3_rf3_ra2,1e-9,7.366515151515154e-7,0.2700802219768052,32579855.679139562,44073582.8556587
SCCD_k3_nc3_rf3_ra2,1e-9,3.99e-8,27.750392181933492,0.7175925842638436,0.3317903667677754
SCCD_k4_nc3_rf3_ra2,1e-9,7.06e-8,51.01969979120009,0.6549479040581759,0.321606216184372
SCCD_k5_nc3_rf3_ra2,1e-9,1.2566666666666667e-7,93.48470250639014,0.5889942325043159,0.31566469042324585
SCCD_k6_nc3_rf3_ra2,1e-9,1.3296428571428573e-7,102.79674542779505,0.6312499795665548,0.30158138714100746
SCCD_k7_nc3_rf3_ra2,1e-9,1.4041666666666666e-7,21.3377594559742,21364986.858817853,102544688.74574438
SCCD_k8_nc3_rf3_ra2,1e-9,1.479777777777778e-7,3.5017943218288337,54062174.111600965,138350496.8347015
SCCD_k9_nc3_rf3_ra2,1e-9,1.5561818181818185e-7,0.5669386615713478,96389765.92840815,157938407.70050097
SCCD_k10_nc3_rf3_ra2,1e-9,1.6331818181818184e-7,0.09939022887777892,146952412.3607177,200720457.82933065
FCCD_k3_nc5_rf3_ra2,1e-9,2.8100000000000003e-8,18.068916757312113,0.8852842140475732,1.6092994111190297
FCCD_k4_nc5_rf3_ra2,1e-9,5.153333333333333e-8,30.15453462694285,1.0497812645267612,2.9630634639658764
FCCD_k5_nc5_rf3_ra2,1e-9,9.909523809523811e-8,52.73240413048326,1.2248111998818474,4.509298582539832
FCCD_k6_nc5_rf3_ra2,1e-9,9.875000000000001e-8,55.504906587598924,1.5226499686223323,6.922089347597826
FCCD_k7_nc5_rf3_ra2,1e-9,9.847222222222224e-8,10.945094822851589,30465442.16612086,139707310.89042276
FCCD_k8_nc5_rf3_ra2,1e-9,9.824444444444445e-8,1.7058359028064747,81429544.92617145,223670112.13818803
FCCD_k9_nc5_rf3_ra2,1e-9,9.805454545454545e-8,0.2618374768733337,152976097.26180547,274620284.9276414
FCCD_k10_nc5_rf3_ra2,1e-9,9.78939393939394e-8,0.04343788231503482,245163274.17077687,347933524.61708087
RCCD_k3_nc5_rf3_ra2,1e-9,3.8694112549695436e-8,28.26910657431135,0.5497917777939212,0.2977624960862982
RCCD_k4_nc5_rf3_ra2,1e-9,7.073333333333334e-8,52.78710140842582,0.48828124524537386,0.2560595026178804
RCCD_k5_nc5_rf3_ra2,1e-9,1.3305414690427847e-7,101.41779815631108,0.40497430390415834,0.19378754447289798
RCCD_k6_nc5_rf3_ra2,1e-9,1.5875000000000004e-7,119.57664453134618,0.3906688856953148,0.20830310594674922
RCCD_k7_nc5_rf3_ra2,1e-9,2.0527177327698812e-7,27.723852927153402,14614770.910312038,67133241.0604402
RCCD_k8_nc5_rf3_ra2,1e-9,2.902444444444445e-7,5.373453695569952,27562974.68443266,77818043.19329298
RCCD_k9_nc5_rf3_ra2,1e-9,4.4668340021685274e-7,1.1081496515332432,33580832.06700135,54040829.32561373
RCCD_k10_nc5_rf3_ra2,1e-9,7.366818181818184e-7,0.270285171987939,32578516.067334004,44318011.49584521
SCCD_k3_nc5_rf3_ra2,1e-9,4.01e-8,29.204784087084064,0.5398148115467545,0.2757716031539359
SCCD_k4_nc5_rf3_ra2,1e-9,7.073333333333334e-8,52.78710140842582,0.48828124524537386,0.2609345723957148
SCCD_k5_nc5_rf3_ra2,1e-9,1.2576190476190477e-7,95.78660398903763,0.42899424537846276,0.23977142765097853
SCCD_k6_nc5_rf3_ra2,1e-9,1.330357142857143e-7,104.6893574635187,0.4756944368847738,0.2544345918283722
SCCD_k7_nc5_rf3_ra2,1e-9,1.4047222222222224e-7,21.643405515667812,21356536.76697352,97489189.60347645
SCCD_k8_nc5_rf3_ra2,1e-9,1.4802222222222226e-7,3.541961167295533,54045938.915679835,133759677.14291066
SCCD_k9_nc5_rf3_ra2,1e-9,1.5565454545454548e-7,0.5722652342500151,96367246.23603274,163864290.4017671
SCCD_k10_nc5_rf3_ra2,1e-9,1.633484848484849e-7,0.10016923323398962,146925137.37921485,198149309.24747628
FCCD_k3_nc7_rf3_ra2,1e-9,2.8300000000000002e-8,18.399767217055953,0.8620555166892917,1.615791108155355
FCCD_k4_nc7_rf3_ra2,1e-9,5.1666666666666666e-8,30.42753934428409,1.0380520989327218,2.982358023944901
FCCD_k5_nc7_rf3_ra2,1e-9,9.91904761904762e-8,53.001994007348486,1.2178468763283046,4.801013087983758
FCCD_k6_nc7_rf3_ra2,1e-9,9.882142857142857e-8,55.681102928217015,1.5180069232599218,6.544774686239224
FCCD_k7_nc7_rf3_ra2,1e-9,9.852777777777778e-8,10.968634772474552,30448265.665315438,149280557.24528855
FCCD_k8_nc7_rf3_ra2,1e-9,9.82888888888889e-8,1.7084721461505554,81392718.08030927,217944897.25151232
FCCD_k9_nc7_rf3_ra2,1e-9,9.80909090909091e-8,0.26214169376546026,152919383.90611413,260506190.5168937
FCCD_k10_nc7_rf3_ra2,1e-9,9.792424242424242e-8,0.04347719376554746,245087438.31698737,329523460.9970071
RCCD_k3_nc7_rf3_ra2,1e-9,3.889411254969544e-8,29.231948497035777,0.4735951187572629,0.29686013916099735
RCCD_k4_nc7_rf3_ra2,1e-9,7.086666666666667e-8,53.98457466845208,0.41685267598513676,0.26267625114833465
RCCD_k5_nc7_rf3_ra2,1e-9,1.3314938499951655e-7,102.98287077739785,0.3428872253073573,0.19906885847996936
RCCD_k6_nc7_rf3_ra2,1e-9,1.5882142857142863e-7,120.6762044390905,0.35295516006141897,0.2080666047921238
RCCD_k7_nc7_rf3_ra2,1e-9,2.053273288325437e-7,27.853051088031865,14610817.95683661,81377200.54316033
RCCD_k8_nc7_rf3_ra2,1e-9,2.902888888888889e-7,5.3857384809702165,27558753.997126352,65801355.27169819
RCCD_k9_nc7_rf3_ra2,1e-9,4.4671976385321635e-7,1.1094972310094988,33578097.90977555,55338252.821635924
RCCD_k10_nc7_rf3_ra2,1e-9,7.367121212121215e-7,0.27048086979584246,32577175.337802414,42088346.84796148
SCCD_k3_nc7_rf3_ra2,1e-9,4.03e-8,30.204162856710653,0.46362433675783976,0.27528393943142415
SCCD_k4_nc7_rf3_ra2,1e-9,7.086666666666667e-8,53.98457466845208,0.41685267598513676,0.25676819725484284
SCCD_k5_nc7_rf3_ra2,1e-9,1.2585714285714287e-7,97.3337047140866,0.36042282035702905,0.24330337983946543
SCCD_k6_nc7_rf3_ra2,1e-9,1.3310714285714288e-7,105.95498457321403,0.40902777376709487,0.2553778945795671
SCCD_k7_nc7_rf3_ra2,1e-9,1.4052777777777777e-7,21.847362739855114,21348093.44353278,96284386.00126202
SCCD_k8_nc7_rf3_ra2,1e-9,1.480666666666667e-7,3.568734697128687,54029716.36226375,141609650.55967626
SCCD_k9_nc7_rf3_ra2,1e-9,1.556909090909091e-7,0.5758135760599951,96344741.10562567,171647216.67562583
SCCD_k10_nc7_rf3_ra2,1e-9,1.633787878787879e-7,0.1006879950965368,146897896.72144115,192421146.12364608
FCCD_k3_nc10_rf3_ra2,1e-9,2.8600000000000005e-8,18.813317448439797,0.8387862096775546,1.5972734744361
FCCD_k4_nc10_rf3_ra2,1e-9,5.186666666666667e-8,30.781901718593186,1.0251334788839217,2.898398681633137
FCCD_k5_nc10_rf3_ra2,1e-9,9.933333333333334e-8,53.36105685088918,1.2097019654954022,4.437471713219464
FCCD_k6_nc10_rf3_ra2,1e-9,9.892857142857144e-8,55.92003992219443,1.5123538647709145,6.409818207651289
FCCD_k7_nc10_rf3_ra2,1e-9,9.861111111111112e-8,11.001057481599288,30422535.007721033,139303909.10930896
FCCD_k8_nc10_rf3_ra2,1e-9,9.835555555555555e-8,1.712149222116229,81337551.97831585,209988386.1899666
FCCD_k9_nc10_rf3_ra2,1e-9,9.814545454545454e-8,0.2625704138189823,152834393.78136408,262926865.13911796
FCCD_k10_nc10_rf3_ra2,1e-9,9.796969696969697e-8,0.04353306754069584,244973710.9820533,323789027.8147814
RCCD_k3_nc10_rf3_ra2,1e-9,3.9194112549695434e-8,30.289879894993227,0.4162927589839802,0.3004347788238546
RCCD_k4_nc10_rf3_ra2,1e-9,7.106666666666667e-8,55.283621033640465,0.3632812485680977,0.25625692932251376
RCCD_k5_nc10_rf3_ra2,1e-9,1.3329224214237372e-7,104.69055222992462,0.2950866737077586,0.1994781446731881
RCCD_k6_nc10_rf3_ra2,1e-9,1.5892857142857147e-7,121.94135894688655,0.3202617676696835,0.20886198217693194
RCCD_k7_nc10_rf3_ra2,1e-9,2.05410662165877e-7,28.01471980343523,14604890.520737486,69022827.39252128
RCCD_k8_nc10_rf3_ra2,1e-9,2.9035555555555555e-7,5.40217101290075,27552425.503373638,66269851.56125199
RCCD_k9_nc10_rf3_ra2,1e-9,4.467743093077618e-7,1.1113715241190405,33573998.763923,60292952.602321595
RCCD_k10_nc10_rf3_ra2,1e-9,7.36757575757576e-7,0.2707588267046246,32575165.54687214,45870111.547945574
SCCD_k3_nc10_rf3_ra2,1e-9,4.0600000000000006e-8,31.30091254753954,0.40648148036306697,0.27475725505271326
SCCD_k4_nc10_rf3_ra2,1e-9,7.106666666666667e-8,55.283621033640465,0.3632812485680977,0.2568475807129165
SCCD_k5_nc10_rf3_ra2,1e-9,1.2600000000000002e-7,99.0009899898828,0.308994250816161,0.23802057462847123
SCCD_k6_nc10_rf3_ra2,1e-9,1.3321428571428572e-7,107.31331365031575,0.35902777565371125,0.25542774216935915
SCCD_k7_nc10_rf3_ra2,1e-9,1.4061111111111113e-7,22.065984385414154,21335441.55658477,110729275.63566026
SCCD_k8_nc10_rf3_ra2,1e-9,1.4813333333333336e-7,3.5974211699652776,54005398.99733829,139938175.9133418
SCCD_k9_nc10_rf3_ra2,1e-9,1.5574545454545457e-7,0.5796152253997012,96311001.62176768,171156857.79093897
SCCD_k10_nc10_rf3_ra2,1e-9,1.6342424242424249e-7,0.10124384475323829,146857033.68518734,194684644.35302392
FCCD_k3_nc1_rf1_ra3,1e-9,1.35e-8,10.116515587276586,1.1793758020180063,1.3078278648138535
FCCD_k4_nc1_rf1_ra3,1e-9,2.0866666666666668e-8,15.605610044119365,1.1756618622512556,2.148537610077608
FCCD_k5_nc1_rf1_ra3,1e-9,3.633333333333334e-8,25.60073082888172,1.1814682776719125,3.233634255741395
FCCD_k6_nc1_rf1_ra3,1e-9,3.589285714285715e-8,26.056186216327138,1.5133994329747547,4.359480913037152
FCCD_k7_nc1_rf1_ra3,1e-9,3.5527777777777784e-8,5.021082938556132,84440974.77134708,367264545.2632225
FCCD_k8_nc1_rf1_ra3,1e-9,3.5222222222222224e-8,0.7676202338742909,227129353.96493492,560810846.9859228
FCCD_k9_nc1_rf1_ra3,1e-9,3.4963636363636364e-8,0.11587691239551033,429017174.7785379,716974389.2279847
FCCD_k10_nc1_rf1_ra3,1e-9,3.474242424242424e-8,0.018942166172420085,690798016.0976161,925869170.5083617
RCCD_k3_nc1_rf1_ra3,1e-9,2.939116882454314e-8,16.329806367681687,1.8853432975550763,0.9769644559096482
RCCD_k4_nc1_rf1_ra3,1e-9,4.966666666666667e-8,28.330847871856403,1.7624999209342866,0.9836347569211886
RCCD_k5_nc1_rf1_ra3,1e-9,8.727169654689389e-8,51.33573715378634,1.3635328396610804,0.7593996563857902
RCCD_k6_nc1_rf1_ra3,1e-9,1.258928571428572e-7,61.28463568444235,1.0366815168450343,0.5527041186535471
RCCD_k7_nc1_rf1_ra3,1e-9,1.9572710435992666e-7,15.486923297541436,15327463.935181508,75205696.5561156
RCCD_k8_nc1_rf1_ra3,1e-9,3.2322222222222224e-7,3.375174697313013,24750773.914044477,65016196.528134376
RCCD_k9_nc1_rf1_ra3,1e-9,5.579069185070973e-7,0.7954565332419505,26886206.23105295,46154549.551125586
RCCD_k10_nc1_rf1_ra3,1e-9,9.929242424242427e-7,0.22192490521401934,24171028.82148074,33350069.678843845
SCCD_k3_nc1_rf1_ra3,1e-9,3.1500000000000004e-8,17.025787760861313,1.8735754406631298,0.9951502163870033
SCCD_k4_nc1_rf1_ra3,1e-9,4.966666666666667e-8,28.330847871856403,1.7624999209342866,0.985473522106467
SCCD_k5_nc1_rf1_ra3,1e-9,7.633333333333334e-8,47.49280908762446,1.6230375235309917,0.9515608675389597
SCCD_k6_nc1_rf1_ra3,1e-9,8.732142857142858e-8,51.18178562483212,1.7492509689968003,0.8717409675666742
SCCD_k7_nc1_rf1_ra3,1e-9,9.852777777777779e-8,11.067300706551652,30448266.72201894,166278701.6293066
SCCD_k8_nc1_rf1_ra3,1e-9,1.0988888888888892e-7,1.9285262131489704,72800810.49713965,190929197.09313583
SCCD_k9_nc1_rf1_ra3,1e-9,1.2136363636363636e-7,0.3349824814426956,123595511.31527543,223972484.6960715
SCCD_k10_nc1_rf1_ra3,1e-9,1.3292424242424247e-7,0.06331458329098613,180553971.6560156,244284660.2808697
FCCD_k3_nc3_rf1_ra3,1e-9,1.37e-8,10.36145078178131,1.1318389036595573,1.3080520295357525
FCCD_k4_nc3_rf1_ra3,1e-9,2.1000000000000003e-8,15.75159647460726,1.1620323319092625,2.127369749541196
FCCD_k5_nc3_rf1_ra3,1e-9,3.6428571428571434e-8,25.720002124199368,1.1754514917264114,3.1376432671406254
FCCD_k6_nc3_rf1_ra3,1e-9,3.596428571428572e-8,26.12723893053943,1.5098482906052668,4.2452948230781775
FCCD_k7_nc3_rf1_ra3,1e-9,3.558333333333334e-8,5.030451269045867,84309134.52023585,400185287.2307656
FCCD_k8_nc3_rf1_ra3,1e-9,3.5266666666666665e-8,0.7686932509882846,226843116.55243936,533748461.00000924
FCCD_k9_nc3_rf1_ra3,1e-9,3.5e-8,0.11600606623449376,428571418.8713407,741714705.5002137
FCCD_k10_nc3_rf1_ra3,1e-9,3.4772727272727277e-8,0.018959728177577902,690196122.4590619,941292105.8087934
RCCD_k3_nc3_rf1_ra3,1e-9,2.959116882454314e-8,18.20255250033083,1.0013617874106373,0.5295766835339387
RCCD_k4_nc3_rf1_ra3,1e-9,4.98e-8,30.483698285928966,0.9291666566591139,0.48474921899831414
RCCD_k5_nc3_rf1_ra3,1e-9,8.736693464213197e-8,53.74411456035445,0.7753206463045073,0.39813872063796973
RCCD_k6_nc3_rf1_ra3,1e-9,1.2596428571428576e-7,62.65463821310426,0.8159855665926375,0.5370683180314747
RCCD_k7_nc3_rf1_ra3,1e-9,1.9578265991548222e-7,15.643334971512678,15323114.661443552,72901446.63380359
RCCD_k8_nc3_rf1_ra3,1e-9,3.232666666666667e-7,3.3923094244031256,24747371.017128896,59204194.902932346
RCCD_k9_nc3_rf1_ra3,1e-9,5.57943282143461e-7,0.7977724048574172,26884453.83137714,47943243.81039025
RCCD_k10_nc3_rf1_ra3,1e-9,9.929545454545459e-7,0.22233892138128747,24170291.08183334,33063323.78993029
SCCD_k3_nc3_rf1_ra3,1e-9,3.17e-8,19.00287622324631,0.9846866016809979,0.5184361543636434
SCCD_k4_nc3_rf1_ra3,1e-9,4.98e-8,30.483698285928966,0.9291666566591139,0.4946285590423928
SCCD_k5_nc3_rf1_ra3,1e-9,7.642857142857145e-8,50.043527660982875,0.8230376212869885,0.4036570690513828
SCCD_k6_nc3_rf1_ra3,1e-9,8.739285714285714e-8,53.229878784544056,0.9714732969027591,0.5527413638757572
SCCD_k7_nc3_rf1_ra3,1e-9,9.858333333333335e-8,11.41078380556751,30431108.27043779,134970343.46277288
SCCD_k8_nc3_rf1_ra3,1e-9,1.0993333333333335e-7,1.976329992826692,72771376.36085014,179566503.9521024
SCCD_k9_nc3_rf1_ra3,1e-9,1.2140000000000002e-7,0.3417688774461862,123558487.32792169,208195004.49067447
SCCD_k10_nc3_rf1_ra3,1e-9,1.329545454545455e-7,0.06438265209473826,180512816.90550745,243146941.70990464
FCCD_k3_nc5_rf1_ra3,1e-9,1.3900000000000002e-8,10.563267264496034,1.100981618721006,1.2940611633433605
FCCD_k4_nc5_rf1_ra3,1e-9,2.1133333333333334e-8,15.880793716237848,1.1515463505667116,2.099599570340417
FCCD_k5_nc5_rf1_ra3,1e-9,3.652380952380953e-8,25.829143341605917,1.1704585770910987,3.2183540574474683
FCCD_k6_nc5_rf1_ra3,1e-9,3.6035714285714286e-8,26.19342927446704,1.5067829003503899,4.695676677271156
FCCD_k7_nc5_rf1_ra3,1e-9,3.5638888888888885e-8,5.039322567114271,84177701.12426396,362084734.3966017
FCCD_k8_nc5_rf1_ra3,1e-9,3.531111111111111e-8,0.7697223003759054,226557589.24008182,513765165.6358861
FCCD_k9_nc5_rf1_ra3,1e-9,3.503636363636364e-8,0.11613111665156269,428126588.29825944,767004377.6602292
FCCD_k10_nc5_rf1_ra3,1e-9,3.4803030303030305e-8,0.01897685525348466,689595105.6235548,920413277.9732293
RCCD_k3_nc5_rf1_ra3,1e-9,2.979116882454314e-8,19.151558402064467,0.8218006531203902,0.529410712281217
RCCD_k4_nc5_rf1_ra3,1e-9,4.993333333333333e-8,31.53970093286491,0.7624999955346079,0.4878221832103434
RCCD_k5_nc5_rf1_ra3,1e-9,8.746217273737007e-8,54.99009634647259,0.6365250184097996,0.39070799714185567
RCCD_k6_nc5_rf1_ra3,1e-9,1.2603571428571432e-7,63.50958965856761,0.7346765291990739,0.5408074581540893
RCCD_k7_nc5_rf1_ra3,1e-9,1.9583821547103777e-7,15.759126066084203,15318767.610089296,72665110.75025034
RCCD_k8_nc5_rf1_ra3,1e-9,3.2331111111111114e-7,3.406347415007081,24743969.064841706,62894898.44988579
RCCD_k9_nc5_rf1_ra3,1e-9,5.579796457798245e-7,0.7997775847894248,26882701.663435083,47132549.02731195
RCCD_k10_nc5_rf1_ra3,1e-9,9.929848484848488e-7,0.22270870288801087,24169553.430397253,33376408.862634037
SCCD_k3_nc5_rf1_ra3,1e-9,3.19e-8,19.998812758353314,0.8069088279218544,0.5209843919799877
SCCD_k4_nc5_rf1_ra3,1e-9,4.993333333333333e-8,31.53970093286491,0.7624999955346079,0.49163083284311515
SCCD_k5_nc5_rf1_ra3,1e-9,7.652380952380954e-8,51.27576426477604,0.6630376291198421,0.40782507642903304
SCCD_k6_nc5_rf1_ra3,1e-9,8.746428571428572e-8,54.20990505136957,0.8159177498104446,0.5571803441235781
SCCD_k7_nc5_rf1_ra3,1e-9,9.86388888888889e-8,11.574395855914394,30413968.65887919,139289708.07941848
SCCD_k8_nc5_rf1_ra3,1e-9,1.099777777777778e-7,1.999036104252214,72741970.92285396,176620421.26035863
SCCD_k9_nc5_rf1_ra3,1e-9,1.2143636363636365e-7,0.34498610251109074,123521486.10727198,209132863.77325863
SCCD_k10_nc5_rf1_ra3,1e-9,1.3298484848484852e-7,0.06488827082850755,180471679.33846557,248451998.6289345
FCCD_k3_nc7_rf1_ra3,1e-9,1.41e-8,10.73540079105424,1.079335463593261,1.3038173640498665
FCCD_k4_nc7_rf1_ra3,1e-9,2.126666666666667e-8,15.996766405458777,1.1432288143994795,2.2235789430404225
FCCD_k5_nc7_rf1_ra3,1e-9,3.661904761904762e-8,25.929774789520497,1.1662486797690053,3.103224829648928
FCCD_k6_nc7_rf1_ra3,1e-9,3.6107142857142854e-8,26.255390391810767,1.5041099751892115,4.328599370639075
FCCD_k7_nc7_rf1_ra3,1e-9,3.5694444444444445e-8,5.0477511125466705,84046701.98163515,441058861.5372881
FCCD_k8_nc7_rf1_ra3,1e-9,3.535555555555556e-8,0.7707115170124815,226272790.23158494,555913608.6683826
FCCD_k9_nc7_rf1_ra3,1e-9,3.507272727272727e-8,0.11625240470822422,427682660.6858827,729943323.7624755
FCCD_k10_nc7_rf1_ra3,1e-9,3.483333333333334e-8,0.01899357757711364,688995163.7315202,979092019.6171459
RCCD_k3_nc7_rf1_ra3,1e-9,2.999116882454314e-8,19.804705253756865,0.7445590230757293,0.5344744395124793
RCCD_k4_nc7_rf1_ra3,1e-9,5.006666666666667e-8,32.25517777590857,0.6910714256357063,0.4875718747846834
RCCD_k5_nc7_rf1_ra3,1e-9,8.755741083260816e-8,55.843885164404625,0.574461440234623,0.3983876641498266
RCCD_k6_nc7_rf1_ra3,1e-9,1.2610714285714289e-7,64.13512773904151,0.6923958290964709,0.5486012592006622
RCCD_k7_nc7_rf1_ra3,1e-9,1.9589377102659332e-7,15.851282617559765,15314423.177546563,80859615.40281558
RCCD_k8_nc7_rf1_ra3,1e-9,3.233555555555556e-7,3.418250261324824,24740568.05287116,57409369.219919786
RCCD_k9_nc7_rf1_ra3,1e-9,5.580160094161882e-7,0.8015466056959439,26880949.72605281,50878563.20914767
RCCD_k10_nc7_rf1_ra3,1e-9,9.930151515151517e-7,0.22304289741553898,24168815.9937229,32909977.10422515
SCCD_k3_nc7_rf1_ra3,1e-9,3.21e-8,20.683166009170193,0.7307183528401,0.5214068441697334
SCCD_k4_nc7_rf1_ra3,1e-9,5.006666666666667e-8,32.25517777590857,0.6910714256357063,0.4859168608037531
SCCD_k5_nc7_rf1_ra3,1e-9,7.661904761904764e-8,52.103946594825686,0.5944662027090764,0.40252538219850165
SCCD_k6_nc7_rf1_ra3,1e-9,8.75357142857143e-8,54.86526800074236,0.7492510854771021,0.5621238991988917
SCCD_k7_nc7_rf1_ra3,1e-9,9.869444444444447e-8,11.683630674340101,30396849.52435577,147027871.23558262
SCCD_k8_nc7_rf1_ra3,1e-9,1.1002222222222225e-7,2.0141839113430318,72712586.09657852,179078989.22115967
SCCD_k9_nc7_rf1_ra3,1e-9,1.2147272727272728e-7,0.34713143025054694,123484507.12547494,199067616.88455546
SCCD_k10_nc7_rf1_ra3,1e-9,1.3301515151515154e-7,0.06522532262386324,180430574.3151946,238984120.60835516
FCCD_k3_nc10_rf1_ra3,1e-9,1.4400000000000002e-8,10.954490115309705,1.0567653871864593,1.2826798914791375
FCCD_k4_nc10_rf1_ra3,1e-9,2.1466666666666667e-8,16.15127240630054,1.1335445219608329,2.1545810470348434
FCCD_k5_nc10_rf1_ra3,1e-9,3.6761904761904764e-8,26.067444252858756,1.1610414673748444,2.9659809073222902
FCCD_k6_nc10_rf1_ra3,1e-9,3.6214285714285716e-8,26.341506865087364,1.5006860290171593,4.183706961091071
FCCD_k7_nc10_rf1_ra3,1e-9,3.577777777777778e-8,5.059662740082816,83850922.26303366,444316258.45552427
FCCD_k8_nc10_rf1_ra3,1e-9,3.5422222222222226e-8,0.7721283914028313,225846909.0880309,600463793.5721666
FCCD_k9_nc10_rf1_ra3,1e-9,3.512727272727273e-8,0.11642791092216821,427018666.58756274,746515767.0364257
FCCD_k10_nc10_rf1_ra3,1e-9,3.487878787878788e-8,0.019017963685988095,688097307.7008106,983634675.7226207
RCCD_k3_nc10_rf1_ra3,1e-9,3.029116882454314e-8,20.522116049373366,0.6865143339156644,0.5303967360576672
RCCD_k4_nc10_rf1_ra3,1e-9,5.026666666666667e-8,33.031343409232896,0.6374999978767572,0.4881015801409834
RCCD_k5_nc10_rf1_ra3,1e-9,8.770026797546531e-8,56.773950760837174,0.5268434885580845,0.3998628918183988
RCCD_k6_nc10_rf1_ra3,1e-9,1.2621428571428575e-7,64.8433152155842,0.6569546536631785,0.546931607743287
RCCD_k7_nc10_rf1_ra3,1e-9,1.9597710435992665e-7,15.961947620190102,15307911.645639595,63123794.318209015
RCCD_k8_nc10_rf1_ra3,1e-9,3.2342222222222225e-7,3.433294917534385,24735468.564875867,60505669.22086775
RCCD_k9_nc10_rf1_ra3,1e-9,5.580705548707337e-7,0.8038636589460554,26878322.516008858,47857992.563535534
RCCD_k10_nc10_rf1_ra3,1e-9,9.930606060606064e-7,0.22349087672887702,24167709.79615405,34470489.0509467
SCCD_k3_nc10_rf1_ra3,1e-9,3.24e-8,21.434196788240534,0.6735754962817215,0.5229440758755701
SCCD_k4_nc10_rf1_ra3,1e-9,5.026666666666667e-8,33.031343409232896,0.6374999978767572,0.48991497220422203
SCCD_k5_nc10_rf1_ra3,1e-9,7.676190476190478e-8,52.996465212644964,0.5430376324294063,0.40089717106582656
SCCD_k6_nc10_rf1_ra3,1e-9,8.764285714285715e-8,55.5686335822237,0.6992510867170683,0.559943569175477
SCCD_k7_nc10_rf1_ra3,1e-9,9.87777777777778e-8,11.80079313857189,30371205.60982952,154449617.64865655
SCCD_k8_nc10_rf1_ra3,1e-9,1.1008888888888891e-7,2.0304306520741227,72668549.97185057,178161375.0724779
SCCD_k9_nc10_rf1_ra3,1e-9,1.2152727272727274e-7,0.3494326709871484,123429085.78889365,230594918.89773223
SCCD_k10_nc10_rf1_ra3,1e-9,1.330606060606061e-7,0.06558691293090756,180368941.37410083,239702165.11647174
FCCD_k3_nc1_rf2_ra3,1e-9,2.15e-8,15.266534411503178,0.8603933143597363,1.1691892950272529
FCCD_k4_nc1_rf2_ra3,1e-9,3.686666666666667e-8,24.943908986996583,0.8953410274106202,2.028223551496043
FCCD_k5_nc1_rf2_ra3,1e-9,6.833333333333334e-8,42.56823844356693,0.959414781775319,3.351611419247543
FCCD_k6_nc1_rf2_ra3,1e-9,6.789285714285714e-8,44.13384570341635,1.2025717582850273,4.594943635857477
FCCD_k7_nc1_rf2_ra3,1e-9,6.752777777777778e-8,8.600051560145157,44426167.367311835,241300388.12554294
FCCD_k8_nc1_rf2_ra3,1e-9,6.722222222222223e-8,1.3264552995928736,119008286.52736555,314048855.4483494
FCCD_k9_nc1_rf2_ra3,1e-9,6.696363636363637e-8,0.20173993106389712,224002194.97357836,365408283.06864023
FCCD_k10_nc1_rf2_ra3,1e-9,6.674242424242425e-8,0.03319533095518665,359591377.66671836,491589913.93368006
RCCD_k3_nc1_rf2_ra3,1e-9,3.7391168824543145e-8,22.51175036429384,1.6457192778148002,0.9675976269530969
RCCD_k4_nc1_rf2_ra3,1e-9,6.566666666666667e-8,41.81970028388583,1.544642753900906,0.969789287420384
RCCD_k5_nc1_rf2_ra3,1e-9,1.1927169654689388e-7,80.14016282447898,1.123837722284373,0.6880106719165616
RCCD_k6_nc1_rf2_ra3,1e-9,1.5789285714285717e-7,97.33991047034026,0.6781373778101958,0.3040748979004032
RCCD_k7_nc1_rf2_ra3,1e-9,2.2772710435992668e-7,23.808464369742257,13173663.174809836,64994784.7687172
RCCD_k8_nc1_rf2_ra3,1e-9,3.5522222222222226e-7,4.928931070323164,22521113.59087954,57610256.97503424
RCCD_k9_nc1_rf2_ra3,1e-9,5.899069185070973e-7,1.0957812146436876,25427740.940635912,44674133.76319968
RCCD_k10_nc1_rf2_ra3,1e-9,1.0249242424242428e-6,0.2884953186001431,23416365.076922506,30902319.930747624
SCCD_k3_nc1_rf2_ra3,1e-9,3.95e-8,23.335571524018196,1.6559095149799699,0.995260459258108
SCCD_k4_nc1_rf2_ra3,1e-9,6.566666666666667e-8,41.81970028388583,1.544642753900906,0.9656637550816284
SCCD_k5_nc1_rf2_ra3,1e-9,1.0833333333333334e-7,74.407100200485,1.438235659165123,0.9560620990752355
SCCD_k6_nc1_rf2_ra3,1e-9,1.1932142857142857e-7,81.70606115393466,1.4858563184838025,0.9064047404414073
SCCD_k7_nc1_rf2_ra3,1e-9,1.305277777777778e-7,17.35475708269869,22983614.505678922,111840463.44619064
SCCD_k8_nc1_rf2_ra3,1e-9,1.4188888888888892e-7,2.937478077134994,56382149.22587658,138012114.938794
SCCD_k9_nc1_rf2_ra3,1e-9,1.5336363636363638e-7,0.4927855468792199,97806763.35165966,174953526.42856655
SCCD_k10_nc1_rf2_ra3,1e-9,1.6492424242424247e-7,0.0897340424827082,145521358.64756036,196761545.7608182
FCCD_k3_nc3_rf2_ra3,1e-9,2.17e-8,15.606744270895051,0.8238636342459893,1.1596683518711612
FCCD_k4_nc3_rf2_ra3,1e-9,3.7e-8,25.16852947323763,0.8833734828615745,2.0127046317661588
FCCD_k5_nc3_rf2_ra3,1e-9,6.842857142857144e-8,42.763306983798294,0.9537386588451364,3.0604165253710938
FCCD_k6_nc3_rf2_ra3,1e-9,6.79642857142857e-8,44.25250414638938,1.1991979109103916,4.478368316685719
FCCD_k7_nc3_rf2_ra3,1e-9,6.758333333333333e-8,8.615383154638348,44389646.53244558,216864315.51124007
FCCD_k8_nc3_rf2_ra3,1e-9,6.726666666666667e-8,1.3281508960645638,118929642.76701148,327041704.3220894
FCCD_k9_nc3_rf2_ra3,1e-9,6.7e-8,0.20193580311539416,223880591.96815974,402882396.0958842
FCCD_k10_nc3_rf2_ra3,1e-9,6.677272727272727e-8,0.03322088057464591,359428216.2026599,489330584.17024857
RCCD_k3_nc3_rf2_ra3,1e-9,3.759116882454315e-8,25.077571131158457,0.777475075154297,0.32723546268225706
RCCD_k4_nc3_rf2_ra3,1e-9,6.580000000000001e-8,44.99756345071149,0.7113095118447472,0.32874814259502516
RCCD_k5_nc3_rf2_ra3,1e-9,1.1936693464213198e-7,83.73188239556123,0.5860160851955863,0.29306686058166986
RCCD_k6_nc3_rf2_ra3,1e-9,1.5796428571428576e-7,99.13205558383687,0.5277901698672589,0.2897749018385096
RCCD_k7_nc3_rf2_ra3,1e-9,2.2778265991548224e-7,23.978397764104958,13170449.605859559,62286397.55343618
RCCD_k8_nc3_rf2_ra3,1e-9,3.5526666666666666e-7,4.944740055939991,22518297.014820237,54760056.546707794
RCCD_k9_nc3_rf2_ra3,1e-9,5.89943282143461e-7,1.0976517610520695,25426173.231133386,47848019.27137386
RCCD_k10_nc3_rf2_ra3,1e-9,1.0249545454545457e-6,0.28879608587017186,23415672.889421143,31766624.09512399
SCCD_k3_nc3_rf2_ra3,1e-9,3.9700000000000005e-8,26.045372066233742,0.7670206886399821,0.33237298848235464
SCCD_k4_nc3_rf2_ra3,1e-9,6.580000000000001e-8,44.99756345071149,0.7113095118447472,0.32620160448977287
SCCD_k5_nc3_rf2_ra3,1e-9,1.0842857142857144e-7,78.4033171346866,0.6382357978776614,0.3128879816169423
SCCD_k6_nc3_rf2_ra3,1e-9,1.1939285714285714e-7,84.9756153331133,0.708078685103274,0.29786044422860347
SCCD_k7_nc3_rf2_ra3,1e-9,1.3058333333333334e-7,17.8931706223813,22973837.75040209,113647751.15364678
SCCD_k8_nc3_rf2_ra3,1e-9,1.4193333333333337e-7,3.0102426706984358,56364493.425396845,138755262.45989382
SCCD_k9_nc3_rf2_ra3,1e-9,1.534e-7,0.5027602921153942,97783580.25003445,161579858.1744347
SCCD_k10_nc3_rf2_ra3,1e-9,1.6495454545454551e-7,0.09124631853327693,145494629.70528954,196113499.15411505
FCCD_k3_nc5_rf2_ra3,1e-9,2.19e-8,15.89098525619313,0.7993988025744286,1.1628638507248166
FCCD_k4_nc5_rf2_ra3,1e-9,3.7133333333333335e-8,25.36817042768806,0.8740809190692784,1.9986289341442867
FCCD_k5_nc5_rf2_ra3,1e-9,6.852380952380952e-8,42.94205596680143,0.9490146409137961,2.9082693339241255
FCCD_k6_nc5_rf2_ra3,1e-9,6.80357142857143e-8,44.3631485574581,1.196279752009711,4.142936010040267
FCCD_k7_nc5_rf2_ra3,1e-9,6.763888888888889e-8,8.62988307966124,44353181.03363233,226722903.07596546
FCCD_k8_nc5_rf2_ra3,1e-9,6.731111111111113e-8,1.329771991760889,118851116.46937934,301880104.6976295
FCCD_k9_nc5_rf2_ra3,1e-9,6.703636363636364e-8,0.20212464479259393,223759163.60996816,373375599.6820522
FCCD_k10_nc5_rf2_ra3,1e-9,6.680303030303031e-8,0.03324567660697365,359265202.73770815,482927585.61809486
RCCD_k3_nc5_rf2_ra3,1e-9,3.779116882454314e-8,26.381605022590957,0.5997607672087621,0.307449297644127
RCCD_k4_nc5_rf2_ra3,1e-9,6.593333333333334e-8,46.55634891725381,0.5446428524993855,0.2749466563632427
RCCD_k5_nc5_rf2_ra3,1e-9,1.1946217273737008e-7,85.63150341518673,0.45229867608139906,0.21511912623827384
RCCD_k6_nc5_rf2_ra3,1e-9,1.5803571428571432e-7,100.33049847752596,0.46335564999360385,0.2884326510309032
RCCD_k7_nc5_rf2_ra3,1e-9,2.278382154710378e-7,24.114616898726666,13167238.849276537,62096257.10259709
RCCD_k8_nc5_rf2_ra3,1e-9,3.5531111111111116e-7,4.958622806561163,22515479.832445838,53349294.76458856
RCCD_k9_nc5_rf2_ra3,1e-9,5.899796457798245e-7,1.0993675982817441,25424606.266812626,41939876.82116379
RCCD_k10_nc5_rf2_ra3,1e-9,1.0249848484848489e-6,0.2890781633182567,23414980.5557886,31038890.080729418
SCCD_k3_nc5_rf2_ra3,1e-9,3.99e-8,27.410404245054032,0.5892429158981619,0.3003631704479129
SCCD_k4_nc5_rf2_ra3,1e-9,6.593333333333334e-8,46.55634891725381,0.5446428524993855,0.2719120912386089
SCCD_k5_nc5_rf2_ra3,1e-9,1.0852380952380952e-7,80.33386521481239,0.4782358089872486,0.21841480409700592
SCCD_k6_nc5_rf2_ra3,1e-9,1.1946428571428572e-7,86.54011888160274,0.5525231411084028,0.29856448494736365
SCCD_k7_nc5_rf2_ra3,1e-9,1.306388888888889e-7,18.149520874431936,22964066.170441426,123787163.63019504
SCCD_k8_nc5_rf2_ra3,1e-9,1.419777777777778e-7,3.0447781637587155,56346846.223243594,135703171.9326248
SCCD_k9_nc5_rf2_ra3,1e-9,1.5343636363636364e-7,0.507484361537498,97760400.57898894,176020091.92458433
SCCD_k10_nc5_rf2_ra3,1e-9,1.649848484848485e-7,0.09196142810084466,145467904.35326695,196388848.63914466
FCCD_k3_nc7_rf2_ra3,1e-9,2.2100000000000003e-8,16.13572735505009,0.7818688837982259,1.138345847706545
FCCD_k4_nc7_rf2_ra3,1e-9,3.726666666666667e-8,25.547978643471684,0.8666566276604042,1.995050001333905
FCCD_k5_nc7_rf2_ra3,1e-9,6.861904761904762e-8,43.107059719498835,0.9450217076428479,3.1931448123783164
FCCD_k6_nc7_rf2_ra3,1e-9,6.810714285714287e-8,44.46680970904223,1.1937308005589538,4.262751839302313
FCCD_k7_nc7_rf2_ra3,1e-9,6.769444444444444e-8,8.643641188300911,44316789.35258033,189296046.76879337
FCCD_k8_nc7_rf2_ra3,1e-9,6.735555555555555e-8,1.3313256089513128,118772680.2277768,303747291.6914076
FCCD_k9_nc7_rf2_ra3,1e-9,6.707272727272728e-8,0.2023070545578838,223637824.25668186,387376844.4166948
FCCD_k10_nc7_rf2_ra3,1e-9,6.683333333333333e-8,0.03326977808184061,359102225.8766121,474321200.42742044
RCCD_k3_nc7_rf2_ra3,1e-9,3.799116882454315e-8,27.27980931207939,0.5231722252711167,0.3069265892162371
RCCD_k4_nc7_rf2_ra3,1e-9,6.606666666666666e-8,47.61247781018582,0.47321428309229996,0.2723283407881324
RCCD_k5_nc7_rf2_ra3,1e-9,1.1955741083260816e-7,86.9420204198897,0.39161503833450945,0.21465435327758178
RCCD_k6_nc7_rf2_ra3,1e-9,1.581071428571429e-7,101.23506980521128,0.42755869394197443,0.2928782115574191
RCCD_k7_nc7_rf2_ra3,1e-9,2.2789377102659335e-7,24.228447590285533,13164028.843849415,60764146.89897622
RCCD_k8_nc7_rf2_ra3,1e-9,3.5535555555555557e-7,4.971004631269396,22512663.844264682,56011371.0997898
RCCD_k9_nc7_rf2_ra3,1e-9,5.900160094161882e-7,1.100952800513667,25423038.945081037,45002901.576579094
RCCD_k10_nc7_rf2_ra3,1e-9,1.0250151515151518e-6,0.28934377426884333,23414288.456075933,31537280.829487808
SCCD_k3_nc7_rf2_ra3,1e-9,4.01e-8,28.34837988595542,0.5130524411018399,0.3038080300189802
SCCD_k4_nc7_rf2_ra3,1e-9,6.606666666666666e-8,47.61247781018582,0.47321428309229996,0.27426656982580744
SCCD_k5_nc7_rf2_ra3,1e-9,1.0861904761904762e-7,81.6313804871558,0.40966438347968276,0.21815634277581503
SCCD_k6_nc7_rf2_ra3,1e-9,1.195357142857143e-7,87.5863333534899,0.4858564776289415,0.30025318010352303
SCCD_k7_nc7_rf2_ra3,1e-9,1.3069444444444448e-7,18.320598813091078,22954304.234104857,110007797.648783
SCCD_k8_nc7_rf2_ra3,1e-9,1.4202222222222225e-7,3.0678004283184195,56329218.373180486,145413509.81621388
SCCD_k9_nc7_rf2_ra3,1e-9,1.5347272727272727e-7,0.5106314984479255,97737240.12438029,165026216.92045236
SCCD_k10_nc7_rf2_ra3,1e-9,1.6501515151515153e-7,0.09243762242149524,145441195.71186236,202406741.90400782
FCCD_k3_nc10_rf2_ra3,1e-9,2.24e-8,16.449785792579462,0.7632575739082991,1.160790694744154
FCCD_k4_nc10_rf2_ra3,1e-9,3.746666666666667e-8,25.78831056897912,0.8579522025542983,2.0064537773768842
FCCD_k5_nc10_rf2_ra3,1e-9,6.876190476190476e-8,43.333065075077535,0.9400704533970723,3.110803664380436
FCCD_k6_nc10_rf2_ra3,1e-9,6.821428571428571e-8,44.611011254106366,1.1904596461936467,4.214579812846113
FCCD_k7_nc10_rf2_ra3,1e-9,6.777777777777777e-8,8.663051597015535,44262302.0655055,213229260.87132764
FCCD_k8_nc10_rf2_ra3,1e-9,6.742222222222222e-8,1.3335423645142215,118655256.26180868,294337410.32817304
FCCD_k9_nc10_rf2_ra3,1e-9,6.712727272727273e-8,0.20256967269317952,223456117.35860753,382775788.0158191
FCCD_k10_nc10_rf2_ra3,1e-9,6.687878787878788e-8,0.03330472200616588,358858204.20849365,483082712.6173975
RCCD_k3_nc10_rf2_ra3,1e-9,3.8291168824543146e-8,28.26681853460582,0.4655622231128924,0.30804877831518024
RCCD_k4_nc10_rf2_ra3,1e-9,6.626666666666666e-8,48.7581905746911,0.41964285559695214,0.27182197375289324
RCCD_k5_nc10_rf2_ra3,1e-9,1.197002679754653e-7,88.37512599691185,0.3446757125025417,0.2132178016164186
RCCD_k6_nc10_rf2_ra3,1e-9,1.5821428571428575e-7,102.2805569704951,0.39623635706489463,0.2910084253469985
RCCD_k7_nc10_rf2_ra3,1e-9,2.2797710435992668e-7,24.370556638221565,13159216.5714357,67031942.77248814
RCCD_k8_nc10_rf2_ra3,1e-9,3.554222222222222e-7,4.987392148526923,22508441.765897337,50551390.43254453
RCCD_k9_nc10_rf2_ra3,1e-9,5.900705548707337e-7,1.1031257805189245,25420689.0449215,43461888.336158305
RCCD_k10_nc10_rf2_ra3,1e-9,1.0250606060606062e-6,0.2897152822171473,23413249.90819617,30718124.919095792
SCCD_k3_nc10_rf2_ra3,1e-9,4.04e-8,29.377743852281785,0.4559095847021434,0.3025517115461873
SCCD_k4_nc10_rf2_ra3,1e-9,6.626666666666666e-8,48.7581905746911,0.41964285559695214,0.2727878460480861
SCCD_k5_nc10_rf2_ra3,1e-9,1.0876190476190476e-7,83.0296915806544,0.3582358136805044,0.21891442198952418
SCCD_k6_nc10_rf2_ra3,1e-9,1.1964285714285715e-7,88.70917872089326,0.4358564793232772,0.2982039437834207
SCCD_k7_nc10_rf2_ra3,1e-9,1.3077777777777778e-7,18.50399768162957,22939677.553241752,106271396.02667528
SCCD_k8_nc10_rf2_ra3,1e-9,1.420888888888889e-7,3.0924708095164086,56302784.99897587,144460778.7109063
SCCD_k9_nc10_rf2_ra3,1e-9,1.5352727272727274e-7,0.5140035107388213,97702518.47610871,164620499.8947683
SCCD_k10_nc10_rf2_ra3,1e-9,1.650606060606061e-7,0.09294783393217203,145401132.95141143,201080726.42542607
FCCD_k3_nc1_rf3_ra3,1e-9,2.9500000000000003e-8,19.69644169455048,0.7433486210427525,1.103724729376122
FCCD_k4_nc1_rf3_ra3,1e-9,5.286666666666667e-8,33.09827518309147,0.7962066854848944,1.9304924125121092
FCCD_k5_nc1_rf3_ra3,1e-9,1.0033333333333333e-7,57.57668317646643,0.8830357783885142,2.938497514304132
FCCD_k6_nc1_rf3_ra3,1e-9,9.989285714285714e-8,60.31542813975174,1.0961307838258512,4.365046514379254
FCCD_k7_nc1_rf3_ra3,1e-9,9.952777777777777e-8,11.83769086998027,30142336.78429422,146276998.42180723
FCCD_k8_nc1_rf3_ra3,1e-9,9.922222222222223e-8,1.8365219364453855,80627108.3550405,207761958.98250082
FCCD_k9_nc1_rf3_ra3,1e-9,9.896363636363637e-8,0.2807030842584213,151570822.30769074,271588144.7852893
FCCD_k10_nc1_rf3_ra3,1e-9,9.874242424242426e-8,0.04638760289948284,243056620.76901895,328160221.1837144
RCCD_k3_nc1_rf3_ra3,1e-9,4.5391168824543144e-8,27.7638049076712,1.5518776506269787,0.9588259390218046
RCCD_k4_nc1_rf3_ra3,1e-9,8.166666666666667e-8,53.480924970302176,1.4652776497285898,0.9775985137141853
RCCD_k5_nc1_rf3_ra3,1e-9,1.5127169654689388e-7,105.50441648561772,1.031466959980072,0.7066063407386121
RCCD_k6_nc1_rf3_ra3,1e-9,1.898928571428572e-7,129.24568809464063,0.5458026745307556,0.2848310639527735
RCCD_k7_nc1_rf3_ra3,1e-9,2.597271043599267e-7,31.073976591102216,11550585.45598146,57619613.449671954
RCCD_k8_nc1_rf3_ra3,1e-9,3.8722222222222223e-07,6.244210088971061,20659971.92195379,46163259.22823947
RCCD_k9_nc1_rf3_ra3,1e-9,6.219069185070974e-7,1.3392691014895106,24119365.38085978,42436507.52745393
RCCD_k10_nc1_rf3_ra3,1e-9,1.0569242424242429e-6,0.3399156931531541,22707398.619870827,30350728.93620385
SCCD_k3_nc1_rf3_ra3,1e-9,4.75e-8,28.678337363797464,1.5747353646759346,0.9951390557461038
SCCD_k4_nc1_rf3_ra3,1e-9,8.166666666666667e-8,53.480924970302176,1.4652776497285898,0.9724153303694257
SCCD_k5_nc1_rf3_ra3,1e-9,1.4033333333333336e-7,98.13465849667882,1.3721029722123388,0.9000991251819772
SCCD_k6_nc1_rf3_ra3,1e-9,1.513214285714286e-7,108.82592346276493,1.3927817801882347,0.9004184838394523
SCCD_k7_nc1_rf3_ra3,1e-9,1.6252777777777778e-7,22.95410028119132,18458383.127254542,87264810.5791743
SCCD_k8_nc1_rf3_ra3,1e-9,1.7388888888888892e-7,3.83502556386265,46006388.39798207,114611770.17495751
SCCD_k9_nc1_rf3_ra3,1e-9,1.8536363636363637e-7,0.6328284342680847,80922023.77006567,143189203.8160131
SCCD_k10_nc1_rf3_ra3,1e-9,1.969242424242425e-7,0.11313806823428375,121874280.60470317,163150518.07140157
FCCD_k3_nc3_rf3_ra3,1e-9,2.97e-8,20.122340878716397,0.7101851826699793,1.107428435654917
FCCD_k4_nc3_rf3_ra3,1e-9,5.3000000000000005e-8,33.392438409625505,0.7847614513883633,1.9403345665522542
FCCD_k5_nc3_rf3_ra3,1e-9,1.0042857142857143e-7,57.839057954283376,0.8774695681069217,3.0130898540297637
FCCD_k6_nc3_rf3_ra3,1e-9,9.996428571428571e-8,60.476821286412935,1.092814131993789,4.361696932377961
FCCD_k7_nc3_rf3_ra3,1e-9,9.958333333333333e-8,11.858448842574823,30125526.885872006,142611245.2322885
FCCD_k8_nc3_rf3_ra3,1e-9,9.926666666666667e-8,1.8387920583496207,80591003.58289388,191941228.10262504
FCCD_k9_nc3_rf3_ra3,1e-9,9.9e-8,0.2809614121203818,151515136.1545253,254650653.9202131
FCCD_k10_nc3_rf3_ra3,1e-9,9.877272727272727e-8,0.04642074291109028,242982029.7545277,327108708.7015541
RCCD_k3_nc3_rf3_ra3,1e-9,4.559116882454315e-8,30.916608063758492,0.6928892733709909,0.328175790510445
RCCD_k4_nc3_rf3_ra3,1e-9,8.18e-8,57.544920127999674,0.6319444298919666,0.3166078952146607
RCCD_k5_nc3_rf3_ra3,1e-9,1.5136693464213198e-7,110.12526708677288,0.5171963644074831,0.281191301473777
RCCD_k6_nc3_rf3_ra3,1e-9,1.8996428571428575e-7,131.39885861399716,0.4221643430789502,0.2011351544538805
RCCD_k7_nc3_rf3_ra3,1e-9,2.5978265991548223e-7,31.25857620673454,11548114.89760449,59081947.52197279
RCCD_k8_nc3_rf3_ra3,1e-9,3.872666666666667e-7,6.2597906142539514,20657600.505956616,50899752.25142286
RCCD_k9_nc3_rf3_ra3,1e-9,6.219432821434609e-7,1.3409613530806286,24117955.09767877,42028392.13140039
RCCD_k10_nc3_rf3_ra3,1e-9,1.0569545454545458e-6,0.3401691306360359,22706747.438882794,30989884.28566817
SCCD_k3_nc3_rf3_ra3,1e-9,4.7700000000000004e-8,32.00855678978854,0.6858465509749311,0.33220066006059445
SCCD_k4_nc3_rf3_ra3,1e-9,8.18e-8,57.544920127999674,0.6319444298919666,0.32565752690795147
SCCD_k5_nc3_rf3_ra3,1e-9,1.4042857142857143e-7,103.4052223767129,0.5721031518829625,0.32214927097237794
SCCD_k6_nc3_rf3_ra3,1e-9,1.5139285714285716e-7,113.18070742387259,0.615004185522126,0.3132979807574178
SCCD_k7_nc3_rf3_ra3,1e-9,1.6258333333333336e-7,23.66606242939243,18452077.259620346,86020191.8362466
SCCD_k8_nc3_rf3_ra3,1e-9,1.7393333333333337e-7,3.929983063294991,45994637.155091576,106275382.94054228
SCCD_k9_nc3_rf3_ra3,1e-9,1.854e-7,0.6456306719627728,80906147.65995194,141766800.08498594
SCCD_k10_nc3_rf3_ra3,1e-9,1.969545454545455e-7,0.1150435219473987,121855527.9969609,165255422.46694857
FCCD_k3_nc5_rf3_ra3,1e-9,2.99e-8,20.479894379892865,0.687732916899403,1.1157045763259459
FCCD_k4_nc5_rf3_ra3,1e-9,5.313333333333334e-8,33.6542658383009,0.7758468218036887,1.9526390055986584
FCCD_k5_nc5_rf3_ra3,1e-9,1.0052380952380952e-7,58.07959404241425,0.8728324933836122,3.0511526326712546
FCCD_k6_nc5_rf3_ra3,1e-9,1.000357142857143e-7,60.62736242008435,1.0899435324673952,4.419014740036285
FCCD_k7_nc5_rf3_ra3,1e-9,9.96388888888889e-8,11.87807077389618,30108731.432247125,155705264.54662958
FCCD_k8_nc5_rf3_ra3,1e-9,9.931111111111112e-8,1.8409596905194157,80554937.37557793,199299719.68280435
FCCD_k9_nc5_rf3_ra3,1e-9,9.903636363636363e-8,0.2812100082084767,151459520.24360922,268041841.6690993
FCCD_k10_nc5_rf3_ra3,1e-9,9.88030303030303e-8,0.046452830666271386,242907537.1326308,327630867.6512692
RCCD_k3_nc5_rf3_ra3,1e-9,4.579116882454315e-8,32.521762393651755,0.5162706876918599,0.22329734270955912
RCCD_k4_nc5_rf3_ra3,1e-9,8.193333333333334e-8,59.538365501746384,0.4652777723242489,0.198559640816171
RCCD_k5_nc5_rf3_ra3,1e-9,1.5146217273737005e-7,112.59596593384944,0.3860078904403638,0.16917756015917637
RCCD_k6_nc5_rf3_ra3,1e-9,1.9003571428571431e-7,132.88582671630232,0.3653575401963064,0.20042260235552486
RCCD_k7_nc5_rf3_ra3,1e-9,2.598382154710378e-7,31.411651562265334,11545646.035234695,57605395.7271361
RCCD_k8_nc5_rf3_ra3,1e-9,3.8731111111111113e-7,6.273856355408406,20655230.046044666,55506217.89949141
RCCD_k9_nc5_rf3_ra3,1e-9,6.219796457798246e-7,1.3425482820211065,24116544.731756113,40387459.08914101
RCCD_k10_nc5_rf3_ra3,1e-9,1.0569848484848487e-6,0.3404111803026831,22706096.70556536,29950464.371776797
SCCD_k3_nc5_rf3_ra3,1e-9,4.79e-8,33.68611815379366,0.508068779245061,0.21942299700850473
SCCD_k4_nc5_rf3_ra3,1e-9,8.193333333333334e-8,59.538365501746384,0.4652777723242489,0.1990849198223178
SCCD_k5_nc5_rf3_ra3,1e-9,1.4052380952380953e-7,105.9513997426987,0.412103166269089,0.1905022124470149
SCCD_k6_nc5_rf3_ra3,1e-9,1.5146428571428572e-7,115.264500709128,0.4594486446243585,0.20841140652825912
SCCD_k7_nc5_rf3_ra3,1e-9,1.626388888888889e-7,24.00495157522925,18445774.69576584,93921618.15522972
SCCD_k8_nc5_rf3_ra3,1e-9,1.739777777777778e-7,3.9750297187349504,45982885.31410344,117519423.04290915
SCCD_k9_nc5_rf3_ra3,1e-9,1.8543636363636364e-7,0.6516898989279009,80890286.738753,143471728.181679
SCCD_k10_nc5_rf3_ra3,1e-9,1.969848484848485e-7,0.11594387205358886,121836789.61937287,162141330.17427304
FCCD_k3_nc7_rf3_ra3,1e-9,3.0100000000000005e-8,20.788793512478822,0.6715240619098052,1.1078879833224822
FCCD_k4_nc7_rf3_ra3,1e-9,5.326666666666667e-8,33.89035104678446,0.7687070505895929,1.9202029662365454
FCCD_k5_nc7_rf3_ra3,1e-9,1.0061904761904763e-7,58.30172023596748,0.8689098324500596,3.005192333840889
FCCD_k6_nc7_rf3_ra3,1e-9,1.0010714285714286e-7,60.768441555433654,1.0874346713652374,4.3266303616015485
FCCD_k7_nc7_rf3_ra3,1e-9,9.969444444444445e-8,11.896679517918924,30091946.116987552,144478837.91890496
FCCD_k8_nc7_rf3_ra3,1e-9,9.935555555555556e-8,1.843034441314667,80518897.19657409,220364895.99934807
FCCD_k9_nc7_rf3_ra3,1e-9,9.907272727272729e-8,0.28144969333846886,151403927.773372,265525751.43412277
FCCD_k10_nc7_rf3_ra3,1e-9,9.883333333333334e-8,0.046483951238434046,242833023.10436484,321910482.5031048
RCCD_k3_nc7_rf3_ra3,1e-9,4.599116882454315e-8,33.62789934856597,0.4400702584609458,0.22322842683667893
RCCD_k4_nc7_rf3_ra3,1e-9,8.206666666666667e-8,60.88899091135737,0.3938492034071889,0.19441557783357133
RCCD_k5_nc7_rf3_ra3,1e-9,1.5155741083260818e-7,114.30633849931392,0.3260224895360345,0.150193506924189
RCCD_k6_nc7_rf3_ra3,1e-9,1.901071428571429e-7,134.02605630028864,0.33272384436933844,0.20067340077820875
RCCD_k7_nc7_rf3_ra3,1e-9,2.598937710265934e-7,31.54253526119518,11543177.917318657,51775980.487966426
RCCD_k8_nc7_rf3_ra3,1e-9,3.873555555555556e-7,6.286680642604907,20652859.720594138,53931713.509191945
RCCD_k9_nc7_rf3_ra3,1e-9,6.220160094161881e-7,1.3440424727889977,24115135.57781793,41006045.863773756
RCCD_k10_nc7_rf3_ra3,1e-9,1.057015151515152e-6,0.34064284678169177,22705445.560016792,31273387.792062562
SCCD_k3_nc7_rf3_ra3,1e-9,4.810000000000001e-8,34.838846801009055,0.43187830472848177,0.2183203239656163
SCCD_k4_nc7_rf3_ra3,1e-9,8.206666666666667e-8,60.88899091135737,0.3938492034071889,0.19444187405074864
SCCD_k5_nc7_rf3_ra3,1e-9,1.4061904761904763e-7,107.66267752098543,0.343531741664292,0.17442780387737883
SCCD_k6_nc7_rf3_ra3,1e-9,1.5153571428571428e-7,116.65797450513858,0.39278198199824715,0.20852476461406896
SCCD_k7_nc7_rf3_ra3,1e-9,1.6269444444444447e-7,24.231054173039404,18439474.91213394,86297374.22024134
SCCD_k8_nc7_rf3_ra3,1e-9,1.7402222222222225e-7,4.0050449096341785,45971141.595888175,110749691.87576757
SCCD_k9_nc7_rf3_ra3,1e-9,1.8547272727272727e-7,0.6557240196397296,80874423.75428656,138387067.26814654
SCCD_k10_nc7_rf3_ra3,1e-9,1.9701515151515155e-7,0.11654299262803425,121818040.20958325,163978028.7097927
FCCD_k3_nc10_rf3_ra3,1e-9,3.04e-8,21.186341523469885,0.6542035376398818,1.1192523964560974
FCCD_k4_nc10_rf3_ra3,1e-9,5.346666666666667e-8,34.20625247722476,0.7603164139357071,1.9123238466703592
FCCD_k5_nc10_rf3_ra3,1e-9,1.0076190476190477e-7,58.60608861985906,0.8640416196092509,2.881804453270499
FCCD_k6_nc10_rf3_ra3,1e-9,1.0021428571428572e-7,60.96475328113001,1.0842129810290129,4.033161547151236
FCCD_k7_nc10_rf3_ra3,1e-9,9.977777777777778e-8,11.922914637843647,30066818.194190715,139339576.32089087
FCCD_k8_nc10_rf3_ra3,1e-9,9.942222222222222e-8,1.845990127850213,80464908.85516094,205979762.12563527
FCCD_k9_nc10_rf3_ra3,1e-9,9.912727272727274e-8,0.28179401352780575,151320611.20592442,263437740.87846994
FCCD_k10_nc10_rf3_ra3,1e-9,9.887878787878788e-8,0.04652895060578982,242721443.73570836,333629728.01762366
RCCD_k3_nc10_rf3_ra3,1e-9,4.6291168824543145e-8,34.843716140024284,0.3827187650127553,0.223239197277093
RCCD_k4_nc10_rf3_ra3,1e-9,8.226666666666668e-8,62.354180230222745,0.3402777761725939,0.19443502911706664
RCCD_k5_nc10_rf3_ra3,1e-9,1.517002679754653e-7,116.18040879324943,0.27942898577305875,0.150191470509763
RCCD_k6_nc10_rf3_ra3,1e-9,1.9021428571428577e-7,135.35847316326027,0.3035114227619351,0.20034425153665403
RCCD_k7_nc10_rf3_ra3,1e-9,2.599771043599267e-7,31.709174624194286,11539477.881242212,57297451.75047725
RCCD_k8_nc10_rf3_ra3,1e-9,3.8742222222222224e-7,6.304024867236804,20649306.358121723,51643599.0120884
RCCD_k9_nc10_rf3_ra3,1e-9,6.220705548707337e-7,1.3461323463992916,24113020.68250985,41288407.842394195
RCCD_k10_nc10_rf3_ra3,1e-9,1.0570606060606063e-6,0.3409727512794301,22704469.53314234,30935878.028843936
SCCD_k3_nc10_rf3_ra3,1e-9,4.84e-8,36.10388747071623,0.37473544847875584,0.21972979202460463
SCCD_k4_nc10_rf3_ra3,1e-9,8.226666666666668e-8,62.354180230222745,0.3402777761725939,0.19442827804151705
SCCD_k5_nc10_rf3_ra3,1e-9,1.4076190476190476e-7,109.50689373698442,0.29210317234481903,0.17564406133638424
SCCD_k6_nc10_rf3_ra3,1e-9,1.5164285714285715e-7,118.15351451273374,0.34278198414605066,0.208237778575697
SCCD_k7_nc10_rf3_ra3,1e-9,1.6277777777777778e-7,24.473364197104498,18430034.95871637,86434033.28858255
SCCD_k8_nc10_rf3_ra3,1e-9,1.740888888888889e-7,4.03719035060359,45953538.01294467,111634643.74166526
SCCD_k9_nc10_rf3_ra3,1e-9,1.8552727272727273e-7,0.6600431327647113,80850648.26390636,146200414.97831503
SCCD_k10_nc10_rf3_ra3,1e-9,1.970606060606061e-7,0.11718434453912412,121789942.57636279,179077918.99262628
FCCD_k3_nc1_rf1_ra1,1e-8,9.9e-8,6.707447086901272,2.1305554800993787,3.387463196436048
FCCD_k4_nc1_rf1_ra1,1e-8,1.766666666666667e-7,11.130813080982541,2.354284219617011,5.91401392898867
FCCD_k5_nc1_rf1_ra1,1e-8,3.3476190476190475e-7,19.27968671289713,2.632408390296247,9.54892352758209
FCCD_k6_nc1_rf1_ra1,1e-8,3.332142857142857e-7,20.158941136657727,3.2784420101776726,13.35995937527899
FCCD_k7_nc1_rf1_ra1,1e-8,3.3194444444444445e-7,4.788946439109452,9037660.760708649,40801521.53860233
FCCD_k8_nc1_rf1_ra1,1e-8,3.308888888888889e-7,0.922973339538034,24177304.499329124,62155010.574256815
FCCD_k9_nc1_rf1_ra1,1e-8,3.3e-7,0.17549012896842656,45454550.1852831,76005170.19883229
FCCD_k10_nc1_rf1_ra1,1e-8,3.292424242424242e-7,0.035745978593466524,72894620.34280576,92661214.81310573
RCCD_k3_nc1_rf1_ra1,1e-8,1.5197056274847715e-7,10.305536314246096,2.0786675645886947,0.9869298139849423
RCCD_k4_nc1_rf1_ra1,1e-8,2.7266666666666665e-7,19.181640637601046,1.8958328967591123,0.9795208614550828
RCCD_k5_nc1_rf1_ra1,1e-8,5.045564488071066e-7,36.70842359387366,1.5515885794064712,0.8387217040207314
RCCD_k6_nc1_rf1_ra1,1e-8,6.332142857142859e-7,43.799620667036365,1.2664927923686178,0.6064430352487101
RCCD_k7_nc1_rf1_ra1,1e-8,8.659421997182739e-7,12.62354345421858,3464435.4488307755,17730923.92770358
RCCD_k8_nc1_rf1_ra1,1e-8,1.290888888888889e-6,3.142073490010021,6197280.90908947,15916207.841818957
RCCD_k9_nc1_rf1_ra1,1e-8,2.0731442738115364e-6,0.8375722679545535,7235387.137878586,12980525.229582475
RCCD_k10_nc1_rf1_ra1,1e-8,3.5231818181818193e-6,0.2619449425439412,6812024.752532619,8976651.777781967
SCCD_k3_nc1_rf1_ra1,1e-8,1.59e-7,10.669519244076337,2.0575393863908484,0.9964110156154515
SCCD_k4_nc1_rf1_ra1,1e-8,2.7266666666666665e-7,19.181640637601046,1.8958328967591123,0.9596672949997068
SCCD_k5_nc1_rf1_ra1,1e-8,4.6809523809523816e-7,34.46840864569515,1.7163088422035289,0.9191041483763883
SCCD_k6_nc1_rf1_ra1,1e-8,5.046428571428571e-7,37.726903603689344,1.845011929300696,0.866948336175944
SCCD_k7_nc1_rf1_ra1,1e-8,5.419444444444446e-7,9.557363341238243,5535624.653837938,25428338.65269026
SCCD_k8_nc1_rf1_ra1,1e-8,5.79777777777778e-7,1.9726371828796774,13798392.129668228,35215940.439752094
SCCD_k9_nc1_rf1_ra1,1e-8,6.18e-7,0.4032646724765781,24271846.370842658,42104055.28999764
SCCD_k10_nc1_rf1_ra1,1e-8,6.565151515151517e-7,0.08858848684683532,36556659.988528654,48987816.99301819
FCCD_k3_nc3_rf1_ra1,1e-8,1.01e-7,7.020399689549717,1.9778168353051087,3.3188745094481606
FCCD_k4_nc3_rf1_ra1,1e-8,1.78e-7,11.36848055525852,2.2885801012587113,5.863956719302094
FCCD_k5_nc3_rf1_ra1,1e-8,3.357142857142857e-7,19.50270455701008,2.596644569935618,8.91517102391194
FCCD_k6_nc3_rf1_ra1,1e-8,3.339285714285715e-7,20.30039950554578,3.255669289671637,12.26967899184249
FCCD_k7_nc3_rf1_ra1,1e-8,3.325e-7,4.811533078994475,9022560.182537135,46214329.433931455
FCCD_k8_nc3_rf1_ra1,1e-8,3.313333333333333e-7,0.9261016941954875,24144873.38017434,60908187.364090964
FCCD_k9_nc3_rf1_ra1,1e-8,3.303636363636364e-7,0.17593969323871123,45404517.6976012,77429539.31670807
FCCD_k10_nc3_rf1_ra1,1e-8,3.2954545454545455e-7,0.03581791820451614,72827590.01926015,96010160.57079008
RCCD_k3_nc3_rf1_ra1,1e-8,1.5397056274847714e-7,11.493292330051208,1.1928128009772394,0.6697994109644725
RCCD_k4_nc3_rf1_ra1,1e-8,2.74e-7,20.639246000571767,1.0624999427977475,0.5828296196188003
RCCD_k5_nc3_rf1_ra1,1e-8,5.055088297594876e-7,38.540248673331774,0.8749349473178657,0.4504498937381197
RCCD_k6_nc3_rf1_ra1,1e-8,6.339285714285716e-7,44.98420274066771,0.934621642694802,0.6099676352028613
RCCD_k7_nc3_rf1_ra1,1e-8,8.664977552738294e-7,12.78441738876052,3462214.1029263423,17684484.408303473
RCCD_k8_nc3_rf1_ra1,1e-8,1.2913333333333332e-6,3.161487744989736,6195147.905318047,15478339.817863952
RCCD_k9_nc3_rf1_ra1,1e-8,2.0735079101751726e-6,0.8403786643942104,7234118.233724794,12636954.074155498
RCCD_k10_nc3_rf1_ra1,1e-8,3.52348484848485e-6,0.2624807923006276,6811438.882035688,9049740.975820323
SCCD_k3_nc3_rf1_ra1,1e-8,1.6100000000000003e-7,11.908497518590929,1.1686507499002179,0.6586400505242953
SCCD_k4_nc3_rf1_ra1,1e-8,2.74e-7,20.639246000571767,1.0624999427977475,0.5832696957181307
SCCD_k5_nc3_rf1_ra1,1e-8,4.690476190476191e-7,36.31961909497718,0.9163094417929536,0.5240817521313218
SCCD_k6_nc3_rf1_ra1,1e-8,5.053571428571428e-7,39.236585007623866,1.0672347623811491,0.6240427641284266
SCCD_k7_nc3_rf1_ra1,1e-8,5.425000000000001e-7,9.85436265948217,5529955.068923394,25391310.21696601
SCCD_k8_nc3_rf1_ra1,1e-8,5.802222222222224e-7,2.0216644241900257,13787821.910318024,35107453.496272884
SCCD_k9_nc3_rf1_ra1,1e-8,6.183636363636363e-7,0.41146678008855814,24257572.472579528,42201365.46727307
SCCD_k10_nc3_rf1_ra1,1e-8,6.56818181818182e-7,0.09009055606770336,36539793.50568938,49780811.15865549
FCCD_k3_nc5_rf1_ra1,1e-8,1.0300000000000001e-7,7.242911468258173,1.9069586989884302,3.2944999136097137
FCCD_k4_nc5_rf1_ra1,1e-8,1.7933333333333335e-7,11.552054706992216,2.25094376049567,5.91095531222357
FCCD_k5_nc5_rf1_ra1,1e-8,3.3666666666666664e-7,19.68407246487974,2.5735170386373167,9.62409914871991
FCCD_k6_nc5_rf1_ra1,1e-8,3.3464285714285716e-7,20.41940571220703,3.2397726897444343,13.211609463192985
FCCD_k7_nc5_rf1_ra1,1e-8,3.330555555555556e-7,4.831104912291708,9007510.08193246,43229025.21508453
FCCD_k8_nc5_rf1_ra1,1e-8,3.317777777777778e-7,0.9288776202572572,24112529.507466353,57475253.50214138
FCCD_k9_nc5_rf1_ra1,1e-8,3.307272727272727e-7,0.17634630820570785,45354594.6976602,75706789.42248496
FCCD_k10_nc5_rf1_ra1,1e-8,3.2984848484848483e-7,0.03588399597243624,72760684.79080185,100445569.06975818
RCCD_k3_nc5_rf1_ra1,1e-8,1.5597056274847713e-7,12.09376030227974,1.013976804188081,0.669682822250371
RCCD_k4_nc5_rf1_ra1,1e-8,2.7533333333333334e-7,21.354221481196014,0.8958333066365177,0.583224789555591
RCCD_k5_nc5_rf1_ra1,1e-8,5.064612107118685e-7,39.45932310765521,0.7265791259450644,0.45046650079867356
RCCD_k6_nc5_rf1_ra1,1e-8,6.346428571428574e-7,45.66871115640698,0.8316271196276819,0.5995815151407385
RCCD_k7_nc5_rf1_ra1,1e-8,8.67053310829385e-7,12.896054659585301,3459995.6787989307,17698596.11499951
RCCD_k8_nc5_rf1_ra1,1e-8,1.2917777777777779e-6,3.1768309714127967,6193016.4159871405,14779095.257571366
RCCD_k9_nc5_rf1_ra1,1e-8,2.0738715465388087e-6,0.8427669483514366,7232849.760180922,12819647.387244707
RCCD_k10_nc5_rf1_ra1,1e-8,3.52378787878788e-6,0.2629556219156644,6810853.1235162625,9672569.759594977
SCCD_k3_nc5_rf1_ra1,1e-8,1.6300000000000002e-7,12.532619210148317,0.9908729925303459,0.6564871473701152
SCCD_k4_nc5_rf1_ra1,1e-8,2.7533333333333334e-7,21.354221481196014,0.8958333066365177,0.5833313434046327
SCCD_k5_nc5_rf1_ra1,1e-8,4.700000000000001e-7,37.21392772316219,0.7563094898737774,0.5215096325777464
SCCD_k6_nc5_rf1_ra1,1e-8,5.060714285714286e-7,39.958977767331604,0.9116792557717935,0.6232932321017587
SCCD_k7_nc5_rf1_ra1,1e-8,5.430555555555556e-7,9.99604146158897,5524297.637900426,23351672.669859357
SCCD_k8_nc5_rf1_ra1,1e-8,5.806666666666668e-7,2.045022815191365,13777268.58675513,35381543.77062578
SCCD_k9_nc5_rf1_ra1,1e-8,6.187272727272728e-7,0.415372770139501,24243315.755893912,43127815.24641903
SCCD_k10_nc5_rf1_ra1,1e-8,6.571212121212123e-7,0.09080577225237038,36522942.899338126,49639149.38714029
FCCD_k3_nc7_rf1_ra1,1e-8,1.05e-7,7.416969864393904,1.8660568470181043,3.3628010296959654
FCCD_k4_nc7_rf1_ra1,1e-8,1.8066666666666667e-7,11.702107662801573,2.226555411050486,6.012862661618236
FCCD_k5_nc7_rf1_ra1,1e-8,3.376190476190476e-7,19.837152922015424,2.5573341964959457,9.427397342182182
FCCD_k6_nc7_rf1_ra1,1e-8,3.3535714285714283e-7,20.522203636412396,3.2280463942538558,12.213853347318608
FCCD_k7_nc7_rf1_ra1,1e-8,3.336111111111112e-7,4.848400907775791,8992510.013289511,39941164.4043158
FCCD_k8_nc7_rf1_ra1,1e-8,3.322222222222222e-7,0.9313782874173537,24080271.702628635,59334194.61020177
FCCD_k9_nc7_rf1_ra1,1e-8,3.310909090909091e-7,0.17671846583132525,45304781.895461485,78486599.3573072
FCCD_k10_nc7_rf1_ra1,1e-8,3.3015151515151515e-7,0.035945268827039294,72693901.5026378,99924403.92674907
RCCD_k3_nc7_rf1_ra1,1e-8,1.5797056274847715e-7,12.506765215530951,0.9371611911018661,0.6697397047717598
RCCD_k4_nc7_rf1_ra1,1e-8,2.766666666666667e-7,21.838641111885938,0.8244047436303917,0.5832409664851865
RCCD_k5_nc7_rf1_ra1,1e-8,5.074135916642494e-7,40.083482225227485,0.6615309621443084,0.45019451894107543
RCCD_k6_nc7_rf1_ra1,1e-8,6.35357142857143e-7,46.154493657127034,0.7814502958293879,0.6031295032150757
RCCD_k7_nc7_rf1_ra1,1e-8,8.676088663849406e-7,12.98189824367027,3457780.1039240365,17150076.84331561
RCCD_k8_nc7_rf1_ra1,1e-8,1.2922222222222223e-6,3.1895412522416926,6190886.377377325,15182850.550662506
RCCD_k9_nc7_rf1_ra1,1e-8,2.0742351829024453e-6,0.8448478969047221,7231581.753622676,13415517.140604148
RCCD_k10_nc7_rf1_ra1,1e-8,3.52409090909091e-6,0.26338217768124883,6810267.4748197235,9388458.86199942
SCCD_k3_nc7_rf1_ra1,1e-8,1.65e-7,12.96148159243379,0.9146825219500548,0.6566366365335765
SCCD_k4_nc7_rf1_ra1,1e-8,2.766666666666667e-7,21.838641111885938,0.8244047436303917,0.5832924064749162
SCCD_k5_nc7_rf1_ra1,1e-8,4.7095238095238105e-7,37.81498975271894,0.6877380745714663,0.5353840881313772
SCCD_k6_nc7_rf1_ra1,1e-8,5.067857142857143e-7,40.44205611540629,0.8450126026035297,0.6247931507276263
SCCD_k7_nc7_rf1_ra1,1e-8,5.436111111111112e-7,10.090766700590118,5518651.965392224,28963115.64348185
SCCD_k8_nc7_rf1_ra1,1e-8,5.811111111111112e-7,2.0606513594673683,13766731.33700898,34473930.151754
SCCD_k9_nc7_rf1_ra1,1e-8,6.190909090909091e-7,0.4179886485422591,24229075.718709793,44208559.65200086
SCCD_k10_nc7_rf1_ra1,1e-8,6.574242424242425e-7,0.09128519089933167,36506107.91093545,50543680.41778941
FCCD_k3_nc10_rf1_ra1,1e-8,1.0800000000000001e-7,7.624081054972776,1.8293209234464742,3.372661779592234
FCCD_k4_nc10_rf1_ra1,1e-8,1.8266666666666666e-7,11.886314790735963,2.202707309106167,5.75825922693947
FCCD_k5_nc10_rf1_ra1,1e-8,3.390476190476191e-7,20.029947819444253,2.5404964505082845,9.000132377224345
FCCD_k6_nc10_rf1_ra1,1e-8,3.3642857142857147e-7,20.654271847784823,3.2152766567393822,12.679155460204687
FCCD_k7_nc10_rf1_ra1,1e-8,3.3444444444444443e-7,4.871120717561072,8970103.471943656,43134825.10539915
FCCD_k8_nc10_rf1_ra1,1e-8,3.328888888888889e-7,0.934727664938342,24032046.97345263,61572969.53028897
FCCD_k9_nc10_rf1_ra1,1e-8,3.3163636363636364e-7,0.17722520921674476,45230267.79468157,76845579.73452292
FCCD_k10_nc10_rf1_ra1,1e-8,3.306060606060606e-7,0.03602985371046332,72593955.070931,98225210.3003653
RCCD_k3_nc10_rf1_ra1,1e-8,1.6097056274847714e-7,12.960247877375362,0.8794817225771594,0.6697085057164518
RCCD_k4_nc10_rf1_ra1,1e-8,2.786666666666667e-7,22.36415060718416,0.7708333195209492,0.583165852196
RCCD_k5_nc10_rf1_ra1,1e-8,5.088421630928209e-7,40.75999093290808,0.6121507559121044,0.4503540633908372
RCCD_k6_nc10_rf1_ra1,1e-8,6.364285714285716e-7,46.69404098935716,0.7410300743333789,0.6008096734781375
RCCD_k7_nc10_rf1_ra1,1e-8,8.684421997182739e-7,13.08246121065463,3454462.092712827,17877314.479742076
RCCD_k8_nc10_rf1_ra1,1e-8,1.292888888888889e-6,3.205304490628446,6187694.085082324,14613071.77899907
RCCD_k9_nc10_rf1_ra1,1e-8,2.0747806374479e-6,0.8475436492677556,7229680.58788094,12341414.354552923
RCCD_k10_nc10_rf1_ra1,1e-8,3.5245454545454556e-6,0.26395078030611785,6809389.171647626,9175432.985055944
SCCD_k3_nc10_rf1_ra1,1e-8,1.6800000000000002e-7,13.432128662076323,0.8575396677076458,0.657515196434351
SCCD_k4_nc10_rf1_ra1,1e-8,2.786666666666667e-7,22.36415060718416,0.7708333195209492,0.5833063032542586
SCCD_k5_nc10_rf1_ra1,1e-8,4.7238095238095244e-7,38.46274453401019,0.6363095101986964,0.532703096017684
SCCD_k6_nc10_rf1_ra1,1e-8,5.078571428571428e-7,40.96051797173787,0.7950126097756341,0.6240684604222143
SCCD_k7_nc10_rf1_ra1,1e-8,5.444444444444445e-7,10.192540241376372,5510204.946621557,26497630.45489047
SCCD_k8_nc10_rf1_ra1,1e-8,5.817777777777779e-7,2.0774726237816927,13750955.851519138,36427511.25699068
SCCD_k9_nc10_rf1_ra1,1e-8,6.196363636363636e-7,0.420809171921456,24207747.17027977,42448885.87635571
SCCD_k10_nc10_rf1_ra1,1e-8,6.57878787878788e-7,0.09180291643935021,36480885.16636251,48852098.024547264
FCCD_k3_nc1_rf2_ra1,1e-8,1.79e-7,10.54546560189047,1.7642789048670153,3.1486019332547195
FCCD_k4_nc1_rf2_ra1,1e-8,3.3666666666666664e-7,18.22135635485736,2.047356416117036,5.709114909232384
FCCD_k5_nc1_rf2_ra1,1e-8,6.547619047619048e-7,32.46024772854774,2.3995174493490543,9.451406199024932
FCCD_k6_nc1_rf2_ra1,1e-8,6.532142857142857e-7,34.530625085130104,2.9543964786449735,13.38910672747772
FCCD_k7_nc1_rf2_ra1,1e-8,6.519444444444445e-7,8.30909210262917,4601622.516083133,20443080.086338818
FCCD_k8_nc1_rf2_ra1,1e-8,6.508888888888889e-7,1.6185049997458532,12290888.089909619,30695629.123444434
FCCD_k9_nc1_rf2_ra1,1e-8,6.5e-7,0.31052142065649874,23076927.262296166,42289410.5680661
FCCD_k10_nc1_rf2_ra1,1e-8,6.492424242424242e-7,0.06374537475822609,36966165.784203656,49959456.951007314
RCCD_k3_nc1_rf2_ra1,1e-8,2.3197056274847718e-7,15.275350429308602,1.7906809469240605,0.9776788936253157
RCCD_k4_nc1_rf2_ra1,1e-8,4.3266666666666665e-7,30.00871074526591,1.6374993177053154,0.9928189787785894
RCCD_k5_nc1_rf2_ra1,1e-8,8.245564488071066e-7,59.81871633383157,1.3301568455596038,0.8506924533268915
RCCD_k6_nc1_rf2_ra1,1e-8,9.532142857142858e-7,72.31021166930185,0.9236324943159969,0.44926325524240607
RCCD_k7_nc1_rf2_ra1,1e-8,1.1859421997182738e-6,20.389869877282546,2529634.8823325676,12425244.917035608
RCCD_k8_nc1_rf2_ra1,1e-8,1.6108888888888891e-6,4.848176203120992,4966202.685027905,11723878.311801624
RCCD_k9_nc1_rf2_ra1,1e-8,2.3931442738115363e-6,1.2154950891914635,6267904.971728181,10359941.942278447
RCCD_k10_nc1_rf2_ra1,1e-8,3.84318181818182e-6,0.35563755699722865,6244825.83374599,8575917.670711976
SCCD_k3_nc1_rf2_ra1,1e-8,2.39e-7,15.738803460724636,1.7834591628443495,0.9862789833813542
SCCD_k4_nc1_rf2_ra1,1e-8,4.3266666666666665e-7,30.00871074526591,1.6374993177053154,0.986362267045834
SCCD_k5_nc1_rf2_ra1,1e-8,7.880952380952383e-7,56.37019694715533,1.5065191306518444,0.9506995816690157
SCCD_k6_nc1_rf2_ra1,1e-8,8.246428571428571e-7,62.698545471719676,1.5516253342801267,0.9291556816549557
SCCD_k7_nc1_rf2_ra1,1e-8,8.619444444444445e-7,15.798306478067854,3480504.2754247105,16265950.572047448
SCCD_k8_nc1_rf2_ra1,1e-8,8.99777777777778e-7,3.214705398319213,8891085.734168442,20606767.779880796
SCCD_k9_nc1_rf2_ra1,1e-8,9.38e-7,0.6441893239090669,15991472.613506673,28268457.6743433
SCCD_k10_nc1_rf2_ra1,1e-8,9.765151515151518e-7,0.13822149015124222,24577193.238766093,34042556.909077026
FCCD_k3_nc3_rf2_ra1,1e-8,1.8100000000000002e-7,11.026260224916578,1.6239507331598708,3.174812250315454
FCCD_k4_nc3_rf2_ra1,1e-8,3.38e-7,18.60625046527766,1.984235818947828,5.960058178936175
FCCD_k5_nc3_rf2_ra1,1e-8,6.557142857142857e-7,32.833941139948394,2.36438912295749,8.847102989506073
FCCD_k6_nc3_rf2_ra1,1e-8,6.539285714285714e-7,34.77191556883718,2.9319835843065993,12.618123425712625
FCCD_k7_nc3_rf2_ra1,1e-8,6.525e-7,8.34756870802658,4597704.536519636,20637803.138172615
FCCD_k8_nc3_rf2_ra1,1e-8,6.513333333333334e-7,1.6237832961899183,12282501.381174028,30253607.419808514
FCCD_k9_nc3_rf2_ra1,1e-8,6.503636363636363e-7,0.3112687545483845,23064024.625193596,42537372.631470084
FCCD_k10_nc3_rf2_ra1,1e-8,6.495454545454545e-7,0.063862838772982,36948919.96432961,50702185.540920906
RCCD_k3_nc3_rf2_ra1,1e-8,2.3397056274847717e-7,17.032613378830142,0.9123027579622929,0.5504929570484299
RCCD_k4_nc3_rf2_ra1,1e-8,4.34e-7,32.28906063946512,0.8041665859509679,0.4810712135988864
RCCD_k5_nc3_rf2_ra1,1e-8,8.255088297594876e-7,62.76920246107576,0.6670058660221178,0.37325872976611796
RCCD_k6_nc3_rf2_ra1,1e-8,9.539285714285716e-7,74.12260941982845,0.6370116355643006,0.32198031358682777
RCCD_k7_nc3_rf2_ra1,1e-8,1.1864977552738294e-6,20.604684600619514,2528450.3412732026,12971778.73327091
RCCD_k8_nc3_rf2_ra1,1e-8,1.6113333333333333e-6,4.870083014683811,4964832.885455622,13435113.181735154
RCCD_k9_nc3_rf2_ra1,1e-8,2.3935079101751725e-6,1.2181736055302312,6266952.709063139,11367484.319365276
RCCD_k10_nc3_rf2_ra1,1e-8,3.84348484848485e-6,0.3560785117912496,6244333.469039661,8768027.509741677
SCCD_k3_nc3_rf2_ra1,1e-8,2.41e-7,17.56644290403344,0.894570652793325,0.5029198222578012
SCCD_k4_nc3_rf2_ra1,1e-8,4.34e-7,32.28906063946512,0.8041665859509679,0.4911650511991797
SCCD_k5_nc3_rf2_ra1,1e-8,7.890476190476192e-7,59.39769594520206,0.7065201398232638,0.452063594195857
SCCD_k6_nc3_rf2_ra1,1e-8,8.25357142857143e-7,65.20749259499762,0.7738485545069798,0.46277661804348125
SCCD_k7_nc3_rf2_ra1,1e-8,8.625e-7,16.28872960935607,3478261.6292810976,17814426.383625347
SCCD_k8_nc3_rf2_ra1,1e-8,9.002222222222223e-7,3.2944429735921363,8886695.473039888,21016911.120090775
SCCD_k9_nc3_rf2_ra1,1e-8,9.383636363636364e-7,0.6572556948802419,15985274.849474909,28465758.98981917
SCCD_k10_nc3_rf2_ra1,1e-8,9.76818181818182e-7,0.14055738726575373,24569568.075002056,33240048.529526647
FCCD_k3_nc5_rf2_ra1,1e-8,1.83e-7,11.370326556334541,1.5578702684060353,3.11951590038766
FCCD_k4_nc5_rf2_ra1,1e-8,3.3933333333333333e-7,18.90426306504621,1.9478874147029326,5.806746653788663
FCCD_k5_nc5_rf2_ra1,1e-8,6.566666666666667e-7,33.13811483047088,2.3416296538711703,8.354577924042685
FCCD_k6_nc5_rf2_ra1,1e-8,6.546428571428571e-7,34.97504356541286,2.916316402538432,13.05483193639428
FCCD_k7_nc5_rf2_ra1,1e-8,6.530555555555555e-7,8.380847549148703,4593793.3770413445,24419890.397464953
FCCD_k8_nc5_rf2_ra1,1e-8,6.517777777777777e-7,1.6284467452017548,12274125.86728588,30971157.683950055
FCCD_k9_nc5_rf2_ra1,1e-8,6.507272727272728e-7,0.31194039889224096,23051136.133025773,37708016.80018341
FCCD_k10_nc5_rf2_ra1,1e-8,6.498484848484849e-7,0.06396988276797382,36931690.22959458,52692148.03120098
RCCD_k3_nc5_rf2_ra1,1e-8,2.3597056274847716e-7,17.92178509884779,0.734564585009393,0.5505429704906948
RCCD_k4_nc5_rf2_ra1,1e-8,4.3533333333333334e-7,33.40760370093854,0.6374999675880761,0.4804533956305561
RCCD_k5_nc5_rf2_ra1,1e-8,8.264612107118686e-7,64.25825094023692,0.519542418384872,0.3717434139443093
RCCD_k6_nc5_rf2_ra1,1e-8,9.546428571428575e-7,75.20378029817532,0.5414713145338987,0.3217353447872156
RCCD_k7_nc5_rf2_ra1,1e-8,1.187053310829385e-6,20.762085101467246,2527266.9466275154,12990052.145049598
RCCD_k8_nc5_rf2_ra1,1e-8,1.6117777777777778e-6,4.888435554972833,4963463.807836957,12764334.311827164
RCCD_k9_nc5_rf2_ra1,1e-8,2.393871546538809e-6,1.2205778225737518,6266000.757639177,11574499.110972216
RCCD_k10_nc5_rf2_ra1,1e-8,3.84378787878788e-6,0.35648807305101315,6243841.182431506,8431525.268196529
SCCD_k3_nc5_rf2_ra1,1e-8,2.43e-7,18.487096220509386,0.7167929056123817,0.5032568295840167
SCCD_k4_nc5_rf2_ra1,1e-8,4.3533333333333334e-7,33.40760370093854,0.6374999675880761,0.48096462568227377
SCCD_k5_nc5_rf2_ra1,1e-8,7.900000000000002e-7,60.860262676118126,0.5465202206756564,0.4583651718443738
SCCD_k6_nc5_rf2_ra1,1e-8,8.260714285714287e-7,66.40804090643817,0.6182930788752141,0.47563603701637336
SCCD_k7_nc5_rf2_ra1,1e-8,8.630555555555555e-7,16.52239429338795,3476022.478915601,17950345.100654755
SCCD_k8_nc5_rf2_ra1,1e-8,9.006666666666668e-7,3.332345893983403,8882310.015490463,23417685.834742002
SCCD_k9_nc5_rf2_ra1,1e-8,9.387272727272728e-7,0.6634586488319041,15979082.612165673,28020806.120808
SCCD_k10_nc5_rf2_ra1,1e-8,9.771212121212123e-7,0.1416654691058065,24561948.226996552,31938871.287209358
FCCD_k3_nc7_rf2_ra1,1e-8,1.85e-7,11.64036363006365,1.519438532533756,3.1783062013437346
FCCD_k4_nc7_rf2_ra1,1e-8,3.406666666666667e-7,19.148215562756047,1.9242585050606371,5.883503601785319
FCCD_k5_nc7_rf2_ra1,1e-8,6.576190476190476e-7,33.3950002440717,2.325684269680941,8.860742315926531
FCCD_k6_nc7_rf2_ra1,1e-8,6.553571428571429e-7,35.150589713128504,2.9047478527691566,13.433257065453347
FCCD_k7_nc7_rf2_ra1,1e-8,6.536111111111112e-7,8.410199143008008,4589888.719092474,22020629.43929289
FCCD_k8_nc7_rf2_ra1,1e-8,6.522222222222223e-7,1.6326296162073932,12265762.015006766,30270573.13218851
FCCD_k9_nc7_rf2_ra1,1e-8,6.510909090909091e-7,0.31255128695761475,23038261.586059555,43656891.49803361
FCCD_k10_nc7_rf2_ra1,1e-8,6.501515151515152e-7,0.06406838070891777,36914476.55717868,51003137.96485682
RCCD_k3_nc7_rf2_ra1,1e-8,2.3797056274847715e-7,18.533508142860395,0.658177969842789,0.5492356718671098
RCCD_k4_nc7_rf2_ra1,1e-8,4.3666666666666663e-7,34.16545378171407,0.566071409505555,0.49226743524874506
RCCD_k5_nc7_rf2_ra1,1e-8,8.274135916642495e-7,65.27118640544552,0.4546473694582122,0.36711621997434224
RCCD_k6_nc7_rf2_ra1,1e-8,9.55357142857143e-7,75.98043384473559,0.49370114749616273,0.32154937456486565
RCCD_k7_nc7_rf2_ra1,1e-8,1.1876088663849405e-6,20.886661389101878,2526084.6750424984,12241194.508542927
RCCD_k8_nc7_rf2_ra1,1e-8,1.6122222222222224e-6,4.904245985930553,4962095.529138905,12218955.549301943
RCCD_k9_nc7_rf2_ra1,1e-8,2.3942351829024457e-6,1.2227600624513513,6265049.042527098,10925663.363560298
RCCD_k10_nc7_rf2_ra1,1e-8,3.84409090909091e-6,0.35687053958832166,6243348.973810173,8455238.659887776
SCCD_k3_nc7_rf2_ra1,1e-8,2.45e-7,19.11971896556648,0.6406024379017509,0.5048419580297765
SCCD_k4_nc7_rf2_ra1,1e-8,4.3666666666666663e-7,34.16545378171407,0.566071409505555,0.4985047809349607
SCCD_k5_nc7_rf2_ra1,1e-8,7.909523809523811e-7,61.84324923020989,0.47794881440783843,0.4473364255992205
SCCD_k6_nc7_rf2_ra1,1e-8,8.267857142857143e-7,67.21087136973034,0.5516264342476531,0.46430709621824656
SCCD_k7_nc7_rf2_ra1,1e-8,8.636111111111112e-7,16.678438266012453,3473786.382052463,15039840.584419493
SCCD_k8_nc7_rf2_ra1,1e-8,9.011111111111111e-7,3.3576502258050085,8877929.097887285,21817555.191824637
SCCD_k9_nc7_rf2_ra1,1e-8,9.390909090909091e-7,0.6676004292273421,15972894.904335324,28479483.741073716
SCCD_k10_nc7_rf2_ra1,1e-8,9.774242424242426e-7,0.14240558850746682,24554333.387562204,32455209.903668627
FCCD_k3_nc10_rf2_ra1,1e-8,1.8800000000000002e-7,11.962438607813578,1.4847398145238964,3.1626756053063
FCCD_k4_nc10_rf2_ra1,1e-8,3.4266666666666666e-7,19.448043152234668,1.9010956231328402,5.820604001287652
FCCD_k5_nc10_rf2_ra1,1e-8,6.59047619047619e-7,33.71869466757099,2.309076007111675,9.57983694882745
FCCD_k6_nc10_rf2_ra1,1e-8,6.564285714285714e-7,35.376216500646564,2.8921387883968284,12.028670279017724
FCCD_k7_nc10_rf2_ra1,1e-8,6.544444444444444e-7,8.44865860334555,4584044.115635793,20027580.027240526
FCCD_k8_nc10_rf2_ra1,1e-8,6.528888888888889e-7,1.638202326599989,12253237.539449936,30554547.05651595
FCCD_k9_nc10_rf2_ra1,1e-8,6.516363636363636e-7,0.3133767740063718,23018977.52562296,38073714.94750513
FCCD_k10_nc10_rf2_ra1,1e-8,6.506060606060607e-7,0.06420309438690362,36888687.289195985,48662946.31088537
RCCD_k3_nc10_rf2_ra1,1e-8,2.4097056274847716e-7,19.205272882630712,0.6008038076354364,0.5525989091958381
RCCD_k4_nc10_rf2_ra1,1e-8,4.386666666666667e-7,34.98758689057107,0.5124999880394796,0.4761145363026554
RCCD_k5_nc10_rf2_ra1,1e-8,8.288421630928208e-7,66.37010551693851,0.4052860161293962,0.36357683343944053
RCCD_k6_nc10_rf2_ra1,1e-8,9.564285714285716e-7,76.84951845697576,0.45461646213854057,0.3214237190861142
RCCD_k7_nc10_rf2_ra1,1e-8,1.1884421997182738e-6,21.035667547123165,2524313.384575389,11723883.680221451
RCCD_k8_nc10_rf2_ra1,1e-8,1.6128888888888888e-6,4.924518218598768,4960044.457608235,13015875.884841442
RCCD_k9_nc10_rf2_ra1,1e-8,2.3947806374479e-6,1.225699050699539,6263622.073647635,10688998.784364464
RCCD_k10_nc10_rf2_ra1,1e-8,3.8445454545454555e-6,0.35740085257354337,6242610.806915304,8496403.323421463
SCCD_k3_nc10_rf2_ra1,1e-8,2.48e-7,19.813979070080002,0.583459585268965,0.5068692677668254
SCCD_k4_nc10_rf2_ra1,1e-8,4.386666666666667e-7,34.98758689057107,0.5124999880394796,0.47097021347302387
SCCD_k5_nc10_rf2_ra1,1e-8,7.923809523809526e-7,62.902597883835625,0.4265202548426979,0.4610089180108195
SCCD_k6_nc10_rf2_ra1,1e-8,8.278571428571429e-7,68.0725058878303,0.5016264459656131,0.4469912339380132
SCCD_k7_nc10_rf2_ra1,1e-8,8.644444444444444e-7,16.845857379511305,3470437.5175675303,15683636.341876963
SCCD_k8_nc10_rf2_ra1,1e-8,9.017777777777779e-7,3.3848140780418556,8871365.636187224,23120103.960396163
SCCD_k9_nc10_rf2_ra1,1e-8,9.396363636363637e-7,0.6720503035068083,15963622.76256621,27245183.78869395
SCCD_k10_nc10_rf2_ra1,1e-8,9.77878787878788e-7,0.14320146389873717,24542919.72446004,32885156.334935423
FCCD_k3_nc1_rf3_ra1,1e-8,2.59e-7,13.843616444522779,1.6351212870822518,3.092848814867531
FCCD_k4_nc1_rf3_ra1,1e-8,4.966666666666666e-7,24.400210201076202,1.9422396740114554,5.610907650627605
FCCD_k5_nc1_rf3_ra1,1e-8,9.74761904761905e-7,44.10227618535464,2.3209148286099546,9.415816861094534
FCCD_k6_nc1_rf3_ra1,1e-8,9.732142857142856e-7,47.38208593047722,2.8452159108296553,12.566567756360543
FCCD_k7_nc1_rf3_ra1,1e-8,9.719444444444444e-7,11.490111873226466,3086599.5225224104,12958505.374727752
FCCD_k8_nc1_rf3_ra1,1e-8,9.708888888888889e-7,2.2525978316645663,8239875.66139156,21086748.059104048
FCCD_k9_nc1_rf3_ra1,1e-8,9.7e-7,0.434547083119787,15463921.838805469,26326343.47146664
FCCD_k10_nc1_rf3_ra1,1e-8,9.692424242424243e-7,0.08962720025951264,24761611.736168247,32762139.67936185
RCCD_k3_nc1_rf3_ra1,1e-8,3.119705627484772e-7,19.5733416874954,1.6820593457203905,0.9788824548163559
RCCD_k4_nc1_rf3_ra1,1e-8,5.926666666666667e-7,39.48145890670938,1.5446419257314536,0.9969673963033929
RCCD_k5_nc1_rf3_ra1,1e-8,1.1445564488071066e-6,80.28977850751038,1.251800597122871,0.8040009989139995
RCCD_k6_nc1_rf3_ra1,1e-8,1.273214285714286e-6,97.83094316130129,0.8011933214514088,0.4103448516301272
RCCD_k7_nc1_rf3_ra1,1e-8,1.505942199718274e-6,27.365667678398204,1992108.8254624575,8073396.069409659
RCCD_k8_nc1_rf3_ra1,1e-8,1.930888888888889e-6,6.364655235960679,4143169.885256617,10087796.209624862
RCCD_k9_nc1_rf3_ra1,1e-8,2.7131442738115362e-6,1.5424219246251987,5528641.043128145,9545026.396588435
RCCD_k10_nc1_rf3_ra1,1e-8,4.163181818181819e-6,0.43345985590238384,5764821.711458393,7921037.85402902
SCCD_k3_nc1_rf3_ra1,1e-8,3.19e-7,20.122341915026315,1.680554981348405,0.9973131912034631
SCCD_k4_nc1_rf3_ra1,1e-8,5.926666666666667e-7,39.48145890670938,1.5446419257314536,0.9623719916013944
SCCD_k5_nc1_rf3_ra1,1e-8,1.1080952380952382e-6,75.76962781447261,1.433221670476553,0.9017169585680966
SCCD_k6_nc1_rf3_ra1,1e-8,1.1446428571428571e-6,85.06376784711861,1.4494583144118083,0.9362091076741212
SCCD_k7_nc1_rf3_ra1,1e-8,1.1819444444444445e-6,21.441738856136585,2538191.812226725,13858237.822825305
SCCD_k8_nc1_rf3_ra1,1e-8,1.2197777777777778e-6,4.346323985126749,6558573.138442821,15104059.062044332
SCCD_k9_nc1_rf3_ra1,1e-8,1.258e-6,0.8650308336934411,11923689.797067577,20735885.380200684
SCCD_k10_nc1_rf3_ra1,1e-8,1.2965151515151519e-6,0.18396315940590138,18511161.77238091,25026918.74157043
FCCD_k3_nc3_rf3_ra1,1e-8,2.61e-7,14.469763308645245,1.4988385724736222,3.042415963691098
FCCD_k4_nc3_rf3_ra1,1e-8,4.979999999999999e-7,24.913748454282903,1.8799650317033818,5.647131854148513
FCCD_k5_nc3_rf3_ra1,1e-8,9.757142857142858e-7,44.6091841241988,2.2859961742471246,9.058228901597442
FCCD_k6_nc3_rf3_ra1,1e-8,9.739285714285715e-7,47.71271348380277,2.8229216832910655,12.660478465942203
FCCD_k7_nc3_rf3_ra1,1e-8,9.725e-7,11.542983631579986,3084836.230243427,15433390.889704863
FCCD_k8_nc3_rf3_ra1,1e-8,9.713333333333333e-7,2.2598457580205404,8236105.4041852,21785275.624306645
FCCD_k9_nc3_rf3_ra1,1e-8,9.703636363636364e-7,0.4355700035350374,15458126.886901421,27263348.963991493
FCCD_k10_nc3_rf3_ra1,1e-8,9.695454545454546e-7,0.08978718820949001,24753872.63037203,34671349.834666744
RCCD_k3_nc3_rf3_ra1,1e-8,3.139705627484772e-7,21.823134134446285,0.8070502744365745,0.4846553105334524
RCCD_k4_nc3_rf3_ra1,1e-8,5.939999999999999e-7,42.48163875657876,0.7113094161859853,0.4469753229915663
RCCD_k5_nc3_rf3_ra1,1e-8,1.1455088297594875e-6,84.23119406187342,0.594052447658397,0.3580168922929764
RCCD_k6_nc3_rf3_ra1,1e-8,1.2739285714285715e-6,100.20431008067762,0.5318699354780315,0.2773920677084575
RCCD_k7_nc3_rf3_ra1,1e-8,1.5064977552738296e-6,27.63024144446219,1991374.099235626,8479816.763822557
RCCD_k8_nc3_rf3_ra1,1e-8,1.9313333333333334e-6,6.38940999219883,4142216.429901749,9615017.658254322
RCCD_k9_nc3_rf3_ra1,1e-8,2.713507910175173e-6,1.5451683145518365,5527900.123208179,10323225.258048356
RCCD_k10_nc3_rf3_ra1,1e-8,4.16348484848485e-6,0.4338709687558789,5764402.117199282,7795718.692631847
SCCD_k3_nc3_rf3_ra1,1e-8,3.2100000000000003e-7,22.459011493913064,0.7916665977036901,0.4581389483561806
SCCD_k4_nc3_rf3_ra1,1e-8,5.939999999999999e-7,42.48163875657876,0.7113094161859853,0.4506524275924821
SCCD_k5_nc3_rf3_ra1,1e-8,1.109047619047619e-6,79.8390196178597,0.6332230892383591,0.40357894729321214
SCCD_k6_nc3_rf3_ra1,1e-8,1.145357142857143e-6,88.46768168132797,0.6716819217907275,0.43082335914624675
SCCD_k7_nc3_rf3_ra1,1e-8,1.1825000000000001e-6,22.107028285831596,2536998.564139,12917883.974844543
SCCD_k8_nc3_rf3_ra1,1e-8,1.2202222222222222e-6,4.45402765241754,6556183.544021632,16185290.295017246
SCCD_k9_nc3_rf3_ra1,1e-8,1.2583636363636364e-6,0.8825528992965217,11920243.291677305,20846335.007495932
SCCD_k10_nc3_rf3_ra1,1e-8,1.2968181818181822e-6,0.18706686639330075,18506835.3773446,25355586.759797905
FCCD_k3_nc5_rf3_ra1,1e-8,2.63e-7,14.918838889611411,1.434334650326383,3.0758118179901084
FCCD_k4_nc5_rf3_ra1,1e-8,4.993333333333333e-7,25.3116900626476,1.8440399632561346,5.9545543651692245
FCCD_k5_nc5_rf3_ra1,1e-8,9.766666666666667e-7,45.021912260031456,2.263358285450679,8.832007006093795
FCCD_k6_nc5_rf3_ra1,1e-8,9.74642857142857e-7,47.99111077760477,2.8073302187687856,13.415479230439425
FCCD_k7_nc5_rf3_ra1,1e-8,9.730555555555557e-7,11.588682703353042,3083074.9779736623,15694899.97835463
FCCD_k8_nc5_rf3_ra1,1e-8,9.717777777777778e-7,2.2662393352019397,8232338.598246783,19429935.553097583
FCCD_k9_nc5_rf3_ra1,1e-8,9.707272727272728e-7,0.43648713245031706,15452336.25572023,25791674.991582543
FCCD_k10_nc5_rf3_ra1,1e-8,9.698484848484849e-7,0.08993253905150393,24746138.0371288,33007765.83948311
RCCD_k3_nc5_rf3_ra1,1e-8,3.159705627484772e-7,22.961984174762986,0.6298076391277612,0.4996307838500766
RCCD_k4_nc5_rf3_ra1,1e-8,5.953333333333333e-7,43.95326842914845,0.544642815603049,0.4506573027336697
RCCD_k5_nc5_rf3_ra1,1e-8,1.1464612107118686e-6,86.22508966084558,0.44695052659264556,0.33211981805371565
RCCD_k6_nc5_rf3_ra1,1e-8,1.2746428571428574e-6,101.6389227871633,0.43941559623806753,0.2775912055057069
RCCD_k7_nc5_rf3_ra1,1e-8,1.507053310829385e-6,27.82841022755626,1990639.9637642067,10365565.998532854
RCCD_k8_nc5_rf3_ra1,1e-8,1.931777777777778e-6,6.41062467421834,4141263.417693576,11016759.36633755
RCCD_k9_nc5_rf3_ra1,1e-8,2.713871546538809e-6,1.5476835790475738,5527159.428703984,9620515.921309846
RCCD_k10_nc5_rf3_ra1,1e-8,4.16378787878788e-6,0.4342595193559233,5763982.603162326,8035030.944848273
SCCD_k3_nc5_rf3_ra1,1e-8,3.2299999999999997e-7,23.63608319423098,0.6138888606488211,0.4537583442944906
SCCD_k4_nc5_rf3_ra1,1e-8,5.953333333333333e-7,43.95326842914845,0.544642815603049,0.4302125408796087
SCCD_k5_nc5_rf3_ra1,1e-8,1.11e-6,81.80491880302098,0.47322320285839425,0.4212543745205431
SCCD_k6_nc5_rf3_ra1,1e-8,1.1460714285714286e-6,90.09647786982065,0.5161264771317472,0.4397147919841794
SCCD_k7_nc5_rf3_ra1,1e-8,1.1830555555555555e-6,22.423831910576304,2535807.0455493224,11422646.86849672
SCCD_k8_nc5_rf3_ra1,1e-8,1.2206666666666666e-6,4.505168054533448,6553796.28915472,16344514.618628196
SCCD_k9_nc5_rf3_ra1,1e-8,1.2587272727272728e-6,0.8908581944798151,11916799.62547426,20493627.073867
SCCD_k10_nc5_rf3_ra1,1e-8,1.2971212121212124e-6,0.18853635764982277,18502511.771722686,26096865.08249134
FCCD_k3_nc7_rf3_ra1,1e-8,2.65e-7,15.271694474723738,1.3967225027668633,3.0296650336884174
FCCD_k4_nc7_rf3_ra1,1e-8,5.006666666666667e-7,25.637605386760395,1.8206611823047518,5.84801943377099
FCCD_k5_nc7_rf3_ra1,1e-8,9.776190476190476e-7,45.3705451403396,2.2474913932312437,8.634465384440224
FCCD_k6_nc7_rf3_ra1,1e-8,9.75357142857143e-7,48.23174402475207,2.7958137555159124,13.484174593313995
FCCD_k7_nc7_rf3_ra1,1e-8,9.73611111111111e-7,11.628960600293976,3081315.7158112475,14460761.879354516
FCCD_k8_nc7_rf3_ra1,1e-8,9.722222222222224e-7,2.2719649761447,8228575.238032155,20297466.16063951
FCCD_k9_nc7_rf3_ra1,1e-8,9.710909090909091e-7,0.43731932387854816,15446549.75909657,27655438.190419525
FCCD_k10_nc7_rf3_ra1,1e-8,9.701515151515152e-7,0.09006588213731166,24738408.60143351,33426193.606792495
RCCD_k3_nc7_rf3_ra1,1e-8,3.179705627484772e-7,23.74556336219265,0.5536147146526657,0.49327862764113894
RCCD_k4_nc7_rf3_ra1,1e-8,5.966666666666666e-7,44.95034643483337,0.47321426242285136,0.4557279322296053
RCCD_k5_nc7_rf3_ra1,1e-8,1.1474135916642495e-6,87.58238182843711,0.38211714706437877,0.3411020126366392
RCCD_k6_nc7_rf3_ra1,1e-8,1.275357142857143e-6,102.67487128111898,0.39266901193684683,0.2800120211325385
RCCD_k7_nc7_rf3_ra1,1e-8,1.5076088663849408e-6,27.98721641047817,1989906.38288275,8503684.118706385
RCCD_k8_nc7_rf3_ra1,1e-8,1.9322222222222223e-6,6.429202678702632,4140310.8467278606,10341875.333607664
RCCD_k9_nc7_rf3_ra1,1e-8,2.7142351829024456e-6,1.5500046315430502,5526418.936179811,9471699.214531355
RCCD_k10_nc7_rf3_ra1,1e-8,4.16409090909091e-6,0.4346279397485757,5763563.1314287605,7885173.815927008
SCCD_k3_nc7_rf3_ra1,1e-8,3.25e-7,24.444902674025215,0.5376983957407768,0.4613401994645362
SCCD_k4_nc7_rf3_ra1,1e-8,5.966666666666666e-7,44.95034643483337,0.47321426242285136,0.4429046700179654
SCCD_k5_nc7_rf3_ra1,1e-8,1.110952380952381e-6,83.12619357909006,0.4046518056193428,0.4326150098570949
SCCD_k6_nc7_rf3_ra1,1e-8,1.1467857142857144e-6,91.18568621646742,0.44945984103854814,0.4698178096549899
SCCD_k7_nc7_rf3_ra1,1e-8,1.1836111111111112e-6,22.635283148617987,2534616.7476485735,13350406.867418723
SCCD_k8_nc7_rf3_ra1,1e-8,1.2211111111111113e-6,4.539273927783496,6551410.822713432,16564665.361269658
SCCD_k9_nc7_rf3_ra1,1e-8,1.2590909090909092e-6,0.8963954957122616,11913357.777402217,20104690.7984207
SCCD_k10_nc7_rf3_ra1,1e-8,1.2974242424242427e-6,0.18951607971163006,18498190.08797347,24575615.16211928
FCCD_k3_nc10_rf3_ra1,1e-8,2.68e-7,15.692891900008235,1.3627020719313743,3.0564363337162885
FCCD_k4_nc10_rf3_ra1,1e-8,5.026666666666667e-7,26.038325717493553,1.7977242959534334,5.828975493151751
FCCD_k5_nc10_rf3_ra1,1e-8,9.79047619047619e-7,45.80992259372482,2.230959023454961,9.195325876384349
FCCD_k6_nc10_rf3_ra1,1e-8,9.764285714285714e-7,48.541070425502554,2.7832577620753622,13.695183938197925
FCCD_k7_nc10_rf3_ra1,1e-8,9.744444444444445e-7,11.681689432062527,3078680.60950234,16334662.168719752
FCCD_k8_nc10_rf3_ra1,1e-8,9.728888888888888e-7,2.279578081173319,8222936.652062172,20225789.048682988
FCCD_k9_nc10_rf3_ra1,1e-8,9.716363636363636e-7,0.43844058759449145,15437878.402434554,27284382.64240497
FCCD_k10_nc10_rf3_ra1,1e-8,9.706060606060606e-7,0.09024758307807974,24726823.249219682,34461877.89020487
RCCD_k3_nc10_rf3_ra1,1e-8,3.209705627484772e-7,24.60610344051536,0.49637841056874055,0.4979183179947353
RCCD_k4_nc10_rf3_ra1,1e-8,5.986666666666667e-7,46.03199948052738,0.41964284356658943,0.4448617299998767
RCCD_k5_nc10_rf3_ra1,1e-8,1.148842163092821e-6,89.05545298392612,0.33276275471991107,0.33443534848026607
RCCD_k6_nc10_rf3_ra1,1e-8,1.2764285714285715e-6,103.83791178664796,0.3541605510181786,0.2848040806434134
RCCD_k7_nc10_rf3_ra1,1e-8,1.5084421997182739e-6,28.17894424767172,1988807.0747370953,9815170.495547336
RCCD_k8_nc10_rf3_ra1,1e-8,1.9328888888888887e-6,6.453377041983721,4138882.799837904,11130396.533921594
RCCD_k9_nc10_rf3_ra1,1e-8,2.7147806374479002e-6,1.5531831773071783,5525308.547806079,9826174.863854436
RCCD_k10_nc10_rf3_ra1,1e-8,4.164545454545456e-6,0.4351472411687886,5762934.061900118,8243899.496257228
SCCD_k3_nc10_rf3_ra1,1e-8,3.2799999999999997e-7,25.332526622864922,0.48055554461462996,0.4536751857912856
SCCD_k4_nc10_rf3_ra1,1e-8,5.986666666666667e-7,46.03199948052738,0.41964284356658943,0.45415021484062085
SCCD_k5_nc10_rf3_ra1,1e-8,1.1123809523809525e-6,84.55010998421707,0.35322325085222683,0.41043370841213395
SCCD_k6_nc10_rf3_ra1,1e-8,1.147857142857143e-6,92.35467464986033,0.39945985729198735,0.45020811348511836
SCCD_k7_nc10_rf3_ra1,1e-8,1.1844444444444444e-6,22.862000758409444,2532833.4356808253,12366147.141240567
SCCD_k8_nc10_rf3_ra1,1e-8,1.221777777777778e-6,4.575839648283129,6547835.974504631,16659664.070363509
SCCD_k9_nc10_rf3_ra1,1e-8,1.2596363636363636e-6,0.9023340865966695,11908199.057747906,20772397.612376045
SCCD_k10_nc10_rf3_ra1,1e-8,1.2978787878787881e-6,0.1905672997443398,18491711.73360485,24440668.910190437
FCCD_k3_nc1_rf1_ra2,1e-8,1.1699999999999999e-7,8.59816619366104,1.4391025315124206,1.815033198584754
FCCD_k4_nc1_rf1_ra2,1e-8,1.9266666666666667e-7,13.685491195605366,1.481832251428799,2.982245177987953
FCCD_k5_nc1_rf1_ra2,1e-8,3.4904761904761904e-7,22.97417295336243,1.5494900596508845,4.940875462173124
FCCD_k6_nc1_rf1_ra2,1e-8,3.4607142857142856e-7,23.628733846085293,1.9599159612026735,6.799886417919485
FCCD_k7_nc1_rf1_ra2,1e-8,3.4361111111111113e-7,5.55014480100561,8730802.455823027,41821733.901900195
FCCD_k8_nc1_rf1_ra2,1e-8,3.415555555555556e-7,1.0597350338490172,23422253.567451645,58471594.519632235
FCCD_k9_nc1_rf1_ra2,1e-8,3.3981818181818184e-7,0.1998863461208463,44141255.11626258,78344254.18324351
FCCD_k10_nc1_rf1_ra2,1e-8,3.3833333333333336e-7,0.040430242444876745,70935962.48213018,97428014.01656833
RCCD_k3_nc1_rf1_ra2,1e-8,2.2294112549695427e-7,13.591268053766232,1.945083032092136,0.9777532578240496
RCCD_k4_nc1_rf1_ra2,1e-8,3.846666666666667e-7,24.251466186529072,1.804686886632561,0.9867278546545641
RCCD_k5_nc1_rf1_ra2,1e-8,6.886367071380227e-7,44.92856897310021,1.4287913015812985,0.7583270286109837
RCCD_k6_nc1_rf1_ra2,1e-8,9.460714285714289e-7,53.693469239972025,1.1080726415245485,0.5777106178922952
RCCD_k7_nc1_rf1_ra2,1e-8,1.41160662165877e-6,16.063127302804034,2125238.8509460827,10861725.248395845
RCCD_k8_nc1_rf1_ra2,1e-8,2.2615555555555557e-6,4.217670866862479,3537388.969792913,8840382.023414265
RCCD_k9_nc1_rf1_ra2,1e-8,3.826106729441255e-6,1.195480990200908,3920434.900550117,6705196.553900679
RCCD_k10_nc1_rf1_ra2,1e-8,6.726212121212124e-6,0.3976714645264476,3568130.5612112405,4822025.1358698765
SCCD_k3_nc1_rf1_ra2,1e-8,2.37e-7,14.135515132494529,1.9305551182705765,0.9925053236084685
SCCD_k4_nc1_rf1_ra2,1e-8,3.846666666666667e-7,24.251466186529072,1.804686886632561,0.9532570640779707
SCCD_k5_nc1_rf1_ra2,1e-8,6.157142857142859e-7,41.80819735213654,1.6524991050180664,0.936998854497172
SCCD_k6_nc1_rf1_ra2,1e-8,6.889285714285714e-7,45.351364775350575,1.7802569865348348,0.9302529883089761
SCCD_k7_nc1_rf1_ra2,1e-8,7.636111111111113e-7,11.710152169242523,3928703.13857559,20895267.441719703
SCCD_k8_nc1_rf1_ra2,1e-8,8.393333333333336e-7,2.4855695924205006,9531375.892273141,25467098.40538667
SCCD_k9_nc1_rf1_ra2,1e-8,9.158181818181818e-7,0.5251019745200337,16378798.569006005,27667812.13935934
SCCD_k10_nc1_rf1_ra2,1e-8,9.92878787878788e-7,0.11948393080793324,24172136.467779838,32710180.1459035
FCCD_k3_nc3_rf1_ra2,1e-8,1.1900000000000001e-7,8.865984369778019,1.3655660090394293,1.811139049120204
FCCD_k4_nc3_rf1_ra2,1e-8,1.94e-7,13.861417310073573,1.4570512363039623,2.9803322736083167
FCCD_k5_nc3_rf1_ra2,1e-8,3.5e-7,23.12593725494243,1.537609266735265,4.637224041233577
FCCD_k6_nc3_rf1_ra2,1e-8,3.4678571428571434e-7,23.721099645882525,1.9527343960512875,6.5657549048097
FCCD_k7_nc3_rf1_ra2,1e-8,3.4416666666666667e-7,5.564803370595096,8716709.283577401,34204910.44314464
FCCD_k8_nc3_rf1_ra2,1e-8,3.42e-7,1.0617858644339804,23391815.399810784,57325532.587032646
FCCD_k9_nc3_rf1_ra2,1e-8,3.4018181818181816e-7,0.20018681136687663,44094069.36157598,74700476.5458806
FCCD_k10_nc3_rf1_ra2,1e-8,3.386363636363637e-7,0.040479478613072384,70872486.20035775,96191942.48712882
RCCD_k3_nc3_rf1_ra2,1e-8,2.2494112549695426e-7,15.152715349661504,1.0604461535174123,0.5818059741317941
RCCD_k4_nc3_rf1_ra2,1e-8,3.8600000000000004e-7,26.094325445690643,0.9713540882892233,0.5233292897386229
RCCD_k5_nc3_rf1_ra2,1e-8,6.895890880904037e-7,47.08645450538288,0.8084188119945838,0.41422376284081525
RCCD_k6_nc3_rf1_ra2,1e-8,9.467857142857146e-7,54.97265373129475,0.855199268490559,0.5674313388861744
RCCD_k7_nc3_rf1_ra2,1e-8,1.4121621772143257e-6,16.237136849655055,2124402.6788422237,10591692.55978468
RCCD_k8_nc3_rf1_ra2,1e-8,2.262e-6,4.240300740968064,3536693.898060542,8720741.949912768
RCCD_k9_nc3_rf1_ra2,1e-8,3.82647036580489e-6,1.199095883688142,3920062.316980194,6803374.848178965
RCCD_k10_nc3_rf1_ra2,1e-8,6.726515151515154e-6,0.3984314857209202,3567969.806694885,4951054.351260205
SCCD_k3_nc3_rf1_ra2,1e-8,2.39e-7,15.776975687202729,1.0416666051407704,0.572580028779421
SCCD_k4_nc3_rf1_ra2,1e-8,3.8600000000000004e-7,26.094325445690643,0.9713540882892233,0.5225785587082925
SCCD_k5_nc3_rf1_ra2,1e-8,6.166666666666668e-7,44.05360891307978,0.8524998935989058,0.42097996354793293
SCCD_k6_nc3_rf1_ra2,1e-8,6.89642857142857e-7,47.16614670528794,1.0024800426102307,0.5805975992251141
SCCD_k7_nc3_rf1_ra2,1e-8,7.641666666666668e-7,12.073751146928865,3925846.214168755,20886239.314269762
SCCD_k8_nc3_rf1_ra2,1e-8,8.39777777777778e-7,2.5472377830811848,9526330.770633942,23888331.65955319
SCCD_k9_nc3_rf1_ra2,1e-8,9.161818181818183e-7,0.5357542169573859,16372297.021236,30227112.028823312
SCCD_k10_nc3_rf1_ra2,1e-8,9.931818181818184e-7,0.12150294334694585,24164760.592162725,33527992.407405376
FCCD_k3_nc5_rf1_ra2,1e-8,1.21e-7,9.07625845914614,1.32276116688288,1.8338696821154605
FCCD_k4_nc5_rf1_ra2,1e-8,1.9533333333333336e-7,14.010738581520153,1.4396287756641004,3.1353176988173588
FCCD_k5_nc5_rf1_ra2,1e-8,3.5095238095238093e-7,23.26007068169576,1.528445977236115,4.718986194035082
FCCD_k6_nc5_rf1_ra2,1e-8,3.475e-7,23.80467114155015,1.946899803814967,6.709746223056703
FCCD_k7_nc5_rf1_ra2,1e-8,3.447222222222222e-7,5.578344524754226,8702661.35747558,38977000.244547196
FCCD_k8_nc5_rf1_ra2,1e-8,3.424444444444445e-7,1.0637114610381868,23361456.019047234,61216360.77805599
FCCD_k9_nc5_rf1_ra2,1e-8,3.4054545454545453e-7,0.20047251358984192,44046986.12610691,75649164.77327499
FCCD_k10_nc5_rf1_ra2,1e-8,3.389393939393939e-7,0.04052675495636196,70809121.59012097,94199135.29567544
RCCD_k3_nc5_rf1_ra2,1e-8,2.2694112549695425e-7,15.943305497090657,0.8811458016624044,0.5781779661654959
RCCD_k4_nc5_rf1_ra2,1e-8,3.8733333333333333e-7,26.998273302052866,0.8046874645905876,0.5216882831552193
RCCD_k5_nc5_rf1_ra2,1e-8,6.905414690427846e-7,48.19002505309952,0.6660133509806305,0.41025062170018217
RCCD_k6_nc5_rf1_ra2,1e-8,9.475000000000004e-7,55.75147480770563,0.7669875982849079,0.5675366521348897
RCCD_k7_nc5_rf1_ra2,1e-8,1.4127177327698812e-6,16.363621922336367,2123567.219957673,9568950.377662003
RCCD_k8_nc5_rf1_ra2,1e-8,2.2624444444444445e-6,4.258665592380742,3535999.120126406,8241776.941606818
RCCD_k9_nc5_rf1_ra2,1e-8,3.826834002168527e-6,1.2022120510945689,3919689.8118876824,7006644.093897823
RCCD_k10_nc5_rf1_ra2,1e-8,6.726818181818183e-6,0.3991089573731636,3567809.070920458,4899870.3904374875
SCCD_k3_nc5_rf1_ra2,1e-8,2.41e-7,16.60384343092789,0.8638888576723237,0.570934623010936
SCCD_k4_nc5_rf1_ra2,1e-8,3.8733333333333333e-7,26.998273302052866,0.8046874645905876,0.5242419486382858
SCCD_k5_nc5_rf1_ra2,1e-8,6.176190476190478e-7,45.13835378890071,0.6924999568054437,0.4211773011615688
SCCD_k6_nc5_rf1_ra2,1e-8,6.90357142857143e-7,48.03453219153492,0.8469245538454545,0.5839326682111311
SCCD_k7_nc5_rf1_ra2,1e-8,7.647222222222223e-7,12.247035769919451,3922993.9762222264,17421942.522873305
SCCD_k8_nc5_rf1_ra2,1e-8,8.402222222222224e-7,2.576560294321435,9521291.548618479,24200547.865513403
SCCD_k9_nc5_rf1_ra2,1e-8,9.165454545454546e-7,0.5408118655350469,16365801.310040627,29524468.370079927
SCCD_k10_nc5_rf1_ra2,1e-8,9.934848484848488e-7,0.1224605819390232,24157389.890473828,32847107.185820878
FCCD_k3_nc7_rf1_ra2,1e-8,1.23e-7,9.250130848138854,1.2947530599315065,1.81277981511698
FCCD_k4_nc7_rf1_ra2,1e-8,1.9666666666666668e-7,14.140639404397096,1.4267109815042784,3.1534747909900607
FCCD_k5_nc7_rf1_ra2,1e-8,3.5190476190476193e-7,23.380319450944512,1.5211635130234409,4.824189625016103
FCCD_k6_nc7_rf1_ra2,1e-8,3.482142857142857e-7,23.88100178771045,1.9420657190255672,7.427659906968261
FCCD_k7_nc7_rf1_ra2,1e-8,3.452777777777778e-7,5.590936826330767,8688658.728020415,39678455.25974479
FCCD_k8_nc7_rf1_ra2,1e-8,3.4288888888888893e-7,1.0655282884837718,23331175.562756725,58019566.431281276
FCCD_k9_nc7_rf1_ra2,1e-8,3.4090909090909096e-7,0.20074517487664548,44000002.71468835,72029848.52348669
FCCD_k10_nc7_rf1_ra2,1e-8,3.3924242424242423e-7,0.04057227570142352,70745871.15388003,94584844.77674691
RCCD_k3_nc7_rf1_ra2,1e-8,2.289411254969543e-7,16.48730020309699,0.8040571703133925,0.5743396577476519
RCCD_k4_nc7_rf1_ra2,1e-8,3.886666666666667e-7,27.610727999805714,0.7332589050248379,0.5169687591232905
RCCD_k5_nc7_rf1_ra2,1e-8,6.914938499951656e-7,48.94363575261844,0.6028126837217263,0.41613067483446414
RCCD_k6_nc7_rf1_ra2,1e-8,9.48214285714286e-7,56.315509400578854,0.7221079709492516,0.5606069877884576
RCCD_k7_nc7_rf1_ra2,1e-8,1.4132732883254368e-6,16.46327457967419,2122732.4129121057,9949527.899886303
RCCD_k8_nc7_rf1_ra2,1e-8,2.262888888888889e-6,4.274139602175958,3535304.6132895965,8425187.092833789
RCCD_k9_nc7_rf1_ra2,1e-8,3.827197638532163e-6,1.2049523959670003,3919317.383240885,6759706.597931494
RCCD_k10_nc7_rf1_ra2,1e-8,6.727121212121215e-6,0.39972030041893175,3567648.352739233,4856776.399091941
SCCD_k3_nc7_rf1_ra2,1e-8,2.43e-7,17.172021845680533,0.7876983898407476,0.5696273970667686
SCCD_k4_nc7_rf1_ra2,1e-8,3.886666666666667e-7,27.610727999805714,0.7332589050248379,0.5225598907005179
SCCD_k5_nc7_rf1_ra2,1e-8,6.185714285714287e-7,45.86740743551742,0.623928545673074,0.4202464011363808
SCCD_k6_nc7_rf1_ra2,1e-8,6.910714285714286e-7,48.6152387787043,0.7802579055954932,0.5824096255839507
SCCD_k7_nc7_rf1_ra2,1e-8,7.652777777777779e-7,12.36278681209674,3920146.0300587285,18389116.78350772
SCCD_k8_nc7_rf1_ra2,1e-8,8.40666666666667e-7,2.596141908580618,9516257.7957574,25009569.417895667
SCCD_k9_nc7_rf1_ra2,1e-8,9.169090909090909e-7,0.5441893879335687,16359310.594701182,27755694.52140392
SCCD_k10_nc7_rf1_ra2,1e-8,9.937878787878791e-7,0.12310013885003887,24150023.56617978,33791102.92486044
FCCD_k3_nc10_rf1_ra2,1e-8,1.26e-7,9.465845057869346,1.2671568365352157,1.8287755425385774
FCCD_k4_nc10_rf1_ra2,1e-8,1.9866666666666667e-7,14.308715244009006,1.4125795727340176,3.2045262093579123
FCCD_k5_nc10_rf1_ra2,1e-8,3.533333333333334e-7,23.540278160860044,1.512668621070851,4.612075585382609
FCCD_k6_nc10_rf1_ra2,1e-8,3.492857142857143e-7,23.984413003757325,1.9361917438146683,7.19362643946595
FCCD_k7_nc10_rf1_ra2,1e-8,3.4611111111111116e-7,5.60832963333955,8667739.09213881,37094196.94319718
FCCD_k8_nc10_rf1_ra2,1e-8,3.435555555555555e-7,1.0680782653134604,23285901.389487583,61545713.52539615
FCCD_k9_nc10_rf1_ra2,1e-8,3.414545454545455e-7,0.20113278827699327,43929714.87698152,77723776.88561974
FCCD_k10_nc10_rf1_ra2,1e-8,3.396969696969697e-7,0.04063763957223337,70651206.9583516,94323258.25694983
RCCD_k3_nc10_rf1_ra2,1e-8,2.3194112549695426e-7,17.08474480893261,0.746143603554134,0.5783768721056487
RCCD_k4_nc10_rf1_ra2,1e-8,3.906666666666667e-7,28.275132868549886,0.6796874827509608,0.5265100609109844
RCCD_k5_nc10_rf1_ra2,1e-8,6.92922421423737e-7,49.76298443499998,0.5545203347415522,0.41475852489538834
RCCD_k6_nc10_rf1_ra2,1e-8,9.492857142857146e-7,56.94990543836334,0.6849959685374563,0.5693350613846985
RCCD_k7_nc10_rf1_ra2,1e-8,1.41410662165877e-6,16.58205075829447,2121481.4680000916,8840881.619969286
RCCD_k8_nc10_rf1_ra2,1e-8,2.2635555555555554e-6,4.293596241738362,3534263.37446538,8364412.038465229
RCCD_k9_nc10_rf1_ra2,1e-8,3.827743093077618e-6,1.2085313913809275,3918758.8697752426,6784229.909672584
RCCD_k10_nc10_rf1_ra2,1e-8,6.72757575757576e-6,0.40053862939322626,3567407.3012147904,4721849.562871762
SCCD_k3_nc10_rf1_ra2,1e-8,2.46e-7,17.79555871469333,0.7305555370846764,0.5714956370380604
SCCD_k4_nc10_rf1_ra2,1e-8,3.906666666666667e-7,28.275132868549886,0.6796874827509608,0.5244854904094137
SCCD_k5_nc10_rf1_ra2,1e-8,6.200000000000002e-7,46.65309670902077,0.5724999835183072,0.4187024147403115
SCCD_k6_nc10_rf1_ra2,1e-8,6.921428571428571e-7,49.23847974872444,0.7302579153823501,0.573921453393633
SCCD_k7_nc10_rf1_ra2,1e-8,7.661111111111113e-7,12.487014052189663,3915881.8360409853,19207109.924697876
SCCD_k8_nc10_rf1_ra2,1e-8,8.413333333333335e-7,2.6171697794956406,9508717.094240883,23481806.078560807
SCCD_k9_nc10_rf1_ra2,1e-8,9.174545454545455e-7,0.5478187669451342,16349584.555473343,29797975.836037703
SCCD_k10_nc10_rf1_ra2,1e-8,9.942424242424245e-7,0.12378777554226135,24138982.595527124,32810157.07003253
FCCD_k3_nc1_rf2_ra2,1e-8,1.97e-7,13.207240090616017,1.1004869722301949,1.7032589893683057
FCCD_k4_nc1_rf2_ra2,1e-8,3.526666666666667e-7,22.116870253149404,1.1895767674598274,2.85591288256354
FCCD_k5_nc1_rf2_ra2,1e-8,6.69047619047619e-7,38.42970018789085,1.3223131733715405,4.582170583288605
FCCD_k6_nc1_rf2_ra2,1e-8,6.660714285714286e-7,40.237922355399235,1.6428811461621247,6.931098222444332
FCCD_k7_nc1_rf2_ra2,1e-8,6.636111111111112e-7,9.565410470753834,4520721.861288108,22902724.636823438
FCCD_k8_nc1_rf2_ra2,1e-8,6.615555555555555e-7,1.844247708141204,12092712.803783413,29026890.49397679
FCCD_k9_nc1_rf2_ra2,1e-8,6.598181818181818e-7,0.3507394315589014,22733537.840944726,40372884.66406205
FCCD_k10_nc1_rf2_ra2,1e-8,6.583333333333333e-7,0.07145383846863546,36455698.5599023,51763876.0229459
RCCD_k3_nc1_rf2_ra2,1e-8,3.029411254969543e-7,19.253075339878812,1.690986065699976,0.9665790405831413
RCCD_k4_nc1_rf2_ra2,1e-8,5.446666666666666e-7,36.630857853853676,1.5729158096564726,0.9490144537348703
RCCD_k5_nc1_rf2_ra2,1e-8,1.0086367071380226e-6,71.38623240218982,1.1996396273112326,0.7865166621353235
RCCD_k6_nc1_rf2_ra2,1e-8,1.266071428571429e-6,86.58703683380573,0.7545069645027682,0.3522691040075347
RCCD_k7_nc1_rf2_ra2,1e-8,1.73160662165877e-6,25.138242001908257,1732495.6353373034,7706348.260518978
RCCD_k8_nc1_rf2_ra2,1e-8,2.5815555555555556e-6,6.272577117493855,3098907.203489042,7879453.771850814
RCCD_k9_nc1_rf2_ra2,1e-8,4.146106729441254e-6,1.673572371192828,3617852.2023341614,6062354.357850681
RCCD_k10_nc1_rf2_ra2,1e-8,7.046212121212124e-6,0.523598885773453,3406085.6193125765,4624460.208778338
SCCD_k3_nc1_rf2_ra2,1e-8,3.17e-7,19.910027335836983,1.6954359364033382,0.9964600398028501
SCCD_k4_nc1_rf2_ra2,1e-8,5.446666666666666e-7,36.630857853853676,1.5729158096564726,0.9557007494217687
SCCD_k5_nc1_rf2_ra2,1e-8,9.357142857142859e-7,66.69856322158157,1.4581534102594473,0.9331263500026427
SCCD_k6_nc1_rf2_ra2,1e-8,1.0089285714285713e-6,73.60886070519757,1.5058382678419724,0.8962576105617676
SCCD_k7_nc1_rf2_ra2,1e-8,1.0836111111111113e-6,18.74981034783368,2768522.4253367735,13865787.017063934
SCCD_k8_nc1_rf2_ra2,1e-8,1.1593333333333335e-6,3.8848375591573645,6900519.049481482,18037154.166847736
SCCD_k9_nc1_rf2_ra2,1e-8,1.2358181818181818e-6,0.7963967518780237,12137709.381287763,21987260.090639938
SCCD_k10_nc1_rf2_ra2,1e-8,1.3128787878787882e-6,0.1753186026730575,18280439.802098032,24420023.5286259
FCCD_k3_nc3_rf2_ra2,1e-8,1.99e-7,13.597113486457314,1.0389562748697574,1.6489980535201676
FCCD_k4_nc3_rf2_ra2,1e-8,3.5399999999999997e-7,22.394295205056988,1.1668280913429898,2.9659136014082588
FCCD_k5_nc3_rf2_ra2,1e-8,6.7e-7,38.680871491211725,1.3108763174783644,4.857532714007325
FCCD_k6_nc3_rf2_ra2,1e-8,6.667857142857143e-7,40.393777189092255,1.635936362332718,6.694676762414363
FCCD_k7_nc3_rf2_ra2,1e-8,6.641666666666667e-7,9.589859492869307,4516940.43343902,20745748.46448638
FCCD_k8_nc3_rf2_ra2,1e-8,6.620000000000001e-7,1.8475878253130946,12084594.281185653,33840062.75272171
FCCD_k9_nc3_rf2_ra2,1e-8,6.601818181818182e-7,0.351214257420072,22721016.23423104,38412002.258631125
FCCD_k10_nc3_rf2_ra2,1e-8,6.586363636363636e-7,0.07152916780497613,36438925.6423756,48819470.310113646
RCCD_k3_nc3_rf2_ra2,1e-8,3.049411254969543e-7,21.455612336877163,0.8187325735550549,0.3348793298831518
RCCD_k4_nc3_rf2_ra2,1e-8,5.46e-7,39.414421805475975,0.7395832335058798,0.32670319572946416
RCCD_k5_nc3_rf2_ra2,1e-8,1.0095890880904037e-6,74.71543111147601,0.6130541585632876,0.3045739453476096
RCCD_k6_nc3_rf2_ra2,1e-8,1.2667857142857145e-6,88.36948411630314,0.5647077976328826,0.3013596679589343
RCCD_k7_nc3_rf2_ra2,1e-8,1.7321621772143258e-6,25.34172422142686,1731939.9234311583,9030413.113097603
RCCD_k8_nc3_rf2_ra2,1e-8,2.582e-6,6.294863518193322,3098373.7617989345,8299194.731872292
RCCD_k9_nc3_rf2_ra2,1e-8,4.1464703658048905e-6,1.6766427627605993,3617534.9273920557,6559214.425284032
RCCD_k10_nc3_rf2_ra2,1e-8,7.046515151515153e-6,0.5241710257031539,3405939.13953763,4558307.594215604
SCCD_k3_nc3_rf2_ra2,1e-8,3.19e-7,22.222042282593197,0.8065475496949281,0.3319917438140659
SCCD_k4_nc3_rf2_ra2,1e-8,5.46e-7,39.414421805475975,0.7395832335058798,0.32541986727679856
SCCD_k5_nc3_rf2_ra2,1e-8,9.366666666666668e-7,70.28077194130562,0.6581546084102965,0.30802906156651383
SCCD_k6_nc3_rf2_ra2,1e-8,1.0096428571428572e-6,76.55439498112645,0.7280617110547994,0.31231981616831966
SCCD_k7_nc3_rf2_ra2,1e-8,1.084166666666667e-6,19.331643948706038,2767102.991175081,12947458.581950514
SCCD_k8_nc3_rf2_ra2,1e-8,1.1597777777777781e-6,3.981118854199473,6897873.877429133,16778847.592672255
SCCD_k9_nc3_rf2_ra2,1e-8,1.2361818181818182e-6,0.8125297151154066,12134138.08749863,21795085.73668928
SCCD_k10_nc3_rf2_ra2,1e-8,1.3131818181818185e-6,0.17827627412880195,18276220.928947493,24082547.66174267
FCCD_k3_nc5_rf2_ra2,1e-8,2.01e-7,13.906632264266497,1.002228648507402,1.6985124557373377
FCCD_k4_nc5_rf2_ra2,1e-8,3.553333333333333e-7,22.63062498102121,1.1507081682384717,2.896063493349102
FCCD_k5_nc5_rf2_ra2,1e-8,6.70952380952381e-7,38.90313612121974,1.3020325623978886,4.53126909107394
FCCD_k6_nc5_rf2_ra2,1e-8,6.675e-7,40.53491533160508,1.6302839410643943,6.85235349322855
FCCD_k7_nc5_rf2_ra2,1e-8,6.647222222222223e-7,9.612410756020756,4513165.278844789,20771711.174518988
FCCD_k8_nc5_rf2_ra2,1e-8,6.624444444444444e-7,1.8507126761073673,12076486.415087126,29113235.190366805
FCCD_k9_nc5_rf2_ra2,1e-8,6.605454545454545e-7,0.3516634529875246,22708507.705596473,41425744.11329087
FCCD_k10_nc5_rf2_ra2,1e-8,6.58939393939394e-7,0.07160106277069947,36422168.15207037,49402900.48815375
RCCD_k3_nc5_rf2_ra2,1e-8,3.069411254969543e-7,22.573051372119487,0.6410106026402521,0.33474488108900075
RCCD_k4_nc5_rf2_ra2,1e-8,5.473333333333333e-7,40.77979836066902,0.5729166276002795,0.291641480926148
RCCD_k5_nc5_rf2_ra2,1e-8,1.0105414690427846e-6,76.4427994374205,0.4736849779189376,0.22521427489721227
RCCD_k6_nc5_rf2_ra2,1e-8,1.2675000000000004e-6,89.51623792393843,0.489938403837461,0.3034302118400991
RCCD_k7_nc5_rf2_ra2,1e-8,1.7327177327698813e-6,25.500645453001706,1731384.586299885,8201899.915179537
RCCD_k8_nc5_rf2_ra2,1e-8,2.582444444444445e-6,6.314190721082285,3097840.522726943,7539871.366369138
RCCD_k9_nc5_rf2_ra2,1e-8,4.1468340021685275e-6,1.6794436409712492,3617217.7021575943,6684522.9173410805
RCCD_k10_nc5_rf2_ra2,1e-8,7.046818181818184e-6,0.5247063077015872,3405792.672689944,4873534.734835029
SCCD_k3_nc5_rf2_ra2,1e-8,3.2100000000000003e-7,23.38669448117443,0.6287698124027542,0.3288980461509866
SCCD_k4_nc5_rf2_ra2,1e-8,5.473333333333333e-7,40.77979836066902,0.5729166276002795,0.29164251810232583
SCCD_k5_nc5_rf2_ra2,1e-8,9.376190476190478e-7,72.01131573443764,0.4981547043854383,0.2673932141241288
SCCD_k6_nc5_rf2_ra2,1e-8,1.010357142857143e-6,77.96385332340591,0.5725062532653189,0.3124778490123636
SCCD_k7_nc5_rf2_ra2,1e-8,1.0847222222222224e-6,19.608744676694837,2765685.619730881,12687247.198322099
SCCD_k8_nc5_rf2_ra2,1e-8,1.1602222222222223e-6,4.0268429775842804,6895231.408811898,18170980.74492671
SCCD_k9_nc5_rf2_ra2,1e-8,1.2365454545454546e-6,0.8201772167651284,12130569.611852527,21318394.681368124
SCCD_k10_nc5_rf2_ra2,1e-8,1.3134848484848487e-6,0.17967652158484715,18272004.300768003,24942314.52110437
FCCD_k3_nc7_rf2_ra2,1e-8,2.03e-7,14.164334336188235,0.9778225480264388,1.6999829558384585
FCCD_k4_nc7_rf2_ra2,1e-8,3.5666666666666666e-7,22.83676019701452,1.1386881097860535,2.9320091732275593
FCCD_k5_nc7_rf2_ra2,1e-8,6.719047619047619e-7,39.10258488721207,1.2949897981721565,4.814363633331779
FCCD_k6_nc7_rf2_ra2,1e-8,6.682142857142857e-7,40.663916812597336,1.6255938450664495,6.503017307074251
FCCD_k7_nc7_rf2_ra2,1e-8,6.652777777777777e-7,9.63334870399443,4509396.429914496,21114083.585088775
FCCD_k8_nc7_rf2_ra2,1e-8,6.628888888888889e-7,1.8536504025004064,12068389.658764344,29575273.39191492
FCCD_k9_nc7_rf2_ra2,1e-8,6.60909090909091e-7,0.35208998537417263,22696013.38139508,38542680.332549244
FCCD_k10_nc7_rf2_ra2,1e-8,6.592424242424242e-7,0.07166988083958908,36405426.06768143,50666855.25471684
RCCD_k3_nc7_rf2_ra2,1e-8,3.0894112549695435e-7,23.342365464695565,0.5645035248195451,0.33483222892820913
RCCD_k4_nc7_rf2_ra2,1e-8,5.486666666666667e-7,41.704886343848855,0.5014880729541027,0.29147934992499164
RCCD_k5_nc7_rf2_ra2,1e-8,1.0114938499951657e-6,77.62748436084823,0.41124576396148543,0.2252807878303311
RCCD_k6_nc7_rf2_ra2,1e-8,1.268214285714286e-6,90.36647454868697,0.44994546646440403,0.30014414209904583
RCCD_k7_nc7_rf2_ra2,1e-8,1.733273288325437e-6,25.63125607516157,1730829.6143467254,8698980.819932098
RCCD_k8_nc7_rf2_ra2,1e-8,2.582888888888889e-6,6.331265028263829,3097307.453771949,8451558.726732915
RCCD_k9_nc7_rf2_ra2,1e-8,4.147197638532163e-6,1.682019423186577,3616900.522070776,6312151.358954983
RCCD_k10_nc7_rf2_ra2,1e-8,7.047121212121215e-6,0.5252092884494564,3405646.2187082893,4522575.87282579
SCCD_k3_nc7_rf2_ra2,1e-8,3.2299999999999997e-7,24.186979956536085,0.5525793474289727,0.3280187974906161
SCCD_k4_nc7_rf2_ra2,1e-8,5.486666666666667e-7,41.704886343848855,0.5014880729541027,0.29165946286019045
SCCD_k5_nc7_rf2_ra2,1e-8,9.385714285714287e-7,73.17440885695186,0.42958330228586306,0.26201487426995607
SCCD_k6_nc7_rf2_ra2,1e-8,1.0110714285714286e-6,78.90638608486093,0.5058396135546999,0.3121324680857869
SCCD_k7_nc7_rf2_ra2,1e-8,1.0852777777777778e-6,19.79372051911409,2764269.8044225457,12902696.376748638
SCCD_k8_nc7_rf2_ra2,1e-8,1.160666666666667e-6,4.057341421667836,6892590.972123405,17480631.59936479
SCCD_k9_nc7_rf2_ra2,1e-8,1.236909090909091e-6,0.8252763491012776,12127003.395576052,20938623.539780594
SCCD_k10_nc7_rf2_ra2,1e-8,1.313787878787879e-6,0.1806100124136115,18267789.70150642,25981276.967073604
FCCD_k3_nc10_rf2_ra2,1e-8,2.0600000000000002e-7,14.485822936516348,0.9534793494942152,1.6676868469120296
FCCD_k4_nc10_rf2_ra2,1e-8,3.586666666666667e-7,23.104109413984432,1.125471880247835,2.9261685186368056
FCCD_k5_nc10_rf2_ra2,1e-8,6.733333333333333e-7,39.36814492975947,1.2867585193186584,4.547424295446268
FCCD_k6_nc10_rf2_ra2,1e-8,6.692857142857143e-7,40.838811424414025,1.6198863448722172,5.968671977047014
FCCD_k7_nc10_rf2_ra2,1e-8,6.661111111111112e-7,9.66220982458342,4503755.040966232,23033795.989449628
FCCD_k8_nc10_rf2_ra2,1e-8,6.635555555555556e-7,1.8577552388935987,12056264.812903928,31323213.886570226
FCCD_k9_nc10_rf2_ra2,1e-8,6.614545454545454e-7,0.35269261641141564,22677297.3488301,38820886.6376321
FCCD_k10_nc10_rf2_ra2,1e-8,6.596969696969697e-7,0.07176799156715909,36380342.92194043,48204385.68892329
RCCD_k3_nc10_rf2_ra2,1e-8,3.119411254969543e-7,24.187520604559474,0.5069884020940407,0.334857405281901
RCCD_k4_nc10_rf2_ra2,1e-8,5.506666666666667e-7,42.708442962392034,0.4479166533182587,0.2916082484953287
RCCD_k5_nc10_rf2_ra2,1e-8,1.012922421423737e-6,78.91864621531039,0.3632895629725319,0.22521124450087068
RCCD_k6_nc10_rf2_ra2,1e-8,1.2692857142857147e-6,91.33742231281397,0.4158135598138407,0.30060417737784606
RCCD_k7_nc10_rf2_ra2,1e-8,1.73410662165877e-6,25.792109310363767,1729997.8464880558,9471298.110870145
RCCD_k8_nc10_rf2_ra2,1e-8,2.5835555555555557e-6,6.353661942825592,3096508.207993571,8496306.87250633
RCCD_k9_nc10_rf2_ra2,1e-8,4.1477430930776175e-6,1.685533897057243,3616424.877302606,6394256.717276538
RCCD_k10_nc10_rf2_ra2,1e-8,7.04757575757576e-6,0.5259112438313287,3405426.561758131,4859409.497275673
SCCD_k3_nc10_rf2_ra2,1e-8,3.2600000000000003e-7,25.065238420296637,0.49543649626517294,0.33025688689475463
SCCD_k4_nc10_rf2_ra2,1e-8,5.506666666666667e-7,42.708442962392034,0.4479166533182587,0.2916665989818272
SCCD_k5_nc10_rf2_ra2,1e-8,9.400000000000002e-7,74.42785544632436,0.3781547449368892,0.26128069891693734
SCCD_k6_nc10_rf2_ra2,1e-8,1.0121428571428571e-6,79.91795553466322,0.45583962788589705,0.3115632168877461
SCCD_k7_nc10_rf2_ra2,1e-8,1.0861111111111113e-6,19.992082912278782,2762148.837020413,12992459.418359997
SCCD_k8_nc10_rf2_ra2,1e-8,1.1613333333333336e-6,4.090045634460759,6888634.254742835,17115058.314302728
SCCD_k9_nc10_rf2_ra2,1e-8,1.2374545454545456e-6,0.8307455408644254,12121657.846625963,19924409.541502032
SCCD_k10_nc10_rf2_ra2,1e-8,1.3142424242424246e-6,0.18161154434481333,18261471.49389202,24517293.376870297
FCCD_k3_nc1_rf3_ra2,1e-8,2.77e-7,17.175072346503548,0.977794978417032,1.6036995212801408
FCCD_k4_nc1_rf3_ra2,1e-8,5.126666666666667e-7,29.475175898623455,1.0875778554582216,2.8497067446304776
FCCD_k5_nc1_rf3_ra2,1e-8,9.89047619047619e-7,52.09282055626989,1.2448423303414486,4.912176524505715
FCCD_k6_nc1_rf3_ra2,1e-8,9.860714285714286e-7,55.099420557534444,1.535110195979683,6.227418387110462
FCCD_k7_nc1_rf3_ra2,1e-8,9.836111111111112e-7,13.196209433061924,3049987.667711412,14525046.721109996
FCCD_k8_nc1_rf3_ra2,1e-8,9.815555555555554e-7,2.559955134669013,8150330.205606022,19848406.539770763
FCCD_k9_nc1_rf3_ra2,1e-8,9.798181818181819e-7,0.48939685385238413,15308965.00407173,25876261.578536116
FCCD_k10_nc1_rf3_ra2,1e-8,9.783333333333332e-7,0.10015209707568436,24531518.581245106,33090006.198868472
RCCD_k3_nc1_rf3_ra2,1e-8,3.8294112549695435e-7,24.118154893061906,1.5923558702735787,0.9684758837276044
RCCD_k4_nc1_rf3_ra2,1e-8,7.046666666666667e-7,47.41653825337622,1.4882801445329026,0.9695397222894577
RCCD_k5_nc1_rf3_ra2,1e-8,1.3286367071380227e-6,94.7798817665057,1.114644588476808,0.7668305990111521
RCCD_k6_nc1_rf3_ra2,1e-8,1.586071428571429e-6,115.88641009673016,0.6251053154919415,0.3337248091694718
RCCD_k7_nc1_rf3_ra2,1e-8,2.05160662165877e-6,33.169320934828725,1462269.0231365974,6827262.383505649
RCCD_k8_nc1_rf3_ra2,1e-8,2.901555555555556e-6,8.04798006496358,2757142.0626786114,6793638.992491794
RCCD_k9_nc1_rf3_ra2,1e-8,4.466106729441255e-6,2.070882028106141,3358630.2277122303,5700951.155165396
RCCD_k10_nc1_rf3_ra2,1e-8,7.3662121212121234e-6,0.6234233144225009,3258119.7708203546,4380664.077416357
SCCD_k3_nc1_rf3_ra2,1e-8,3.97e-7,24.863200153821833,1.6064807696200838,0.9974258796611147
SCCD_k4_nc1_rf3_ra2,1e-8,7.046666666666667e-7,47.41653825337622,1.4882801445329026,0.9958907874687731
SCCD_k5_nc1_rf3_ra2,1e-8,1.2557142857142857e-6,88.71979407688352,1.3889924414465484,0.9732975354527623
SCCD_k6_nc1_rf3_ra2,1e-8,1.3289285714285714e-6,98.84150463767995,1.4090259653062174,0.9124703052391089
SCCD_k7_nc1_rf3_ra2,1e-8,1.4036111111111112e-6,25.073472378127796,2137345.5545163513,9789620.923028413
SCCD_k8_nc1_rf3_ra2,1e-8,1.4793333333333336e-6,5.145677295778084,5407842.75949,13444540.58335474
SCCD_k9_nc1_rf3_ra2,1e-8,1.555818181818182e-6,1.0412637550798074,9641230.692234168,16377622.26043273
SCCD_k10_nc1_rf3_ra2,1e-8,1.632878787878788e-6,0.22579881498911902,14697969.101556402,19689490.016390726
FCCD_k3_nc3_rf3_ra2,1e-8,2.79e-7,17.672497689119588,0.9200513075395443,1.6264476905464107
FCCD_k4_nc3_rf3_ra2,1e-8,5.14e-7,29.841819856743,1.0654808306413437,2.891179880762915
FCCD_k5_nc3_rf3_ra2,1e-8,9.9e-7,52.4320740319386,1.2335502978753135,4.780659466504238
FCCD_k6_nc3_rf3_ra2,1e-8,9.867857142857142e-7,55.31218203575776,1.5282426311393487,6.359250704569445
FCCD_k7_nc3_rf3_ra2,1e-8,9.841666666666666e-7,13.229550263575014,3048265.9991887235,15297098.590717638
FCCD_k8_nc3_rf3_ra2,1e-8,9.82e-7,2.564481305217613,8146641.598299745,20282730.359111257
FCCD_k9_nc3_rf3_ra2,1e-8,9.801818181818182e-7,0.49003408478534904,15303285.368632076,27603204.97508368
FCCD_k10_nc3_rf3_ra2,1e-8,9.786363636363637e-7,0.10025202092173657,24523922.617150944,34584270.992898196
RCCD_k3_nc3_rf3_ra2,1e-8,3.849411254969543e-7,26.870975596165255,0.7266719546099746,0.3285409353049893
RCCD_k4_nc3_rf3_ra2,1e-8,7.06e-7,51.01970120666977,0.6549477905817689,0.32973275752251646
RCCD_k5_nc3_rf3_ra2,1e-8,1.3295890880904038e-6,99.14036798910524,0.5429507076715061,0.2995506743069195
RCCD_k6_nc3_rf3_ra2,1e-8,1.5867857142857149e-6,118.1102159532181,0.45951131721320754,0.20877601524232456
RCCD_k7_nc3_rf3_ra2,1e-8,2.052162177214326e-6,33.40141028892977,1461873.1297853729,7040747.449181963
RCCD_k8_nc3_rf3_ra2,1e-8,2.902e-6,8.0710248935115,2756719.794732814,7030637.910215469
RCCD_k9_nc3_rf3_ra2,1e-8,4.466470365804891e-6,2.0737742754648623,3358356.7885829466,5594656.779561005
RCCD_k10_nc3_rf3_ra2,1e-8,7.366515151515154e-6,0.6239203526966306,3257985.7391710854,4354152.504493181
SCCD_k3_nc3_rf3_ra2,1e-8,3.99e-7,27.750392897026366,0.7175925093051206,0.3325753253174915
SCCD_k4_nc3_rf3_ra2,1e-8,7.06e-7,51.01970120666977,0.6549477905817689,0.32608835341601283
SCCD_k5_nc3_rf3_ra2,1e-8,1.2566666666666668e-6,93.48470547186908,0.5889940491811777,0.31564824965943555
SCCD_k6_nc3_rf3_ra2,1e-8,1.3296428571428573e-6,102.7967482011161,0.6312497956656221,0.28594831294964823
SCCD_k7_nc3_rf3_ra2,1e-8,1.4041666666666666e-6,25.851286437204102,2136499.1622684086,8938994.67941932
SCCD_k8_nc3_rf3_ra2,1e-8,1.479777777777778e-6,5.2731293279879,5406217.789067946,14329142.027984189
SCCD_k9_nc3_rf3_ra2,1e-8,1.5561818181818183e-6,1.0623395590271754,9638977.12043973,15974373.808740243
SCCD_k10_nc3_rf3_ra2,1e-8,1.6331818181818184e-6,0.22960432529942684,14695241.263397556,19970758.900854215
FCCD_k3_nc5_rf3_ra2,1e-8,2.8100000000000004e-7,18.06891716185416,0.8852841748811203,1.5919338038007933
FCCD_k4_nc5_rf3_ra2,1e-8,5.153333333333334e-7,30.154535605736015,1.0497811715714533,2.9159792099602284
FCCD_k5_nc5_rf3_ra2,1e-8,9.90952380952381e-7,52.73240687346365,1.2248109712612947,4.415250035065666
FCCD_k6_nc5_rf3_ra2,1e-8,9.875e-7,55.50490927018098,1.5226496862233687,6.51143106801892
FCCD_k7_nc5_rf3_ra2,1e-8,9.847222222222223e-7,13.260285541698316,3046546.2300231014,14616938.977611773
FCCD_k8_nc5_rf3_ra2,1e-8,9.824444444444445e-7,2.5687098319589152,8142956.112698782,20142234.46783933
FCCD_k9_nc5_rf3_ra2,1e-8,9.805454545454546e-7,0.4906356563046813,15297610.367455838,28550114.92836769
FCCD_k10_nc5_rf3_ra2,1e-8,9.78939393939394e-7,0.10034714355700267,24516330.877613753,35102249.09194773
RCCD_k3_nc5_rf3_ra2,1e-8,3.8694112549695434e-7,28.269107115561095,0.5497917490082984,0.2994860776014007
RCCD_k4_nc5_rf3_ra2,1e-8,7.073333333333334e-7,52.78710250231473,0.48828120245374396,0.25684071542530623
RCCD_k5_nc5_rf3_ra2,1e-8,1.3305414690427847e-6,101.41780049834533,0.40497424070628785,0.19823258455669165
RCCD_k6_nc5_rf3_ra2,1e-8,1.5875000000000003e-6,119.57664691505587,0.39066884290821874,0.21026385937400954
RCCD_k7_nc5_rf3_ra2,1e-8,2.052717732769881e-6,33.58821507200386,1461477.4581893962,7147319.951880595
RCCD_k8_nc5_rf3_ra2,1e-8,2.9024444444444448e-6,8.091542091068872,2756297.657955171,7161394.2784784315
RCCD_k9_nc5_rf3_ra2,1e-8,4.466834002168527e-6,2.076470165642082,3358083.385827279,5481324.348206811
RCCD_k10_nc5_rf3_ra2,1e-8,7.366818181818184e-6,0.6243938174000062,3257851.7243086407,4373614.891279183
SCCD_k3_nc5_rf3_ra2,1e-8,4.01e-7,29.204784656049224,0.5398147821342117,0.27599537965729665
SCCD_k4_nc5_rf3_ra2,1e-8,7.073333333333334e-7,52.78710250231473,0.48828120245374396,0.2592480598378649
SCCD_k5_nc5_rf3_ra2,1e-8,1.2576190476190477e-6,95.78660620380721,0.42899417792256483,0.24028047445750078
SCCD_k6_nc5_rf3_ra2,1e-8,1.3303571428571429e-6,104.6893595930464,0.4756943688477697,0.2553100411447928
SCCD_k7_nc5_rf3_ra2,1e-8,1.4047222222222223e-6,26.2215849398372,2135654.0376149607,10605624.379276965
SCCD_k8_nc5_rf3_ra2,1e-8,1.4802222222222224e-6,5.3336139606487905,5404594.370224342,13032483.132397622
SCCD_k9_nc5_rf3_ra2,1e-8,1.5565454545454547e-6,1.0723205771672573,9636725.105831271,15801881.817391442
SCCD_k10_nc5_rf3_ra2,1e-8,1.6334848484848489e-6,0.23140391735164087,14692515.08894819,19580101.488822587
FCCD_k3_nc7_rf3_ra2,1e-8,2.8300000000000003e-7,18.399767621051428,0.8620554788080801,1.6032597415709386
FCCD_k4_nc7_rf3_ra2,1e-8,5.166666666666667e-7,30.427540323430566,1.0380520066969596,2.997355042433363
FCCD_k5_nc7_rf3_ra2,1e-8,9.919047619047618e-7,53.00199675131022,1.21784664830198,4.577990187386612
FCCD_k6_nc7_rf3_ra2,1e-8,9.882142857142857e-7,55.681105613049255,1.5180066410912454,6.56194722451624
FCCD_k7_nc7_rf3_ra2,1e-8,9.852777777777777e-7,13.288804905917189,3044828.4008358596,13607463.362102887
FCCD_k8_nc7_rf3_ra2,1e-8,9.82888888888889e-7,2.5726795500579134,8139274.014459457,20788048.404244635
FCCD_k9_nc7_rf3_ra2,1e-8,9.80909090909091e-7,0.4912057021725865,15291939.153015703,28230459.332983196
FCCD_k10_nc7_rf3_ra2,1e-8,9.792424242424242e-7,0.10043796230343244,24508744.47430804,32546773.074774005
RCCD_k3_nc7_rf3_ra2,1e-8,3.889411254969544e-7,29.231948981644614,0.4735951022039943,0.2998227450628805
RCCD_k4_nc7_rf3_ra2,1e-8,7.086666666666666e-7,53.98457562530574,0.41685265270851224,0.25893404564481964
RCCD_k5_nc7_rf3_ra2,1e-8,1.3314938499951654e-6,102.98287279241454,0.34288719107846344,0.20134100708580524
RCCD_k6_nc7_rf3_ra2,1e-8,1.588214285714286e-6,120.6762066134669,0.35295513322289124,0.2085941323497886
RCCD_k7_nc7_rf3_ra2,1e-8,2.053273288325437e-6,33.74474246563187,1461082.007466059,6478312.32796738
RCCD_k8_nc7_rf3_ra2,1e-8,2.9028888888888888e-6,8.110040930059567,2755875.6517507113,6723466.293666778
RCCD_k9_nc7_rf3_ra2,1e-8,4.467197638532163e-6,2.0789952725265026,3357810.031646013,5961483.910972604
RCCD_k10_nc7_rf3_ra2,1e-8,7.367121212121215e-6,0.6248459001531802,3257717.714953604,4441866.787382535
SCCD_k3_nc7_rf3_ra2,1e-8,4.03e-7,30.20416336461343,0.46362431995935216,0.2753221505032325
SCCD_k4_nc7_rf3_ra2,1e-8,7.086666666666666e-7,53.98457562530574,0.41685265270851224,0.2554141944325398
SCCD_k5_nc7_rf3_ra2,1e-8,1.2585714285714286e-6,97.33370660632825,0.36042278485108803,0.23504526898688052
SCCD_k6_nc7_rf3_ra2,1e-8,1.3310714285714287e-6,105.9549864274287,0.4090277376709513,0.2544585693021275
SCCD_k7_nc7_rf3_ra2,1e-8,1.4052777777777777e-6,26.46868466909119,2134809.678929001,10383530.637626229
SCCD_k8_nc7_rf3_ra2,1e-8,1.4806666666666669e-6,5.373930509348339,5402972.035373711,13195081.939403366
SCCD_k9_nc7_rf3_ra2,1e-8,1.5569090909090908e-6,1.0789695308080682,9634474.18822636,16335171.729678916
SCCD_k10_nc7_rf3_ra2,1e-8,1.6337878787878791e-6,0.2326023307637516,14689789.825559149,19895436.89420665
FCCD_k3_nc10_rf3_ra2,1e-8,2.8600000000000005e-7,18.813317854626032,0.8387861726996231,1.6017244945833171
FCCD_k4_nc10_rf3_ra2,1e-8,5.186666666666667e-7,30.781902700602124,1.0251333872039836,2.9811633999571283
FCCD_k5_nc10_rf3_ra2,1e-8,9.933333333333333e-7,53.361059598916206,1.209701737983945,4.470958188257316
FCCD_k6_nc10_rf3_ra2,1e-8,9.892857142857142e-7,55.920042611419085,1.5123535827741348,6.663022538613515
FCCD_k7_nc10_rf3_ra2,1e-8,9.861111111111112e-7,13.328085931492858,3042255.287101301,14015915.708799612
FCCD_k8_nc10_rf3_ra2,1e-8,9.835555555555556e-7,2.578216638072945,8133757.165828464,19352492.571465775
FCCD_k9_nc10_rf3_ra2,1e-8,9.814545454545454e-7,0.4920090423964264,15283440.471602855,26410090.424942724
FCCD_k10_nc10_rf3_ra2,1e-8,9.796969696969697e-7,0.1005670355127748,24497373.390522536,32897236.8385197
RCCD_k3_nc10_rf3_ra2,1e-8,3.9194112549695434e-7,30.289880339788088,0.41629274898742086,0.29673537136056405
RCCD_k4_nc10_rf3_ra2,1e-8,7.106666666666666e-7,55.283621890001015,0.3632812356809756,0.26135490801077577
RCCD_k5_nc10_rf3_ra2,1e-8,1.332922421423737e-6,104.6905539946827,0.29508665550273344,0.20009251700892713
RCCD_k6_nc10_rf3_ra2,1e-8,1.5892857142857148e-6,121.94136094188505,0.3202617513721611,0.20920748598927716
RCCD_k7_nc10_rf3_ra2,1e-8,2.05410662165877e-6,33.94060857237734,1460489.244648773,7328037.071657299
RCCD_k8_nc10_rf3_ra2,1e-8,2.9035555555555556e-6,8.13478558392016,2755242.8869738267,7132537.746735937
RCCD_k9_nc10_rf3_ra2,1e-8,4.467743093077618e-6,2.0825073606532367,3357400.082422649,5461877.494798078
RCCD_k10_nc10_rf3_ra2,1e-8,7.36757575757576e-6,0.6254880171824122,3257516.7258866564,4330156.141373523
SCCD_k3_nc10_rf3_ra2,1e-8,4.06e-7,31.300913012446763,0.4064814702973376,0.2758013162921376
SCCD_k4_nc10_rf3_ra2,1e-8,7.106666666666666e-7,55.283621890001015,0.3632812356809756,0.2567653243152493
SCCD_k5_nc10_rf3_ra2,1e-8,1.26e-6,99.00099164178258,0.30899423229954337,0.2437797416168734
SCCD_k6_nc10_rf3_ra2,1e-8,1.3321428571428572e-6,107.31331530006122,0.35902775653711744,0.25722684015891445
SCCD_k7_nc10_rf3_ra2,1e-8,1.4061111111111112e-6,26.733550820591184,2133544.4246283052,11289161.77654166
SCCD_k8_nc10_rf3_ra2,1e-8,1.4813333333333335e-6,5.4171276042670184,5400540.432453547,12699455.220257366
SCCD_k9_nc10_rf3_ra2,1e-8,1.5574545454545455e-6,1.0860931305795913,9631100.060926322,16563875.642800285
SCCD_k10_nc10_rf3_ra2,1e-8,1.6342424242424248e-6,0.23388641254937237,14685703.960555581,20364430.43423482
FCCD_k3_nc1_rf1_ra3,1e-8,1.35e-7,10.116515732240346,1.1793757807978251,1.3216230162809826
FCCD_k4_nc1_rf1_ra3,1e-8,2.0866666666666668e-7,15.605610273822814,1.1756618383973156,2.1385017174931926
FCCD_k5_nc1_rf1_ra3,1e-8,3.633333333333334e-7,25.600731299862176,1.1814682355793729,3.216042796391919
FCCD_k6_nc1_rf1_ra3,1e-8,3.5892857142857146e-7,26.056186671270062,1.5133993812418371,4.306692891772983
FCCD_k7_nc1_rf1_ra3,1e-8,3.552777777777778e-7,6.083180970754132,8444098.707695654,37075294.302751146
FCCD_k8_nc1_rf1_ra3,1e-8,3.5222222222222224e-7,1.155910485636434,22712935.410925835,56818849.643725745
FCCD_k9_nc1_rf1_ra3,1e-8,3.496363636363636e-7,0.21713218199269674,42901717.799611114,76511672.89775528
FCCD_k10_nc1_rf1_ra3,1e-8,3.4742424242424244e-7,0.043758859468517985,69079810.57212165,91401688.17531972
RCCD_k3_nc1_rf1_ra3,1e-8,2.939116882454314e-7,16.329807182068617,1.885342809816881,0.9775356813033056
RCCD_k4_nc1_rf1_ra3,1e-8,4.966666666666666e-7,28.330849359863013,1.7624992093433658,0.9711575727269608
RCCD_k5_nc1_rf1_ra3,1e-8,8.727169654689388e-7,51.33573977186045,1.3635321192080787,0.7491462406497708
RCCD_k6_nc1_rf1_ra3,1e-8,1.258928571428572e-6,61.284638255326385,1.036681239879106,0.5407818186860945
RCCD_k7_nc1_rf1_ra3,1e-8,1.9572710435992665e-6,18.762836667818437,1532747.1515143013,7461409.761904073
RCCD_k8_nc1_rf1_ra3,1e-8,3.232222222222222e-6,5.082460984506455,2475078.058766058,6127753.775280548
RCCD_k9_nc1_rf1_ra3,1e-8,5.579069185070973e-6,1.4905403946738869,2688621.132310469,4455847.503049421
RCCD_k10_nc1_rf1_ra3,1e-8,9.929242424242426e-6,0.5126753450428089,2417103.264532397,3119455.1934440695
SCCD_k3_nc1_rf1_ra3,1e-8,3.15e-7,17.025788665200622,1.8735749194520521,0.9890447086492402
SCCD_k4_nc1_rf1_ra3,1e-8,4.966666666666666e-7,28.330849359863013,1.7624992093433658,0.9887147509242559
SCCD_k5_nc1_rf1_ra3,1e-8,7.633333333333335e-7,47.492811609326274,1.6230365256336956,0.9732171846165311
SCCD_k6_nc1_rf1_ra3,1e-8,8.732142857142857e-7,51.181788137717916,1.7492498860476091,0.89760647285251
SCCD_k7_nc1_rf1_ra3,1e-8,9.85277777777778e-7,13.408341453766337,3044828.3925724565,13950746.741538126
SCCD_k8_nc1_rf1_ra3,1e-8,1.0988888888888892e-6,2.904044991890942,7280082.658668113,17800291.40336722
SCCD_k9_nc1_rf1_ra3,1e-8,1.2136363636363636e-6,0.6276960374211478,12359552.179464573,21479284.213157557
SCCD_k10_nc1_rf1_ra3,1e-8,1.3292424242424247e-6,0.146264902635635,18055398.814634427,24469659.159599584
FCCD_k3_nc3_rf1_ra3,1e-8,1.37e-7,10.3614509263813,1.1318388846198886,1.3045426996154614
FCCD_k4_nc3_rf1_ra3,1e-8,2.1e-7,15.751596705235947,1.1620323084273143,2.1572378726447594
FCCD_k5_nc3_rf1_ra3,1e-8,3.6428571428571433e-7,25.72000259619833,1.175451449771858,3.2323162163842465
FCCD_k6_nc3_rf1_ra3,1e-8,3.596428571428572e-7,26.127239386558216,1.5098482388786159,4.132366076785847
FCCD_k7_nc3_rf1_ra3,1e-8,3.5583333333333335e-7,6.094530947256725,8430914.933945697,43251917.05349237
FCCD_k8_nc3_rf1_ra3,1e-8,3.526666666666667e-7,1.1575262728981723,22684311.77701306,52833208.17280351
FCCD_k9_nc3_rf1_ra3,1e-8,3.5e-7,0.21737418937128972,42857144.62496788,73780931.91847003
FCCD_k10_nc3_rf1_ra3,1e-8,3.4772727272727277e-7,0.04379943265536004,69019609.59602095,94595170.596563607
RCCD_k3_nc3_rf1_ra3,1e-8,2.959116882454314e-7,18.2025529857623,1.0013617183895818,0.5285903379406848
RCCD_k4_nc3_rf1_ra3,1e-8,4.979999999999999e-7,30.483699132263077,0.9291665665911659,0.49205905701287317
RCCD_k5_nc3_rf1_ra3,1e-8,8.736693464213197e-7,53.744116120562666,0.7753205335939539,0.38795832604832525
RCCD_k6_nc3_rf1_ra3,1e-8,1.2596428571428575e-6,62.65464028309112,0.8159854736187259,0.542477735015585
RCCD_k7_nc3_rf1_ra3,1e-8,1.957826599154822e-6,18.952333692234365,1532312.148137047,7881289.724368865
RCCD_k8_nc3_rf1_ra3,1e-8,3.2326666666666666e-6,5.108263072237562,2474737.743602217,6302733.4331786595
RCCD_k9_nc3_rf1_ra3,1e-8,5.579432821434609e-6,1.4948799129376038,2688445.8859840096,4805609.737461893
RCCD_k10_nc3_rf1_ra3,1e-8,9.929545454545457e-6,0.5136317750713371,2417029.4908210607,3322106.619292811
SCCD_k3_nc3_rf1_ra3,1e-8,3.17e-7,19.00287675709616,0.9846865296304971,0.5215821511224781
SCCD_k4_nc3_rf1_ra3,1e-8,4.979999999999999e-7,30.483699132263077,0.9291665665911659,0.49206096770105207
SCCD_k5_nc3_rf1_ra3,1e-8,7.642857142857145e-7,50.0435290100903,0.8230375031925172,0.39847479084084414
SCCD_k6_nc3_rf1_ra3,1e-8,8.739285714285715e-7,53.22988023714636,0.9714731651060937,0.566615882741507
SCCD_k7_nc3_rf1_ra3,1e-8,9.858333333333334e-7,13.824480525532104,3043111.75733234,14482169.090351513
SCCD_k8_nc3_rf1_ra3,1e-8,1.0993333333333336e-6,2.97602960785278,7277138.666943103,18317782.70545547
SCCD_k9_nc3_rf1_ra3,1e-8,1.2140000000000002e-6,0.6404124921003179,12355849.363723256,20889242.656365372
SCCD_k10_nc3_rf1_ra3,1e-8,1.329545454545455e-6,0.14873227769185215,18051282.84262475,24819322.787648115
FCCD_k3_nc5_rf1_ra3,1e-8,1.3900000000000001e-7,10.563267409986876,1.1009816007438944,1.2882269308833638
FCCD_k4_nc5_rf1_ra3,1e-8,2.1133333333333332e-7,15.880793948122967,1.1515463272935977,2.1568526090620046
FCCD_k5_nc5_rf1_ra3,1e-8,3.652380952380953e-7,25.82914381482835,1.1704585352153924,3.129316651202188
FCCD_k6_nc5_rf1_ra3,1e-8,3.6035714285714286e-7,26.19342973161908,1.5067828486088917,4.284676590722941
FCCD_k7_nc5_rf1_ra3,1e-8,3.563888888888889e-7,6.105278709584259,8417772.59959404,43540463.96945806
FCCD_k8_nc5_rf1_ra3,1e-8,3.531111111111111e-7,1.1590758443567937,22655759.988508306,59517062.4877958
FCCD_k9_nc5_rf1_ra3,1e-8,3.503636363636364e-7,0.217608507144498,42812664.36451272,78743295.14211486
FCCD_k10_nc5_rf1_ra3,1e-8,3.4803030303030304e-7,0.04383899707013987,68959513.77061449,92319796.5584109
RCCD_k3_nc5_rf1_ra3,1e-8,2.979116882454314e-7,19.151558824052994,0.821800618736273,0.529952265276158
RCCD_k4_nc5_rf1_ra3,1e-8,4.993333333333333e-7,31.539701653373605,0.762499955346081,0.4954743130668207
RCCD_k5_nc5_rf1_ra3,1e-8,8.746217273737007e-7,54.99009765850155,0.636524969893813,0.39095026213039585
RCCD_k6_nc5_rf1_ra3,1e-8,1.2603571428571431e-6,63.50959154879284,0.7346764762012733,0.5422341986935115
RCCD_k7_nc5_rf1_ra3,1e-8,1.9583821547103778e-6,19.092617763096936,1531877.4215338705,7306560.4458651915
RCCD_k8_nc5_rf1_ra3,1e-8,3.2331111111111114e-6,5.129401983400288,2474397.53355471,6186849.886767298
RCCD_k9_nc5_rf1_ra3,1e-8,5.579796457798245e-6,1.4986372511307613,2688270.672317138,4922214.302400854
RCCD_k10_nc5_rf1_ra3,1e-8,9.929848484848487e-6,0.5144860177182332,2416955.7231758963,3216680.930154444
SCCD_k3_nc5_rf1_ra3,1e-8,3.19e-7,19.998813221652856,0.8069087920390599,0.5259844361280812
SCCD_k4_nc5_rf1_ra3,1e-8,4.993333333333333e-7,31.539701653373605,0.762499955346081,0.4916785932748324
SCCD_k5_nc5_rf1_ra3,1e-8,7.652380952380954e-7,51.27576537976384,0.6630375815210147,0.3950240323262712
SCCD_k6_nc5_rf1_ra3,1e-8,8.746428571428571e-7,54.209906294853695,0.8159176941828806,0.5525780947337925
SCCD_k7_nc5_rf1_ra3,1e-8,9.86388888888889e-7,14.022701004296493,3041397.653488634,15075915.646544566
SCCD_k8_nc5_rf1_ra3,1e-8,1.099777777777778e-6,3.010221308842577,7274197.686394083,17675859.51253868
SCCD_k9_nc5_rf1_ra3,1e-8,1.2143636363636363e-6,0.6464409798595788,12352149.308900343,21311879.955833577
SCCD_k10_nc5_rf1_ra3,1e-8,1.329848484848485e-6,0.14990032081444074,18047169.397553936,25139077.808047593
FCCD_k3_nc7_rf1_ra3,1e-8,1.41e-7,10.735400938094527,1.0793354461671518,1.2711276801955913
FCCD_k4_nc7_rf1_ra3,1e-8,2.1266666666666667e-7,15.996766638813202,1.1432287912352974,2.1525175665874894
FCCD_k5_nc7_rf1_ra3,1e-8,3.661904761904762e-7,25.929775264112227,1.166248637930718,3.301550340627792
FCCD_k6_nc7_rf1_ra3,1e-8,3.610714285714285e-7,26.255390850138,1.5041099234169557,4.714699274463318
FCCD_k7_nc7_rf1_ra3,1e-8,3.5694444444444443e-7,6.1154902322243725,8404670.923971156,40040149.10017048
FCCD_k8_nc7_rf1_ra3,1e-8,3.5355555555555554e-7,1.1605654418117768,22627280.192080185,57744259.4371195
FCCD_k9_nc7_rf1_ra3,1e-8,3.5072727272727273e-7,0.21783577277478303,42768275.94821441,72040111.80477126
FCCD_k10_nc7_rf1_ra3,1e-8,3.4833333333333337e-7,0.043877626801100376,68899523.92303355,93613662.90005167
RCCD_k3_nc7_rf1_ra3,1e-8,2.9991168824543137e-7,19.804705651775503,0.7445589983084572,0.5310074481745084
RCCD_k4_nc7_rf1_ra3,1e-8,5.006666666666667e-7,32.255178445519135,0.691071399214206,0.4917407354537108
RCCD_k5_nc7_rf1_ra3,1e-8,8.755741083260816e-7,55.843886368199854,0.5744614106337373,0.3900557165802224
RCCD_k6_nc7_rf1_ra3,1e-8,1.261071428571429e-6,64.13512953905001,0.692395790964717,0.5335607063171505
RCCD_k7_nc7_rf1_ra3,1e-8,1.958937710265933e-6,19.204267956112265,1531442.9571082874,7297485.939935942
RCCD_k8_nc7_rf1_ra3,1e-8,3.2335555555555554e-6,5.147325719126565,2474057.419673488,6231118.942131448
RCCD_k9_nc7_rf1_ra3,1e-8,5.580160094161881e-6,1.5019520710414833,2688095.4813597077,4614322.0683124205
RCCD_k10_nc7_rf1_ra3,1e-8,9.930151515151518e-6,0.515258051043599,2416881.963259816,3242630.0706649246
SCCD_k3_nc7_rf1_ra3,1e-8,3.2100000000000003e-7,20.683166445801202,0.7307183269358001,0.5240090532392014
SCCD_k4_nc7_rf1_ra3,1e-8,5.006666666666667e-7,32.255178445519135,0.691071399214206,0.4986025159085172
SCCD_k5_nc7_rf1_ra3,1e-8,7.661904761904764e-7,52.10394761191185,0.594466174556206,0.39714605313943135
SCCD_k6_nc7_rf1_ra3,1e-8,8.753571428571429e-7,54.86526915737283,0.7492510508494535,0.5526493185932296
SCCD_k7_nc7_rf1_ra3,1e-8,9.869444444444446e-7,14.155042028589705,3039685.577250316,14156665.319291543
SCCD_k8_nc7_rf1_ra3,1e-8,1.1002222222222225e-6,3.033031425304089,7271259.124445047,18452621.726452436
SCCD_k9_nc7_rf1_ra3,1e-8,1.2147272727272727e-6,0.6504609287239244,12348451.55391296,21104776.478708323
SCCD_k10_nc7_rf1_ra3,1e-8,1.3301515151515153e-6,0.15067895666076941,18043057.962846678,24543004.15628815
FCCD_k3_nc10_rf1_ra3,1e-8,1.4400000000000002e-7,10.954490265338888,1.0567653701224322,1.286007573895708
FCCD_k4_nc10_rf1_ra3,1e-8,2.1466666666666666e-7,16.151272642109976,1.1335444988457182,2.0041906963751503
FCCD_k5_nc10_rf1_ra3,1e-8,3.676190476190476e-7,26.06744472969297,1.1610414255391663,3.301954324428861
FCCD_k6_nc10_rf1_ra3,1e-8,3.6214285714285716e-7,26.341507325232506,1.5006859771767227,4.735410580777992
FCCD_k7_nc10_rf1_ra3,1e-8,3.577777777777778e-7,6.129921387175649,8385094.785438937,38103820.515550874
FCCD_k8_nc10_rf1_ra3,1e-8,3.5422222222222224e-7,1.1626990011439418,22584694.446811624,61244575.79128221
FCCD_k9_nc10_rf1_ra3,1e-8,3.512727272727273e-7,0.21816465472880991,42701865.49868416,74213334.89504176
FCCD_k10_nc10_rf1_ra3,1e-8,3.487878787878788e-7,0.043933963229292765,68809732.47733901,97522319.0575247
RCCD_k3_nc10_rf1_ra3,1e-8,3.029116882454314e-7,20.522116433460962,0.6865143142341023,0.5342137961511593
RCCD_k4_nc10_rf1_ra3,1e-8,5.026666666666667e-7,33.03134404432654,0.6374999787675705,0.4880632861410785
RCCD_k5_nc10_rf1_ra3,1e-8,8.770026797546531e-7,56.77395188506638,0.5268434693633143,0.39240101568115504
RCCD_k6_nc10_rf1_ra3,1e-8,1.2621428571428575e-6,64.8433169437826,0.6569546248670828,0.5416245818115483
RCCD_k7_nc10_rf1_ra3,1e-8,1.9597710435992664e-6,19.338341699527206,1530791.7380289806,8089347.970866824
RCCD_k8_nc10_rf1_ra3,1e-8,3.2342222222222223e-6,5.169980515524347,2473547.4328641514,6307970.665798339
RCCD_k9_nc10_rf1_ra3,1e-8,5.580705548707337e-6,1.5062938069411693,2687832.739109411,4735743.7152580805
RCCD_k10_nc10_rf1_ra3,1e-8,9.930606060606062e-6,0.5162929415960745,2416771.330756677,3289776.4470667862
SCCD_k3_nc10_rf1_ra3,1e-8,3.24e-7,21.434197209239468,0.6735754756377301,0.525228679286879
SCCD_k4_nc10_rf1_ra3,1e-8,5.026666666666667e-7,33.03134404432654,0.6374999787675705,0.48954435778320243
SCCD_k5_nc10_rf1_ra3,1e-8,7.676190476190477e-7,52.99646615941779,0.5430376146166445,0.39820320574893614
SCCD_k6_nc10_rf1_ra3,1e-8,8.764285714285714e-7,55.56863467684494,0.6992510632491168,0.5572957837908996
SCCD_k7_nc10_rf1_ra3,1e-8,9.87777777777778e-7,14.296987589215037,3037121.1199520594,13787159.809393073
SCCD_k8_nc10_rf1_ra3,1e-8,1.1008888888888891e-6,3.0574963290811423,7266855.821436755,17291697.19810466
SCCD_k9_nc10_rf1_ra3,1e-8,1.2152727272727273e-6,0.6547730365881282,12342909.13891047,20604146.799726073
SCCD_k10_nc10_rf1_ra3,1e-8,1.330606060606061e-6,0.1515142782719986,18036894.2257905,23957475.90138605
FCCD_k3_nc1_rf2_ra3,1e-8,2.15e-7,15.266534665669765,0.8603932930369665,1.1518108240342875
FCCD_k4_nc1_rf2_ra3,1e-8,3.6866666666666666e-7,24.943909481009282,0.8953409937624861,2.0180429043975576
FCCD_k5_nc1_rf2_ra3,1e-8,6.833333333333333e-7,42.568239639612976,0.9594147088991475,3.0005081099976456
FCCD_k6_nc1_rf2_ra3,1e-8,6.789285714285714e-7,44.133846861637075,1.2025716690793675,4.247181620326055
FCCD_k7_nc1_rf2_ra3,1e-8,6.752777777777777e-7,10.419200644568532,4442617.645807057,20588850.470012538
FCCD_k8_nc1_rf2_ra3,1e-8,6.722222222222223e-7,1.997424720554963,11900827.85365483,30138847.764146436
FCCD_k9_nc1_rf2_ra3,1e-8,6.696363636363637e-7,0.3780238150899651,22400218.804444965,41145973.1006457
FCCD_k10_nc1_rf2_ra3,1e-8,6.674242424242425e-7,0.07668552167020956,35959138.82798531,48185561.68724796
RCCD_k3_nc1_rf2_ra3,1e-8,3.739116882454314e-7,22.511751611035628,1.6457186881555397,0.9676972235791215
RCCD_k4_nc1_rf2_ra3,1e-8,6.566666666666667e-7,41.819702828987076,1.5446418247241855,0.9821064133031174
RCCD_k5_nc1_rf2_ra3,1e-8,1.1927169654689389e-6,80.1401674282561,1.1238368609480351,0.7206270469796564
RCCD_k6_nc1_rf2_ra3,1e-8,1.5789285714285718e-6,97.33991382042291,0.678137170959266,0.3067376189761688
RCCD_k7_nc1_rf2_ra3,1e-8,2.277271043599267e-6,28.844613918853334,1317366.7235669892,6128328.857671908
RCCD_k8_nc1_rf2_ra3,1e-8,3.5522222222222225e-6,7.422163781284306,2252111.742141657,5842393.064675967
RCCD_k9_nc1_rf2_ra3,1e-8,5.899069185070973e-6,2.053293998783813,2542774.366212429,4433016.78133987
RCCD_k10_nc1_rf2_ra3,1e-8,1.0249242424242428e-5,0.6664616257612607,2341636.72019878,3287959.1287089046
SCCD_k3_nc1_rf2_ra3,1e-8,3.9500000000000003e-7,23.335572897726678,1.6559088752902205,0.9994860748845779
SCCD_k4_nc1_rf2_ra3,1e-8,6.566666666666667e-7,41.819702828987076,1.5446418247241855,0.9669180618670843
SCCD_k5_nc1_rf2_ra3,1e-8,1.0833333333333333e-6,74.40710516903381,1.4382342512275028,0.9679788824612418
SCCD_k6_nc1_rf2_ra3,1e-8,1.1932142857142856e-6,81.70606581015817,1.4858548515067915,0.9040216514779374
SCCD_k7_nc1_rf2_ra3,1e-8,1.3052777777777778e-6,21.025769199342964,2298362.837902019,11011435.725555014
SCCD_k8_nc1_rf2_ra3,1e-8,1.418888888888889e-6,4.423361489484189,5638216.057263058,14119264.723220948
SCCD_k9_nc1_rf2_ra3,1e-8,1.5336363636363637e-6,0.9233901880409772,9780677.173752207,16823302.351763837
SCCD_k10_nc1_rf2_ra3,1e-8,1.6492424242424246e-6,0.20729728200919345,14552137.270238893,20280123.539739635
FCCD_k3_nc3_rf2_ra3,1e-8,2.17e-7,15.606744522008457,0.8238636151871652,1.1798244067165715
FCCD_k4_nc3_rf2_ra3,1e-8,3.7e-7,25.168529966814926,0.8833734498166356,1.987836096834469
FCCD_k5_nc3_rf2_ra3,1e-8,6.842857142857143e-7,42.763308179881385,0.9537385862850518,3.105413896416359
FCCD_k6_nc3_rf2_ra3,1e-8,6.796428571428571e-7,44.25250530568434,1.199197821797908,4.526571922806218
FCCD_k7_nc3_rf2_ra3,1e-8,6.758333333333333e-7,10.43777527737983,4438965.654201171,19739893.336464666
FCCD_k8_nc3_rf2_ra3,1e-8,6.726666666666666e-7,1.9999779704467402,11892964.85048666,33408452.257503264
FCCD_k9_nc3_rf2_ra3,1e-8,6.7e-7,0.3783908305399145,22388061.330576845,39702369.36103313
FCCD_k10_nc3_rf2_ra3,1e-8,6.677272727272727e-7,0.07674454698186062,35942819.621368766,48227582.6248172
RCCD_k3_nc3_rf2_ra3,1e-8,3.7591168824543147e-7,25.07757179078828,0.7774750015325548,0.32803692441111987
RCCD_k4_nc3_rf2_ra3,1e-8,6.58e-7,44.997564714355455,0.7113094041617991,0.32585436229337095
RCCD_k5_nc3_rf2_ra3,1e-8,1.1936693464213198e-6,83.73188490575704,0.586015945563032,0.2866893703631353
RCCD_k6_nc3_rf2_ra3,1e-8,1.5796428571428576e-6,99.1320582403915,0.5277900915297618,0.29017766679008056
RCCD_k7_nc3_rf2_ra3,1e-8,2.277826599154822e-6,29.050492783049602,1317045.384053997,5897412.939258538
RCCD_k8_nc3_rf2_ra3,1e-8,3.5526666666666665e-6,7.445969569814172,2251829.992640662,5772896.505268567
RCCD_k9_nc3_rf2_ra3,1e-8,5.899432821434609e-6,2.056799053651042,2542617.622192801,4320376.5531132165
RCCD_k10_nc3_rf2_ra3,1e-8,1.0249545454545458e-5,0.667156438315329,2341567.486338332,3258700.310725314
SCCD_k3_nc3_rf2_ra3,1e-8,3.97e-7,26.04537278002405,0.7670206118900246,0.3327851721894565
SCCD_k4_nc3_rf2_ra3,1e-8,6.58e-7,44.997564714355455,0.7113094041617991,0.32891336120583936
SCCD_k5_nc3_rf2_ra3,1e-8,1.0842857142857144e-6,78.40331946000532,0.6382356383511822,0.3204633177330362
SCCD_k6_nc3_rf2_ra3,1e-8,1.1939285714285715e-6,84.97561764219141,0.7080785176994975,0.31412672176084533
SCCD_k7_nc3_rf2_ra3,1e-8,1.3058333333333335e-6,21.6780717632183,2297384.2515895586,11328400.58286027
SCCD_k8_nc3_rf2_ra3,1e-8,1.4193333333333337e-6,4.53293297561329,5636449.752923039,13429533.48012033
SCCD_k9_nc3_rf2_ra3,1e-8,1.534e-6,0.9420810322463605,9778357.839276707,15990251.84587764
SCCD_k10_nc3_rf2_ra3,1e-8,1.649545454545455e-6,0.21079083508466367,14549463.214514507,20249099.778972443
FCCD_k3_nc5_rf2_ra3,1e-8,2.19e-7,15.890985506573882,0.7993987847100912,1.1520207119918444
FCCD_k4_nc5_rf2_ra3,1e-8,3.7133333333333335e-7,25.36817092172107,0.8740808864041236,2.0307220058173456
FCCD_k5_nc5_rf2_ra3,1e-8,6.852380952380952e-7,42.94205716359833,0.9490145685705038,3.0647597075597717
FCCD_k6_nc5_rf2_ra3,1e-8,6.80357142857143e-7,44.363149718041996,1.1962796629542671,4.583871377620768
FCCD_k7_nc5_rf2_ra3,1e-8,6.763888888888889e-7,10.45534222807876,4435319.66204561,19052019.82818854
FCCD_k8_nc5_rf2_ra3,1e-8,6.731111111111112e-7,2.002419081913593,11885112.000934793,29110805.542246625
FCCD_k9_nc5_rf2_ra3,1e-8,6.703636363636363e-7,0.37874469084456763,22375917.307206184,38189332.83665265
FCCD_k10_nc5_rf2_ra3,1e-8,6.680303030303029e-7,0.07680183054572946,35926516.33322121,48622453.97183202
RCCD_k3_nc5_rf2_ra3,1e-8,3.779116882454314e-7,26.381605560751805,0.5997607368079153,0.30692816251900434
RCCD_k4_nc5_rf2_ra3,1e-8,6.593333333333334e-7,46.556349920360184,0.5446428107081509,0.2739358407287626
RCCD_k5_nc5_rf2_ra3,1e-8,1.1946217273737007e-6,85.63150539814002,0.45229861954198414,0.21429922431450457
RCCD_k6_nc5_rf2_ra3,1e-8,1.580357142857143e-6,100.3305008390216,0.4633556070789049,0.28939920668794267
RCCD_k7_nc5_rf2_ra3,1e-8,2.278382154710378e-6,29.215526135718992,1316724.2142776388,6245559.162636381
RCCD_k8_nc5_rf2_ra3,1e-8,3.5531111111111113e-6,7.466874692597474,2251548.3078981386,5857614.578847108
RCCD_k9_nc5_rf2_ra3,1e-8,5.8997964577982455e-6,2.0600142228360094,2542460.9037292027,4448812.902788036
RCCD_k10_nc5_rf2_ra3,1e-8,1.0249848484848487e-5,0.6678080730414663,2341498.256861654,3453611.2980027935
SCCD_k3_nc5_rf2_ra3,1e-8,3.99e-7,27.410404825050318,0.5892428844718177,0.30342451994759223
SCCD_k4_nc5_rf2_ra3,1e-8,6.593333333333334e-7,46.556349920360184,0.5446428107081509,0.27221429834767796
SCCD_k5_nc5_rf2_ra3,1e-8,1.0852380952380953e-6,80.33386700166604,0.4782357494469657,0.2193288332635731
SCCD_k6_nc5_rf2_ra3,1e-8,1.194642857142857e-6,86.540120717678093,0.552523077750719,0.29955506421633615
SCCD_k7_nc5_rf2_ra3,1e-8,1.306388888888889e-6,21.988646964387456,2296407.1064650435,10510357.465237746
SCCD_k8_nc5_rf2_ra3,1e-8,1.419777777777778e-6,4.584937713994619,5634685.20566802,14326976.694558764
SCCD_k9_nc5_rf2_ra3,1e-8,1.5343636363636364e-6,0.9509330570372915,9776040.327704433,17721658.521734297
SCCD_k10_nc5_rf2_ra3,1e-8,1.649848484848485e-6,0.21244282931472436,14546790.7274883,20086417.624051284
FCCD_k3_nc7_rf2_ra3,1e-8,2.21e-7,16.135727605982794,0.781868866615043,1.1427512195418315
FCCD_k4_nc7_rf2_ra3,1e-8,3.7266666666666664e-7,25.54797913855171,0.8666565952363321,2.0494966806143737
FCCD_k5_nc7_rf2_ra3,1e-8,6.861904761904762e-7,43.10706091750232,0.9450216354464898,3.156189021426691
FCCD_k6_nc7_rf2_ra3,1e-8,6.810714285714286e-7,44.46681087107801,1.1937307115332378,4.199570208936924
FCCD_k7_nc7_rf2_ra3,1e-8,6.769444444444444e-7,10.472010713187059,4431679.70104622,20358701.963139825
FCCD_k8_nc7_rf2_ra3,1e-8,6.735555555555556e-7,2.0047585341766085,11877269.74474895,28497031.839703646
FCCD_k9_nc7_rf2_ra3,1e-8,6.707272727272728e-7,0.3790864823865831,22363785.764367115,40402807.765269704
FCCD_k10_nc7_rf2_ra3,1e-8,6.683333333333333e-7,0.07685750180395873,35910226.71649037,50099759.60505978
RCCD_k3_nc7_rf2_ra3,1e-8,3.7991168824543145e-7,27.279809800069682,0.52317220694485,0.3031970325599487
RCCD_k4_nc7_rf2_ra3,1e-8,6.606666666666667e-7,47.61247870331086,0.4732142594944311,0.27480592493686146
RCCD_k5_nc7_rf2_ra3,1e-8,1.1955741083260816e-6,86.9420221644613,0.39161500684629247,0.21479137760147157
RCCD_k6_nc7_rf2_ra3,1e-8,1.5810714285714289e-6,101.2350720049074,0.4275586656102287,0.2926282287389547
RCCD_k7_nc7_rf2_ra3,1e-8,2.2789377102659333e-6,29.35343512971726,1316403.2080453746,6396368.185746233
RCCD_k8_nc7_rf2_ra3,1e-8,3.5535555555555558e-6,7.485519691238026,2251266.7035999163,5193240.038403731
RCCD_k9_nc7_rf2_ra3,1e-8,5.900160094161882e-6,2.062984593058127,2542304.2085096175,4239869.626006872
RCCD_k10_nc7_rf2_ra3,1e-8,1.0250151515151518e-5,0.6684216700431549,2341429.0317177675,3141074.1302232323
SCCD_k3_nc7_rf2_ra3,1e-8,4.01e-7,28.348380410855786,0.5130524222228806,0.30250464918939735
SCCD_k4_nc7_rf2_ra3,1e-8,6.606666666666667e-7,47.61247870331086,0.4732142594944311,0.27469715251412075
SCCD_k5_nc7_rf2_ra3,1e-8,1.0861904761904762e-6,81.63138204389023,0.4096643515141657,0.2177039776838879
SCCD_k6_nc7_rf2_ra3,1e-8,1.195357142857143e-6,87.58633498852278,0.4858564429560871,0.2980367388060009
SCCD_k7_nc7_rf2_ra3,1e-8,1.3069444444444445e-6,22.195912525487365,2295430.916458722,10954291.881187519
SCCD_k8_nc7_rf2_ra3,1e-8,1.4202222222222224e-6,4.619605551527143,5632921.796745828,14345636.812052984
SCCD_k9_nc7_rf2_ra3,1e-8,1.5347272727272728e-6,0.9568302229742349,9773723.949132277,16402295.778719537
SCCD_k10_nc7_rf2_ra3,1e-8,1.6501515151515154e-6,0.21354290234684256,14544119.305763641,20059918.3680026
FCCD_k3_nc10_rf2_ra3,1e-8,2.24e-7,16.449786045696804,0.7632575572648077,1.1809052777252351
FCCD_k4_nc10_rf2_ra3,1e-8,3.746666666666667e-7,25.788311066352215,0.8579521703312953,2.0440923608658736
FCCD_k5_nc10_rf2_ra3,1e-8,6.876190476190476e-7,43.33306627554646,0.9400703813305193,3.305189147971674
FCCD_k6_nc10_rf2_ra3,1e-8,6.821428571428571e-7,44.6110124185448,1.190459557174579,4.234224441784553
FCCD_k7_nc10_rf2_ra3,1e-8,6.777777777777777e-7,10.495526969933495,4426230.925000828,23912901.528107617
FCCD_k8_nc10_rf2_ra3,1e-8,6.742222222222221e-7,2.008096654890829,11865525.699432617,29914072.398727905
FCCD_k9_nc10_rf2_ra3,1e-8,6.712727272727272e-7,0.37957858641871833,22345613.863998752,39361397.87158981
FCCD_k10_nc10_rf2_ra3,1e-8,6.687878787878787e-7,0.07693823037912455,35885819.95728681,47821848.5302477
RCCD_k3_nc10_rf2_ra3,1e-8,3.829116882454314e-7,28.266818988125134,0.46556221125380104,0.3060482304031371
RCCD_k4_nc10_rf2_ra3,1e-8,6.626666666666666e-7,48.75819138822152,0.41964284168380556,0.2728843346371696
RCCD_k5_nc10_rf2_ra3,1e-8,1.197002679754653e-6,88.37512755955227,0.3446756949698245,0.21630936311034615
RCCD_k6_nc10_rf2_ra3,1e-8,1.5821428571428576e-6,102.28055903149321,0.39623633850609385,0.2893230947851281
RCCD_k7_nc10_rf2_ra3,1e-8,2.2797710435992668e-6,29.525604073058364,1315922.0075360066,6662525.72656943
RCCD_k8_nc10_rf2_ra3,1e-8,3.554222222222222e-6,7.510196642313022,2250844.4297256954,5597462.9751471095
RCCD_k9_nc10_rf2_ra3,1e-8,5.900705548707336e-6,2.067056364867934,2542069.193813304,4346068.588258094
RCCD_k10_nc10_rf2_ra3,1e-8,1.0250606060606062e-5,0.6692798985668131,2341325.2020410495,3185060.659186973
SCCD_k3_nc10_rf2_ra3,1e-8,4.04e-7,29.377744339272883,0.45590957251162995,0.3034432667309253
SCCD_k4_nc10_rf2_ra3,1e-8,6.626666666666666e-7,48.75819138822152,0.41964284168380556,0.27363351180859175
SCCD_k5_nc10_rf2_ra3,1e-8,1.0876190476190476e-6,83.02969296709882,0.3582357963795156,0.21915335057932586
SCCD_k6_nc10_rf2_ra3,1e-8,1.1964285714285714e-6,88.70918020779854,0.43585645989944255,0.30125532166201907
SCCD_k7_nc10_rf2_ra3,1e-8,1.3077777777777778e-6,22.418105325523232,2293968.1668284456,10829303.986522751
SCCD_k8_nc10_rf2_ra3,1e-8,1.420888888888889e-6,4.656755041396173,5630278.836333113,14803892.42345932
SCCD_k9_nc10_rf2_ra3,1e-8,1.5352727272727272e-6,0.9631487657542578,9770251.429725735,17143784.729497854
SCCD_k10_nc10_rf2_ra3,1e-8,1.6506060606060608e-6,0.2147215511569302,14540114.059434697,20099226.563300375
FCCD_k3_nc1_rf3_ra3,1e-8,2.95e-7,19.696442083277592,0.7433485957486284,1.1121718612953613
FCCD_k4_nc1_rf3_ra3,1e-8,5.286666666666667e-7,33.098276019010775,0.7962066397951846,1.9027986543246378
FCCD_k5_nc1_rf3_ra3,1e-8,1.0033333333333334e-6,57.576685362684,0.8830356732227204,3.2470862110624488
FCCD_k6_nc1_rf3_ra3,1e-8,9.989285714285714e-7,60.3154302625547,1.0961306550504488,4.31425206739088
FCCD_k7_nc1_rf3_ra3,1e-8,9.952777777777778e-7,14.34169022009019,3014235.1809799126,16380603.812964637
FCCD_k8_nc1_rf3_ra3,1e-8,9.922222222222222e-7,2.7655016251914675,8062711.3431467,20546119.431682188
FCCD_k9_nc1_rf3_ra3,1e-8,9.896363636363637e-7,0.5259863390897637,15157084.138089485,26270132.45233787
FCCD_k10_nc1_rf3_ra3,1e-8,9.874242424242425e-7,0.10716138181173125,24305663.541666664,33194067.99302364
RCCD_k3_nc1_rf3_ra3,1e-8,4.5391168824543145e-7,27.763806667823506,1.551876950800148,0.9635995067705727
RCCD_k4_nc1_rf3_ra3,1e-8,8.166666666666668e-7,53.48092881015659,1.4652764972870362,0.9802767772349316
RCCD_k5_nc1_rf3_ra3,1e-8,1.5127169654689388e-6,105.50442354077421,1.0314659351939588,0.681774233757604
RCCD_k6_nc1_rf3_ra3,1e-8,1.8989285714285717e-6,129.24569240035044,0.5458024806017863,0.2711698111162244
RCCD_k7_nc1_rf3_ra3,1e-8,2.5972710435992667e-6,37.64698300301572,1155058.8485801362,6183050.637315765
RCCD_k8_nc1_rf3_ra3,1e-8,3.872222222222222e-6,9.402758789186686,2065997.4056606893,5236774.792422783
RCCD_k9_nc1_rf3_ra3,1e-8,6.2190691850709735e-6,2.509545837897913,2411936.729011919,4009649.8262787834
RCCD_k10_nc1_rf3_ra3,1e-8,1.0569242424242427e-5,0.7852493560101227,2270740.0230748784,3121873.7146315644
SCCD_k3_nc1_rf3_ra3,1e-8,4.75e-7,28.678339294420876,1.574734599140835,0.9946700454629989
SCCD_k4_nc1_rf3_ra3,1e-8,8.166666666666668e-7,53.48092881015659,1.4652764972870362,0.974845385376423
SCCD_k5_nc1_rf3_ra3,1e-8,1.4033333333333334e-6,98.13466659496112,1.3721011506978533,0.9047971385718856
SCCD_k6_nc1_rf3_ra3,1e-8,1.513214285714286e-6,108.82593083501536,1.3927799230973987,0.9685670994260013
SCCD_k7_nc1_rf3_ra3,1e-8,1.6252777777777777e-6,27.809528751756204,1845839.708264546,8165041.6622891035
SCCD_k8_nc1_rf3_ra3,1e-8,1.7388888888888892e-6,5.774921125118464,4600640.357817816,11385880.944181249
SCCD_k9_nc1_rf3_ra3,1e-8,1.8536363636363638e-6,1.1858050016289694,8092203.386517101,13042276.874390513
SCCD_k10_nc1_rf3_ra3,1e-8,1.9692424242424245e-6,0.2613636205531527,12187429.232045827,17118838.815812558
FCCD_k3_nc3_rf3_ra3,1e-8,2.9699999999999997e-7,20.122341260703823,0.7101851600331262,1.1183512616263394
FCCD_k4_nc3_rf3_ra3,1e-8,5.3e-7,33.39243924294763,0.7847614065390036,2.0266580588381453
FCCD_k5_nc3_rf3_ra3,1e-8,1.0042857142857143e-6,57.83906013869139,0.8774694634320827,2.996595288902482
FCCD_k6_nc3_rf3_ra3,1e-8,9.99642857142857e-7,60.47682340997318,1.0928140033925595,4.191690232054089
FCCD_k7_nc3_rf3_ra3,1e-8,9.958333333333333e-7,14.366839317328367,3012553.5869028824,14585573.164763944
FCCD_k8_nc3_rf3_ra3,1e-8,9.926666666666666e-7,2.7689200221376065,8059101.442089993,20293889.571132723
FCCD_k9_nc3_rf3_ra3,1e-8,9.9e-7,0.5264703879358026,15151516.619682252,27125131.718133952
FCCD_k10_nc3_rf3_ra3,1e-8,9.877272727272728e-7,0.10723793552909745,24298206.937521845,32325789.849067856
RCCD_k3_nc3_rf3_ra3,1e-8,4.559116882454315e-7,30.916608942738286,0.692889188196234,0.32881856170585033
RCCD_k4_nc3_rf3_ra3,1e-8,8.179999999999999e-7,57.544921912803154,0.631944298919703,0.3324298433691613
RCCD_k5_nc3_rf3_ra3,1e-8,1.5136693464213199e-6,110.12527078162101,0.5171961931354885,0.2849370755266184
RCCD_k6_nc3_rf3_ra3,1e-8,1.8996428571428575e-6,131.39886200110914,0.42216426412287306,0.2018847160096848
RCCD_k7_nc3_rf3_ra3,1e-8,2.5978265991548223e-6,37.87063034970803,1154811.821014787,5517349.320780911
RCCD_k8_nc3_rf3_ra3,1e-8,3.872666666666667e-6,9.426220475666915,2065760.2960811586,5270236.755690004
RCCD_k9_nc3_rf3_ra3,1e-8,6.21943282143461e-6,2.5127168040398153,2411795.712006237,4260303.176970099
RCCD_k10_nc3_rf3_ra3,1e-8,1.0569545454545458e-5,0.785834827281237,2270674.9202966844,3014572.3835656634
SCCD_k3_nc3_rf3_ra3,1e-8,4.77e-7,32.008557732228994,0.6858464621302849,0.33042975156578946
SCCD_k4_nc3_rf3_ra3,1e-8,8.179999999999999e-7,57.544921912803154,0.631944298919703,0.32745001621922293
SCCD_k5_nc3_rf3_ra3,1e-8,1.4042857142857143e-6,103.40522593708538,0.5721029474011801,0.32616368178112676
SCCD_k6_nc3_rf3_ra3,1e-8,1.5139285714285714e-6,113.18071081106811,0.6150039764335578,0.3004721658824698
SCCD_k7_nc3_rf3_ra3,1e-8,1.6258333333333334e-6,28.67209003415692,1845208.2098818142,9512445.799045088
SCCD_k8_nc3_rf3_ra3,1e-8,1.7393333333333336e-6,5.91791155651846,4599464.008775379,12196694.715585468
SCCD_k9_nc3_rf3_ra3,1e-8,1.8540000000000002e-6,1.2097940177142474,8090615.449970944,14634845.309595602
SCCD_k10_nc3_rf3_ra3,1e-8,1.969545454545455e-6,0.2657654600389578,12185553.392749555,17252801.209895846
FCCD_k3_nc5_rf3_ra3,1e-8,2.99e-7,20.47989475891207,0.6877328957021057,1.1350802986913704
FCCD_k4_nc5_rf3_ra3,1e-8,5.313333333333333e-7,33.65426667070538,0.7758467775008774,1.9452337407223033
FCCD_k5_nc5_rf3_ra3,1e-8,1.0052380952380952e-6,58.07959622638394,0.8728323890593386,3.159476030406624
FCCD_k6_nc5_rf3_ra3,1e-8,1.0003571428571429e-6,60.627364544855695,1.0899434039888949,4.351082564575645
FCCD_k7_nc5_rf3_ra3,1e-8,9.96388888888889e-7,14.390611898685597,3010873.8682905543,13644246.79262002
FCCD_k8_nc5_rf3_ra3,1e-8,9.931111111111113e-7,2.7721841276964354,8055494.719408257,19566735.55976007
FCCD_k9_nc5_rf3_ra3,1e-8,9.903636363636364e-7,0.5269362251246319,15145953.602932768,28131275.28338708
FCCD_k10_nc5_rf3_ra3,1e-8,9.88030303030303e-7,0.10731206785419985,24290754.28122001,33871707.514342025
RCCD_k3_nc5_rf3_ra3,1e-8,4.5791168824543143e-7,32.52176308560346,0.5162706543348452,0.22333436338107737
RCCD_k4_nc5_rf3_ra3,1e-8,8.193333333333333e-7,59.53836686357063,0.4652777232424939,0.19442895095043994
RCCD_k5_nc5_rf3_ra3,1e-8,1.5146217273737006e-6,112.5959687551307,0.3860078216627389,0.17398690503764985
RCCD_k6_nc5_rf3_ra3,1e-8,1.9003571428571431e-6,132.88582968192867,0.3653574965576667,0.20185583248686245
RCCD_k7_nc5_rf3_ra3,1e-8,2.5983821547103776e-6,38.05608540833629,1154564.8943908154,5782906.826629793
RCCD_k8_nc5_rf3_ra3,1e-8,3.873111111111112e-6,9.447401179218259,2065523.242162328,4765838.332347533
RCCD_k9_nc5_rf3_ra3,1e-8,6.219796457798245e-6,2.5156904107504205,2411654.701320862,4206115.902907928
RCCD_k10_nc5_rf3_ra3,1e-8,1.0569848484848487e-5,0.7863939967135516,2270609.8188281357,3241980.5067073815
SCCD_k3_nc5_rf3_ra3,1e-8,4.79e-7,33.68611889161547,0.5080687448315665,0.21977033451158626
SCCD_k4_nc5_rf3_ra3,1e-8,8.193333333333333e-7,59.53836686357063,0.4652777232424939,0.19542314615594625
SCCD_k5_nc5_rf3_ra3,1e-8,1.4052380952380952e-6,105.95140237227493,0.4121030912623352,0.18720102479617323
SCCD_k6_nc5_rf3_ra3,1e-8,1.5146428571428572e-6,115.2645032873911,0.45944856745575235,0.20811716921207093
SCCD_k7_nc5_rf3_ra3,1e-8,1.6263888888888888e-6,29.082663545355917,1844577.7358111467,10205345.23624559
SCCD_k8_nc5_rf3_ra3,1e-8,1.7397777777777779e-6,5.985744375394375,4598288.8775930395,11792819.735850258
SCCD_k9_nc5_rf3_ra3,1e-8,1.8543636363636363e-6,1.2211479153020615,8089028.790505166,14228933.623783555
SCCD_k10_nc5_rf3_ra3,1e-8,1.969848484848485e-6,0.26784539080303754,12183678.638281364,16870296.04581171
FCCD_k3_nc7_rf3_ra3,1e-8,3.01e-7,20.788793890659967,0.6715240415579473,1.1067511873738614
FCCD_k4_nc7_rf3_ra3,1e-8,5.326666666666667e-7,33.89035187939844,0.7687070066500801,1.9654615815527703
FCCD_k5_nc7_rf3_ra3,1e-8,1.0061904761904763e-6,58.30172242050488,0.8689097283774262,3.0580837407593013
FCCD_k6_nc7_rf3_ra3,1e-8,1.0010714285714287e-6,60.768443681764325,1.087434542970548,4.424336396381906
FCCD_k7_nc7_rf3_ra3,1e-8,9.969444444444445e-7,14.413156633351113,3009196.021968767,13986110.876304066
FCCD_k8_nc7_rf3_ra3,1e-8,9.935555555555555e-7,2.775308327655883,8051891.276455941,21827989.3299291
FCCD_k9_nc7_rf3_ra3,1e-8,9.907272727272728e-7,0.5273853522337923,15140394.257165449,26062606.68871657
FCCD_k10_nc7_rf3_ra3,1e-8,9.883333333333333e-7,0.10738395376907378,24283307.010711152,31807927.21463813
RCCD_k3_nc7_rf3_ra3,1e-8,4.599116882454315e-7,33.627899961111964,0.44007023959993186,0.2232113836046197
RCCD_k4_nc7_rf3_ra3,1e-8,8.206666666666666e-7,60.88899209218575,0.39384917692903265,0.19432042623157975
RCCD_k5_nc7_rf3_ra3,1e-8,1.5155741083260817e-6,114.30634091988736,0.3260224520170371,0.15020185436661762
RCCD_k6_nc7_rf3_ra3,1e-8,1.901071428571429e-6,134.02605902522325,0.3327238160338116,0.20349233960425228
RCCD_k7_nc7_rf3_ra3,1e-8,2.5989377102659336e-6,38.214654585365025,1154318.0779765616,5131082.392959687
RCCD_k8_nc7_rf3_ra3,1e-8,3.873555555555556e-6,9.466712423452247,2065286.2435607002,4890988.703307661
RCCD_k9_nc7_rf3_ra3,1e-8,6.220160094161881e-6,2.518490269933167,2411513.717839552,3944039.2849448314
RCCD_k10_nc7_rf3_ra3,1e-8,1.0570151515151517e-5,0.7869291736646392,2270544.723717537,2980310.4650797914
SCCD_k3_nc7_rf3_ra3,1e-8,4.81e-7,34.83884745235654,0.43187828538005707,0.2191149434558756
SCCD_k4_nc7_rf3_ra3,1e-8,8.206666666666666e-7,60.88899209218575,0.39384917692903265,0.1944288443393928
SCCD_k5_nc7_rf3_ra3,1e-8,1.4061904761904763e-6,107.66267974993066,0.34353170235721464,0.17710709803661914
SCCD_k6_nc7_rf3_ra3,1e-8,1.5153571428571428e-6,116.6579767369909,0.39278194119460075,0.2073954438313003
SCCD_k7_nc7_rf3_ra3,1e-8,1.6269444444444447e-6,29.356592865416175,1843947.8195688587,9787987.715733092
SCCD_k8_nc7_rf3_ra3,1e-8,1.7402222222222225e-6,6.030942332082844,4597114.432294092,10852999.067260802
SCCD_k9_nc7_rf3_ra3,1e-8,1.8547272727272727e-6,1.2287071058217407,8087442.747929989,14817577.093187656
SCCD_k10_nc7_rf3_ra3,1e-8,1.9701515151515153e-6,0.26922942873181266,12181804.623023104,16135961.06138178
FCCD_k3_nc10_rf3_ra3,1e-8,3.0399999999999997e-7,21.186341902684394,0.6542035179917384,1.1310458180251863
FCCD_k4_nc10_rf3_ra3,1e-8,5.346666666666667e-7,34.206253311547755,0.7603163703282015,2.032205675467837
FCCD_k5_nc10_rf3_ra3,1e-8,1.0076190476190475e-6,58.60609080659809,0.864041515785627,2.9322169906730666
FCCD_k6_nc10_rf3_ra3,1e-8,1.002142857142857e-6,60.964755410286195,1.0842128527059203,4.459179535314737
FCCD_k7_nc10_rf3_ra3,1e-8,9.977777777777778e-7,14.444941387218169,3006682.777534905,14266439.610969242
FCCD_k8_nc10_rf3_ra3,1e-8,9.942222222222221e-7,2.7797591156207453,8046492.315803229,20465011.466642454
FCCD_k9_nc10_rf3_ra3,1e-8,9.912727272727272e-7,0.5280305411847824,15132063.043840008,26687315.30584372
FCCD_k10_nc10_rf3_ra3,1e-8,9.887878787878787e-7,0.10748791644360797,24272143.915830825,34315136.64704242
RCCD_k3_nc10_rf3_ra3,1e-8,4.6291168824543144e-7,34.843716695602076,0.38271875392945376,0.2232752675838343
RCCD_k4_nc10_rf3_ra3,1e-8,8.226666666666667e-7,62.3541812775305,0.34027776172594015,0.19437891785007547
RCCD_k5_nc10_rf3_ra3,1e-8,1.517002679754653e-6,116.18041090388823,0.27942896577533427,0.15017878216017705
RCCD_k6_nc10_rf3_ra3,1e-8,1.9021428571428575e-6,135.3584756750777,0.30351140503870894,0.20059027726974787
RCCD_k7_nc10_rf3_ra3,1e-8,2.5997710435992667e-6,38.416542762918304,1153948.0595062133,5523598.664254097
RCCD_k8_nc10_rf3_ra3,1e-8,3.874222222222222e-6,9.492830021960557,2064930.8561312326,5249756.330176427
RCCD_k9_nc10_rf3_ra3,1e-8,6.220705548707337e-6,2.52240630070888,2411302.2621935783,4061649.0235617524
RCCD_k10_nc10_rf3_ra3,1e-8,1.0570606060606063e-5,0.78769129977043,2270447.0876187906,3329472.0011590174
SCCD_k3_nc10_rf3_ra3,1e-8,4.84e-7,36.10388806005717,0.37473543716851104,0.21832537523856563
SCCD_k4_nc10_rf3_ra3,1e-8,8.226666666666667e-7,62.3541812775305,0.34027776172594015,0.1944099936000583
SCCD_k5_nc10_rf3_ra3,1e-8,1.4076190476190477e-6,109.50689566666793,0.2921031520196203,0.17421026481347107
SCCD_k6_nc10_rf3_ra3,1e-8,1.5164285714285713e-6,118.15351648684249,0.34278196267262895,0.20840254982392267
SCCD_k7_nc10_rf3_ra3,1e-8,1.6277777777777777e-6,29.650158118836096,1843003.7721253089,9009090.457281873
SCCD_k8_nc10_rf3_ra3,1e-8,1.7408888888888891e-6,6.079348118823504,4595353.935308691,12442788.355193261
SCCD_k9_nc10_rf3_ra3,1e-8,1.8552727272727274e-6,1.2368003413029913,8085064.970194229,13973314.321006276
SCCD_k10_nc10_rf3_ra3,1e-8,1.9706060606060607e-6,0.2707110363111356,12178994.591665953,16295458.808888268
FCCD_k3_nc1_rf1_ra1,1e-7,9.9e-7,6.707448360192597,2.1305548009940813,3.3901530269940805
FCCD_k4_nc1_rf1_ra1,1e-7,1.7666666666666668e-6,11.130815858722434,2.3542828741373114,5.9290620681808255
FCCD_k5_nc1_rf1_ra1,1e-7,3.3476190476190474e-6,19.279693994253826,2.632405250056177,9.032702683273543
FCCD_k6_nc1_rf1_ra1,1e-7,3.332142857142857e-6,20.158948215188662,3.2784381521469848,14.256730249496623
FCCD_k7_nc1_rf1_ra1,1e-7,3.3194444444444443e-6,5.801942912587734,903769.518556999,3973743.0104963966
FCCD_k8_nc1_rf1_ra1,1e-7,3.3088888888888888e-6,1.3898472069312975,2417734.3583774366,5957675.100197616
FCCD_k9_nc1_rf1_ra1,1e-7,3.2999999999999997e-6,0.3288365461790351,4545459.329494117,7787330.00267034
FCCD_k10_nc1_rf1_ra1,1e-7,3.292424242424242e-6,0.08257786573749809,7289466.764664037,10246812.547757015
RCCD_k3_nc1_rf1_ra1,1e-7,1.5197056274847714e-6,10.305539244177233,2.078665009350904,0.9858109429700476
RCCD_k4_nc1_rf1_ra1,1e-7,2.7266666666666663e-6,19.18164658694011,1.8958289676043112,0.9710119303549919
RCCD_k5_nc1_rf1_ra1,1e-7,5.045564488071066e-6,36.70843591001428,1.5515834412732976,0.8328243383611559
RCCD_k6_nc1_rf1_ra1,1e-7,6.332142857142859e-6,43.79963195739932,1.2664904236952896,0.6044664580879027
RCCD_k7_nc1_rf1_ra1,1e-7,8.659421997182739e-6,15.293775298637469,346444.42903477425,1466291.770623123
RCCD_k8_nc1_rf1_ra1,1e-7,1.290888888888889e-5,4.731449488556345,619728.8252282565,1614580.5665331918
RCCD_k9_nc1_rf1_ra1,1e-7,2.073144273811536e-5,1.5694578674585113,723539.3184009799,1199705.7612021337
RCCD_k10_nc1_rf1_ra1,1e-7,3.523181818181819e-5,0.6051269368197469,681202.9254124569,903132.5692990493
SCCD_k3_nc1_rf1_ra1,1e-7,1.59e-6,10.669522385542777,2.0575367210568487,0.9965452798724233
SCCD_k4_nc1_rf1_ra1,1e-7,2.7266666666666663e-6,19.18164658694011,1.8958289676043112,0.976668765335193
SCCD_k5_nc1_rf1_ra1,1e-7,4.680952380952381e-6,34.468420513582295,1.71630270778385,0.9585855547643666
SCCD_k6_nc1_rf1_ra1,1e-7,5.046428571428572e-6,37.726914894321965,1.8450056566796171,0.9431904281987963
SCCD_k7_nc1_rf1_ra1,1e-7,5.419444444444445e-6,11.579012975944002,553564.1511386561,2643248.3715473176
SCCD_k8_nc1_rf1_ra1,1e-7,5.797777777777779e-6,2.9704694271721754,1379840.8787107393,3723407.0299195843
SCCD_k9_nc1_rf1_ra1,1e-7,6.179999999999999e-6,0.7556445052230064,2427186.2548036617,4120265.6575098936
SCCD_k10_nc1_rf1_ra1,1e-7,6.565151515151517e-6,0.2046509251926223,3655667.4779614457,5144739.25159588
FCCD_k3_nc3_rf1_ra1,1e-7,1.0099999999999999e-6,7.020400951702024,1.9778162403752821,3.405655760117413
FCCD_k4_nc3_rf1_ra1,1e-7,1.78e-6,11.368483333946115,2.2885787903659853,5.849200670666112
FCCD_k5_nc3_rf1_ra1,1e-7,3.3571428571428567e-6,19.502711843195307,2.596641453159453,9.560832808322104
FCCD_k6_nc3_rf1_ra1,1e-7,3.3392857142857144e-6,20.300406599407918,3.2556654394518993,14.054527137596093
FCCD_k7_nc3_rf1_ra1,1e-7,3.325e-6,5.829307252947514,902259.4517979004,4708476.174450294
FCCD_k8_nc3_rf1_ra1,1e-7,3.313333333333333e-6,1.3945579966239239,2414491.2489391216,6003301.677628643
FCCD_k9_nc3_rf1_ra1,1e-7,3.303636363636364e-6,0.3296789477018296,4540456.072738067,8294478.9912190735
FCCD_k10_nc3_rf1_ra1,1e-7,3.295454545454545e-6,0.08274405534214706,7282763.788556606,10089531.63248776
RCCD_k3_nc3_rf1_ra1,1e-7,1.5397056274847714e-6,11.493294229803235,1.1928124156943756,0.6696630788123895
RCCD_k4_nc3_rf1_ra1,1e-7,2.7399999999999996e-6,20.6392496057313,1.0624994279779965,0.583205286081223
RCCD_k5_nc3_rf1_ra1,1e-7,5.055088297594875e-6,38.54025597869978,0.8749342267231421,0.4505794027965309
RCCD_k6_nc3_rf1_ra1,1e-7,6.339285714285715e-6,44.984211307505916,0.9346210322121586,0.6107808992547344
RCCD_k7_nc3_rf1_ra1,1e-7,8.664977552738293e-6,15.488678177174394,346222.1922791656,1469308.1827399258
RCCD_k8_nc3_rf1_ra1,1e-7,1.2913333333333332e-5,4.760684134905246,619515.4902652553,1557357.3281891602
RCCD_k9_nc3_rf1_ra1,1e-7,2.0735079101751723e-5,1.5747165342007667,723412.4126540956,1326949.369759092
RCCD_k10_nc3_rf1_ra1,1e-7,3.52348484848485e-5,0.6063648167060235,681144.33104156,893676.4399331887
SCCD_k3_nc3_rf1_ra1,1e-7,1.61e-6,11.908499535145886,1.168650356145263,0.6582847055384159
SCCD_k4_nc3_rf1_ra1,1e-7,2.7399999999999996e-6,20.6392496057313,1.0624994279779965,0.5832986255601674
SCCD_k5_nc3_rf1_ra1,1e-7,4.690476190476191e-6,36.31962578493624,0.9163087036451227,0.5259924313850108
SCCD_k6_nc3_rf1_ra1,1e-7,5.053571428571428e-6,39.23659180958164,1.0672339874492258,0.6219628972014781
SCCD_k7_nc3_rf1_ra1,1e-7,5.4250000000000006e-6,11.938834728610223,552996.5052266679,2941779.6834486
SCCD_k8_nc3_rf1_ra1,1e-7,5.802222222222223e-6,3.0442961798716595,1378783.184731539,3643597.165234577
SCCD_k9_nc3_rf1_ra1,1e-7,6.183636363636363e-6,0.7710137042048528,2425758.1778061185,4138993.962841876
SCCD_k10_nc3_rf1_ra1,1e-7,6.56818181818182e-6,0.20812088691989358,3653980.162717084,4852441.670107417
FCCD_k3_nc5_rf1_ra1,1e-7,1.03e-6,7.242912748624289,1.9069581239051747,3.3199255421011316
FCCD_k4_nc5_rf1_ra1,1e-7,1.7933333333333332e-6,11.552057504917283,2.2509424593267373,5.921602162618383
FCCD_k5_nc5_rf1_ra1,1e-7,3.3666666666666665e-6,19.68407977400081,2.57351392990256,9.234064958879223
FCCD_k6_nc5_rf1_ra1,1e-7,3.3464285714285714e-6,20.419412828003097,3.2397688406870664,12.6170728519712
FCCD_k7_nc5_rf1_ra1,1e-7,3.3305555555555555e-6,5.853019077978715,900754.4263882231,3900780.631732898
FCCD_k8_nc5_rf1_ra1,1e-7,3.3177777777777774e-6,1.3987380906372178,2411256.827421745,6276514.720142186
FCCD_k9_nc5_rf1_ra1,1e-7,3.3072727272727268e-6,0.3304408691680416,4535463.812430792,8159821.885073457
FCCD_k10_nc5_rf1_ra1,1e-7,3.2984848484848484e-6,0.08289670406475795,7276073.145547782,10031271.280084714
RCCD_k3_nc5_rf1_ra1,1e-7,1.5597056274847712e-6,12.093762023650855,1.01397659726004,0.6694446830368767
RCCD_k4_nc5_rf1_ra1,1e-7,2.7533333333333334e-6,21.35422464144255,0.895833066365298,0.5832428321365961
RCCD_k5_nc5_rf1_ra1,1e-7,5.064612107118684e-6,39.45932933068521,0.726578818599556,0.45044509063730415
RCCD_k6_nc5_rf1_ra1,1e-7,6.346428571428573e-6,45.66871890390059,0.8316267997253884,0.5998498231829467
RCCD_k7_nc5_rf1_ra1,1e-7,8.67053310829385e-6,15.623929668527122,346000.3012252542,1778412.8001692975
RCCD_k8_nc5_rf1_ra1,1e-7,1.2917777777777777e-5,4.78378849952266,619302.317947469,1504172.424994786
RCCD_k9_nc5_rf1_ra1,1e-7,2.0738715465388087e-5,1.5791917356562013,723285.5563230942,1304348.8511683412
RCCD_k10_nc5_rf1_ra1,1e-7,3.52378787878788e-5,0.6074617330386108,681085.7485682163,908793.0825867704
SCCD_k3_nc5_rf1_ra1,1e-7,1.63e-6,12.532621031903169,0.9908727824463807,0.6582966424001095
SCCD_k4_nc5_rf1_ra1,1e-7,2.7533333333333334e-6,21.35422464144255,0.895833066365298,0.5832930215752038
SCCD_k5_nc5_rf1_ra1,1e-7,4.700000000000001e-6,37.213933392418305,0.756309184452356,0.5199805740525443
SCCD_k6_nc5_rf1_ra1,1e-7,5.060714285714285e-6,39.95898369320942,0.9116789213546083,0.623503283410754
SCCD_k7_nc5_rf1_ra1,1e-7,5.430555555555556e-6,12.110482286887061,552430.6285168108,2940128.5864342707
SCCD_k8_nc5_rf1_ra1,1e-7,5.806666666666667e-6,3.079470047945628,1377727.711043654,3456388.932594407
SCCD_k9_nc5_rf1_ra1,1e-7,6.1872727272727276e-6,0.7783328056429641,2424332.3720389735,4296987.592788982
SCCD_k10_nc5_rf1_ra1,1e-7,6.5712121212121226e-6,0.20977312599851936,3652294.992249144,5346418.674816309
FCCD_k3_nc7_rf1_ra1,1e-7,1.05e-6,7.416971172319876,1.8660562750593515,3.383892065388304
FCCD_k4_nc7_rf1_ra1,1e-7,1.8066666666666666e-6,11.702110487205491,2.226554110505978,5.942909809745014
FCCD_k5_nc7_rf1_ra1,1e-7,3.376190476190476e-6,19.837160262365938,2.557331088881095,9.188666090098351
FCCD_k6_nc7_rf1_ra1,1e-7,3.3535714285714284e-6,20.522210777356214,3.2280425429505777,13.844260587995972
FCCD_k7_nc7_rf1_ra1,1e-7,3.336111111111111e-6,5.873973657495885,899254.416682042,4028314.2127649533
FCCD_k8_nc7_rf1_ra1,1e-7,3.322222222222222e-6,1.402503684590638,2408031.065229352,6271496.91080418
FCCD_k9_nc7_rf1_ra1,1e-7,3.310909090909091e-6,0.33113822489440725,4530482.5215782,7617299.925542661
FCCD_k10_nc7_rf1_ra1,1e-7,3.3015151515151515e-6,0.08303825240940281,7269394.7957778685,9945802.142301802
RCCD_k3_nc7_rf1_ra1,1e-7,1.5797056274847712e-6,12.506766881925971,0.9371610333688464,0.6695596492281458
RCCD_k4_nc7_rf1_ra1,1e-7,2.7666666666666667e-6,21.838644100529816,0.8244045791611161,0.5833241524250273
RCCD_k5_nc7_rf1_ra1,1e-7,5.074135916642494e-6,40.08348799157616,0.6615307729584962,0.450385118760266
RCCD_k6_nc7_rf1_ra1,1e-7,6.353571428571429e-6,46.15450102288964,0.7814500736786251,0.6018550587378384
RCCD_k7_nc7_rf1_ra1,1e-7,8.676088663849405e-6,15.727931457460999,345778.7167844028,1628946.017754009
RCCD_k8_nc7_rf1_ra1,1e-7,1.2922222222222223e-5,4.802928084867491,619089.299965914,1475184.9431533103
RCCD_k9_nc7_rf1_ra1,1e-7,2.0742351829024453e-5,1.5830910494314392,723158.7472488128,1270586.359642118
RCCD_k10_nc7_rf1_ra1,1e-7,3.52409090909091e-5,0.6084471311179381,681027.1776357953,927538.8474023291
SCCD_k3_nc7_rf1_ra1,1e-7,1.6499999999999999e-6,12.961483352996394,0.9146823623577268,0.6562889813225217
SCCD_k4_nc7_rf1_ra1,1e-7,2.7666666666666667e-6,21.838644100529816,0.8244045791611161,0.5831720346578367
SCCD_k5_nc7_rf1_ra1,1e-7,4.70952380952381e-6,37.81499500184787,0.6877378885719183,0.5308431354747251
SCCD_k6_nc7_rf1_ra1,1e-7,5.067857142857143e-6,40.442061682201306,0.8450123896717843,0.6240016229274739
SCCD_k7_nc7_rf1_ra1,1e-7,5.436111111111111e-6,12.225244455477995,551865.9951909216,2613003.4963182206
SCCD_k8_nc7_rf1_ra1,1e-7,5.8111111111111116e-6,3.1030040546310422,1376673.9361721682,3270307.8459247258
SCCD_k9_nc7_rf1_ra1,1e-7,6.19090909090909e-6,0.7832344784267672,2422908.324804475,4075285.5202381634
SCCD_k10_nc7_rf1_ra1,1e-7,6.5742424242424245e-6,0.21088064382077215,3650611.4524653787,5164629.817879703
FCCD_k3_nc10_rf1_ra1,1e-7,1.08e-6,7.624082410610489,1.829320345576127,3.4091200899522747
FCCD_k4_nc10_rf1_ra1,1e-7,1.8266666666666664e-6,11.886317660290592,2.202706002455217,5.662280937639813
FCCD_k5_nc10_rf1_ra1,1e-7,3.3904761904761903e-6,20.02995521349009,2.540493338406504,9.241665121900548
FCCD_k6_nc10_rf1_ra1,1e-7,3.3642857142857146e-6,20.654279029123387,3.2152727987062586,13.085079634685405
FCCD_k7_nc10_rf1_ra1,1e-7,3.344444444444444e-6,5.901499345302787,897013.7509409492,4199513.954520155
FCCD_k8_nc10_rf1_ra1,1e-7,3.328888888888889e-6,1.4075473017883973,2403208.5728303343,6392482.762520363
FCCD_k9_nc10_rf1_ra1,1e-7,3.3163636363636363e-6,0.33208777043685855,4523031.070866732,8007039.101583107
FCCD_k10_nc10_rf1_ra1,1e-7,3.306060606060606e-6,0.08323365426995397,7259400.20571436,10490511.426963132
RCCD_k3_nc10_rf1_ra1,1e-7,1.6097056274847711e-6,12.960249528687198,0.879481590281371,0.6696464468543747
RCCD_k4_nc10_rf1_ra1,1e-7,2.7866666666666665e-6,22.364153489550336,0.7708331952095211,0.5832141931196404
RCCD_k5_nc10_rf1_ra1,1e-7,5.0884216309282085e-6,40.759996374159066,0.6121506307082594,0.45012556770766277
RCCD_k6_nc10_rf1_ra1,1e-7,6.364285714285716e-6,46.69404806769726,0.7410299100005171,0.5975346863096463
RCCD_k7_nc10_rf1_ra1,1e-7,8.684421997182737e-6,15.849766205101988,345446.88984810025,1601418.0607629986
RCCD_k8_nc10_rf1_ra1,1e-7,1.2928888888888889e-5,4.82666492594987,618770.0559777655,1480377.4138840467
RCCD_k9_nc10_rf1_ra1,1e-7,2.0747806374478997e-5,1.5881423934826604,722968.6206109056,1297481.324234812
RCCD_k10_nc10_rf1_ra1,1e-7,3.524545454545455e-5,0.6097606751180649,680939.3420221133,891009.6365948658
SCCD_k3_nc10_rf1_ra1,1e-7,1.68e-6,13.432130403686077,0.8575395342193406,0.6578468078934429
SCCD_k4_nc10_rf1_ra1,1e-7,2.7866666666666665e-6,22.364153489550336,0.7708331952095211,0.5833067067913592
SCCD_k5_nc10_rf1_ra1,1e-7,4.723809523809524e-6,38.4627494887889,0.6363093877012955,0.5291518933185224
SCCD_k6_nc10_rf1_ra1,1e-7,5.078571428571428e-6,40.96052328749936,0.7950124613927567,0.6245841581782977
SCCD_k7_nc10_rf1_ra1,1e-7,5.444444444444445e-6,12.348545840659087,551021.2543389372,2380222.7838744638
SCCD_k8_nc10_rf1_ra1,1e-7,5.8177777777777785e-6,3.12833411307984,1375096.3401525842,3212462.3119773394
SCCD_k9_nc10_rf1_ra1,1e-7,6.196363636363636e-6,0.7885196200366206,2420775.437664332,4512254.956270067
SCCD_k10_nc10_rf1_ra1,1e-7,6.5787878787878794e-6,0.2120766567601867,3648089.1069061332,4941412.570246296
FCCD_k3_nc1_rf2_ra1,1e-7,1.7899999999999998e-6,10.545468599178417,1.7642778127160117,3.080635629578891
FCCD_k4_nc1_rf2_ra1,1e-7,3.3666666666666665e-6,18.221363890587778,2.047353946210145,5.707188064586248
FCCD_k5_nc1_rf2_ra1,1e-7,6.547619047619048e-6,32.46026958511519,2.3995113749829713,8.79634095605759
FCCD_k6_nc1_rf2_ra1,1e-7,6.532142857142857e-6,34.530646504808956,2.954389005659539,12.407048224017727
FCCD_k7_nc1_rf2_ra1,1e-7,6.519444444444444e-6,10.066700583514404,460165.37744556856,1885576.9817781327
FCCD_k8_nc1_rf2_ra1,1e-7,6.508888888888888e-6,2.437204921499975,1229092.3891198847,3059767.137784306
FCCD_k9_nc1_rf2_ra1,1e-7,6.5e-6,0.5818607210191178,2307696.740684041,3911331.9978752253
FCCD_k10_nc1_rf2_ra1,1e-7,6.492424242424242e-6,0.14726014697187256,3696620.973312348,4805569.869960335
RCCD_k3_nc1_rf2_ra1,1e-7,2.3197056274847715e-6,15.275356139943678,1.7906772102833273,0.9826386545884925
RCCD_k4_nc1_rf2_ra1,1e-7,4.326666666666666e-6,30.00872350179228,1.6374931770861585,0.9697982217768676
RCCD_k5_nc1_rf2_ra1,1e-7,8.245564488071065e-6,59.818744451695906,1.3301487433033654,0.8257506604246188
RCCD_k6_nc1_rf2_ra1,1e-7,9.532142857142858e-6,72.31023213248763,0.9236296306753881,0.4522461141601555
RCCD_k7_nc1_rf2_ra1,1e-7,1.1859421997182738e-5,24.70289584161962,252964.04007271386,1253169.1820524784
RCCD_k8_nc1_rf2_ra1,1e-7,1.610888888888889e-5,7.300561083010944,496620.6957202393,1287018.5914641784
RCCD_k9_nc1_rf2_ra1,1e-7,2.393144273811536e-5,2.277616213013551,626790.8391601356,1169091.0209811537
RCCD_k10_nc1_rf2_ra1,1e-7,3.843181818181819e-5,0.821569005605855,624482.8394779342,855231.1827349279
SCCD_k3_nc1_rf2_ra1,1e-7,2.3899999999999996e-6,15.738809498471504,1.7834552648193438,0.9925659823901752
SCCD_k4_nc1_rf2_ra1,1e-7,4.326666666666666e-6,30.00872350179228,1.6374931770861585,0.9744861964538136
SCCD_k5_nc1_rf2_ra1,1e-7,7.880952380952382e-6,56.37022563016727,1.5065088741827393,0.9451972339953497
SCCD_k6_nc1_rf2_ra1,1e-7,8.24642857142857e-6,62.69857125827764,1.5516151850037938,0.906615099206653
SCCD_k7_nc1_rf2_ra1,1e-7,8.619444444444443e-6,19.140091655630673,348051.8276564673,1572381.2607603658
SCCD_k8_nc1_rf2_ra1,1e-7,8.997777777777778e-6,4.840821593150201,889109.9586893044,2504286.9011555375
SCCD_k9_nc1_rf2_ra1,1e-7,9.38e-6,1.207093453608605,1599148.6159144898,2917257.949993834
SCCD_k10_nc1_rf2_ra1,1e-7,9.765151515151517e-6,0.31930963108925436,2457720.5863874196,3467491.4176641903
FCCD_k3_nc3_rf2_ra1,1e-7,1.81e-6,11.026263141820348,1.623949777642666,3.203205163267273
FCCD_k4_nc3_rf2_ra1,1e-7,3.3799999999999994e-6,18.60625795248609,1.9842334178343952,5.893658965657376
FCCD_k5_nc3_rf2_ra1,1e-7,6.5571428571428566e-6,32.833962956164086,2.3643831008617835,9.029410204884366
FCCD_k6_nc3_rf2_ra1,1e-7,6.539285714285713e-6,34.77193699796647,2.931976133673689,13.287429535815585
FCCD_k7_nc3_rf2_ra1,1e-7,6.524999999999999e-6,10.113316057243567,459773.56753216084,1978481.0081362294
FCCD_k8_nc3_rf2_ra1,1e-7,6.513333333333333e-6,2.445153177905133,1228253.695725281,3016173.9989317935
FCCD_k9_nc3_rf2_ra1,1e-7,6.503636363636363e-6,0.5832610906582869,2306406.438884904,3879589.792050042
FCCD_k10_nc3_rf2_ra1,1e-7,6.495454545454545e-6,0.14753150390715442,3694896.4012851557,4815147.878755918
RCCD_k3_nc3_rf2_ra1,1e-7,2.3397056274847718e-6,17.032616650910292,0.9123022771399776,0.5584442381314877
RCCD_k4_nc3_rf2_ra1,1e-7,4.34e-6,32.289067400952824,0.8041658595109308,0.47469304498898124
RCCD_k5_nc3_rf2_ra1,1e-7,8.255088297594876e-6,62.76921727332095,0.6670047629918636,0.3500905501425675
RCCD_k6_nc3_rf2_ra1,1e-7,9.539285714285714e-6,74.12262389748224,0.6370108868949389,0.3220618156067342
RCCD_k7_nc3_rf2_ra1,1e-7,1.1864977552738293e-5,24.963149278816662,252845.51555603265,1130097.4827149895
RCCD_k8_nc3_rf2_ra1,1e-7,1.611333333333333e-5,7.333549115811412,496483.69426626316,1277185.6372441873
RCCD_k9_nc3_rf2_ra1,1e-7,2.3935079101751723e-5,2.282635258025271,626695.6060545433,1072275.306421195
RCCD_k10_nc3_rf2_ra1,1e-7,3.8434848484848494e-5,0.8225876669763922,624433.6003808102,843733.7325493607
SCCD_k3_nc3_rf2_ra1,1e-7,2.4100000000000002e-6,17.566446312491465,0.8945701642973712,0.513588784189749
SCCD_k4_nc3_rf2_ra1,1e-7,4.34e-6,32.289067400952824,0.8041658595109308,0.47399041813397463
SCCD_k5_nc3_rf2_ra1,1e-7,7.890476190476191e-6,59.39771013643941,0.7065189658038132,0.4510289295851625
SCCD_k6_nc3_rf2_ra1,1e-7,8.253571428571428e-6,65.20750598188421,0.7738473871786883,0.46428078549184976
SCCD_k7_nc3_rf2_ra1,1e-7,8.625e-6,19.734249799169035,347826.87845416606,1654598.5048801666
SCCD_k8_nc3_rf2_ra1,1e-7,9.002222222222223e-6,4.960892703167279,888670.2511034099,2147664.7322558444
SCCD_k9_nc3_rf2_ra1,1e-7,9.383636363636363e-6,1.2315773133428243,1598528.1702318368,2960511.972228702
SCCD_k10_nc3_rf2_ra1,1e-7,9.76818181818182e-6,0.32470582539136433,2456957.417088191,3275241.783281751
FCCD_k3_nc5_rf2_ra1,1e-7,1.83e-6,11.37032947374646,1.5578693507278043,3.1557234040735334
FCCD_k4_nc5_rf2_ra1,1e-7,3.3933333333333327e-6,18.90427056228249,1.9478850385023951,6.01025041722521
FCCD_k5_nc5_rf2_ra1,1e-7,6.566666666666667e-6,33.1381366685171,2.341623654890053,8.906414291316636
FCCD_k6_nc5_rf2_ra1,1e-7,6.546428571428571e-6,34.97506502796658,2.916308961612655,13.208945679595363
FCCD_k7_nc5_rf2_ra1,1e-7,6.530555555555556e-6,10.153634325430335,459382.42877852573,2148334.4128930075
FCCD_k8_nc5_rf2_ra1,1e-7,6.517777777777778e-6,2.4521755663424467,1227416.1487409377,3233557.28322282
FCCD_k9_nc5_rf2_ra1,1e-7,6.507272727272728e-6,0.5845196302296869,2305117.5781756635,4027290.7002396714
FCCD_k10_nc5_rf2_ra1,1e-7,6.498484848484848e-6,0.14777878931466035,3693173.434496665,5038238.065480733
RCCD_k3_nc5_rf2_ra1,1e-7,2.3597056274847716e-6,17.921787894682943,0.7345643724426595,0.544858434305991
RCCD_k4_nc5_rf2_ra1,1e-7,4.353333333333333e-6,33.40760926380459,0.6374996758810363,0.4868786540405842
RCCD_k5_nc5_rf2_ra1,1e-7,8.264612107118685e-6,64.25826276508198,0.5195419852479001,0.3549902949351477
RCCD_k6_nc5_rf2_ra1,1e-7,9.546428571428573e-6,75.20379279329518,0.5414709578395743,0.321685282547626
RCCD_k7_nc5_rf2_ra1,1e-7,1.187053310829385e-5,25.153844057995315,252727.1394766363,1158955.9013356604
RCCD_k8_nc5_rf2_ra1,1e-7,1.6117777777777776e-5,7.361185001741821,496346.7750091592,1217425.1470989122
RCCD_k9_nc5_rf2_ra1,1e-7,2.3938715465388086e-5,2.2871403200371727,626600.4028223505,1109622.5700415324
RCCD_k10_nc5_rf2_ra1,1e-7,3.8437878787878795e-5,0.823533805337273,624384.3696380369,851909.4197081072
SCCD_k3_nc5_rf2_ra1,1e-7,2.43e-6,18.487099118594617,0.7167926924875658,0.5116013655314576
SCCD_k4_nc5_rf2_ra1,1e-7,4.353333333333333e-6,33.40760926380459,0.6374996758810363,0.48318653267838846
SCCD_k5_nc5_rf2_ra1,1e-7,7.9e-6,60.86027393746218,0.5465197743249243,0.46086237502868194
SCCD_k6_nc5_rf2_ra1,1e-7,8.260714285714286e-6,66.40805180871016,0.6182926308581891,0.4475250026086478
SCCD_k7_nc5_rf2_ra1,1e-7,8.630555555555556e-6,20.017340412164632,347602.82767527265,1657666.1935051735
SCCD_k8_nc5_rf2_ra1,1e-7,9.006666666666668e-6,5.017968165116952,888231.5767257301,2106828.1310504805
SCCD_k9_nc5_rf2_ra1,1e-7,9.387272727272727e-6,1.243200492721501,1597908.7985754663,2774257.1231505675
SCCD_k10_nc5_rf2_ra1,1e-7,9.771212121212122e-6,0.3272656319247291,2456195.302144455,3240782.184269222
FCCD_k3_nc7_rf2_ra1,1e-7,1.8499999999999999e-6,11.64036657491818,1.5194376265935814,3.078735617673429
FCCD_k4_nc7_rf2_ra1,1e-7,3.406666666666667e-6,19.148223094099134,1.9242561376184613,5.956439723906775
FCCD_k5_nc7_rf2_ra1,1e-7,6.576190476190475e-6,33.3950221332464,2.3256782807011733,8.837058872301503
FCCD_k6_nc7_rf2_ra1,1e-7,6.553571428571429e-6,35.15061122128297,2.904740415057464,13.753059924016867
FCCD_k7_nc7_rf2_ra1,1e-7,6.536111111111111e-6,10.18919459988984,458991.95707191416,2198756.7512492104
FCCD_k8_nc7_rf2_ra1,1e-7,6.522222222222223e-6,2.4584742918520193,1226579.7450091206,3222308.142823601
FCCD_k9_nc7_rf2_ra1,1e-7,6.51090909090909e-6,0.5856643203243826,2303830.1611735825,4028306.789373958
FCCD_k10_nc7_rf2_ra1,1e-7,6.501515151515151e-6,0.1480063321702345,3691452.079020363,4865983.513056057
RCCD_k3_nc7_rf2_ra1,1e-7,2.3797056274847714e-6,18.533510755423002,0.6581778319465496,0.55635709260838
RCCD_k4_nc7_rf2_ra1,1e-7,4.366666666666667e-6,34.16545884881638,0.566071237912798,0.4837586419507232
RCCD_k5_nc7_rf2_ra1,1e-7,8.274135916642494e-6,65.27119692850385,0.45464712890330944,0.3695905249660869
RCCD_k6_nc7_rf2_ra1,1e-7,9.553571428571431e-6,75.98044536377002,0.4937009280868755,0.3215003121669762
RCCD_k7_nc7_rf2_ra1,1e-7,1.1876088663849404e-5,25.30477149857489,252608.89071367338,1161425.7859555285
RCCD_k8_nc7_rf2_ra1,1e-7,1.612222222222222e-5,7.384992906304486,496209.93522523955,1193542.1561820307
RCCD_k9_nc7_rf2_ra1,1e-7,2.3942351829024453e-5,2.291229432346268,626505.2301222489,1118650.1768135885
RCCD_k10_nc7_rf2_ra1,1e-7,3.8440909090909096e-5,0.8244173516851352,624335.146693121,846763.3931735412
SCCD_k3_nc7_rf2_ra1,1e-7,2.45e-6,19.119721666280938,0.6406023010954756,0.5118369080664722
SCCD_k4_nc7_rf2_ra1,1e-7,4.366666666666667e-6,34.16545884881638,0.566071237912798,0.4898630642397764
SCCD_k5_nc7_rf2_ra1,1e-7,7.90952380952381e-6,61.84325924973559,0.4779485687891017,0.4349236938385681
SCCD_k6_nc7_rf2_ra1,1e-7,8.267857142857143e-6,67.21088122258261,0.551626184582084,0.4579739353513789
SCCD_k7_nc7_rf2_ra1,1e-7,8.63611111111111e-6,20.20639177572822,347379.15260713117,1745129.1690967698
SCCD_k8_nc7_rf2_ra1,1e-7,9.011111111111111e-6,5.056072300502822,887793.4206382649,2186890.959925324
SCCD_k9_nc7_rf2_ra1,1e-7,9.39090909090909e-6,1.2509614171861587,1597289.9911275145,2712937.116289966
SCCD_k10_nc7_rf2_ra1,1e-7,9.774242424242425e-6,0.3289754017260759,2455433.74907342,3328989.7901114933
FCCD_k3_nc10_rf2_ra1,1e-7,1.88e-6,11.96244161299266,1.4847389095709862,3.14190068294456
FCCD_k4_nc10_rf2_ra1,1e-7,3.4266666666666663e-6,19.448050753795858,1.9010932562916134,6.119572192171984
FCCD_k5_nc10_rf2_ra1,1e-7,6.590476190476189e-6,33.718716658752946,2.309070021436537,8.94198447993339
FCCD_k6_nc10_rf2_ra1,1e-7,6.564285714285714e-6,35.376238088131174,2.892131349096807,13.894405664789819
FCCD_k7_nc10_rf2_ra1,1e-7,6.544444444444444e-6,10.235789298783004,458407.4974859009,2245734.704749975
FCCD_k8_nc10_rf2_ra1,1e-7,6.528888888888889e-6,2.4668658891654256,1225327.2780670808,2849040.041170968
FCCD_k9_nc10_rf2_ra1,1e-7,6.516363636363635e-6,0.5872111344661575,2301901.7264359463,4269690.422052412
FCCD_k10_nc10_rf2_ra1,1e-7,6.506060606060606e-6,0.14831753982744678,3688873.0457885456,4905225.615680174
RCCD_k3_nc10_rf2_ra1,1e-7,2.4097056274847715e-6,19.205275385047546,0.6008037095195444,0.5585957692979019
RCCD_k4_nc10_rf2_ra1,1e-7,4.3866666666666665e-6,34.987591610046366,0.5124998803948372,0.4800329628340305
RCCD_k5_nc10_rf2_ra1,1e-7,8.288421630928208e-6,66.37011507190424,0.40528588020602474,0.37768463543507663
RCCD_k6_nc10_rf2_ra1,1e-7,9.564285714285715e-6,76.84952919744596,0.4546163259309596,0.3214470958178002
RCCD_k7_nc10_rf2_ra1,1e-7,1.1884421997182737e-5,25.485296442691045,252431.73833701893,1140663.456589092
RCCD_k8_nc10_rf2_ra1,1e-7,1.612888888888889e-5,7.415519535837124,496004.82171468175,1325038.2756480293
RCCD_k9_nc10_rf2_ra1,1e-7,2.3947806374478996e-5,2.29673655658108,626362.526878646,1066935.6145173449
RCCD_k10_nc10_rf2_ra1,1e-7,3.8445454545454555e-5,0.8256424420371987,624261.3278034314,860135.0750198995
SCCD_k3_nc10_rf2_ra1,1e-7,2.48e-6,19.813981650418388,0.5834594890533085,0.5114309328203952
SCCD_k4_nc10_rf2_ra1,1e-7,4.3866666666666665e-6,34.987591610046366,0.5124998803948372,0.48052506019823865
SCCD_k5_nc10_rf2_ra1,1e-7,7.923809523809525e-6,62.90260699482302,0.4265201159946519,0.45964696961624946
SCCD_k6_nc10_rf2_ra1,1e-7,8.278571428571429e-6,68.0725149742336,0.5016263017615006,0.46111747348472754
SCCD_k7_nc10_rf2_ra1,1e-7,8.644444444444444e-6,20.409224453175877,347044.22631935944,1609845.1831781184
SCCD_k8_nc10_rf2_ra1,1e-7,9.0177777777777792e-06,5.09697656200436,887137.0458010123,2110661.224776867
SCCD_k9_nc10_rf2_ra1,1e-7,9.396363636363636e-6,1.2592996626690107,1596362.7247336078,2757320.930384629
SCCD_k10_nc10_rf2_ra1,1e-7,9.778787878787878e-6,0.3308139748135092,2454292.3474079757,3455886.525890748
FCCD_k3_nc1_rf3_ra1,1e-7,2.5899999999999998e-6,13.843621720971026,1.6351197534154762,3.1008871309929353
FCCD_k4_nc1_rf3_ra1,1e-7,4.966666666666666e-6,24.400224323601925,1.9422360595938517,5.719051402913
FCCD_k5_nc1_rf3_ra1,1e-7,9.747619047619047e-6,44.10231894571306,2.320905805695226,8.657665752141783
FCCD_k6_nc1_rf3_ra1,1e-7,9.732142857142856e-6,47.38212810223501,2.845204802827108,11.47028619196978
FCCD_k7_nc1_rf3_ra1,1e-7,9.719444444444444e-6,13.920599657624095,308662.96381927415,1552873.238431893
FCCD_k8_nc1_rf3_ra1,1e-7,9.708888888888889e-6,3.3920462346976854,823991.0208951966,2109031.4406300685
FCCD_k9_nc1_rf3_ra1,1e-7,9.7e-6,0.8142624532017544,1546396.0663621929,2829703.664681488
FCCD_k10_nc1_rf3_ra1,1e-7,9.692424242424243e-6,0.20705058776320218,2476165.473979316,3409054.8297635294
RCCD_k3_nc1_rf3_ra1,1e-7,3.1197056274847715e-6,19.573350931536773,1.682054389062629,0.9789191317462466
RCCD_k4_nc1_rf3_ra1,1e-7,5.926666666666666e-6,39.481480592821725,1.5446335430908364,0.9857219856856627
RCCD_k5_nc1_rf3_ra1,1e-7,1.1445564488071064e-5,80.28982780832011,1.2517894940547794,0.7920350224362652
RCCD_k6_nc1_rf3_ra1,1e-7,1.2732142857142858e-5,97.83097523866444,0.8011898139174733,0.44656573568352653
RCCD_k7_nc1_rf3_ra1,1e-7,1.5059421997182738e-5,33.154269361608925,199211.31801395127,1042538.7028550638
RCCD_k8_nc1_rf3_ra1,1e-7,1.930888888888889e-5,9.584130533862862,414317.30127779976,965950.1641185237
RCCD_k9_nc1_rf3_ra1,1e-7,2.713144273811536e-5,2.8902174291287075,552864.3484352585,963668.2829205906
RCCD_k10_nc1_rf3_ra1,1e-7,4.163181818181819e-5,1.001348605082591,576482.3543550569,776081.3598557076
SCCD_k3_nc1_rf3_ra1,1e-7,3.1899999999999995e-6,20.12235162378885,1.680549813505988,0.9956218386181424
SCCD_k4_nc1_rf3_ra1,1e-7,5.926666666666666e-6,39.481480592821725,1.5446335430908364,0.9676476946360881
SCCD_k5_nc1_rf3_ra1,1e-7,1.108095238095238e-5,75.76967938561941,1.4332072709946044,0.9100091205607158
SCCD_k6_nc1_rf3_ra1,1e-7,1.144642857142857e-5,85.06381321023017,1.4494442554164575,0.9407634472257719
SCCD_k7_nc1_rf3_ra1,1e-7,1.1819444444444443e-5,25.977270738820906,253820.47737503046,1066336.4773621836
SCCD_k8_nc1_rf3_ra1,1e-7,1.2197777777777778e-5,6.544854941442131,655858.5905020059,1484382.966400072
SCCD_k9_nc1_rf3_ra1,1e-7,1.258e-5,1.620910311319546,1192370.228539687,2030424.9615734722
SCCD_k10_nc1_rf3_ra1,1e-7,1.2965151515151518e-5,0.4249788586361246,1851117.3838991974,2427622.34834674
FCCD_k3_nc3_rf3_ra1,1e-7,2.61e-6,14.469768403117339,1.4988372297545747,3.034441225254628
FCCD_k4_nc3_rf3_ra1,1e-7,4.98e-6,24.91376244916216,1.8799615203617956,5.8927458664372745
FCCD_k5_nc3_rf3_ra1,1e-7,9.757142857142856e-6,44.60922676693035,2.2859872323914807,9.184295097041502
FCCD_k6_nc3_rf3_ra1,1e-7,9.739285714285714e-6,47.7127556480034,2.822910612128575,13.47698739599501
FCCD_k7_nc3_rf3_ra1,1e-7,9.725e-6,13.984655258159135,308486.621626798,1596781.713867115
FCCD_k8_nc3_rf3_ra1,1e-7,9.713333333333334e-6,3.4029604267807216,823613.9861397565,2093907.991065894
FCCD_k9_nc3_rf3_ra1,1e-7,9.703636363636362e-6,0.8161792202092775,1545816.5600407014,2839651.545524493
FCCD_k10_nc3_rf3_ra1,1e-7,9.695454545454545e-6,0.20742018110229715,2475391.5463878443,3243211.819658436
RCCD_k3_nc3_rf3_ra1,1e-7,3.1397056274847717e-6,21.823139111233093,0.8070496620017269,0.5023481468720491
RCCD_k4_nc3_rf3_ra1,1e-7,5.94e-6,42.48164952612172,0.7113084475764492,0.4431132974091326
RCCD_k5_nc3_rf3_ra1,1e-7,1.1455088297594876e-5,84.23121862699476,0.5940509390311008,0.3453522018859645
RCCD_k6_nc3_rf3_ra1,1e-7,1.2739285714285714e-5,100.20433190400992,0.5318689976407418,0.28533984020931313
RCCD_k7_nc3_rf3_ra1,1e-7,1.5064977552738295e-5,33.47480697672462,199137.78753940048,920432.5607083786
RCCD_k8_nc3_rf3_ra1,1e-7,1.931333333333333e-5,9.621407089897518,414221.94145129493,1107552.1631770923
RCCD_k9_nc3_rf3_ra1,1e-7,2.7135079101751726e-5,2.895363653629857,552790.2543839486,911845.8967048206
RCCD_k10_nc3_rf3_ra1,1e-7,4.16348484848485e-5,1.00229832736082,576440.394439106,789874.7142574565
SCCD_k3_nc3_rf3_ra1,1e-7,3.21e-6,22.459016630567852,0.7916659770377337,0.4609480732052152
SCCD_k4_nc3_rf3_ra1,1e-7,5.94e-6,42.48164952612172,0.7113084475764492,0.45116173123900644
SCCD_k5_nc3_rf3_ra1,1e-7,1.109047619047619e-5,79.8390436473662,0.6332214584284753,0.4006473545176225
SCCD_k6_nc3_rf3_ra1,1e-7,1.1453571428571428e-5,88.46770355759676,0.671680329025368,0.4313354655141949
SCCD_k7_nc3_rf3_ra1,1e-7,1.1825e-5,26.78328159343971,253700.46761516322,1302393.8454313327
SCCD_k8_nc3_rf3_ra1,1e-7,1.2202222222222223e-5,6.707037867585856,655618.9567508708,1653148.458405699
SCCD_k9_nc3_rf3_ra1,1e-7,1.2583636363636363e-5,1.6537432161063637,1192024.9227541655,2031439.5752804994
SCCD_k10_nc3_rf3_ra1,1e-7,1.2968181818181821e-5,0.43214876898894755,1850684.096364409,2521883.7899437035
FCCD_k3_nc5_rf3_ra1,1e-7,2.63e-6,14.918843954660403,1.4343333633804032,3.066374085852242
FCCD_k4_nc5_rf3_ra1,1e-7,4.993333333333333e-6,25.311704046698395,1.844036491893701,5.66695696362336
FCCD_k5_nc5_rf3_ra1,1e-7,9.766666666666667e-6,45.021954912696934,2.2633493817371253,8.36323212205194
FCCD_k6_nc5_rf3_ra1,1e-7,9.74642857142857e-6,47.99115298452089,2.8073191657939653,12.458828294758975
FCCD_k7_nc5_rf3_ra1,1e-7,9.730555555555556e-6,14.040020963618735,308310.48526388063,1542457.142886156
FCCD_k8_nc5_rf3_ra1,1e-7,9.717777777777778e-6,3.412588110762941,823237.2972019935,2135965.6832836615
FCCD_k9_nc5_rf3_ra1,1e-7,9.707272727272727e-6,0.8178977530270775,1545237.4896614333,2770555.001326566
FCCD_k10_nc5_rf3_ra1,1e-7,9.698484848484848e-6,0.20775595978921738,2474618.1055398956,3595298.214470165
RCCD_k3_nc5_rf3_ra1,1e-7,3.1597056274847715e-6,22.961988287267825,0.6298073844799915,0.5000162134129668
RCCD_k4_nc5_rf3_ra1,1e-7,5.953333333333333e-6,43.95327698009707,0.5446424417452863,0.43440299588299924
RCCD_k5_nc5_rf3_ra1,1e-7,1.1464612107118685e-5,86.22510859628787,0.4469499447126566,0.3481059996728678
RCCD_k6_nc5_rf3_ra1,1e-7,1.2746428571428572e-5,101.63894108536184,0.4394151574776213,0.28101869154996933
RCCD_k7_nc5_rf3_ra1,1e-7,1.507053310829385e-5,33.71489350599091,199064.3412677482,909034.3364375626
RCCD_k8_nc5_rf3_ra1,1e-7,1.9317777777777775e-5,9.653352890584987,414126.6295080435,1063998.901049336
RCCD_k9_nc5_rf3_ra1,1e-7,2.7138715465388086e-5,2.900076795728061,552716.1811549024,971945.3898288069
RCCD_k10_nc5_rf3_ra1,1e-7,4.16378787878788e-5,1.0031959292251693,576398.4408292568,752922.6194747833
SCCD_k3_nc5_rf3_ra1,1e-7,3.2299999999999996e-6,23.6360874122666,0.6138886064884058,0.46284899105660215
SCCD_k4_nc5_rf3_ra1,1e-7,5.953333333333333e-6,43.95327698009707,0.5446424417452863,0.4429625011447461
SCCD_k5_nc5_rf3_ra1,1e-7,1.1099999999999999e-5,81.80493721885577,0.47322259462322924,0.43232597021297425
SCCD_k6_nc5_rf3_ra1,1e-7,1.1460714285714286e-5,90.09649499992105,0.5161258824300878,0.43931387471790595
SCCD_k7_nc5_rf3_ra1,1e-7,1.1830555555555556e-5,27.167096795697496,253581.17936261604,1207440.489748129
SCCD_k8_nc5_rf3_ra1,1e-7,1.2206666666666666e-5,6.784046709621276,655380.0958925649,1636667.8803225553
SCCD_k9_nc5_rf3_ra1,1e-7,1.2587272727272726e-5,1.6693057792701695,1191680.4092379522,2210200.5497626313
SCCD_k10_nc5_rf3_ra1,1e-7,1.2971212121212124e-5,0.4355434740431205,1850251.596874241,2622408.039882781
FCCD_k3_nc7_rf3_ra1,1e-7,2.65e-6,15.27169956200344,1.396721235687576,3.1113386541360413
FCCD_k4_nc7_rf3_ra1,1e-7,5.0066666666666664e-6,25.63761940863978,1.820657727646467,5.842556197355969
FCCD_k5_nc7_rf3_ra1,1e-7,9.776190476190475e-6,45.37058786358643,2.247482508343184,8.250037917617732
FCCD_k6_nc7_rf3_ra1,1e-7,9.753571428571429e-6,48.23178630024528,2.795802711146124,12.622955651565464
FCCD_k7_nc7_rf3_ra1,1e-7,9.73611111111111e-6,14.088818762430813,308134.55208167253,1464172.4919320717
FCCD_k8_nc7_rf3_ra1,1e-7,9.722222222222223e-6,3.421209992494389,822860.9544527234,2051080.8079610788
FCCD_k9_nc7_rf3_ra1,1e-7,9.71090909090909e-6,0.8194571257927994,1544658.8529891833,2781447.5674476763
FCCD_k10_nc7_rf3_ra1,1e-7,9.70151515151515e-6,0.20806400016053042,2473845.1435842,3329496.2662793393
RCCD_k3_nc7_rf3_ra1,1e-7,3.1797056274847714e-6,23.745567124198796,0.5536145595995385,0.5005015934032769
RCCD_k4_nc7_rf3_ra1,1e-7,5.9666666666666666e-6,44.95035404990226,0.47321405280013407,0.4528093422704411
RCCD_k5_nc7_rf3_ra1,1e-7,1.1474135916642494e-5,87.58239828565209,0.38211683215317366,0.3447557863154789
RCCD_k6_nc7_rf3_ra1,1e-7,1.275357142857143e-5,102.67488780861208,0.3926687509900878,0.28472356775736946
RCCD_k7_nc7_rf3_ra1,1e-7,1.5076088663849406e-5,33.90729131246353,198990.96293449728,1002374.0986144019
RCCD_k8_nc7_rf3_ra1,1e-7,1.932222222222222e-5,9.681328294343563,414031.36467962514,1080327.9174824625
RCCD_k9_nc7_rf3_ra1,1e-7,2.7142351829024453e-5,2.9044260209661883,552642.1285237027,903983.0864252069
RCCD_k10_nc7_rf3_ra1,1e-7,4.16409090909091e-5,1.0040470266310797,576356.493447585,787451.4905282871
SCCD_k3_nc7_rf3_ra1,1e-7,3.25e-6,24.444906518640554,0.5376982431221311,0.46123560183023377
SCCD_k4_nc7_rf3_ra1,1e-7,5.9666666666666666e-6,44.95035404990226,0.47321405280013407,0.4507706699307357
SCCD_k5_nc7_rf3_ra1,1e-7,1.110952380952381e-5,83.12620959449421,0.4046514793745855,0.4459221970893235
SCCD_k6_nc7_rf3_ra1,1e-7,1.1467857142857143e-5,91.18570132367496,0.44945952149714413,0.42935723065714954
SCCD_k7_nc7_rf3_ra1,1e-7,1.183611111111111e-5,27.42327533654642,253462.09017469286,1146668.7768787192
SCCD_k8_nc7_rf3_ra1,1e-7,1.2211111111111111e-5,6.835404467261766,655141.4945138945,1724398.896838251
SCCD_k9_nc7_rf3_ra1,1e-7,1.259090909090909e-5,1.6796816465500397,1191336.1761279828,2049259.3417677195
SCCD_k10_nc7_rf3_ra1,1e-7,1.2974242424242427e-5,0.4378067533678737,1849819.383869695,2433426.6639298033
FCCD_k3_nc10_rf3_ra1,1e-7,2.6799999999999998e-6,15.692897058005096,1.362700811755122,3.037495063387287
FCCD_k4_nc10_rf3_ra1,1e-7,5.026666666666666e-6,26.03833983529864,1.7977208482732578,5.58868127468571
FCCD_k5_nc10_rf3_ra1,1e-7,9.79047619047619e-6,45.80996547597058,2.2309501495673487,9.970778371491043
FCCD_k6_nc10_rf3_ra1,1e-7,9.764285714285713e-6,48.541112827573066,2.7832467211505487,12.969399920234634
FCCD_k7_nc10_rf3_ra1,1e-7,9.744444444444443e-6,14.15270122875106,307871.03233328304,1509512.7613265535
FCCD_k8_nc10_rf3_ra1,1e-7,9.728888888888889e-6,3.4326740873455504,822297.0892664765,1903920.4765149641
FCCD_k9_nc10_rf3_ra1,1e-7,9.716363636363635e-6,0.8215581700016912,1543791.7126049972,2667017.7059960673
FCCD_k10_nc10_rf3_ra1,1e-7,9.706060606060606e-6,0.20848375278226378,2472686.612996186,3325457.156108745
RCCD_k3_nc10_rf3_ra1,1e-7,3.2097056274847715e-6,24.606106968798482,0.49637830873534194,0.49107630690080883
RCCD_k4_nc10_rf3_ra1,1e-7,5.986666666666666e-6,46.03200641919302,0.41964272138025055,0.44539942677107763
RCCD_k5_nc10_rf3_ra1,1e-7,1.1488421630928207e-5,89.05546757471373,0.3327625849978724,0.33010915989541784
RCCD_k6_nc10_rf3_ra1,1e-7,1.2764285714285715e-5,103.83792687483519,0.35416039894073786,0.2736385541558643
RCCD_k7_nc10_rf3_ra1,1e-7,1.5084421997182737e-5,34.13957468454447,198881.00880026649,1046343.4390459426
RCCD_k8_nc10_rf3_ra1,1e-7,1.9328888888888888e-5,9.717730891143518,413888.5523872169,971509.1528233888
RCCD_k9_nc10_rf3_ra1,1e-7,2.7147806374479e-5,2.9103820290619913,552531.0870393723,948238.0757565952
RCCD_k10_nc10_rf3_ra1,1e-7,4.164545454545455e-5,1.005246679568332,576293.5842455032,795836.6743556587
SCCD_k3_nc10_rf3_ra1,1e-7,3.2799999999999995e-6,25.332530216536945,0.48055544614633083,0.4591339483684076
SCCD_k4_nc10_rf3_ra1,1e-7,5.986666666666666e-6,46.03200641919302,0.41964272138025055,0.43071918721423913
SCCD_k5_nc10_rf3_ra1,1e-7,1.1123809523809523e-5,84.55012422192728,0.3532230745602056,0.4241506634613808
SCCD_k6_nc10_rf3_ra1,1e-7,1.1478571428571429e-5,92.35468826130695,0.3994596840311779,0.44302868097599546
SCCD_k7_nc10_rf3_ra1,1e-7,1.1844444444444444e-5,27.697949635646847,253283.71426855182,1135691.057408981
SCCD_k8_nc10_rf3_ra1,1e-7,1.2217777777777777e-5,6.890466382082951,654783.967278314,1693920.3479683946
SCCD_k9_nc10_rf3_ra1,1e-7,1.2596363636363636e-5,1.6908094700229428,1190820.2511029216,2092739.5466678059
SCCD_k10_nc10_rf3_ra1,1e-7,1.297878787878788e-5,0.4402352058273665,1849171.4904943274,2486487.0165602616
FCCD_k3_nc1_rf1_ra2,1e-7,1.1699999999999998e-6,8.598167496605583,1.439102238201209,1.8382438700148267
FCCD_k4_nc1_rf1_ra2,1e-7,1.9266666666666663e-6,13.685493539927254,1.4818318310583534,3.1536313009518717
FCCD_k5_nc1_rf1_ra2,1e-7,3.49047619047619e-6,22.974178278569575,1.549489204104475,4.844341071180788
FCCD_k6_nc1_rf1_ra2,1e-7,3.4607142857142853e-6,23.62873899751828,1.9599149123809538,6.5934791448864285
FCCD_k7_nc1_rf1_ra2,1e-7,3.4361111111111114e-6,6.7241552377845775,873082.3026592904,4059601.4670749693
FCCD_k8_nc1_rf1_ra2,1e-7,3.4155555555555556e-6,1.5957878147606905,2342227.6455527036,5518544.735481335
FCCD_k9_nc1_rf1_ra2,1e-7,3.3981818181818184e-6,0.3745505758983786,4414127.935840497,7890332.078204037
FCCD_k10_nc1_rf1_ra2,1e-7,3.3833333333333333e-6,0.09339911584387117,7093598.934473921,9955565.461781837
RCCD_k3_nc1_rf1_ra2,1e-7,2.2294112549695424e-6,13.591273358095705,1.945079319459503,0.9810398634028731
RCCD_k4_nc1_rf1_ra2,1e-7,3.8466666666666665e-6,24.251476287778438,1.8046813663518702,0.9797665869472595
RCCD_k5_nc1_rf1_ra2,1e-7,6.886367071380226e-6,44.928587918506445,1.428785147739219,0.8149038251539842
RCCD_k6_nc1_rf1_ra2,1e-7,9.460714285714288e-6,53.69348733243495,1.108070165257164,0.5686559426351423
RCCD_k7_nc1_rf1_ra2,1e-7,1.4116066216587699e-5,19.460929011886375,212524.67119529107,1052613.8047339532
RCCD_k8_nc1_rf1_ra2,1e-7,2.2615555555555555e-5,6.351124254662153,353739.56538259366,861971.2748114546
RCCD_k9_nc1_rf1_ra2,1e-7,3.826106729441254e-5,2.2401139705958353,392044.04325886356,693861.2844591244
RCCD_k10_nc1_rf1_ra2,1e-7,6.726212121212123e-5,0.9186730411314674,356813.4621381224,469357.7357773629
SCCD_k3_nc1_rf1_ra2,1e-7,2.3699999999999998e-6,14.135520953316917,1.9305511827178754,0.9959852266381127
SCCD_k4_nc1_rf1_ra2,1e-7,3.8466666666666665e-6,24.251476287778438,1.8046813663518702,0.9948750292195325
SCCD_k5_nc1_rf1_ra2,1e-7,6.157142857142858e-6,41.80821558287062,1.652491050239835,0.8938523078369
SCCD_k6_nc1_rf1_ra2,1e-7,6.8892857142857134e-6,45.351382653838094,1.7802484368449625,0.9475063169560873
SCCD_k7_nc1_rf1_ra2,1e-7,7.636111111111112e-6,14.187178132934454,392871.9424903375,1937886.0803728332
SCCD_k8_nc1_rf1_ra2,1e-7,8.393333333333335e-6,3.7428621773745454,953139.2006193642,2265985.5824752725
SCCD_k9_nc1_rf1_ra2,1e-7,9.158181818181817e-6,0.983945480673708,1637881.4057304668,2752990.4027677327
SCCD_k10_nc1_rf1_ra2,1e-7,9.92878787878788e-6,0.2760234362729976,2417215.0718974243,3367638.5379744857
FCCD_k3_nc3_rf1_ra2,1e-7,1.19e-6,8.865985666447,1.3655657507717152,1.8318332352326014
FCCD_k4_nc3_rf1_ra2,1e-7,1.9399999999999996e-6,13.861419660980408,1.4570508245782519,3.1117980710000177
FCCD_k5_nc3_rf1_ra2,1e-7,3.5e-6,23.125942588739886,1.5376084153848486,4.834335283370403
FCCD_k6_nc3_rf1_ra2,1e-7,3.4678571428571427e-6,23.72110480913785,1.9527333480533187,6.468992409831188
FCCD_k7_nc3_rf1_ra2,1e-7,3.441666666666666e-6,6.741914511006263,871672.9688111668,3920049.6287602107
FCCD_k8_nc3_rf1_ra2,1e-7,3.4200000000000003e-6,1.5988760317857365,2339183.8154254197,5874586.822354381
FCCD_k9_nc3_rf1_ra2,1e-7,3.4018181818181813e-6,0.37511359050993914,4409409.465770696,7728764.3837868245
FCCD_k10_nc3_rf1_ra2,1e-7,3.3863636363636364e-6,0.09351285830348267,7087251.198628824,9578539.596100658
RCCD_k3_nc3_rf1_ra2,1e-7,2.2494112549695427e-6,15.152718602708935,1.060445619671088,0.5808048902248464
RCCD_k4_nc3_rf1_ra2,1e-7,3.86e-6,26.094331316014934,0.9713533828932305,0.5283590885254938
RCCD_k5_nc3_rf1_ra2,1e-7,6.895890880904036e-6,47.086465755208764,0.8084178888540446,0.41522848525762085
RCCD_k6_nc3_rf1_ra2,1e-7,9.467857142857145e-6,54.972668038343606,0.855198503872759,0.5617388773368375
RCCD_k7_nc3_rf1_ra2,1e-7,1.4121621772143257e-5,19.671745887954877,212440.98109553911,1105174.0440854856
RCCD_k8_nc3_rf1_ra2,1e-7,2.2619999999999997e-5,6.385201065270464,353670.0316622169,856748.0464274687
RCCD_k9_nc3_rf1_ra2,1e-7,3.82647036580489e-5,2.24688760337609,392006.7728394487,677866.1975322587
RCCD_k10_nc3_rf1_ra2,1e-7,6.726515151515153e-5,0.9204287825179812,356797.37978144555,502150.3548392146
SCCD_k3_nc3_rf1_ra2,1e-7,2.3899999999999996e-6,15.776979222230585,1.0416660514081926,0.561849465793795
SCCD_k4_nc3_rf1_ra2,1e-7,3.86e-6,26.094331316014934,0.9713533828932305,0.5252229261099001
SCCD_k5_nc3_rf1_ra2,1e-7,6.166666666666667e-6,44.05361883850951,0.8524989359912928,0.4235299169208447
SCCD_k6_nc3_rf1_ra2,1e-7,6.896428571428571e-6,47.16615718657646,1.0024789975334298,0.573590314588239
SCCD_k7_nc3_rf1_ra2,1e-7,7.641666666666668e-6,14.627686388772508,392585.5607218195,1948419.787432056
SCCD_k8_nc3_rf1_ra2,1e-7,8.39777777777778e-6,3.835723927369953,952634.0116925307,2304106.061574045
SCCD_k9_nc3_rf1_ra2,1e-7,9.161818181818182e-6,1.0039057320124598,1637230.5834752964,2692839.818007224
SCCD_k10_nc3_rf1_ra2,1e-7,9.931818181818183e-6,0.2806875904112326,2416476.820360136,3352658.860740146
FCCD_k3_nc5_rf1_ra2,1e-7,1.2099999999999998e-06,9.076259766569265,1.3227609225602004,1.8475491190177593
FCCD_k4_nc5_rf1_ra2,1e-7,1.9533333333333334e-6,14.01074094547478,1.4396283679948816,3.21886177889366
FCCD_k5_nc5_rf1_ra2,1e-7,3.5095238095238093e-6,23.26007602897003,1.528445128010395,4.654185749845882
FCCD_k6_nc5_rf1_ra2,1e-7,3.4749999999999998e-6,23.804676318154876,1.9468987558538706,6.371918830914385
FCCD_k7_nc5_rf1_ra2,1e-7,3.4472222222222218e-6,6.758319993969808,870268.1769305062,3904430.9043746963
FCCD_k8_nc5_rf1_ra2,1e-7,3.4244444444444446e-6,1.6017756642405412,2336147.8866742607,6045414.754454722
FCCD_k9_nc5_rf1_ra2,1e-7,3.4054545454545454e-6,0.37564894575957924,4404701.082011105,7995512.332225993
FCCD_k10_nc5_rf1_ra2,1e-7,3.3893939393939388e-6,0.09362207240252107,7080914.820077602,9414088.43330926
RCCD_k3_nc5_rf1_ra2,1e-7,2.2694112549695425e-6,15.943308366429445,0.8811455302638806,0.5810481856967393
RCCD_k4_nc5_rf1_ra2,1e-7,3.873333333333333e-6,26.998278350982336,0.8046871459061066,0.5252330855312751
RCCD_k5_nc5_rf1_ra2,1e-7,6.905414690427845e-6,48.19003455155474,0.666012955802321,0.41362915449419735
RCCD_k6_nc5_rf1_ra2,1e-7,9.475000000000002e-6,55.75148783062436,0.7669871747100803,0.572305204660567
RCCD_k7_nc5_rf1_ra2,1e-7,1.412717732769881e-5,19.82498581161084,212357.39638449388,1047277.8236890301
RCCD_k8_nc5_rf1_ra2,1e-7,2.2624444444444442e-5,6.412855480577076,353600.53579142585,917423.3983277094
RCCD_k9_nc5_rf1_ra2,1e-7,3.826834002168527e-5,2.252726720087864,391969.513030834,750535.7448296418
RCCD_k10_nc5_rf1_ra2,1e-7,6.726818181818183e-5,0.921993825351357,356781.30048660457,476545.02315285424
SCCD_k3_nc5_rf1_ra2,1e-7,2.4100000000000002e-6,16.60384654211423,0.8638885767233773,0.565130723978186
SCCD_k4_nc5_rf1_ra2,1e-7,3.873333333333333e-6,26.998278350982336,0.8046871459061066,0.527263155564779
SCCD_k5_nc5_rf1_ra2,1e-7,6.176190476190477e-6,45.138362062781866,0.6924995680549353,0.42415707885828147
SCCD_k6_nc5_rf1_ra2,1e-7,6.903571428571429e-6,48.03454121880668,0.8469241098836852,0.5742864997531862
SCCD_k7_nc5_rf1_ra2,1e-7,7.647222222222223e-6,14.837625101571481,392300.2038277759,2024384.8536625449
SCCD_k8_nc5_rf1_ra2,1e-7,8.402222222222223e-6,3.8798787396822556,952129.9564135593,2362159.4501976115
SCCD_k9_nc5_rf1_ra2,1e-7,9.165454545454545e-6,1.0133828224703911,1636580.8700513393,2724372.235834615
SCCD_k10_nc5_rf1_ra2,1e-7,9.934848484848488e-6,0.28289985487933206,2415739.6071342067,3283830.834152243
FCCD_k3_nc7_rf1_ra2,1e-7,1.23e-6,9.250132173952345,1.2947528215373438,1.7604546750086039
FCCD_k4_nc7_rf1_ra2,1e-7,1.9666666666666668e-6,14.140641785000412,1.4267105754992269,3.1425795006059056
FCCD_k5_nc7_rf1_ra2,1e-7,3.5190476190476187e-6,23.380324814769853,1.5211626646531269,4.906937193973944
FCCD_k6_nc7_rf1_ra2,1e-7,3.4821428571428568e-6,23.88100697866773,1.9420646705714928,6.081395855665889
FCCD_k7_nc7_rf1_ra2,1e-7,3.452777777777778e-6,6.773575921412435,868867.9067243396,4702167.721538219
FCCD_k8_nc7_rf1_ra2,1e-7,3.428888888888889e-6,1.6045115112687398,2333119.825162792,5650136.456418838
FCCD_k9_nc7_rf1_ra2,1e-7,3.409090909090909e-6,0.3761598634487779,4400002.733863452,7381256.750858742
FCCD_k10_nc7_rf1_ra2,1e-7,3.392424242424242e-6,0.09372723134169449,7074589.75506156,9273629.83420521
RCCD_k3_nc7_rf1_ra2,1e-7,2.2894112549695427e-6,16.487302934606902,0.804056971688917,0.5807971678852172
RCCD_k4_nc7_rf1_ra2,1e-7,3.886666666666666e-6,27.610732721128837,0.7332586931056229,0.5195866135104391
RCCD_k5_nc7_rf1_ra2,1e-7,6.9149384999516556e-6,48.943644496214745,0.6028124423321423,0.41435118963131656
RCCD_k6_nc7_rf1_ra2,1e-7,9.48214285714286e-6,56.315521794852636,0.7221076700190846,0.5574605338437298
RCCD_k7_nc7_rf1_ra2,1e-7,1.4132732883254368e-5,19.945717607319185,212273.89382421202,1034608.0482097873
RCCD_k8_nc7_rf1_ra2,1e-7,2.2628888888888887e-5,6.436156773707505,353531.07317011966,889570.2917081624
RCCD_k9_nc7_rf1_ra2,1e-7,3.827197638532163e-5,2.257861617467667,391932.26273687294,657494.1699784856
RCCD_k10_nc7_rf1_ra2,1e-7,6.727121212121214e-5,0.923406103631267,356765.2238352995,466412.113494446
SCCD_k3_nc7_rf1_ra2,1e-7,2.43e-6,17.17202480389839,0.7876981841218351,0.565487619363592
SCCD_k4_nc7_rf1_ra2,1e-7,3.886666666666666e-6,27.610732721128837,0.7332586931056229,0.5271106169817876
SCCD_k5_nc7_rf1_ra2,1e-7,6.185714285714287e-6,45.86741502220282,0.6239283138737878,0.42048166343496074
SCCD_k6_nc7_rf1_ra2,1e-7,6.910714285714286e-6,48.61524720463682,0.7802576273837215,0.5819904418764896
SCCD_k7_nc7_rf1_ra2,1e-7,7.652777777777778e-6,14.977860537919497,392015.3477335318,1949820.2732578155
SCCD_k8_nc7_rf1_ra2,1e-7,8.406666666666669e-6,3.909365411405612,951626.5196584737,2366358.7298595808
SCCD_k9_nc7_rf1_ra2,1e-7,9.169090909090909e-6,1.0197116714103385,1635931.7560920182,2851983.497692815
SCCD_k10_nc7_rf1_ra2,1e-7,9.93787878787879e-6,0.28437731166799635,2415002.926442451,3254104.800488968
FCCD_k3_nc10_rf1_ra2,1e-7,1.26e-6,9.465846418069464,1.2671566006463304,1.8157724237347814
FCCD_k4_nc10_rf1_ra2,1e-7,1.9866666666666666e-6,14.308717653302976,1.412579166830795,3.1908314264363478
FCCD_k5_nc10_rf1_ra2,1e-7,3.5333333333333335e-6,23.540283553024654,1.512667772531346,4.934309000749901
FCCD_k6_nc10_rf1_ra2,1e-7,3.492857142857143e-6,23.984418217417115,1.936190693961502,6.566262798167065
FCCD_k7_nc10_rf1_ra2,1e-7,3.461111111111111e-6,6.794647799471798,866775.9292787923,4359378.743120523
FCCD_k8_nc10_rf1_ra2,1e-7,3.4355555555555554e-6,1.6083513572659118,2328592.4265860175,5939186.5848140335
FCCD_k9_nc10_rf1_ra2,1e-7,3.4145454545454545e-6,0.3768861796593786,4392973.976881736,7950581.355946133
FCCD_k10_nc10_rf1_ra2,1e-7,3.396969696969697e-6,0.09387823054045352,7065123.302141052,9719679.183724908
RCCD_k3_nc10_rf1_ra2,1e-7,2.3194112549695424e-6,17.084747469971205,0.7461434432151582,0.5801355819404689
RCCD_k4_nc10_rf1_ra2,1e-7,3.906666666666667e-6,28.275137373308446,0.6796873275096582,0.5270075217270884
RCCD_k5_nc10_rf1_ra2,1e-7,6.92922421423737e-6,49.762992629674294,0.5545201774473165,0.4151552857014869
RCCD_k6_nc10_rf1_ra2,1e-7,9.492857142857146e-6,56.94991734152741,0.6849957430669947,0.5641101853651184
RCCD_k7_nc10_rf1_ra2,1e-7,1.41410662165877e-5,20.089618107331237,212148.77736491128,1007960.8793287649
RCCD_k8_nc10_rf1_ra2,1e-7,2.2635555555555555e-5,6.465455256592393,353426.9364894482,896340.7897205753
RCCD_k9_nc10_rf1_ra2,1e-7,3.827743093077618e-5,2.264567991383456,391876.4034246492,649302.7816942033
RCCD_k10_nc10_rf1_ra2,1e-7,6.72757575757576e-5,0.9252965454189792,356741.11321459676,489526.00532836275
SCCD_k3_nc10_rf1_ra2,1e-7,2.46e-6,17.79556159303581,0.7305553708468132,0.568895364499355
SCCD_k4_nc10_rf1_ra2,1e-7,3.906666666666667e-6,28.275137373308446,0.6796873275096582,0.5253054784671819
SCCD_k5_nc10_rf1_ra2,1e-7,6.200000000000001e-6,46.6531038059559,0.5724998351831464,0.41941657125615106
SCCD_k6_nc10_rf1_ra2,1e-7,6.921428571428571e-6,49.238487748192476,0.730257725252163,0.5787477159676129
SCCD_k7_nc10_rf1_ra2,1e-7,7.661111111111112e-6,15.128365151935997,391588.88670289714,2277700.670545738
SCCD_k8_nc10_rf1_ra2,1e-7,8.413333333333335e-6,3.941029914161093,950872.4096358048,2341444.4222054393
SCCD_k9_nc10_rf1_ra2,1e-7,9.174545454545455e-6,1.0265124603791693,1634959.098533088,2972679.670466329
SCCD_k10_nc10_rf1_ra2,1e-7,9.942424242424245e-6,0.28596583966828515,2413898.7931609545,3434207.4372566855
FCCD_k3_nc1_rf2_ra2,1e-7,1.9699999999999998e-6,13.207242667564193,1.1004866054189966,1.6440328268949311
FCCD_k4_nc1_rf2_ra2,1e-7,3.5266666666666662e-6,22.11687582028421,1.1895760858137856,2.9974608833105214
FCCD_k5_nc1_rf2_ra2,1e-7,6.690476190476189e-6,38.42971475862345,1.3223115979713604,4.54026664828472
FCCD_k6_nc1_rf2_ra2,1e-7,6.660714285714286e-6,40.23793650834356,1.642879215272689,6.781778228975434
FCCD_k7_nc1_rf2_ra2,1e-7,6.636111111111111e-6,11.588763031724458,452073.9141633541,2243028.8099023877
FCCD_k8_nc1_rf2_ra2,1e-7,6.615555555555555e-6,2.777136035974564,1209273.2491646977,3042064.7114987574
FCCD_k9_nc1_rf2_ra2,1e-7,6.598181818181818e-6,0.6572218278107594,2273355.938325253,3977197.670422607
FCCD_k10_nc1_rf2_ra2,1e-7,6.583333333333333e-6,0.16506767246246076,3645572.210819891,5268707.560831615
RCCD_k3_nc1_rf2_ra2,1e-7,3.0294112549695433e-6,19.253084216350363,1.690981252865899,0.972860985766438
RCCD_k4_nc1_rf2_ra2,1e-7,5.4466666666666665e-6,36.630876683131426,1.5729080966169817,0.9616433697502286
RCCD_k5_nc1_rf2_ra2,1e-7,1.0086367071380226e-5,71.38626942094962,1.1996313603813833,0.7521657228765316
RCCD_k6_nc1_rf2_ra2,1e-7,1.2660714285714288e-5,86.58706342012673,0.754504741193571,0.3599871244808668
RCCD_k7_nc1_rf2_ra2,1e-7,1.73160662165877e-5,30.455682314317436,173250.02826847427,871896.3554829872
RCCD_k8_nc1_rf2_ra2,1e-7,2.5815555555555555e-5,9.445476693486738,309891.0930147636,787143.3155261449
RCCD_k9_nc1_rf2_ra2,1e-7,4.1461067294412543e-5,3.1359697867422702,361785.52644936595,634481.9339265954
RCCD_k10_nc1_rf2_ra2,1e-7,7.046212121212124e-5,1.2095816291965091,340608.78794400976,464873.7730866934
SCCD_k3_nc1_rf2_ra2,1e-7,3.1699999999999997e-6,19.910036966461657,1.695430792626439,0.9988716872859144
SCCD_k4_nc1_rf2_ra2,1e-7,5.4466666666666665e-6,36.630876683131426,1.5729080966169817,0.9868989280662362
SCCD_k5_nc1_rf2_ra2,1e-7,9.357142857142859e-6,66.69860222336689,1.4581412455878076,0.9403009945331123
SCCD_k6_nc1_rf2_ra2,1e-7,1.0089285714285714e-5,73.60889665128629,1.50582586038382,0.8542772524716578
SCCD_k7_nc1_rf2_ra2,1e-7,1.0836111111111112e-5,22.715923131761574,276853.59824439225,1381064.40189442
SCCD_k8_nc1_rf2_ra2,1e-7,1.1593333333333335e-5,5.849931653068627,690053.2465621922,1617273.9703336307
SCCD_k9_nc1_rf2_ra2,1e-7,1.2358181818181817e-5,1.4923025508907537,1213772.2300132802,2271214.311100877
SCCD_k10_nc1_rf2_ra2,1e-7,1.312878787878788e-5,0.4050088100052445,1828045.2336289384,2551640.42318644
FCCD_k3_nc3_rf2_ra2,1e-7,1.9899999999999996e-6,13.597116016568187,1.038955952581204,1.6840074752980045
FCCD_k4_nc3_rf2_ra2,1e-7,3.5399999999999996e-6,22.394300755130278,1.1668274250583528,3.018546697002113
FCCD_k5_nc3_rf2_ra2,1e-7,6.699999999999999e-6,38.68088605102505,1.310874751461076,4.61302685423458
FCCD_k6_nc3_rf2_ra2,1e-7,6.667857142857143e-6,40.39379135196838,1.6359344347590525,6.468934552644822
FCCD_k7_nc3_rf2_ra2,1e-7,6.641666666666667e-6,11.61838370810523,451695.7642714013,2302833.782986034
FCCD_k8_nc3_rf2_ra2,1e-7,6.62e-6,2.782165711493465,1208461.3819585482,3041999.6660073833
FCCD_k9_nc3_rf2_ra2,1e-7,6.601818181818181e-6,0.6581115678179874,2272103.738900959,4114601.6871411996
FCCD_k10_nc3_rf2_ra2,1e-7,6.5863636363636354e-6,0.16524169284502255,3643894.928512873,4984359.246491747
RCCD_k3_nc3_rf2_ra2,1e-7,3.049411254969543e-6,21.455617157924326,0.8187319697401633,0.334977320860344
RCCD_k4_nc3_rf2_ra2,1e-7,5.46e-6,39.41443135509176,0.739582335060774,0.32581744508782534
RCCD_k5_nc3_rf2_ra2,1e-7,1.0095890880904037e-5,74.71545093024282,0.6130529112011285,0.29148646338332534
RCCD_k6_nc3_rf2_ra2,1e-7,1.2667857142857145e-5,88.3695044358259,0.5647070524179663,0.3028594319671499
RCCD_k7_nc3_rf2_ra2,1e-7,1.7321621772143255e-5,30.70220609080306,173194.41620742687,850558.0772426343
RCCD_k8_nc3_rf2_ra2,1e-7,2.5819999999999997e-5,9.47903630384164,309837.7378110079,770882.641830412
RCCD_k9_nc3_rf2_ra2,1e-7,4.1464703658048903e-5,3.1417231322516233,361753.7935968286,627977.6936467073
RCCD_k10_nc3_rf2_ra2,1e-7,7.046515151515154e-5,1.210903343764635,340594.1378283826,477265.91647247307
SCCD_k3_nc3_rf2_ra2,1e-7,3.1899999999999995e-6,22.2220474283235,0.8065469255215465,0.33316155452613877
SCCD_k4_nc3_rf2_ra2,1e-7,5.46e-6,39.41443135509176,0.739582335060774,0.3206237698065366
SCCD_k5_nc3_rf2_ra2,1e-7,9.366666666666666e-6,70.28079050961351,0.6581532269652066,0.3168798106062763
SCCD_k6_nc3_rf2_ra2,1e-7,1.009642857142857e-5,76.55441306911213,0.7280602923715962,0.31149839310527216
SCCD_k7_nc3_rf2_ra2,1e-7,1.0841666666666668e-5,23.420826082684997,276710.970013897,1267367.5545863912
SCCD_k8_nc3_rf2_ra2,1e-7,1.159777777777778e-5,5.994914529557402,689788.05820523,1758105.2594210156
SCCD_k9_nc3_rf2_ra2,1e-7,1.2361818181818182e-5,1.5225325549630593,1213414.4470449416,2085189.1644780552
SCCD_k10_nc3_rf2_ra2,1e-7,1.3131818181818183e-5,0.4118413643292996,1827622.661438972,2470237.059447629
FCCD_k3_nc5_rf2_ra2,1e-7,2.0100000000000002e-6,13.906634785582755,1.002228345539265,1.67539658773974
FCCD_k4_nc5_rf2_ra2,1e-7,3.553333333333333e-6,22.630630533013736,1.1507075101998323,2.936886465887425
FCCD_k5_nc5_rf2_ra2,1e-7,6.70952380952381e-6,38.903150686578734,1.3020310020738737,4.5413331918166975
FCCD_k6_nc5_rf2_ra2,1e-7,6.675e-6,40.53492951003329,1.6302820153868387,6.329683572428689
FCCD_k7_nc5_rf2_ra2,1e-7,6.6472222222222225e-6,11.64570518625908,451318.2476780618,2123355.315096136
FCCD_k8_nc5_rf2_ra2,1e-7,6.624444444444444e-6,2.786871221412292,1207650.604586925,3124727.675834249
FCCD_k9_nc5_rf2_ra2,1e-7,6.6054545454545444e-6,0.65895327517992,2270852.925554406,4155135.6756176176
FCCD_k10_nc5_rf2_ra2,1e-7,6.589393939393939e-6,0.16540777931429002,3642219.193493528,4831724.6929025175
RCCD_k3_nc5_rf2_ra2,1e-7,3.0694112549695433e-6,22.573055369293225,0.6410103491111251,0.3348832433572788
RCCD_k4_nc5_rf2_ra2,1e-7,5.473333333333333e-6,40.779806033216,0.5729162760032303,0.2915794941196878
RCCD_k5_nc5_rf2_ra2,1e-7,1.0105414690427844e-5,76.4428151194897,0.4736844804495453,0.22533151615509958
RCCD_k6_nc5_rf2_ra2,1e-7,1.2675000000000001e-5,89.51625579192509,0.4899380156480907,0.301003451545599
RCCD_k7_nc5_rf2_ra2,1e-7,1.7327177327698812e-5,30.894743227741355,173138.8580150145,909609.9652671544
RCCD_k8_nc5_rf2_ra2,1e-7,2.5824444444444445e-5,9.508139870915262,309784.40423107165,751274.7809695185
RCCD_k9_nc5_rf2_ra2,1e-7,4.146834002168527e-5,3.1469714590583915,361722.0671926088,618769.41222407
RCCD_k10_nc5_rf2_ra2,1e-7,7.046818181818184e-5,1.2121399121984473,340579.48921615095,482328.5464049718
SCCD_k3_nc5_rf2_ra2,1e-7,3.21e-6,23.386698729404383,0.6287695525991615,0.32851163517323134
SCCD_k4_nc5_rf2_ra2,1e-7,5.473333333333333e-6,40.779806033216,0.5729162760032303,0.29165591184906475
SCCD_k5_nc5_rf2_ra2,1e-7,9.376190476190477e-6,72.01133014943066,0.49815418671263045,0.2602920828687817
SCCD_k6_nc5_rf2_ra2,1e-7,1.0103571428571429e-5,77.96386781889125,0.5725057144725407,0.31261738729165633
SCCD_k7_nc5_rf2_ra2,1e-7,1.0847222222222223e-5,23.756540362730895,276569.0964321271,1386601.199607371
SCCD_k8_nc5_rf2_ra2,1e-7,1.1602222222222223e-5,6.063767384083195,689523.672432256,1611459.980281778
SCCD_k9_nc5_rf2_ra2,1e-7,1.2365454545454545e-5,1.5368625338025665,1213057.4633735677,2154671.1614427404
SCCD_k10_nc5_rf2_ra2,1e-7,1.3134848484848487e-5,0.4150761069682736,1827200.8676657388,2525668.847230087
FCCD_k3_nc7_rf2_ra2,1e-7,2.03e-6,14.164336866620618,0.9778222544580616,1.6222691463444072
FCCD_k4_nc7_rf2_ra2,1e-7,3.5666666666666663e-6,22.83676576185832,1.1386874562425893,2.976037920177355
FCCD_k5_nc7_rf2_ra2,1e-7,6.719047619047619e-6,39.102599468724364,1.2949882412722986,4.435532852690948
FCCD_k6_nc7_rf2_ra2,1e-7,6.682142857142857e-6,40.66393101040561,1.625591920326675,6.644645976348712
FCCD_k7_nc7_rf2_ra2,1e-7,6.652777777777777e-6,11.67107208993125,450941.361674329,2137145.5958934193
FCCD_k8_nc7_rf2_ra2,1e-7,6.628888888888889e-6,2.7912949623985113,1206840.9147724584,3326913.859465883
FCCD_k9_nc7_rf2_ra2,1e-7,6.609090909090909e-6,0.659752519014308,2269603.4932520897,3986978.3780765524
FCCD_k10_nc7_rf2_ra2,1e-7,6.592424242424242e-6,0.16556675794028544,3640544.9878957015,5184658.18653036
RCCD_k3_nc7_rf2_ra2,1e-7,3.089411254969543e-6,23.34236912847846,0.5645033690496516,0.3348367109296671
RCCD_k4_nc7_rf2_ra2,1e-7,5.486666666666666e-6,41.704893228902456,0.5014878723983326,0.29165974139225115
RCCD_k5_nc7_rf2_ra2,1e-7,1.0114938499951655e-5,77.62749819980354,0.4112454881197922,0.22526197290756392
RCCD_k6_nc7_rf2_ra2,1e-7,1.268214285714286e-5,90.36649112333284,0.4499452169699705,0.29799794718525563
RCCD_k7_nc7_rf2_ra2,1e-7,1.7332732883254368e-5,31.052981389976228,173083.34468714998,751490.7194131346
RCCD_k8_nc7_rf2_ra2,1e-7,2.5828888888888887e-5,9.533850947215976,309731.0912346595,809246.9919941999
RCCD_k9_nc7_rf2_ra2,1e-7,4.147197638532163e-5,3.1517979956945186,361690.34703959245,592804.0457721347
RCCD_k10_nc7_rf2_ra2,1e-7,7.047121212121214e-5,1.2133018608438668,340564.8421344911,485055.0930521238
SCCD_k3_nc7_rf2_ra2,1e-7,3.2299999999999996e-6,24.186983841806924,0.5525791885755196,0.32774549859488794
SCCD_k4_nc7_rf2_ra2,1e-7,5.486666666666666e-6,41.704893228902456,0.5014878723983326,0.2916107237686014
SCCD_k5_nc7_rf2_ra2,1e-7,9.385714285714285e-6,73.17442150131774,0.4295830228590351,0.27040260460990595
SCCD_k6_nc7_rf2_ra2,1e-7,1.0110714285714286e-5,78.90639905639117,0.505839317365608,0.3124245190842909
SCCD_k7_nc7_rf2_ra2,1e-7,1.0852777777777778e-5,23.98064332933685,276427.45556225866,1248374.894519117
SCCD_k8_nc7_rf2_ra2,1e-7,1.1606666666666668e-5,6.109692959374652,689259.5747360649,1686825.8336781897
SCCD_k9_nc7_rf2_ra2,1e-7,1.2369090909090908e-5,1.5464173610098022,1212700.7761893484,2237595.2904942157
SCCD_k10_nc7_rf2_ra2,1e-7,1.313787878787879e-5,0.417232587044482,1826779.3550227259,2637472.491998598
FCCD_k3_nc10_rf2_ra2,1e-7,2.06e-6,14.485825497248573,0.9534790619525876,1.6576587297447043
FCCD_k4_nc10_rf2_ra2,1e-7,3.5866666666666665e-6,23.10411500983458,1.1254712296633687,3.0779204484006604
FCCD_k5_nc10_rf2_ra2,1e-7,6.733333333333333e-6,39.36815954800162,1.2867569649512804,4.5174095298483765
FCCD_k6_nc10_rf2_ra2,1e-7,6.692857142857143e-6,40.8388256560062,1.619884420343533,7.09761202154386
FCCD_k7_nc10_rf2_ra2,1e-7,6.661111111111111e-6,11.706038155957428,450377.2131941115,2234145.821120975
FCCD_k8_nc10_rf2_ra2,1e-7,6.635555555555555e-6,2.7974761805421857,1205628.4154859951,2944246.540243396
FCCD_k9_nc10_rf2_ra2,1e-7,6.6145454545454535e-6,0.660881738074701,2267731.9095040276,3970481.5974627947
FCCD_k10_nc10_rf2_ra2,1e-7,6.596969696969697e-6,0.1657934081295159,3638036.5727738906,4865414.985837463
RCCD_k3_nc10_rf2_ra2,1e-7,3.1194112549695432e-6,24.187524047301714,0.5069882986300203,0.3348920921779981
RCCD_k4_nc10_rf2_ra2,1e-7,5.506666666666667e-6,42.708449282885105,0.4479165331826488,0.29161556428636015
RCCD_k5_nc10_rf2_ra2,1e-7,1.0129224214237369e-5,78.91865866137043,0.36328940929977815,0.22521709653170696
RCCD_k6_nc10_rf2_ra2,1e-7,1.2692857142857145e-5,91.33743780780115,0.41581339986269406,0.3002417808315889
RCCD_k7_nc10_rf2_ra2,1e-7,1.73410662165877e-5,31.247859337587727,173000.15057718413,845500.9965769617
RCCD_k8_nc10_rf2_ra2,1e-7,2.5835555555555555e-5,9.567576999045322,309651.15897373453,831785.0442806887
RCCD_k9_nc10_rf2_ra2,1e-7,4.147743093077617e-5,3.1583834714452084,361642.7781057898,634133.1416953303
RCCD_k10_nc10_rf2_ra2,1e-7,7.04757575757576e-5,1.2149234660373192,340542.87431486556,436633.32194123784
SCCD_k3_nc10_rf2_ra2,1e-7,3.26e-6,25.065242063806352,0.49543639122319033,0.32899420865505336
SCCD_k4_nc10_rf2_ra2,1e-7,5.506666666666667e-6,42.708449282885105,0.4479165331826488,0.2915515172292611
SCCD_k5_nc10_rf2_ra2,1e-7,9.400000000000001e-6,74.42786678483661,0.37815459222617814,0.2587197808244654
SCCD_k6_nc10_rf2_ra2,1e-7,1.012142857142857e-5,79.91796738641881,0.45583946067730435,0.3118981869045015
SCCD_k7_nc10_rf2_ra2,1e-7,1.0861111111111112e-5,24.220964573113896,276215.3143487564,1391446.5376647878
SCCD_k8_nc10_rf2_ra2,1e-7,1.1613333333333335e-5,6.158940095584214,688863.8557150009,1767107.7954992696
SCCD_k9_nc10_rf2_ra2,1e-7,1.2374545454545455e-5,1.556665611066533,1212166.1866459067,2090986.479709274
SCCD_k10_nc10_rf2_ra2,1e-7,1.3142424242424245e-5,0.41954625203398405,1826147.4956823417,2425988.3722923524
FCCD_k3_nc1_rf3_ra2,1e-7,2.7699999999999997e-6,17.17507653317233,0.9777945046675259,1.5582261382087772
FCCD_k4_nc1_rf3_ra2,1e-7,5.126666666666666e-6,29.475185759215073,1.08757689138172,2.998816117622537
FCCD_k5_nc1_rf3_ra2,1e-7,9.890476190476189e-6,52.092848043586756,1.2448400203784171,4.396813850065407
FCCD_k6_nc1_rf3_ra2,1e-7,9.860714285714286e-6,55.09944736644378,1.5351073625541798,6.92735246848921
FCCD_k7_nc1_rf3_ra2,1e-7,9.836111111111111e-6,15.987579777386642,305000.38531213475,1169578.4409515804
FCCD_k8_nc1_rf3_ra2,1e-7,9.815555555555554e-6,3.8548750460707093,815034.873330606,2035056.280606656
FCCD_k9_nc1_rf3_ra2,1e-7,9.798181818181818e-6,0.9170406868934867,1530898.54707128,2682290.2743534897
FCCD_k10_nc1_rf3_ra2,1e-7,9.783333333333332e-6,0.23136441060029939,2453154.107061153,3304670.000221182
RCCD_k3_nc1_rf3_ra2,1e-7,3.829411254969543e-6,24.11816812910088,1.5923498976052866,0.971009836484325
RCCD_k4_nc1_rf3_ra2,1e-7,7.046666666666666e-6,47.41656808989811,1.4882701954166282,0.9483933643695438
RCCD_k5_nc1_rf3_ra2,1e-7,1.3286367071380226e-5,94.779941922669,1.114634099071955,0.7632546851351084
RCCD_k6_nc1_rf3_ra2,1e-7,1.586071428571429e-5,115.88644702782487,0.625102986015201,0.3049500886340736
RCCD_k7_nc1_rf3_ra2,1e-7,2.05160662165877e-5,40.18555778629302,146227.25309469513,768319.57981893
RCCD_k8_nc1_rf3_ra2,1e-7,2.9015555555555555e-5,12.118943068806125,275714.4761328269,666543.31052294
RCCD_k9_nc1_rf3_ra2,1e-7,4.466106729441254e-5,3.880455509058672,335863.2405863663,574789.156436865
RCCD_k10_nc1_rf3_ra2,1e-7,7.366212121212123e-5,1.440188975628306,325812.13907067553,443736.85102787975
SCCD_k3_nc1_rf3_ra2,1e-7,3.97e-6,24.863214425164443,1.606474362901281,0.9962935708576943
SCCD_k4_nc1_rf3_ra2,1e-7,7.046666666666666e-6,47.41656808989811,1.4882701954166282,0.9848575298539435
SCCD_k5_nc1_rf3_ra2,1e-7,1.2557142857142857e-5,88.71986039498272,1.3889761388488868,0.9510305120474559
SCCD_k6_nc1_rf3_ra2,1e-7,1.3289285714285714e-5,98.84156412742091,1.4090096533145446,0.9085348722941494
SCCD_k7_nc1_rf3_ra2,1e-7,1.4036111111111112e-5,30.37722023975017,213735.81798171622,948471.4746340225
SCCD_k8_nc1_rf3_ra2,1e-7,1.4793333333333336e-5,7.748551116830205,540785.5232484192,1353041.2571483038
SCCD_k9_nc1_rf3_ra2,1e-7,1.555818181818182e-5,1.9511388345102867,964124.2939585127,1675790.5784029865
SCCD_k10_nc1_rf3_ra2,1e-7,1.632878787878788e-5,0.5216246987402173,1469798.0933149448,2101386.043200364
FCCD_k3_nc3_rf3_ra2,1e-7,2.7899999999999995e-6,17.67250177190585,0.9200508905217577,1.5795573381050185
FCCD_k4_nc3_rf3_ra2,1e-7,5.14e-6,29.841829662591834,1.065479888718294,2.9186980180862756
FCCD_k5_nc3_rf3_ra2,1e-7,9.9e-6,52.43210147370217,1.233548002455379,4.232083017347602
FCCD_k6_nc3_rf3_ra2,1e-7,9.867857142857143e-6,55.31220884719759,1.5282398034638243,6.748526292678748
FCCD_k7_nc3_rf3_ra2,1e-7,9.841666666666666e-6,16.027973135936673,304828.21057462564,1405360.6283267837
FCCD_k8_nc3_rf3_ra2,1e-7,9.8199999999999992e-06,3.8616907328656422,814665.9934088984,2020263.1767412962
FCCD_k9_nc3_rf3_ra2,1e-7,9.801818181818181e-6,0.9182347384414076,1530330.600146526,2593760.2155966926
FCCD_k10_nc3_rf3_ra2,1e-7,9.786363636363636e-6,0.2315952479901051,2452394.50011568,3282838.9453878542
RCCD_k3_nc3_rf3_ra2,1e-7,3.849411254969543e-6,26.870982361020275,0.726671228702675,0.32864317081345545
RCCD_k4_nc3_rf3_ra2,1e-7,7.059999999999999e-6,51.01971536135541,0.6549466558209271,0.3259833201776729
RCCD_k5_nc3_rf3_ra2,1e-7,1.3295890880904037e-5,99.14039866173484,0.5429491019715539,0.2706661265884598
RCCD_k6_nc3_rf3_ra2,1e-7,1.5867857142857148e-5,118.1102436344937,0.459510493563634,0.20981798750886343
RCCD_k7_nc3_rf3_ra2,1e-7,2.0521621772143255e-5,40.46673980546234,146187.63230848228,668865.8600270288
RCCD_k8_nc3_rf3_ra2,1e-7,2.9019999999999997e-5,12.15364475483369,275672.2415420856,677716.1850470315
RCCD_k9_nc3_rf3_ra2,1e-7,4.46647036580489e-5,3.885875046874256,335835.893464953,578955.256724229
RCCD_k10_nc3_rf3_ra2,1e-7,7.366515151515153e-5,1.4413371961747592,325798.735046946,440924.2896321016
SCCD_k3_nc3_rf3_ra2,1e-7,3.99e-6,27.750400047952116,0.7175917597191451,0.3319281527446448
SCCD_k4_nc3_rf3_ra2,1e-7,7.059999999999999e-6,51.01971536135541,0.6549466558209271,0.3288020681442738
SCCD_k5_nc3_rf3_ra2,1e-7,1.2566666666666666e-5,93.48473512661276,0.5889922159588655,0.31628961826254476
SCCD_k6_nc3_rf3_ra2,1e-7,1.3296428571428572e-5,102.79677593428761,0.6312479566656,0.3002859456794916
SCCD_k7_nc3_rf3_ra2,1e-7,1.4041666666666665e-5,31.319555583100037,213650.4927233927,868701.9626631304
SCCD_k8_nc3_rf3_ra2,1e-7,1.4797777777777778e-5,7.940471338215016,540622.3509641157,1333867.9080567118
SCCD_k9_nc3_rf3_ra2,1e-7,1.556181818181818e-5,1.9906306852877216,963898.2631428185,1742276.9379027735
SCCD_k10_nc3_rf3_ra2,1e-7,1.6331818181818185e-5,0.5304158377846531,1469524.6440166237,1957262.5329958312
FCCD_k3_nc5_rf3_ra2,1e-7,2.81e-6,18.06892120727409,0.8852837832168308,1.6280443075387059
FCCD_k4_nc5_rf3_ra2,1e-7,5.153333333333333e-6,30.15454539366449,1.049780242019504,2.8504217454315217
FCCD_k5_nc5_rf3_ra2,1e-7,9.90952380952381e-6,52.73243430324652,1.2248086850612967,4.5354344362681545
FCCD_k6_nc5_rf3_ra2,1e-7,9.875e-6,55.50493609598076,1.5226468622405644,6.679477261099276
FCCD_k7_nc5_rf3_ra2,1e-7,9.847222222222222e-6,16.065209773944492,304656.2317057929,1787029.3881709073
FCCD_k8_nc5_rf3_ra2,1e-7,9.824444444444444e-6,3.8680581991988103,814297.4471416799,1969241.1857831336
FCCD_k9_nc5_rf3_ra2,1e-7,9.805454545454544e-6,0.9193619776757483,1529763.0747597804,2679770.754637081
FCCD_k10_nc5_rf3_ra2,1e-7,9.789393939393939e-6,0.23181499255387475,2451635.356806286,3469400.761051418
RCCD_k3_nc5_rf3_ra2,1e-7,3.869411254969543e-6,28.269112528057693,0.5497914611523479,0.2939952975628676
RCCD_k4_nc5_rf3_ra2,1e-7,7.073333333333333e-6,52.7871134411998,0.4882807745381531,0.2599189190601246
RCCD_k5_nc5_rf3_ra2,1e-7,1.3305414690427846e-5,101.41782391867093,0.40497360872939575,0.19294425282661085
RCCD_k6_nc5_rf3_ra2,1e-7,1.5875000000000003e-5,119.57667075214215,0.3906684150382946,0.20939612833609367
RCCD_k7_nc5_rf3_ra2,1e-7,2.052717732769881e-5,40.693058541650835,146148.04564343914,635943.9639234584
RCCD_k8_nc5_rf3_ra2,1e-7,2.9024444444444445e-5,12.184540253828255,275630.02179411857,717240.0522551201
RCCD_k9_nc5_rf3_ra2,1e-7,4.4668340021685267e-5,3.8909266454211604,335808.55123448593,618796.3569032117
RCCD_k10_nc5_rf3_ra2,1e-7,7.366818181818183e-5,1.4424309596926679,325785.3323203652,444624.2914301202
SCCD_k3_nc5_rf3_ra2,1e-7,4.01e-6,29.204790345699692,0.5398144880090723,0.27270886063849326
SCCD_k4_nc5_rf3_ra2,1e-7,7.073333333333333e-6,52.7871134411998,0.4882807745381531,0.2543784685509139
SCCD_k5_nc5_rf3_ra2,1e-7,1.2576190476190475e-5,95.78662835148596,0.42899350336556175,0.24416642890528453
SCCD_k6_nc5_rf3_ra2,1e-7,1.3303571428571427e-5,104.68938088830954,0.47569368847972393,0.2538528881220185
SCCD_k7_nc5_rf3_ra2,1e-7,1.4047222222222223e-5,31.768180856941154,213565.84375386886,1144942.3031093688
SCCD_k8_nc5_rf3_ra2,1e-7,1.4802222222222223e-5,8.031550951675648,540459.8764387588,1430142.2125419003
SCCD_k9_nc5_rf3_ra2,1e-7,1.5565454545454543e-5,2.009333216162688,963672.9318397394,1713187.4011488005
SCCD_k10_nc5_rf3_ra2,1e-7,1.6334848484848486e-5,0.534573113244266,1469251.8844358372,2047636.7697108034
FCCD_k3_nc7_rf3_ra2,1e-7,2.83e-6,18.39977166100573,0.8620550999961977,1.6296316719931474
FCCD_k4_nc7_rf3_ra2,1e-7,5.166666666666667e-6,30.427550114892274,1.0380510843404642,2.9304325920975014
FCCD_k5_nc7_rf3_ra2,1e-7,9.919047619047619e-6,53.00202419090749,1.2178443680442228,4.630766745424432
FCCD_k6_nc7_rf3_ra2,1e-7,9.882142857142856e-6,55.681132461351545,1.5180038194112657,6.783752552968523
FCCD_k7_nc7_rf3_ra2,1e-7,9.852777777777777e-6,16.099761772895828,304484.4471186103,1487815.0572876828
FCCD_k8_nc7_rf3_ra2,1e-7,9.82888888888889e-6,3.874035945822587,813929.2356107013,1860320.2614079423
FCCD_k9_nc7_rf3_ra2,1e-7,9.80909090909091e-6,0.9204301373962631,1529195.9661835216,2663192.007194119
FCCD_k10_nc7_rf3_ra2,1e-7,9.792424242424242e-6,0.2320247964846386,2450876.69181645,3195758.8049642737
RCCD_k3_nc7_rf3_ra2,1e-7,3.8894112549695435e-6,29.231953827732784,0.47359493667140673,0.295851274409004
RCCD_k4_nc7_rf3_ra2,1e-7,7.086666666666666e-6,53.98458519384038,0.4168524199425271,0.2584717122099155
RCCD_k5_nc7_rf3_ra2,1e-7,1.3314938499951654e-5,102.98289294257327,0.3428868487902224,0.19561270406706527
RCCD_k6_nc7_rf3_ra2,1e-7,1.588214285714286e-5,120.67622835722479,0.35295486483810745,0.20889946131602496
RCCD_k7_nc7_rf3_ra2,1e-7,2.0532732883254368e-5,40.88269551855482,146108.4869550266,750036.7537247238
RCCD_k8_nc7_rf3_ra2,1e-7,2.9028888888888887e-5,12.212396444168201,275587.8162236882,684945.2002185759
RCCD_k9_nc7_rf3_ra2,1e-7,4.4671976385321626e-5,3.89565822940808,335781.2137425861,609269.454005504
RCCD_k10_nc7_rf3_ra2,1e-7,7.367121212121215e-5,1.44347532761669,325771.9306596785,427336.56508320005
SCCD_k3_nc7_rf3_ra2,1e-7,4.0299999999999995e-6,30.204168443640555,0.4636241519745865,0.27418602474624
SCCD_k4_nc7_rf3_ra2,1e-7,7.086666666666666e-6,53.98458519384038,0.4168524199425271,0.260438572481686
SCCD_k5_nc7_rf3_ra2,1e-7,1.2585714285714285e-5,97.33372552873671,0.36042242979238814,0.24038669463114062
SCCD_k6_nc7_rf3_ra2,1e-7,1.3310714285714285e-5,105.95500496956822,0.4090273767102554,0.26090889557847546
SCCD_k7_nc7_rf3_ra2,1e-7,1.4052777777777776e-5,32.067548335359724,213481.3487750228,1033877.9953354163
SCCD_k8_nc7_rf3_ra2,1e-7,1.4806666666666668e-5,8.09226093079985,540297.5853127221,1318957.1273933488
SCCD_k9_nc7_rf3_ra2,1e-7,1.5569090909090907e-5,2.021792105665549,963447.790776259,1843287.5471314085
SCCD_k10_nc7_rf3_ra2,1e-7,1.633787878787879e-5,0.537341595408437,1468979.309052833,1900256.00424061
FCCD_k3_nc10_rf3_ra2,1e-7,2.86e-6,18.813321916487894,0.8387858029205454,1.6276304784266507
FCCD_k4_nc10_rf3_ra2,1e-7,5.186666666666666e-6,30.781912520688387,1.0251324704057398,2.820200415736251
FCCD_k5_nc10_rf3_ra2,1e-7,9.933333333333332e-6,53.36108707916605,1.2096994628748692,4.556333536107734
FCCD_k6_nc10_rf3_ra2,1e-7,9.892857142857142e-6,55.92006950364482,1.5123507628131618,6.52528072738122
FCCD_k7_nc10_rf3_ra2,1e-7,9.861111111111112e-6,16.147351823675116,304227.13396880747,1298051.1816980285
FCCD_k8_nc10_rf3_ra2,1e-7,9.835555555555556e-6,3.882373901719505,813377.541446095,2197082.90432175
FCCD_k9_nc10_rf3_ra2,1e-7,9.814545454545454e-6,0.921935449990998,1528346.099935055,2928289.304495271
FCCD_k10_nc10_rf3_ra2,1e-7,9.796969696969697e-6,0.23232297279939984,2449739.570378779,3219614.5169350505
RCCD_k3_nc10_rf3_ra2,1e-7,3.919411254969543e-6,30.289884787736366,0.4162926490218684,0.2979181187309712
RCCD_k4_nc10_rf3_ra2,1e-7,7.106666666666666e-6,55.2836304536056,0.3632811068098513,0.25497402439558275
RCCD_k5_nc10_rf3_ra2,1e-7,1.332922421423737e-5,104.69057164225862,0.29508647345273087,0.2041396530433962
RCCD_k6_nc10_rf3_ra2,1e-7,1.5892857142857145e-5,121.94138089186647,0.32026158839714935,0.20881379450267123
RCCD_k7_nc10_rf3_ra2,1e-7,2.05410662165877e-5,41.119992433988834,146049.196407099,684205.0733353582
RCCD_k8_nc10_rf3_ra2,1e-7,2.9035555555555555e-5,12.249657803879375,275524.5338888215,678887.1941379128
RCCD_k9_nc10_rf3_ra2,1e-7,4.4677430930776176e-5,3.902239234413898,335740.21622682724,574491.8789036318
RCCD_k10_nc10_rf3_ra2,1e-7,7.36757575757576e-5,1.4449586990567167,325751.83058640553,440777.0413412067
SCCD_k3_nc10_rf3_ra2,1e-7,4.06e-6,31.30091766151885,0.4064813696400842,0.27528662490972156
SCCD_k4_nc10_rf3_ra2,1e-7,7.106666666666666e-6,55.2836304536056,0.3632811068098513,0.2641724484592119
SCCD_k5_nc10_rf3_ra2,1e-7,1.26e-5,99.00100816077608,0.3089940471336203,0.23160610312775937
SCCD_k6_nc10_rf3_ra2,1e-7,1.3321428571428571e-5,107.31333179751167,0.3590275653714322,0.25134557537623503
SCCD_k7_nc10_rf3_ra2,1e-7,1.406111111111111e-5,32.38844049007528,213354.77978607622,1041418.7580719491
SCCD_k8_nc10_rf3_ra2,1e-7,1.4813333333333334e-5,8.15730858641875,540054.3787671614,1297173.345104297
SCCD_k9_nc10_rf3_ra2,1e-7,1.5574545454545453e-5,2.035140415325489,963110.3219994007,1674786.7690865186
SCCD_k10_nc10_rf3_ra2,1e-7,1.6342424242424245e-5,0.5403079852187875,1468570.6818569743,1994539.1759301715
FCCD_k3_nc1_rf1_ra3,1e-7,1.35e-6,10.116517181877914,1.1793755685960616,1.3210582855680082
FCCD_k4_nc1_rf1_ra3,1e-7,2.0866666666666665e-6,15.605612570857186,1.1756615998579802,2.125349444526721
FCCD_k5_nc1_rf1_ra3,1e-7,3.6333333333333334e-6,25.600736009666267,1.1814678146542017,3.1705570284003826
FCCD_k6_nc1_rf1_ra3,1e-7,3.5892857142857145e-6,26.056191220698942,1.5133988639129357,4.313836779545711
FCCD_k7_nc1_rf1_ra3,1e-7,3.5527777777777777e-6,7.369943139759216,844411.4382433221,4238364.462571669
FCCD_k8_nc1_rf1_ra3,1e-7,3.522222222222222e-6,1.7406122640539035,2271295.296173414,5680942.71592381
FCCD_k9_nc1_rf1_ra3,1e-7,3.496363636363636e-6,0.40686611261535865,4290173.647748919,7689235.364997789
FCCD_k10_nc1_rf1_ra3,1e-7,3.474242424242424e-6,0.10108865120685963,6907982.915239897,9135872.939242803
RCCD_k3_nc1_rf1_ra3,1e-7,2.9391168824543133e-6,16.329815325928607,1.885337932453406,0.9676952533384288
RCCD_k4_nc1_rf1_ra3,1e-7,4.966666666666666e-6,28.330864239900563,1.7624920934771893,0.980197243805031
RCCD_k5_nc1_rf1_ra3,1e-7,8.727169654689387e-6,51.335765952532704,1.3635249147365909,0.7635432094167957
RCCD_k6_nc1_rf1_ra3,1e-7,1.2589285714285717e-5,61.28466396413465,1.0366784702353724,0.5505282086987325
RCCD_k7_nc1_rf1_ra3,1e-7,1.9572710435992663e-5,22.731704777337733,153275.45983382367,801500.5011210477
RCCD_k8_nc1_rf1_ra3,1e-7,3.232222222222222e-5,7.653358036084667,247508.44510067845,618650.0540362094
RCCD_k9_nc1_rf1_ra3,1e-7,5.579069185070973e-5,2.7930020661584076,268862.64381197776,484910.29990196036
RCCD_k10_nc1_rf1_ra3,1e-7,9.929242424242426e-5,1.1843472319734876,241710.71418850028,328978.80950410914
SCCD_k3_nc1_rf1_ra3,1e-7,3.15e-6,17.025797708582648,1.8735697073623796,0.9958474098611649
SCCD_k4_nc1_rf1_ra3,1e-7,4.966666666666666e-6,28.330864239900563,1.7624920934771893,0.9714298780873979
SCCD_k5_nc1_rf1_ra3,1e-7,7.633333333333334e-6,47.492836826267,1.6230265467503233,0.9472557115988526
SCCD_k6_nc1_rf1_ra3,1e-7,8.732142857142857e-6,51.18181326649651,1.7492390566639577,0.8890484688463407
SCCD_k7_nc1_rf1_ra3,1e-7,9.852777777777779e-6,16.24458363344736,304484.43670593377,1433538.893660547
SCCD_k8_nc1_rf1_ra3,1e-7,1.098888888888889e-5,4.3730182116245535,728009.8441717187,1921205.6693838083
SCCD_k9_nc1_rf1_ra3,1e-7,1.2136363636363636e-5,1.1761881617322292,1235956.7350223595,2073588.4857500684
SCCD_k10_nc1_rf1_ra3,1e-7,1.3292424242424245e-5,0.3378909904097713,1805541.2674465391,2426824.572110189
FCCD_k3_nc3_rf1_ra3,1e-7,1.3699999999999998e-6,10.361452372381171,1.1318386942232423,1.312857673895027
FCCD_k4_nc3_rf1_ra3,1e-7,2.1e-6,15.751599011522783,1.1620320736078962,2.07812322781274
FCCD_k5_nc3_rf1_ra3,1e-7,3.6428571428571428e-6,25.720007316187726,1.1754510302265453,3.168599355566262
FCCD_k6_nc3_rf1_ra3,1e-7,3.5964285714285715e-6,26.127243946745743,1.509847721612377,4.284515014548475
FCCD_k7_nc3_rf1_ra3,1e-7,3.5583333333333333e-6,7.38369394010994,843093.0759063936,3987143.340064663
FCCD_k8_nc3_rf1_ra3,1e-7,3.5266666666666662e-6,1.7430453770036523,2268432.9215703737,5457491.413805345
FCCD_k9_nc3_rf1_ra3,1e-7,3.5e-6,0.4073195902355375,4285716.332887734,7608649.420244074
FCCD_k10_nc3_rf1_ra3,1e-7,3.4772727272727272e-6,0.10118238012167889,6901962.896201995,9392655.682487216
RCCD_k3_nc3_rf1_ra3,1e-7,2.959116882454314e-6,18.20255784007586,1.0013610281798002,0.5314377056950917
RCCD_k4_nc3_rf1_ra3,1e-7,4.98e-6,30.48370759560106,0.9291656659133065,0.4940640749703582
RCCD_k5_nc3_rf1_ra3,1e-7,8.736693464213196e-6,53.7441317226344,0.775319406491744,0.3953279834396877
RCCD_k6_nc3_rf1_ra3,1e-7,1.2596428571428574e-5,62.65466098295072,0.8159845438820847,0.5483324778754807
RCCD_k7_nc3_rf1_ra3,1e-7,1.957826599154822e-5,22.961284968629254,153231.89588809555,759000.2546100338
RCCD_k8_nc3_rf1_ra3,1e-7,3.232666666666666e-5,7.692211641805533,247474.38951606906,640830.3082810369
RCCD_k9_nc3_rf1_ra3,1e-7,5.579432821434609e-5,2.8011335012261642,268845.10797745374,493007.206639913
RCCD_k10_nc3_rf1_ra3,1e-7,9.929545454545457e-5,1.1865566983571623,241703.33009502492,348647.8256800413
SCCD_k3_nc3_rf1_ra3,1e-7,3.1699999999999997e-6,19.00288209559341,0.9846858091263456,0.5220945593164391
SCCD_k4_nc3_rf1_ra3,1e-7,4.98e-6,30.48370759560106,0.9291656659133065,0.48786361808593376
SCCD_k5_nc3_rf1_ra3,1e-7,7.642857142857145e-6,50.04354250115597,0.823036322251164,0.4038342926459395
SCCD_k6_nc3_rf1_ra3,1e-7,8.7392857142857135e-06,53.229894763161006,0.9714718471434529,0.5556010525539797
SCCD_k7_nc3_rf1_ra3,1e-7,9.858333333333334e-6,16.748744710858332,304312.0869383932,1533572.4343491462
SCCD_k8_nc3_rf1_ra3,1e-7,1.0993333333333335e-5,4.481414565652756,727714.7711148725,1822199.0641279088
SCCD_k9_nc3_rf1_ra3,1e-7,1.214e-5,1.2000163089407851,1235585.7814162467,2157546.6692149513
SCCD_k10_nc3_rf1_ra3,1e-7,1.3295454545454548e-5,0.34359090236144957,1805129.0158335913,2506449.115435944
FCCD_k3_nc5_rf1_ra3,1e-7,1.39e-6,10.563268864895232,1.1009814209728164,1.2983460957521662
FCCD_k4_nc5_rf1_ra3,1e-7,2.113333333333333e-6,15.880796266974093,1.1515460945625227,2.0624062064067648
FCCD_k5_nc5_rf1_ra3,1e-7,3.6523809523809525e-6,25.829148547052306,1.1704581164585581,3.1821113042721665
FCCD_k6_nc5_rf1_ra3,1e-7,3.603571428571428e-6,26.193434303138943,1.5067823311941828,4.736213667350266
FCCD_k7_nc5_rf1_ra3,1e-7,3.5638888888888885e-6,7.396715166269631,841778.8236556901,4338724.209159291
FCCD_k8_nc5_rf1_ra3,1e-7,3.531111111111111e-6,1.7453787766482474,2265577.754684276,6093692.054480075
FCCD_k9_nc5_rf1_ra3,1e-7,3.5036363636363637e-6,0.4077586602310546,4281268.259814774,7650032.441288537
FCCD_k10_nc5_rf1_ra3,1e-7,3.4803030303030304e-6,0.1012737788586653,6895953.351498829,9711576.072439961
RCCD_k3_nc5_rf1_ra3,1e-7,2.9791168824543138e-6,19.151563043937852,0.8218002748953138,0.5190323404576894
RCCD_k4_nc5_rf1_ra3,1e-7,4.993333333333333e-6,31.53970885845924,0.7624995534611979,0.49720647849905086
RCCD_k5_nc5_rf1_ra3,1e-7,8.746217273737006e-6,54.990110778787496,0.6365244847347542,0.3931394661506399
RCCD_k6_nc5_rf1_ra3,1e-7,1.2603571428571432e-5,63.50961045104132,0.7346759462241085,0.5438611497661496
RCCD_k7_nc5_rf1_ra3,1e-7,1.9583821547103776e-5,23.131242637120774,153188.38940813782,743995.8173967235
RCCD_k8_nc5_rf1_ra3,1e-7,3.233111111111111e-5,7.724043308883034,247440.35237899935,669426.5702468094
RCCD_k9_nc5_rf1_ra3,1e-7,5.579796457798245e-5,2.808174046907792,268827.57767658797,479350.68791321706
RCCD_k10_nc5_rf1_ra3,1e-7,9.929848484848487e-5,1.1885301009872853,241695.94800756994,345087.629384428
SCCD_k3_nc5_rf1_ra3,1e-7,3.1899999999999995e-6,19.99881785464771,0.8069084332113482,0.5191563814099205
SCCD_k4_nc5_rf1_ra3,1e-7,4.993333333333333e-6,31.53970885845924,0.7624995534611979,0.49627859288654197
SCCD_k5_nc5_rf1_ra3,1e-7,7.652380952380952e-6,51.27577652963846,0.6630371055334803,0.40136908572162727
SCCD_k6_nc5_rf1_ra3,1e-7,8.74642857142857e-6,54.209918729691985,0.8159171379081409,0.5566729317938728
SCCD_k7_nc5_rf1_ra3,1e-7,9.86388888888889e-6,16.988893725112856,304140.53991335246,1320540.2786501436
SCCD_k8_nc5_rf1_ra3,1e-7,1.099777777777778e-5,4.532901536609637,727420.5359315027,1778618.1724685638
SCCD_k9_nc5_rf1_ra3,1e-7,1.2143636363636364e-5,1.2113125609177022,1235215.6423429903,2143353.380971652
SCCD_k10_nc5_rf1_ra3,1e-7,1.329848484848485e-5,0.34628922487299957,1804717.5363656478,2573706.963328365
FCCD_k3_nc7_rf1_ra3,1e-7,1.4099999999999998e-6,10.73540240849734,1.0793352719060922,1.3119851338821378
FCCD_k4_nc7_rf1_ra3,1e-7,2.1266666666666665e-6,15.996768972357364,1.143228559593541,2.1069899807489625
FCCD_k5_nc7_rf1_ra3,1e-7,3.661904761904762e-6,25.929780010029077,1.16624821954807,3.244913848504432
FCCD_k6_nc7_rf1_ra3,1e-7,3.610714285714285e-6,26.255395433409976,1.504109405694672,4.546844950335887
FCCD_k7_nc7_rf1_ra3,1e-7,3.569444444444444e-6,7.409086704827872,840468.6626787178,3729513.1933433637
FCCD_k8_nc7_rf1_ra3,1e-7,3.5355555555555553e-6,1.7476218684103977,2262729.764135306,5768975.224964179
FCCD_k9_nc7_rf1_ra3,1e-7,3.507272727272727e-6,0.4081845147332692,4276829.412368496,7361043.496582631
FCCD_k10_nc7_rf1_ra3,1e-7,3.4833333333333336e-6,0.10136301909743659,6889954.265697824,9450591.540422278
RCCD_k3_nc7_rf1_ra3,1e-7,2.9991168824543136e-6,19.80470963196162,0.7445587506358456,0.5296897481401797
RCCD_k4_nc7_rf1_ra3,1e-7,5.0066666666666664e-6,32.255185141624196,0.6910711349993692,0.48734239639741334
RCCD_k5_nc7_rf1_ra3,1e-7,8.755741083260815e-6,55.84389840615041,0.5744611146251923,0.39672346013822607
RCCD_k6_nc7_rf1_ra3,1e-7,1.2610714285714289e-5,64.13514753913273,0.6923954096475893,0.544030182882606
RCCD_k7_nc7_rf1_ra3,1e-7,1.958937710265933e-5,23.266509716120662,153144.92184354784,660297.0148070853
RCCD_k8_nc7_rf1_ra3,1e-7,3.2335555555555554e-5,7.751033469342578,247406.32976421184,595828.64160163
RCCD_k9_nc7_rf1_ra3,1e-7,5.580160094161881e-5,2.814385398467305,268810.0518678247,465685.6381746927
RCCD_k10_nc7_rf1_ra3,1e-7,9.930151515151517e-5,1.1903135914585226,241688.56750322043,314100.6091440419
SCCD_k3_nc7_rf1_ra3,1e-7,3.21e-6,20.68317081211091,0.7307180678929225,0.5264425641570089
SCCD_k4_nc7_rf1_ra3,1e-7,5.0066666666666664e-6,32.255185141624196,0.6910711349993692,0.4914256794850356
SCCD_k5_nc7_rf1_ra3,1e-7,7.661904761904763e-6,52.10395778277194,0.5944658930277867,0.3999947163889941
SCCD_k6_nc7_rf1_ra3,1e-7,8.753571428571428e-6,54.865280723676186,0.7492507045733249,0.5605603769377272
SCCD_k7_nc7_rf1_ra3,1e-7,9.869444444444445e-6,17.149228297967593,303969.2731390276,1367269.0514154232
SCCD_k8_nc7_rf1_ra3,1e-7,1.1002222222222224e-5,4.56724977901274,727126.6240582659,1811061.9533759397
SCCD_k9_nc7_rf1_ra3,1e-7,1.2147272727272726e-5,1.218845196996598,1234845.8096960834,2143837.2718838076
SCCD_k10_nc7_rf1_ra3,1e-7,1.3301515151515152e-5,0.3480879713572034,1804306.3301587494,2423266.932750438
FCCD_k3_nc10_rf1_ra3,1e-7,1.44e-6,10.954491765630712,1.0567651994821945,1.303496448652994
FCCD_k4_nc10_rf1_ra3,1e-7,2.1466666666666663e-6,16.151275000204297,1.1335442676946355,2.16112789011786
FCCD_k5_nc10_rf1_ra3,1e-7,3.676190476190476e-6,26.067449498034545,1.1610410071826098,3.2421077003251777
FCCD_k6_nc10_rf1_ra3,1e-7,3.6214285714285713e-6,26.341511926683612,1.5006854587726326,4.506493381529663
FCCD_k7_nc10_rf1_ra3,1e-7,3.577777777777778e-6,7.4265704487580635,838511.0510063692,3924757.038365178
FCCD_k8_nc10_rf1_ra3,1e-7,3.542222222222222e-6,1.7508346617642678,2258471.1771691246,5627912.858946513
FCCD_k9_nc10_rf1_ra3,1e-7,3.5127272727272723e-6,0.4088007793733042,4270188.374299184,7576352.548558975
FCCD_k10_nc10_rf1_ra3,1e-7,3.4878787878787873e-6,0.10149316325986253,6880975.178866455,9199054.605984468
RCCD_k3_nc10_rf1_ra3,1e-7,3.0291168824543137e-6,20.522120274336757,0.6865141174185518,0.5319183690422248
RCCD_k4_nc10_rf1_ra3,1e-7,5.026666666666666e-6,33.03135039526251,0.6374997876757842,0.4850541314715078
RCCD_k5_nc10_rf1_ra3,1e-7,8.77002679754653e-6,56.77396312735748,0.5268432774157441,0.38962422563736515
RCCD_k6_nc10_rf1_ra3,1e-7,1.2621428571428574e-5,64.84333422576468,0.6569543369063271,0.5384832923004473
RCCD_k7_nc10_rf1_ra3,1e-7,1.9597710435992664e-5,23.42894357080494,153079.7796246381,698852.5904398743
RCCD_k8_nc10_rf1_ra3,1e-7,3.234222222222222e-5,7.785147833787849,247355.3189357149,598145.1572365107
RCCD_k9_nc10_rf1_ra3,1e-7,5.580705548707336e-5,2.8225210009977917,268783.77016621944,459070.79521070333
RCCD_k10_nc10_rf1_ra3,1e-7,9.930606060606062e-5,1.1927043146983909,241677.4990739922,330358.0366144801
SCCD_k3_nc10_rf1_ra3,1e-7,3.24e-6,21.434201419228696,0.6735752691978931,0.5250585903403264
SCCD_k4_nc10_rf1_ra3,1e-7,5.026666666666666e-6,33.03135039526251,0.6374997876757842,0.49488890356814896
SCCD_k5_nc10_rf1_ra3,1e-7,7.676190476190477e-6,52.99647562714528,0.5430374364891354,0.3985942448751043
SCCD_k6_nc10_rf1_ra3,1e-7,8.764285714285714e-6,55.56864562305646,0.6992508285697461,0.5641044240586124
SCCD_k7_nc10_rf1_ra3,1e-7,9.877777777777778e-6,17.32119910001161,303712.78287562047,1453259.1954840682
SCCD_k8_nc10_rf1_ra3,1e-7,1.100888888888889e-5,4.604089879535577,726686.2494877343,1850183.2441624491
SCCD_k9_nc10_rf1_ra3,1e-7,1.2152727272727272e-5,1.2269252901996635,1234291.5226421985,2072577.224483518
SCCD_k10_nc10_rf1_ra3,1e-7,1.3306060606060609e-5,0.3500176696090143,1803689.9174748536,2466217.069042885
FCCD_k3_nc1_rf2_ra3,1e-7,2.1499999999999997e-6,15.266537207335517,0.8603930798093369,1.18752236675516
FCCD_k4_nc1_rf2_ra3,1e-7,3.6866666666666664e-6,24.943914421135858,0.8953406572813305,1.9959987937217185
FCCD_k5_nc1_rf2_ra3,1e-7,6.833333333333333e-6,42.568251600070134,0.959413980138222,2.8971418030694838
FCCD_k6_nc1_rf2_ra3,1e-7,6.7892857142857135e-6,44.133858443841135,1.2025707770237293,4.207521608279937
FCCD_k7_nc1_rf2_ra3,1e-7,6.752777777777777e-6,12.623152749621303,444263.01747405436,2051922.778864932
FCCD_k8_nc1_rf2_ra3,1e-7,6.722222222222223e-6,3.007795386541119,1190084.2128611244,2775101.2178883855
FCCD_k9_nc1_rf2_ra3,1e-7,6.696363636363637e-6,0.7083477429416986,2240023.43259261,4141117.1336844233
FCCD_k10_nc1_rf2_ra3,1e-7,6.674242424242424e-6,0.17715353010967094,3595915.5554781533,4865981.723086162
RCCD_k3_nc1_rf2_ra3,1e-7,3.739116882454314e-6,22.511764078432417,1.6457127915916396,0.9674197709236145
RCCD_k4_nc1_rf2_ra3,1e-7,6.566666666666667e-6,41.81972827992436,1.5446325330319965,0.9791252765922427
RCCD_k5_nc1_rf2_ra3,1e-7,1.1927169654689387e-5,80.1402134658469,1.1238282476755543,0.7400963155757931
RCCD_k6_nc1_rf2_ra3,1e-7,1.5789285714285717e-5,97.33994732120013,0.6781351024617697,0.3076703379148725
RCCD_k7_nc1_rf2_ra3,1e-7,2.2772710435992666e-5,34.946057060800236,131737.10127528606,606789.5604986108
RCCD_k8_nc1_rf2_ra3,1e-7,3.552222222222222e-5,11.176567150603399,225211.52637183346,594006.5331201917
RCCD_k9_nc1_rf2_ra3,1e-7,5.899069185070973e-5,3.847499261122472,254277.72480195618,446732.82807135466
RCCD_k10_nc1_rf2_ra3,1e-7,1.0249242424242427e-4,1.5396133029317733,234163.88422198832,316888.5524079152
SCCD_k3_nc1_rf2_ra3,1e-7,3.9499999999999995e-6,23.335586634786686,1.6559024784258511,0.9983805067104528
SCCD_k4_nc1_rf2_ra3,1e-7,6.566666666666667e-6,41.81972827992436,1.5446325330319965,0.9905893718330482
SCCD_k5_nc1_rf2_ra3,1e-7,1.0833333333333332e-5,74.40715485427204,1.4382201720321872,0.9192396215395651
SCCD_k6_nc1_rf2_ra3,1e-7,1.1932142857142857e-5,81.70611237215397,1.4858401819385532,0.8553042428168725
SCCD_k7_nc1_rf2_ra3,1e-7,1.3052777777777777e-5,25.473313297688335,229837.62381603222,924252.1082200662
SCCD_k8_nc1_rf2_ra3,1e-7,1.418888888888889e-5,6.6608613227327895,563822.9280171162,1396702.0685087538
SCCD_k9_nc1_rf2_ra3,1e-7,1.5336363636363636e-5,1.7302652416904565,978069.0032661331,1691785.6229937652
SCCD_k10_nc1_rf2_ra3,1e-7,1.6492424242424245e-5,0.4788837532532778,1455214.952956811,1991412.7633128893
FCCD_k3_nc3_rf2_ra3,1e-7,2.17e-6,15.606747033142362,0.8238634245989861,1.1542889754739714
FCCD_k4_nc3_rf2_ra3,1e-7,3.6999999999999997e-6,25.16853490258736,0.8833731193674296,2.0303330773081676
FCCD_k5_nc3_rf2_ra3,1e-7,6.842857142857143e-6,42.76332014070903,0.9537378606849747,2.9682843864216286
FCCD_k6_nc3_rf2_ra3,1e-7,6.79642857142857e-6,44.25251689863063,1.1991969306740364,4.29828735925529
FCCD_k7_nc3_rf2_ra3,1e-7,6.758333333333333e-6,12.645656426381452,443897.81955721544,1890048.4126961937
FCCD_k8_nc3_rf2_ra3,1e-7,6.726666666666666e-6,3.0116401688584222,1189297.8995343477,2970683.2679843293
FCCD_k9_nc3_rf2_ra3,1e-7,6.699999999999999e-6,0.7090354632112543,2238807.6816760264,3652123.9299038327
FCCD_k10_nc3_rf2_ra3,1e-7,6.677272727272726e-6,0.17728988589029562,3594283.654418441,4788056.917480758
RCCD_k3_nc3_rf2_ra3,1e-7,3.7591168824543144e-6,25.077578387083825,0.7774742653163114,0.3284614593751402
RCCD_k4_nc3_rf2_ra3,1e-7,6.58e-6,44.99757735078664,0.7113083273351318,0.3316291073738703
RCCD_k5_nc3_rf2_ra3,1e-7,1.1936693464213196e-5,83.73191000768657,0.5860145492432395,0.2772087663816485
RCCD_k6_nc3_rf2_ra3,1e-7,1.5796428571428575e-5,99.13208480592121,0.5277893081573506,0.2961085723725746
RCCD_k7_nc3_rf2_ra3,1e-7,2.277826599154822e-5,35.19548435404058,131704.93559999816,696775.1492282448
RCCD_k8_nc3_rf2_ra3,1e-7,3.5526666666666666e-5,11.21241470081953,225183.34131447965,536493.3073410919
RCCD_k9_nc3_rf2_ra3,1e-7,5.899432821434609e-5,3.8540670775111923,254262.04691909955,442288.43511072104
RCCD_k10_nc3_rf2_ra3,1e-7,1.0249545454545457e-4,1.5412184053977915,234156.95877625918,305032.2448515341
SCCD_k3_nc3_rf2_ra3,1e-7,3.97e-6,26.04537991792425,0.7670198443917089,0.33188700287510015
SCCD_k4_nc3_rf2_ra3,1e-7,6.58e-6,44.99757735078664,0.7113083273351318,0.3246315677667859
SCCD_k5_nc3_rf2_ra3,1e-7,1.0842857142857143e-5,78.40334271316502,0.6382340430931173,0.31611582617742895
SCCD_k6_nc3_rf2_ra3,1e-7,1.1939285714285713e-5,84.97564073294558,0.7080768436692081,0.30267549252330733
SCCD_k7_nc3_rf2_ra3,1e-7,1.3058333333333333e-5,26.263589747707396,229739.0799672285,1194551.793716093
SCCD_k8_nc3_rf2_ra3,1e-7,1.4193333333333335e-5,6.825856661079139,563645.62515418,1389994.1363696035
SCCD_k9_nc3_rf2_ra3,1e-7,1.534e-5,1.7652881525402349,977836.4095093152,1730969.0704366015
SCCD_k10_nc3_rf2_ra3,1e-7,1.649545454545455e-5,0.4869542359114282,1454946.8891484707,1994304.6493393076
FCCD_k3_nc5_rf2_ra3,1e-7,2.1899999999999998e-6,15.890988010381328,0.7993986060667709,1.1728708200775477
FCCD_k4_nc5_rf2_ra3,1e-7,3.713333333333333e-6,25.36817586205071,0.8740805597527579,1.9999158166873516
FCCD_k5_nc5_rf2_ra3,1e-7,6.8523809523809516e-6,42.94206913156395,0.949013845138368,3.113302228962627
FCCD_k6_nc5_rf2_ra3,1e-7,6.803571428571429e-6,44.36316132387757,1.19627877240079,4.228090374427154
FCCD_k7_nc5_rf2_ra3,1e-7,6.763888888888888e-6,12.666939271936377,443533.22040216834,2465517.510929483
FCCD_k8_nc5_rf2_ra3,1e-7,6.731111111111111e-6,3.015316078715188,1188512.6247369035,3013299.348963351
FCCD_k9_nc5_rf2_ra3,1e-7,6.703636363636363e-6,0.7096985354001333,2237593.249813911,3848455.4494804465
FCCD_k10_nc5_rf2_ra3,1e-7,6.68030303030303e-6,0.17742222017789297,3592653.2243886665,4597481.976999425
RCCD_k3_nc5_rf2_ra3,1e-7,3.779116882454314e-6,26.381610942359327,0.5997604327997188,0.3070995620463717
RCCD_k4_nc5_rf2_ra3,1e-7,6.5933333333333335e-6,46.55635995142095,0.5446423927964196,0.27563125172926684
RCCD_k5_nc5_rf2_ra3,1e-7,1.1946217273737005e-5,85.63152522766198,0.4522980541492375,0.21583386085373824
RCCD_k6_nc5_rf2_ra3,1e-7,1.580357142857143e-5,100.33052445396861,0.4633551779328617,0.29332752354092895
RCCD_k7_nc5_rf2_ra3,1e-7,2.278382154710378e-5,35.39542642233347,131672.79859617582,656356.959488104
RCCD_k8_nc5_rf2_ra3,1e-7,3.553111111111111e-5,11.243894333573031,225155.16591918626,554495.3853269775
RCCD_k9_nc5_rf2_ra3,1e-7,5.899796457798245e-5,3.860091705632887,254246.3717320197,435279.39027963235
RCCD_k10_nc5_rf2_ra3,1e-7,1.0249848484848487e-4,1.542723762120653,234150.03400621182,320831.55036384054
SCCD_k3_nc5_rf2_ra3,1e-7,3.99e-6,27.410410625012087,0.5892425702086663,0.3027226538916795
SCCD_k4_nc5_rf2_ra3,1e-7,6.5933333333333335e-6,46.55635995142095,0.5446423927964196,0.2728080007679109
SCCD_k5_nc5_rf2_ra3,1e-7,1.085238095238095e-5,80.33388487019226,0.4782351540456081,0.2185809609897683
SCCD_k6_nc5_rf2_ra3,1e-7,1.194642857142857e-5,86.5401390784225,0.5525224441754915,0.2997720459293785
SCCD_k7_nc5_rf2_ra3,1e-7,1.3063888888888888e-5,26.639858951759894,229641.22916872049,1115693.8764359525
SCCD_k8_nc5_rf2_ra3,1e-7,1.4197777777777779e-5,6.904167014805726,563469.0328121099,1335618.142787411
SCCD_k9_nc5_rf2_ra3,1e-7,1.5343636363636362e-5,1.7818751701623665,977604.5195389412,1726524.0144008172
SCCD_k10_nc5_rf2_ra3,1e-7,1.649848484848485e-5,0.49077054111355145,1454679.509090921,1924563.929959458
FCCD_k3_nc7_rf2_ra3,1e-7,2.21e-6,16.135730115309705,0.7818686947832665,1.116074692721412
FCCD_k4_nc7_rf2_ra3,1e-7,3.7266666666666664e-6,25.547984089351456,0.8666562709957945,2.083149940888471
FCCD_k5_nc7_rf2_ra3,1e-7,6.861904761904762e-6,43.10707289753382,0.9450209134836932,3.1168959703336414
FCCD_k6_nc7_rf2_ra3,1e-7,6.810714285714286e-6,44.46682249143274,1.1937298212770395,4.454070019957513
FCCD_k7_nc7_rf2_ra3,1e-7,6.769444444444444e-6,12.687133611740725,443169.22035935667,2314510.221042748
FCCD_k8_nc7_rf2_ra3,1e-7,6.7355555555555555e-6,3.0188389168409997,1187728.3863923403,2959822.576247529
FCCD_k9_nc7_rf2_ra3,1e-7,6.707272727272728e-6,0.7103389872095844,2236380.132243057,3839751.436243811
FCCD_k10_nc7_rf2_ra3,1e-7,6.683333333333333e-6,0.17755082795318813,3591024.266217279,4902611.904774782
RCCD_k3_nc7_rf2_ra3,1e-7,3.7991168824543144e-6,27.279814679972002,0.5231720236822923,0.30833514543183016
RCCD_k4_nc7_rf2_ra3,1e-7,6.606666666666666e-6,47.61248763455973,0.47321402351597525,0.27426618422001914
RCCD_k5_nc7_rf2_ra3,1e-7,1.1955741083260815e-5,86.94203961017128,0.3916146919646704,0.21435527123185863
RCCD_k6_nc7_rf2_ra3,1e-7,1.581071428571429e-5,101.23509400186312,0.42755838229322524,0.2882158898885922
RCCD_k7_nc7_rf2_ra3,1e-7,2.2789377102659332e-5,35.5625067040825,131640.68440027308,648223.2040544418
RCCD_k8_nc7_rf2_ra3,1e-7,3.553555555555556e-5,11.271970609898629,225126.99921890278,607730.0706918944
RCCD_k9_nc7_rf2_ra3,1e-7,5.900160094161881e-5,3.865657628805997,254230.6989607444,433914.352870914
RCCD_k10_nc7_rf2_ra3,1e-7,1.0250151515151517e-4,1.5441412472315457,234143.10989122518,325131.0837705384
SCCD_k3_nc7_rf2_ra3,1e-7,4.01e-6,28.348385659858987,0.5130522334334049,0.30196742642845587
SCCD_k4_nc7_rf2_ra3,1e-7,6.606666666666666e-6,47.61248763455973,0.47321402351597525,0.271160760745097
SCCD_k5_nc7_rf2_ra3,1e-7,1.0861904761904762e-5,81.63139761122984,0.40966403185952716,0.21817005050998345
SCCD_k6_nc7_rf2_ra3,1e-7,1.1953571428571428e-5,87.58635133884682,0.4858560962281421,0.29745314854229715
SCCD_k7_nc7_rf2_ra3,1e-7,1.3069444444444445e-5,26.8909664188505,229543.54812881103,1122281.010055566
SCCD_k8_nc7_rf2_ra3,1e-7,1.4202222222222224e-5,6.956370981105699,563292.6366151796,1349690.831685962
SCCD_k9_nc7_rf2_ra3,1e-7,1.5347272727272725e-5,1.7929253556464073,977372.8240407779,1686875.315817224
SCCD_k10_nc7_rf2_ra3,1e-7,1.6501515151515152e-5,0.49331184549455026,1454412.3127936998,2079037.6320020154
FCCD_k3_nc10_rf2_ra3,1e-7,2.2399999999999997e-6,16.44978857687011,0.7632573908299455,1.174403768898386
FCCD_k4_nc10_rf2_ra3,1e-7,3.7466666666666667e-6,25.788316040082645,0.8579518481014456,1.978493262327973
FCCD_k5_nc10_rf2_ra3,1e-7,6.876190476190476e-6,43.33307828023228,0.9400696606657754,3.2194638142045475
FCCD_k6_nc10_rf2_ra3,1e-7,6.821428571428571e-6,44.61102406292657,1.1904586669848578,4.217388167881295
FCCD_k7_nc10_rf2_ra3,1e-7,6.777777777777777e-6,12.715624216093264,442624.3392362904,1993415.5417492779
FCCD_k8_nc10_rf2_ra3,1e-7,6.7422222222222216e-6,3.0238655865501634,1186553.968850913,2740102.889066593
FCCD_k9_nc10_rf2_ra3,1e-7,6.712727272727273e-6,0.7112611021320648,2234562.9221509323,4179412.7916046265
FCCD_k10_nc10_rf2_ra3,1e-7,6.6878787878787876e-6,0.17773732117523874,3588583.6056079976,4842414.254825475
RCCD_k3_nc10_rf2_ra3,1e-7,3.829116882454314e-6,28.26682352331812,0.4655620926629325,0.30776258641605936
RCCD_k4_nc10_rf2_ra3,1e-7,6.626666666666666e-6,48.75819952352479,0.4196427025524285,0.273452818296484
RCCD_k5_nc10_rf2_ra3,1e-7,1.197002679754653e-5,88.37514318595379,0.3446755196428459,0.21384468515350638
RCCD_k6_nc10_rf2_ra3,1e-7,1.5821428571428576e-5,102.28057964147023,0.3962361529182846,0.29061273353353695
RCCD_k7_nc10_rf2_ra3,1e-7,2.2797710435992667e-5,35.77109388228035,131592.54942328838,601183.6446337426
RCCD_k8_nc10_rf2_ra3,1e-7,3.554222222222222e-5,11.30913001419118,225084.76454623265,573415.0853431731
RCCD_k9_nc10_rf2_ra3,1e-7,5.9007055487073364e-5,3.873287372022459,254207.19430307046,439330.4086101881
RCCD_k10_nc10_rf2_ra3,1e-7,1.0250606060606061e-4,1.5461238616907935,234132.7249145869,319722.09012358537
SCCD_k3_nc10_rf2_ra3,1e-7,4.0399999999999994e-6,29.37774920918374,0.45590945060654386,0.30088227762166125
SCCD_k4_nc10_rf2_ra3,1e-7,6.626666666666666e-6,48.75819952352479,0.4196427025524285,0.2730426280526407
SCCD_k5_nc10_rf2_ra3,1e-7,1.0876190476190475e-5,83.02970683153976,0.35823562336981585,0.21917740460253385
SCCD_k6_nc10_rf2_ra3,1e-7,1.1964285714285714e-5,88.70919507684938,0.43585626566130553,0.3016734160355504
SCCD_k7_nc10_rf2_ra3,1e-7,1.3077777777777776e-5,27.160158732615418,229397.23130281348,1239588.7109905495
SCCD_k8_nc10_rf2_ra3,1e-7,1.420888888888889e-5,7.0123119460838375,563028.2971085416,1392166.1027312835
SCCD_k9_nc10_rf2_ra3,1e-7,1.5352727272727272e-5,1.8047651287644493,977025.5338546749,1663431.326483135
SCCD_k10_nc10_rf2_ra3,1e-7,1.6506060606060607e-5,0.49603467181195915,1454011.7481466527,1942038.0505667422
FCCD_k3_nc1_rf3_ra3,1e-7,2.9499999999999997e-6,19.696445970548453,0.7433483428075033,1.0845443140717395
FCCD_k4_nc1_rf3_ra3,1e-7,5.286666666666666e-6,33.09828437820233,0.7962061828984551,1.960909208492532
FCCD_k5_nc1_rf3_ra3,1e-7,1.0033333333333333e-5,57.576707224849955,0.8830346215664611,3.16993973682504
FCCD_k6_nc1_rf3_ra3,1e-7,9.989285714285713e-6,60.31545149057475,1.0961293672984904,4.342295169535842
FCCD_k7_nc1_rf3_ra3,1e-7,9.952777777777776e-6,17.375359909792486,301424.6670892204,1419870.90061174
FCCD_k8_nc1_rf3_ra3,1e-7,9.922222222222222e-6,4.164394073195536,806272.4448035687,2024680.0424867375
FCCD_k9_nc1_rf3_ra3,1e-7,9.896363636363637e-6,0.9856026219441696,1515709.8474105408,2631967.763382631
FCCD_k10_nc1_rf3_ra3,1e-7,9.874242424242424e-6,0.2475567472620788,2430567.940529608,3360446.1262218584
RCCD_k3_nc1_rf3_ra3,1e-7,4.539116882454314e-6,27.76382426930924,1.551869952572589,0.9608098190848097
RCCD_k4_nc1_rf3_ra3,1e-7,8.166666666666668e-6,53.48096720855,1.4652649729876501,0.9675109726076407
RCCD_k5_nc1_rf3_ra3,1e-7,1.5127169654689387e-5,105.50449409197984,1.031455687465535,0.6658983736678705
RCCD_k6_nc1_rf3_ra3,1e-7,1.8989285714285717e-5,129.24573545737263,0.5458005413240877,0.2739694059571389
RCCD_k7_nc1_rf3_ra3,1e-7,2.5972710435992666e-5,45.61037158716171,115506.20243843322,586011.1288386454
RCCD_k8_nc1_rf3_ra3,1e-7,3.872222222222222e-5,14.15901906965708,206599.99187220715,518211.1765464484
RCCD_k9_nc1_rf3_ra3,1e-7,6.219069185070972e-5,4.702431797464595,241193.8773409384,401910.86475429084
RCCD_k10_nc1_rf3_ra3,1e-7,1.0569242424242426e-4,1.8140282984049165,227074.15325147327,316830.5263213044
SCCD_k3_nc1_rf3_ra3,1e-7,4.749999999999999e-6,28.678358600611016,1.5747269438375509,0.9971945333422201
SCCD_k4_nc1_rf3_ra3,1e-7,8.166666666666668e-6,53.48096720855,1.4652649729876501,0.9817503901445209
SCCD_k5_nc1_rf3_ra3,1e-7,1.4033333333333333e-5,98.1347475772285,1.3720829358566515,0.9303701241592239
SCCD_k6_nc1_rf3_ra3,1e-7,1.5132142857142858e-5,108.82600455700555,1.392761352513525,0.9160802625389823
SCCD_k7_nc1_rf3_ra3,1e-7,1.6252777777777777e-5,33.69203224753279,184585.2186714834,972398.6735397293
SCCD_k8_nc1_rf3_ra3,1e-7,1.738888888888889e-5,8.696090319528038,460065.2675031608,1157399.8968251757
SCCD_k9_nc1_rf3_ra3,1e-7,1.8536363636363635e-5,2.221982972866683,809221.5420126389,1409855.8358501245
SCCD_k10_nc1_rf3_ra3,1e-7,1.9692424242424245e-5,0.6037840722617075,1218744.0728209764,1667106.4417510917
FCCD_k3_nc3_rf3_ra3,1e-7,2.97e-6,20.122345080577787,0.7101849336646938,1.126305060473167
FCCD_k4_nc3_rf3_ra3,1e-7,5.3e-6,33.392447576167314,0.784760958045771,1.9566374189535714
FCCD_k5_nc3_rf3_ra3,1e-7,1.0042857142857142e-5,57.83908198276144,0.8774684166853932,3.217595613550254
FCCD_k6_nc3_rf3_ra3,1e-7,9.99642857142857e-6,60.47684464556598,1.0928127173823294,4.195466444379542
FCCD_k7_nc3_rf3_ra3,1e-7,9.958333333333333e-6,17.40582873698699,301256.5063468792,1423758.6465062222
FCCD_k8_nc3_rf3_ra3,1e-7,9.926666666666666e-6,4.1695416208381095,805911.4527444069,2041589.3437063296
FCCD_k9_nc3_rf3_ra3,1e-7,9.9e-6,0.9865096379771117,1515153.1129849912,2672195.361640127
FCCD_k10_nc3_rf3_ra3,1e-7,9.877272727272727e-6,0.24773359728404926,2429822.2529579913,3327983.603875795
RCCD_k3_nc3_rf3_ra3,1e-7,4.559116882454315e-6,30.916617732531705,0.6928883364503026,0.3283520965041204
RCCD_k4_nc3_rf3_ra3,1e-7,8.18e-6,57.54493976082032,0.6319429892014368,0.3294607462766537
RCCD_k5_nc3_rf3_ra3,1e-7,1.5136693464213198e-5,110.12530773004283,0.5171944804244317,0.2794675050508959
RCCD_k6_nc3_rf3_ra3,1e-7,1.8996428571428575e-5,131.39889587219787,0.4221634745650967,0.20171127457656274
RCCD_k7_nc3_rf3_ra3,1e-7,2.597826599154822e-5,45.881325898265374,115481.47627385682,539421.912387741
RCCD_k8_nc3_rf3_ra3,1e-7,3.872666666666666e-5,14.194348465456828,206576.27509345725,530331.3734070888
RCCD_k9_nc3_rf3_ra3,1e-7,6.219432821434609e-5,4.708373601997775,241179.7728712774,447338.7101321383
RCCD_k10_nc3_rf3_ra3,1e-7,1.0569545454545456e-4,1.8153808104421365,227067.6418100356,315547.90019399254
SCCD_k3_nc3_rf3_ra3,1e-7,4.77e-6,32.00856715662831,0.6858455736856185,0.3303426143136087
SCCD_k4_nc3_rf3_ra3,1e-7,8.18e-6,57.54493976082032,0.6319429892014368,0.33194630642132583
SCCD_k5_nc3_rf3_ra3,1e-7,1.4042857142857141e-5,103.4052615407469,0.5721009025946165,0.31618508356256797
SCCD_k6_nc3_rf3_ra3,1e-7,1.5139285714285713e-5,113.18074468296597,0.6150018855598691,0.3211173154799972
SCCD_k7_nc3_rf3_ra3,1e-7,1.6258333333333333e-5,34.73703892814829,184521.38369272495,836971.2398250768
SCCD_k8_nc3_rf3_ra3,1e-7,1.7393333333333335e-5,8.911408282959218,459946.95915139775,1189541.2488175535
SCCD_k9_nc3_rf3_ra3,1e-7,1.854e-5,2.2669335162554596,809062.0841671263,1459302.9769954307
SCCD_k10_nc3_rf3_ra3,1e-7,1.969545454545455e-5,0.6139527754438805,1218555.826718462,1716080.73764967
FCCD_k3_nc5_rf3_ra3,1e-7,2.9899999999999997e-6,20.479898549103886,0.6877326837292257,1.1060389125965342
FCCD_k4_nc5_rf3_ra3,1e-7,5.313333333333333e-6,33.654274994748754,0.7758463344731261,1.9806279161059481
FCCD_k5_nc5_rf3_ra3,1e-7,1.0052380952380951e-5,58.07961806607141,0.8728313458182771,3.2684987464558763
FCCD_k6_nc5_rf3_ra3,1e-7,1.0003571428571428e-5,60.62738579255998,1.0899421192059555,4.476446903131197
FCCD_k7_nc5_rf3_ra3,1e-7,9.963888888888887e-6,17.43462987347151,301088.5342294121,1584999.3399955048
FCCD_k8_nc5_rf3_ra3,1e-7,9.931111111111111e-6,4.174456826088112,805550.7839406806,1910879.6749529385
FCCD_k9_nc5_rf3_ra3,1e-7,9.903636363636363e-6,0.9873825365943046,1514596.784340673,2561670.6120999074
FCCD_k10_nc5_rf3_ra3,1e-7,9.88030303030303e-6,0.2479048511839248,2429077.0247583087,3241642.631255324
RCCD_k3_nc5_rf3_ra3,1e-7,4.579116882454314e-6,32.52177000511863,0.516270320765078,0.22328358205553475
RCCD_k4_nc5_rf3_ra3,1e-7,8.193333333333333e-6,59.53838048180713,0.46527723242589525,0.19541215846959967
RCCD_k5_nc5_rf3_ra3,1e-7,1.5146217273737005e-5,112.59599696791913,0.38600713388870866,0.17981724427273485
RCCD_k6_nc5_rf3_ra3,1e-7,1.900357142857143e-5,132.88585933817564,0.36535706017245284,0.20130585763268602
RCCD_k7_nc5_rf3_ra3,1e-7,2.5983821547103776e-5,46.106009371307074,115456.76871919446,580431.8923060033
RCCD_k8_nc5_rf3_ra3,1e-7,3.873111111111111e-5,14.226243087649236,206552.5649380331,512550.11254291766
RCCD_k9_nc5_rf3_ra3,1e-7,6.219796457798244e-5,4.713945586910421,241165.67032177604,431207.6876681674
RCCD_k10_nc5_rf3_ra3,1e-7,1.0569848484848486e-4,1.8166725613027148,227061.1308655791,312871.3786862106
SCCD_k3_nc5_rf3_ra3,1e-7,4.79e-6,33.68612626983171,0.5080684006970186,0.2183743731021091
SCCD_k4_nc5_rf3_ra3,1e-7,8.193333333333333e-6,59.53838048180713,0.46527723242589525,0.194555246246124
SCCD_k5_nc5_rf3_ra3,1e-7,1.405238095238095e-5,105.95142866801318,0.4121023411972608,0.18980762243543875
SCCD_k6_nc5_rf3_ra3,1e-7,1.5146428571428571e-5,115.2645290700016,0.45944779577228667,0.20825676494314416
SCCD_k7_nc5_rf3_ra3,1e-7,1.6263888888888886e-5,35.234458008573256,184458.20106862433,916796.964855379
SCCD_k8_nc5_rf3_ra3,1e-7,1.7397777777777777e-5,9.013552960353884,459829.31084476743,1133832.4587493658
SCCD_k9_nc5_rf3_ra3,1e-7,1.8543636363636362e-5,2.2882085513060355,808903.2811435264,1370250.0993860469
SCCD_k10_nc5_rf3_ra3,1e-7,1.969848484848485e-5,0.618757660825396,1218368.2236894395,1711317.8706145224
FCCD_k3_nc7_rf3_ra3,1e-7,3.01e-6,20.788797672471116,0.6715238380394541,1.1335247450059596
FCCD_k4_nc7_rf3_ra3,1e-7,5.326666666666666e-6,33.890360205536695,0.7687065672553126,1.9794533371966374
FCCD_k5_nc7_rf3_ra3,1e-7,1.006190476190476e-5,58.301744265868734,0.8689086876527707,3.135782301634751
FCCD_k6_nc7_rf3_ra3,1e-7,1.0010714285714285e-5,60.7684649450612,1.0874332590257203,4.338641408879938
FCCD_k7_nc7_rf3_ra3,1e-7,9.969444444444444e-6,17.461943443224047,300920.748879958,1362378.377036711
FCCD_k8_nc7_rf3_ra3,1e-7,9.935555555555555e-6,4.1791613598477335,805190.4395218095,1925855.5075721142
FCCD_k9_nc7_rf3_ra3,1e-7,9.907272727272727e-6,0.9882241156771219,1514040.8673206093,2508766.96366572
FCCD_k10_nc7_rf3_ra3,1e-7,9.883333333333332e-6,0.2480709187960924,2428332.248690552,3347046.5814848766
RCCD_k3_nc7_rf3_ra3,1e-7,4.599116882454314e-6,33.627906086571144,0.44007005098993346,0.2231985196234124
RCCD_k4_nc7_rf3_ra3,1e-7,8.206666666666665e-6,60.88900390046637,0.39384891214782336,0.19441578486449482
RCCD_k5_nc7_rf3_ra3,1e-7,1.5155741083260815e-5,114.30636512560817,0.32602207682792717,0.15016558488261778
RCCD_k6_nc7_rf3_ra3,1e-7,1.901071428571429e-5,134.02608627455808,0.33272353267912913,0.2016655298020984
RCCD_k7_nc7_rf3_ra3,1e-7,2.5989377102659335e-5,46.29811998784071,115432.07624304597,517471.47058451077
RCCD_k8_nc7_rf3_ra3,1e-7,3.873555555555555e-5,14.255322619009013,206528.86117089455,506813.8568955536
RCCD_k9_nc7_rf3_ra3,1e-7,6.220160094161881e-5,4.71919200719447,241151.5696998229,461930.61811899533
RCCD_k10_nc7_rf3_ra3,1e-7,1.0570151515151517e-4,1.8179088874335647,227054.62037186255,307191.02693934087
SCCD_k3_nc7_rf3_ra3,1e-7,4.81e-6,34.83885396583042,0.43187809189596216,0.2191284194448917
SCCD_k4_nc7_rf3_ra3,1e-7,8.206666666666665e-6,60.88900390046637,0.39384891214782336,0.1944293361710801
SCCD_k5_nc7_rf3_ra3,1e-7,1.4061904761904761e-5,107.66270203937125,0.3435313092873468,0.1764769533709645
SCCD_k6_nc7_rf3_ra3,1e-7,1.5153571428571426e-5,116.65799905550331,0.3927815331590934,0.20779950038337708
SCCD_k7_nc7_rf3_ra3,1e-7,1.6269444444444446e-5,35.56633010733934,184395.14880601154,896517.2798440858
SCCD_k8_nc7_rf3_ra3,1e-7,1.7402222222222222e-5,9.081613493831702,459711.80878458277,1216362.1910500675
SCCD_k9_nc7_rf3_ra3,1e-7,1.8547272727272725e-5,2.3023730480235076,808744.6246454427,1379833.3274689168
SCCD_k10_nc7_rf3_ra3,1e-7,1.970151515151515e-5,0.621954958313668,1218180.7628923745,1712443.8909989924
FCCD_k3_nc10_rf3_ra3,1e-7,3.0399999999999997e-6,21.18634569482925,0.6542033215103905,1.1133451325406238
FCCD_k4_nc10_rf3_ra3,1e-7,5.346666666666667e-6,34.20626165477624,0.7603159342535095,1.9454776891883427
FCCD_k5_nc10_rf3_ra3,1e-7,1.0076190476190476e-5,58.606112673978835,0.8640404775510635,3.2307880665023134
FCCD_k6_nc10_rf3_ra3,1e-7,1.002142857142857e-5,60.96477670183815,1.0842115694770738,4.352065830493779
FCCD_k7_nc10_rf3_ra3,1e-7,9.977777777777777e-6,17.500451560750165,300669.42193235125,1318887.283401177
FCCD_k8_nc10_rf3_ra3,1e-7,9.94222222222222e-6,4.185863535075872,804650.525049324,1911898.3951526245
FCCD_k9_nc10_rf3_ra3,1e-7,9.912727272727272e-6,0.9894330804891923,1513207.7544992648,2623483.9650091394
FCCD_k10_nc10_rf3_ra3,1e-7,9.887878787878787e-6,0.24831108581136466,2427215.9461994143,3334998.6292165997
RCCD_k3_nc10_rf3_ra3,1e-7,4.629116882454314e-6,34.84372225137959,0.38271864309649434,0.22327981108604775
RCCD_k4_nc10_rf3_ra3,1e-7,8.226666666666667e-6,62.35419175060621,0.34027761725952693,0.19444087178609518
RCCD_k5_nc10_rf3_ra3,1e-7,1.517002679754653e-5,116.18043201026941,0.27942876579839765,0.15015497042352155
RCCD_k6_nc10_rf3_ra3,1e-7,1.9021428571428576e-5,135.35850079324763,0.3035112278067035,0.20288023435342123
RCCD_k7_nc10_rf3_ra3,1e-7,2.5997710435992667e-5,46.542712757792124,115395.06266707095,500462.74805683456
RCCD_k8_nc10_rf3_ra3,1e-7,3.874222222222222e-5,14.294651406392756,206493.3169936771,505162.25459976046
RCCD_k9_nc10_rf3_ra3,1e-7,6.220705548707336e-5,4.726529922651095,241130.42218073356,397363.4030717713
RCCD_k10_nc10_rf3_ra3,1e-7,1.0570606060606062e-4,1.8196694947793146,227044.855464376,311937.3748070651
SCCD_k3_nc10_rf3_ra3,1e-7,4.839999999999999e-6,36.10389395346616,0.3747353240661187,0.21983542612951723
SCCD_k4_nc10_rf3_ra3,1e-7,8.226666666666667e-6,62.35419175060621,0.34027761725952693,0.19439091716231327
SCCD_k5_nc10_rf3_ra3,1e-7,1.4076190476190475e-5,109.50691496349687,0.2921029487679433,0.17850398683452548
SCCD_k6_nc10_rf3_ra3,1e-7,1.5164285714285714e-5,118.15353622792429,0.34278174793874444,0.2088738766455555
SCCD_k7_nc10_rf3_ra3,1e-7,1.6277777777777777e-5,35.921991880250914,184300.69980467166,816793.0092406761
SCCD_k8_nc10_rf3_ra3,1e-7,1.740888888888889e-5,9.154504544500586,459535.71565100027,1147566.3513888908
SCCD_k9_nc10_rf3_ra3,1e-7,1.8552727272727272e-5,2.3175382613283575,808506.804873425,1395862.5533287586
SCCD_k10_nc10_rf3_ra3,1e-7,1.9706060606060607e-5,0.6253776547107045,1217899.7263847492,1741819.3714753026
FCCD_k3_nc1_rf1_ra1,1e-6,9.9e-6,6.707461093096789,2.1305480099706484,3.280448392883352
FCCD_k4_nc1_rf1_ra1,1e-6,1.7666666666666668e-5,11.130843636072225,2.3542694194493206,5.798455760443751
FCCD_k5_nc1_rf1_ra1,1e-6,3.3476190476190474e-5,19.279766807494333,2.632373848159865,9.89218426574074
FCCD_k6_nc1_rf1_ra1,1e-6,3.332142857142857e-5,20.15901900017653,3.27839957246114,14.034398072798732
FCCD_k7_nc1_rf1_ra1,1e-6,3.3194444444444444e-5,7.029236649473882,90380.39839781196,400756.2699728118
FCCD_k8_nc1_rf1_ra1,1e-6,3.3088888888888885e-5,2.0928884570428905,241777.3381328409,578761.9235329286
FCCD_k9_nc1_rf1_ra1,1e-6,3.2999999999999996e-5,0.6161812424483756,454550.2421749644,873365.5546889708
FCCD_k10_nc1_rf1_ra1,1e-6,3.292424242424242e-5,0.19076602403719733,728951.3382900475,1014837.2924782069
RCCD_k3_nc1_rf1_ra1,1e-6,1.5197056274847714e-5,10.305568543336344,2.0786394574702505,0.9777782640472815
RCCD_k4_nc1_rf1_ra1,1e-6,2.7266666666666664e-5,19.181706079754246,1.8957896773577279,0.9914585239707755
RCCD_k5_nc1_rf1_ra1,1e-6,5.045564488071066e-5,36.70855906940457,1.551532062623957,0.8312404652700459
RCCD_k6_nc1_rf1_ra1,1e-6,6.332142857142859e-5,43.79974486002771,1.2664667378610601,0.6079649365294653
RCCD_k7_nc1_rf1_ra1,1e-6,8.659421997182738e-5,18.528871193630525,34645.32722328924,157810.98633921894
RCCD_k8_nc1_rf1_ra1,1e-6,1.290888888888889e-4,7.124803677550985,61973.617877245684,154338.33694828572
RCCD_k9_nc1_rf1_ra1,1e-6,2.073144273811536e-4,2.940884209689269,72354.53745727937,131957.34777686783
RCCD_k10_nc1_rf1_ra1,1e-6,3.523181818181819e-4,1.3979250665526481,68120.74246326409,93114.42850788453
SCCD_k3_nc1_rf1_ra1,1e-6,1.59e-5,10.669553800034253,2.0575100682597185,0.9937709046232787
SCCD_k4_nc1_rf1_ra1,1e-6,2.7266666666666664e-5,19.181706079754246,1.8957896773577279,0.9728230123166166
SCCD_k5_nc1_rf1_ra1,1e-6,4.680952380952382e-5,34.46853919034605,1.716241366967737,0.9617019961258275
SCCD_k6_nc1_rf1_ra1,1e-6,5.0464285714285716e-5,37.72702779872286,1.8449429340781662,0.9188403448471423
SCCD_k7_nc1_rf1_ra1,1e-6,5.4194444444444446e-5,14.028330116830118,55358.1024903703,256780.55152160116
SCCD_k8_nc1_rf1_ra1,1e-6,5.797777777777779e-5,4.473050496926061,137985.76117899732,325318.6270913887
SCCD_k9_nc1_rf1_ra1,1e-6,6.18e-5,1.4159423996863358,242720.23457380082,404386.7732985244
SCCD_k10_nc1_rf1_ra1,1e-6,6.565151515151517e-5,0.47277088212979523,365568.23994992994,475872.0119188411
FCCD_k3_nc3_rf1_ra1,1e-6,1.01e-5,7.020413573216671,1.977810291102492,3.375624067869727
FCCD_k4_nc3_rf1_ra1,1e-6,1.78e-5,11.368511120771869,2.288565681546859,6.125653081737729
FCCD_k5_nc3_rf1_ra1,1e-6,3.357142857142857e-5,19.502784704716092,2.5966102859026887,9.803703375949743
FCCD_k6_nc3_rf1_ra1,1e-6,3.339285714285715e-5,20.300477537704268,3.2556269378772837,12.720457755127265
FCCD_k7_nc3_rf1_ra1,1e-6,3.325e-5,7.062389355676851,90229.37757970204,428555.15621632314
FCCD_k8_nc3_rf1_ra1,1e-6,3.313333333333333e-5,2.0999821480606164,241453.01684789354,651982.440467296
FCCD_k9_nc3_rf1_ra1,1e-6,3.3036363636363635e-5,0.6177597521812361,454049.9083125335,803189.2325173874
FCCD_k10_nc3_rf1_ra1,1e-6,3.295454545454545e-5,0.19114994414253328,728281.0361672209,971569.0134762925
RCCD_k3_nc3_rf1_ra1,1e-6,1.5397056274847712e-5,11.493313227307024,1.1928085628872176,0.6698053493185386
RCCD_k4_nc3_rf1_ra1,1e-6,2.74e-5,20.639285657265287,1.062494279830834,0.5832070428764063
RCCD_k5_nc3_rf1_ra1,1e-6,5.055088297594875e-5,38.540329032125236,0.8749270209024363,0.45060719868394017
RCCD_k6_nc3_rf1_ra1,1e-6,6.339285714285716e-5,44.984296975669984,0.9346149274833406,0.6054269367886639
RCCD_k7_nc3_rf1_ra1,1e-6,8.664977552738294e-5,18.764997302385975,34623.00066218163,148189.87667382287
RCCD_k8_nc3_rf1_ra1,1e-6,1.2913333333333332e-4,7.168825627962966,61952.24840002325,160747.80487143167
RCCD_k9_nc3_rf1_ra1,1e-6,2.0735079101751725e-4,2.950737844556318,72341.83157567857,126302.00915638886
RCCD_k10_nc3_rf1_ra1,1e-6,3.52348484848485e-4,1.4007846764289145,68114.87494017852,95046.47553563195
SCCD_k3_nc3_rf1_ra1,1e-6,1.6100000000000002e-5,11.908519700676843,1.1686464186185381,0.6578522289588659
SCCD_k4_nc3_rf1_ra1,1e-6,2.74e-5,20.639285657265287,1.062494279830834,0.5832646647073563
SCCD_k5_nc3_rf1_ra1,1e-6,4.690476190476191e-5,36.31969268429856,0.9163013222938174,0.5308864806394051
SCCD_k6_nc3_rf1_ra1,1e-6,5.0535714285714286e-5,39.23665982895245,1.0672262382656117,0.62461583644101
SCCD_k7_nc3_rf1_ra1,1e-6,5.4250000000000004e-5,14.464250321839893,55300.652242397715,239343.8949656675
SCCD_k8_nc3_rf1_ra1,1e-6,5.802222222222223e-5,4.584217762044506,137879.31696008908,349018.4314339255
SCCD_k9_nc3_rf1_ra1,1e-6,6.183636363636364e-5,1.4447404432323445,242576.76031687856,442113.0642162905
SCCD_k10_nc3_rf1_ra1,1e-6,6.568181818181819e-5,0.4807866402377538,365398.84847558406,495637.34314885794
FCCD_k3_nc5_rf1_ra1,1e-6,1.03e-5,7.242925552276618,1.906952373097934,3.3251440483567567
FCCD_k4_nc5_rf1_ra1,1e-6,1.7933333333333333e-5,11.5520854841163,2.250929447746294,5.663999185084734
FCCD_k5_nc5_rf1_ra1,1e-6,3.366666666666666e-5,19.684152864875095,2.5734828430617016,9.125117592061734
FCCD_k6_nc5_rf1_ra1,1e-6,3.3464285714285716e-5,20.41948398563528,3.2397303507383572,13.762894341748845
FCCD_k7_nc5_rf1_ra1,1e-6,3.330555555555555e-5,7.09111694763039,90078.86468469823,416047.23559721734
FCCD_k8_nc5_rf1_ra1,1e-6,3.3177777777777775e-5,2.1062766990648454,241129.56707968857,591766.5126586503
FCCD_k9_nc5_rf1_ra1,1e-6,3.307272727272727e-5,0.6191874568797927,453550.6765603728,788985.7206880669
FCCD_k10_nc5_rf1_ra1,1e-6,3.2984848484848484e-5,0.19150258324968703,727611.9668461275,1022820.6732460593
RCCD_k3_nc5_rf1_ra1,1e-6,1.5597056274847714e-5,12.093779237356197,1.0139745279858299,0.6691782676471902
RCCD_k4_nc5_rf1_ra1,1e-6,2.7533333333333333e-5,21.354256243887086,0.8958306636651743,0.583268699610641
RCCD_k5_nc5_rf1_ra1,1e-6,5.0646121071186845e-5,39.459391560894254,0.7265757451740313,0.4504700889235021
RCCD_k6_nc5_rf1_ra1,1e-6,6.346428571428573e-5,45.66879637874505,0.8316236007313448,0.6056107076377178
RCCD_k7_nc5_rf1_ra1,1e-6,8.67053310829385e-5,18.928856373145596,34600.7636854321,158068.51316084128
RCCD_k8_nc5_rf1_ra1,1e-6,1.2917777777777777e-4,7.203616639147028,61930.90908187822,149102.37602704336
RCCD_k9_nc5_rf1_ra1,1e-6,2.073871546538809e-4,2.9591234528589925,72329.13497728872,126504.80978526178
RCCD_k10_nc5_rf1_ra1,1e-6,3.5237878787878796e-4,1.4033186544705132,68109.01041081645,92471.779468162
SCCD_k3_nc5_rf1_ra1,1e-6,1.63e-5,12.532639249445017,0.9908706816132781,0.6560259439169763
SCCD_k4_nc5_rf1_ra1,1e-6,2.7533333333333333e-5,21.354256243887086,0.8958306636651743,0.5831929752778704
SCCD_k5_nc5_rf1_ra1,1e-6,4.7000000000000004e-5,37.2139900849011,0.7563061302664119,0.5280863004863632
SCCD_k6_nc5_rf1_ra1,1e-6,5.0607142857142855e-5,39.9590429519163,0.911675577213183,0.6253430581113351
SCCD_k7_nc5_rf1_ra1,1e-6,5.430555555555556e-5,14.672203387220092,55243.9274485572,248251.18212866347
SCCD_k8_nc5_rf1_ra1,1e-6,5.806666666666668e-5,4.637183117113305,137773.63445789626,331416.5287371227
SCCD_k9_nc5_rf1_ra1,1e-6,6.187272727272728e-5,1.4584548997929931,242434.0463638416,436298.0029400553
SCCD_k10_nc5_rf1_ra1,1e-6,6.571212121212123e-5,0.4846034665710244,365230.1992119102,518646.41434571263
FCCD_k3_nc7_rf1_ra1,1e-6,1.05e-5,7.416984251570252,1.8660505554977078,3.3929957578152217
FCCD_k4_nc7_rf1_ra1,1e-6,1.8066666666666664e-5,11.702138731191399,2.2265411051710653,6.153362159876127
FCCD_k5_nc7_rf1_ra1,1e-6,3.376190476190476e-5,19.83723366552991,2.5573000132416346,9.36508523717613
FCCD_k6_nc7_rf1_ra1,1e-6,3.3535714285714286e-5,20.522282186462455,3.228004030545175,13.830853211140912
FCCD_k7_nc7_rf1_ra1,1e-6,3.336111111111111e-5,7.1165040658691305,89928.85569274523,414554.50179669826
FCCD_k8_nc7_rf1_ra1,1e-6,3.322222222222222e-5,2.1119470820413877,240806.98456262736,613914.4523805705
FCCD_k9_nc7_rf1_ra1,1e-6,3.310909090909091e-5,0.6204941774130763,453052.5425828992,803597.5577672615
FCCD_k10_nc7_rf1_ra1,1e-6,3.3015151515151515e-5,0.19182957915580845,726944.1267709216,994184.4597824339
RCCD_k3_nc7_rf1_ra1,1e-6,1.5797056274847712e-5,12.506783545872988,0.937159456042096,0.6697529956376916
RCCD_k4_nc7_rf1_ra1,1e-6,2.7666666666666667e-5,21.838673986958263,0.8244029344736443,0.5832725334539813
RCCD_k5_nc7_rf1_ra1,1e-6,5.074135916642494e-5,40.083545655017794,0.6615288811120048,0.4503219394352215
RCCD_k6_nc7_rf1_ra1,1e-6,6.35357142857143e-5,46.15457468046533,0.7814478521840191,0.596471977342007
RCCD_k7_nc7_rf1_ra1,1e-6,8.676088663849406e-5,19.054856390033322,34578.5775655033,167609.93461485038
RCCD_k8_nc7_rf1_ra1,1e-6,1.2922222222222222e-4,7.232437473724119,61909.59237991038,158493.86736264537
RCCD_k9_nc7_rf1_ra1,1e-6,2.0742351829024453e-4,2.966429979977339,72316.44585690016,126741.62898903298
RCCD_k10_nc7_rf1_ra1,1e-6,3.52409090909091e-4,1.4055950195792866,68103.14828117899,95019.4518824648
SCCD_k3_nc7_rf1_ra1,1e-6,1.6499999999999998e-5,12.961500958618709,0.91468076643807394,0.6580269509318268
SCCD_k4_nc7_rf1_ra1,1e-6,2.7666666666666667e-5,21.838673986958263,0.8244029344736443,0.5830072886714398
SCCD_k5_nc7_rf1_ra1,1e-6,4.70952380952381e-5,37.815047493098966,0.687736028587333,0.5263124386445965
SCCD_k6_nc7_rf1_ra1,1e-6,5.067857142857143e-5,40.44211735011659,0.8450102603662678,0.6231958376632705
SCCD_k7_nc7_rf1_ra1,1e-6,5.436111111111111e-5,14.811239814889388,55187.405356696334,223911.0619377956
SCCD_k8_nc7_rf1_ra1,1e-6,5.8111111111111116e-5,4.672621174318452,137668.19911317507,351332.65150082455
SCCD_k9_nc7_rf1_ra1,1e-6,6.19090909090909e-5,1.46763965432499,242291.58454726747,426298.12913990003
SCCD_k10_nc7_rf1_ra1,1e-6,6.574242424242424e-5,0.48716195065349954,365061.78911972116,496797.0327570629
FCCD_k3_nc10_rf1_ra1,1e-6,1.08e-5,7.624095966977305,1.8293145668997968,3.41004240412203
FCCD_k4_nc10_rf1_ra1,1e-6,1.8266666666666666e-5,11.88634635578146,2.2026929360580727,5.684054016080185
FCCD_k5_nc10_rf1_ra1,1e-6,3.39047619047619e-5,20.030029153600353,2.5404622179016934,9.143389640667563
FCCD_k6_nc10_rf1_ra1,1e-6,3.3642857142857146e-5,20.6543508421722,3.215234219006272,13.161815019029763
FCCD_k7_nc10_rf1_ra1,1e-6,3.3444444444444443e-5,7.149852301444141,89704.77991490645,403112.41025123984
FCCD_k8_nc10_rf1_ra1,1e-6,3.328888888888889e-5,2.1195419665650728,240324.72818553977,579631.6549363242
FCCD_k9_nc10_rf1_ra1,1e-6,3.316363636363636e-5,0.6222734574358144,452307.39146777586,770296.0952041397
FCCD_k10_nc10_rf1_ra1,1e-6,3.3060606060606064e-5,0.19228098390166576,725944.6636305061,1007179.8930549159
RCCD_k3_nc10_rf1_ra1,1e-6,1.6097056274847712e-5,12.960266041803441,0.8794802673258888,0.6689236952137938
RCCD_k4_nc10_rf1_ra1,1e-6,2.7866666666666665e-5,22.36418231320699,0.7708319520979403,0.583113631041452
RCCD_k5_nc10_rf1_ra1,1e-6,5.088421630928209e-5,40.76005078664759,0.6121493786744804,0.4503201971246287
RCCD_k6_nc10_rf1_ra1,1e-6,6.364285714285715e-5,46.69411885107089,0.7410282666779916,0.6049231111113237
RCCD_k7_nc10_rf1_ra1,1e-6,8.684421997182739e-5,19.202461685187313,34545.370011281986,169475.31212531688
RCCD_k8_nc10_rf1_ra1,1e-6,1.2928888888888887e-4,7.2681810329127785,61877.652885424606,162224.90575297544
RCCD_k9_nc10_rf1_ra1,1e-6,2.0747806374478997e-4,2.975895196278154,72297.42410909606,123794.6864123423
RCCD_k10_nc10_rf1_ra1,1e-6,0.00035245454545454556,1.4086294394743475,68094.35879432925,91383.68716416253
SCCD_k3_nc10_rf1_ra1,1e-6,1.68e-5,13.432147819781077,0.8575381993388165,0.6603886002810362
SCCD_k4_nc10_rf1_ra1,1e-6,2.7866666666666665e-5,22.36418231320699,0.7708319520979403,0.583304194630364
SCCD_k5_nc10_rf1_ra1,1e-6,4.723809523809524e-5,38.462799036558636,0.6363081627315961,0.5332120314739696
SCCD_k6_nc10_rf1_ra1,1e-6,5.0785714285714285e-5,40.96057644509781,0.7950109775689261,0.6246259425660688
SCCD_k7_nc10_rf1_ra1,1e-6,5.4444444444444446e-5,14.96062206484308,55102.88722879174,236631.08862784877
SCCD_k8_nc10_rf1_ra1,1e-6,5.8177777777777786e-5,4.710763878111964,137510.39613711217,350564.2435831821
SCCD_k9_nc10_rf1_ra1,1e-6,6.196363636363636e-5,1.477542983177125,242078.25281147513,415905.8097119559
SCCD_k10_nc10_rf1_ra1,1e-6,6.57878787878788e-5,0.4899248770904666,364809.5118164393,508108.6163405438
FCCD_k3_nc1_rf2_ra1,1e-6,1.7899999999999998e-5,10.545498572002783,1.7642668912954067,3.1622210903106596
FCCD_k4_nc1_rf2_ra1,1e-6,3.366666666666666e-5,18.221439247563207,2.0473292475335576,5.648338639248119
FCCD_k5_nc1_rf2_ra1,1e-6,6.547619047619048e-5,32.46048814855573,2.3994506332493977,9.148720635836938
FCCD_k6_nc1_rf2_ra1,1e-6,6.532142857142857e-5,34.53086069934824,2.9543142781893708,13.037452610220924
FCCD_k7_nc1_rf2_ra1,1e-6,6.519444444444444e-5,12.196155133236084,46019.65924838836,232621.54298583663
FCCD_k8_nc1_rf2_ra1,1e-6,6.508888888888888e-5,3.670050711538279,122912.8065998123,301657.6549065169
FCCD_k9_nc1_rf2_ra1,1e-6,6.5e-5,1.090305898961696,230773.66503049168,377696.8784712523
FCCD_k10_nc1_rf2_ra1,1e-6,6.492424242424241e-5,0.340191507772794,369666.48700866214,517997.99899446435
RCCD_k3_nc1_rf2_ra1,1e-6,2.3197056274847715e-5,15.275413245756436,1.7906398449997298,0.9765215930097769
RCCD_k4_nc1_rf2_ra1,1e-6,4.3266666666666664e-5,30.008851064723288,1.6374317741625033,0.970151282621997
RCCD_k5_nc1_rf2_ra1,1e-6,8.245564488071065e-5,59.819025621645665,1.3300677276110888,0.8215868322089065
RCCD_k6_nc1_rf2_ra1,1e-6,9.532142857142858e-5,72.31043676117356,0.9236009957968575,0.42848506184285023
RCCD_k7_nc1_rf2_ra1,1e-6,1.1859421997182738e-4,29.92829619997911,25296.958229618453,136060.1887650564
RCCD_k8_nc1_rf2_ra1,1e-6,1.6108888888888889e-4,10.993467007485377,49662.49445730085,121188.69320696298
RCCD_k9_nc1_rf2_ra1,1e-6,2.393144273811536e-4,4.267843279956452,62679.42517074705,104461.14723830672
RCCD_k10_nc1_rf2_ra1,1e-6,3.843181818181819e-4,1.897933793190827,62448.54026244378,84948.72197941467
SCCD_k3_nc1_rf2_ra1,1e-6,2.3899999999999998e-5,15.738869875341694,1.7834162857867744,0.9961654526060406
SCCD_k4_nc1_rf2_ra1,1e-6,4.3266666666666664e-5,30.008851064723288,1.6374317741625033,0.9546651740876216
SCCD_k5_nc1_rf2_ra1,1e-6,7.880952380952382e-5,56.37051245034955,1.5064063190646193,0.9336877411424863
SCCD_k6_nc1_rf2_ra1,1e-6,8.24642857142857e-5,62.698829115164614,1.5515137018693557,0.8831088431864729
SCCD_k7_nc1_rf2_ra1,1e-6,8.619444444444444e-5,23.188828052666825,34806.58074754418,160778.59566847052
SCCD_k8_nc1_rf2_ra1,1e-6,8.997777777777778e-5,7.28950529424742,88912.37853446028,249387.75637384728
SCCD_k9_nc1_rf2_ra1,1e-6,9.379999999999999e-5,2.261877931988822,159916.2062900508,279212.3305618813
SCCD_k10_nc1_rf2_ra1,1e-6,9.765151515151516e-5,0.7376480615241469,245773.34072261475,335545.1599793665
FCCD_k3_nc3_rf2_ra1,1e-6,1.81e-5,11.026292310806063,1.6239402225488406,3.065294769006161
FCCD_k4_nc3_rf2_ra1,1e-6,3.3799999999999995e-5,18.606332824237775,1.98420940708738,5.794341862092341
FCCD_k5_nc3_rf2_ra1,1e-6,6.557142857142856e-5,32.83418111606263,2.3643228818286532,9.403098509209231
FCCD_k6_nc3_rf2_ra1,1e-6,6.539285714285714e-5,34.77215128699013,2.931901629730636,12.280976586045872
FCCD_k7_nc3_rf2_ra1,1e-6,6.525e-5,12.252631137113474,45980.46438975065,194381.85040149168
FCCD_k8_nc3_rf2_ra1,1e-6,6.513333333333334e-5,3.6820195055708234,122828.92711846299,296797.82658207277
FCCD_k9_nc3_rf2_ra1,1e-6,6.503636363636363e-5,1.0929299414897398,230644.62696515967,405088.85140485736
FCCD_k10_nc3_rf2_ra1,1e-6,6.495454545454545e-5,0.34081837899818906,369494.02329942124,502237.3912759469
RCCD_k3_nc3_rf2_ra1,1e-6,2.3397056274847717e-5,17.032649371651466,0.9122974689619323,0.5585882050331157
RCCD_k4_nc3_rf2_ra1,1e-6,4.34e-5,32.289135015571965,0.8041585952336165,0.49775430206068766
RCCD_k5_nc3_rf2_ra1,1e-6,8.255088297594875e-5,62.76936539461838,0.6669937330220495,0.36856441688831826
RCCD_k6_nc3_rf2_ra1,1e-6,9.539285714285715e-5,74.12276867323992,0.6370034003933053,0.3220598754296791
RCCD_k7_nc3_rf2_ra1,1e-6,1.1864977552738294e-4,30.243593946902077,25285.03463187469,125754.97388699281
RCCD_k8_nc3_rf2_ra1,1e-6,1.611333333333333e-4,11.043140897087392,49648.77485609888,123421.56157601664
RCCD_k9_nc3_rf2_ra1,1e-6,2.3935079101751724e-4,4.277247945738948,62669.895227837354,108092.2287720471
RCCD_k10_nc3_rf2_ra1,1e-6,3.8434848484848494e-4,1.9002870042788382,62443.61341523207,82505.20240309866
SCCD_k3_nc3_rf2_ra1,1e-6,2.41e-5,17.56648039700577,0.8945652793851554,0.5139787012471098
SCCD_k4_nc3_rf2_ra1,1e-6,4.34e-5,32.289135015571965,0.8041585952336165,0.48708415135546507
SCCD_k5_nc3_rf2_ra1,1e-6,7.890476190476191e-5,59.39785204770272,0.7065072259659829,0.437647268424262
SCCD_k6_nc3_rf2_ra1,1e-6,8.253571428571428e-5,65.20763984979108,0.7738357142540864,0.4718924461956829
SCCD_k7_nc3_rf2_ra1,1e-6,8.625e-5,23.90863026049276,34783.400250886916,184531.96127971797
SCCD_k8_nc3_rf2_ra1,1e-6,9.002222222222222e-5,7.470303160260921,88867.73287665966,223914.6382848137
SCCD_k9_nc3_rf2_ra1,1e-6,9.383636363636364e-5,2.3077536972123522,159853.49524205548,283505.4353625434
SCCD_k10_nc3_rf2_ra1,1e-6,9.76818181818182e-5,0.7501132619051702,245696.3636846181,330829.91608763573
FCCD_k3_nc5_rf2_ra1,1e-6,1.83e-5,11.370358647812365,1.5578601740224862,3.101502279579097
FCCD_k4_nc5_rf2_ra1,1e-6,3.393333333333333e-5,18.90434553430592,1.9478612768846373,5.8331689013897075
FCCD_k5_nc5_rf2_ra1,1e-6,6.566666666666667e-5,33.13835504669377,2.341563667004781,9.118875983524735
FCCD_k6_nc5_rf2_ra1,1e-6,6.546428571428571e-5,34.97527965121653,2.9162345547441673,12.448696981460683
FCCD_k7_nc5_rf2_ra1,1e-6,6.530555555555555e-5,12.301477938938103,45941.34026449543,225940.17425594747
FCCD_k8_nc5_rf2_ra1,1e-6,6.517777777777777e-5,3.692594099209103,122745.16461393639,344997.3727811258
FCCD_k9_nc5_rf2_ra1,1e-6,6.507272727272727e-5,1.0952882207552024,230515.73493027836,394892.724173461
FCCD_k10_nc5_rf2_ra1,1e-6,6.498484848484848e-5,0.341389641869086,369321.7216847313,508571.8489596502
RCCD_k3_nc5_rf2_ra1,1e-6,2.3597056274847715e-5,17.92181585301391,0.7345622467860717,0.5520749493634206
RCCD_k4_nc5_rf2_ra1,1e-6,4.353333333333333e-5,33.4076648923759,0.6374967588379978,0.496988978020917
RCCD_k5_nc5_rf2_ra1,1e-6,8.264612107118686e-5,64.25838101311058,0.5195376539547791,0.3687775595216201
RCCD_k6_nc5_rf2_ra1,1e-6,9.546428571428573e-5,75.2039177441547,0.5414673909537776,0.3217051597890563
RCCD_k7_nc5_rf2_ra1,1e-6,1.187053310829385e-4,30.47462259644716,25273.159844635098,121086.29438911175
RCCD_k8_nc5_rf2_ra1,1e-6,1.6117777777777776e-4,11.084755548631831,49635.06946201781,123153.35220404327
RCCD_k9_nc5_rf2_ra1,1e-6,2.3938715465388088e-4,4.28568952316411,62660.36966005173,107019.51048992477
RCCD_k10_nc5_rf2_ra1,1e-6,3.84378787878788e-4,1.9024726822864542,62438.68780774559,89795.95545168091
SCCD_k3_nc5_rf2_ra1,1e-6,2.43e-5,18.48712809942443,0.7167905612505533,0.5021578695721866
SCCD_k4_nc5_rf2_ra1,1e-6,4.353333333333333e-5,33.4076648923759,0.6374967588379978,0.48607514261621465
SCCD_k5_nc5_rf2_ra1,1e-6,7.900000000000001e-5,60.860386550511244,0.5465153108953679,0.4556410639922524
SCCD_k6_nc5_rf2_ra1,1e-6,8.260714285714285e-5,66.40816083109371,0.6182881507660123,0.48640063520568283
SCCD_k7_nc5_rf2_ra1,1e-6,8.630555555555555e-5,24.251595006619354,34760.85804096128,161077.3295598125
SCCD_k8_nc5_rf2_ra1,1e-6,9.006666666666667e-5,7.556247550995437,88823.73045709376,228680.54603631204
SCCD_k9_nc5_rf2_ra1,1e-6,9.387272727272727e-5,2.3295329097625213,159791.42465166317,274947.42533275345
SCCD_k10_nc5_rf2_ra1,1e-6,9.771212121212123e-5,0.7560266045945616,245620.02049433414,330990.0461703693
FCCD_k3_nc7_rf2_ra1,1e-6,1.85e-5,11.64039602340789,1.5194285672695045,3.157106966123743
FCCD_k4_nc7_rf2_ra1,1e-6,3.406666666666667e-5,19.148298407183365,1.9242324635862416,5.791252040758581
FCCD_k5_nc7_rf2_ra1,1e-6,6.576190476190476e-5,33.395241022682676,2.325618392833057,9.53952591326031
FCCD_k6_nc7_rf2_ra1,1e-6,6.553571428571429e-5,35.15082630052263,2.904666040334208,13.09344264014806
FCCD_k7_nc7_rf2_ra1,1e-6,6.536111111111112e-5,12.344560318078074,45902.28527016475,199141.75191058454
FCCD_k8_nc7_rf2_ra1,1e-6,6.522222222222222e-5,3.702078977356584,122661.51813937067,318087.5552572083
FCCD_k9_nc7_rf2_ra1,1e-6,6.51090909090909e-5,1.0974331677482159,230386.9881154881,395832.7270258089
FCCD_k10_nc7_rf2_ra1,1e-6,6.501515151515151e-5,0.3419152971463772,369149.5815242724,504918.71845733136
RCCD_k3_nc7_rf2_ra1,1e-6,2.3797056274847713e-5,18.533536881039257,0.6581764529887066,0.5432206536217175
RCCD_k4_nc7_rf2_ra1,1e-6,4.366666666666666e-5,34.165509519796124,0.5660695219956866,0.4896056160610688
RCCD_k5_nc7_rf2_ra1,1e-6,8.274135916642494e-5,65.27130215887348,0.4546447233832636,0.3667267648634853
RCCD_k6_nc7_rf2_ra1,1e-6,9.55357142857143e-5,75.98056055392853,0.49369873401864295,0.32155315936300943
RCCD_k7_nc7_rf2_ra1,1e-6,1.1876088663849405e-4,30.657473347188077,25261.312047874162,124418.27324637327
RCCD_k8_nc7_rf2_ra1,1e-6,1.6122222222222221e-4,11.120606017454087,49621.37561411939,123969.16802856594
RCCD_k9_nc7_rf2_ra1,1e-6,2.3942351829024455e-4,4.293351704425896,62650.84805666683,113633.09394506767
RCCD_k10_nc7_rf2_ra1,1e-6,3.8440909090909096e-4,1.9045137676713817,62433.76335135717,86888.42168287205
SCCD_k3_nc7_rf2_ra1,1e-6,2.45e-5,19.11974867341479,0.6406009330373876,0.5110371537321751
SCCD_k4_nc7_rf2_ra1,1e-6,4.366666666666666e-5,34.165509519796124,0.5660695219956866,0.4863619655356156
SCCD_k5_nc7_rf2_ra1,1e-6,7.909523809523809e-5,61.84335944479873,0.47794611263050724,0.45411246562607793
SCCD_k6_nc7_rf2_ra1,1e-6,8.267857142857142e-5,67.21097975093952,0.5516236879552652,0.49105984347993226
SCCD_k7_nc7_rf2_ra1,1e-6,8.636111111111111e-5,24.480632851617585,34738.43170652509,173441.028513319
SCCD_k8_nc7_rf2_ra1,1e-6,9.011111111111111e-5,7.613625331005689,88779.85701434234,221388.43170751724
SCCD_k9_nc7_rf2_ra1,1e-6,9.390909090909091e-5,2.344075251188029,159729.4866964154,273071.1832110005
SCCD_k10_nc7_rf2_ra1,1e-6,9.774242424242424e-5,0.7599763342340352,245543.80837499592,352174.6527028578
FCCD_k3_nc10_rf2_ra1,1e-6,1.88e-5,11.962471664724287,1.484729860121497,3.1481752660973834
FCCD_k4_nc10_rf2_ra1,1e-6,3.426666666666666e-5,19.448126769050756,1.9010695882727338,5.80611187883409
FCCD_k5_nc10_rf2_ra1,1e-6,6.59047619047619e-5,33.718936568225665,2.30901016662194,9.335187522727649
FCCD_k6_nc10_rf2_ra1,1e-6,6.564285714285713e-5,35.37645396064776,2.8920569584974225,12.055806664310342
FCCD_k7_nc10_rf2_ra1,1e-6,6.544444444444444e-5,12.40101129126148,45843.830314828054,210413.88449960577
FCCD_k8_nc10_rf2_ra1,1e-6,6.528888888888889e-5,3.7147153961246127,122536.26414670049,311724.40516535257
FCCD_k9_nc10_rf2_ra1,1e-6,6.516363636363636e-5,1.10033162503421,230194.1389637403,386021.1794309946
FCCD_k10_nc10_rf2_ra1,1e-6,6.506060606060606e-5,0.3426342296154244,368891.6734097761,512213.9105678912
RCCD_k3_nc10_rf2_ra1,1e-6,2.4097056274847717e-5,19.205300409211343,0.600802728362785,0.5466728998590425
RCCD_k4_nc10_rf2_ra1,1e-6,4.3866666666666665e-5,34.987638804779955,0.5124988039524426,0.47614329911017383
RCCD_k5_nc10_rf2_ra1,1e-6,8.288421630928208e-5,66.37021062146148,0.4052845209827535,0.37158999245011654
RCCD_k6_nc10_rf2_ra1,1e-6,9.564285714285714e-5,76.84963660205322,0.4546149638650283,0.321434003396152
RCCD_k7_nc10_rf2_ra1,1e-6,1.1884421997182738e-4,30.876182455323235,25243.57532006353,128349.35686625997
RCCD_k8_nc10_rf2_ra1,1e-6,1.612888888888889e-4,11.166573767560092,49600.8535426051,116416.23206281225
RCCD_k9_nc10_rf2_ra1,1e-6,2.3947806374478996e-4,4.303670969312682,62636.57252230977,108754.66617047579
RCCD_k10_nc10_rf2_ra1,1e-6,3.844545454545455e-4,1.9073438589000085,62426.378673709965,80868.65689396403
SCCD_k3_nc10_rf2_ra1,1e-6,2.48e-5,19.81400745379723,0.5834585268989105,0.5082912923763064
SCCD_k4_nc10_rf2_ra1,1e-6,4.3866666666666665e-5,34.987638804779955,0.5124988039524426,0.48479555851225675
SCCD_k5_nc10_rf2_ra1,1e-6,7.923809523809524e-5,62.902698104606216,0.4265187275244318,0.45422584974210584
SCCD_k6_nc10_rf2_ra1,1e-6,8.278571428571429e-5,68.07260583818932,0.5016248597306672,0.476062628533827
SCCD_k7_nc10_rf2_ra1,1e-6,8.644444444444444e-5,24.7263679625154,34704.89507651576,169679.65705756776
SCCD_k8_nc10_rf2_ra1,1e-6,9.017777777777778e-5,7.675219859075281,88714.17600302165,235607.10918364546
SCCD_k9_nc10_rf2_ra1,1e-6,9.396363636363637e-5,2.3596994423220137,159636.71717915047,271769.58580689767
SCCD_k10_nc10_rf2_ra1,1e-6,9.778787878787879e-5,0.7642236314153978,245429.62580644977,335719.087334224
FCCD_k3_nc1_rf3_ra1,1e-6,2.5899999999999996e-5,13.843674485291954,1.6351044169314712,3.0920075342207958
FCCD_k4_nc1_rf3_ra1,1e-6,4.966666666666666e-5,24.400365547863306,1.9421999162700476,5.896989387391937
FCCD_k5_nc1_rf3_ra1,1e-6,9.747619047619047e-5,44.10274654243474,2.3208155808181536,9.086835543548965
FCCD_k6_nc1_rf3_ra1,1e-6,9.732142857142856e-5,47.38254981282216,2.8450937280929813,12.727680794965142
FCCD_k7_nc1_rf3_ra1,1e-6,9.719444444444444e-5,16.865328658906822,30869.30833469619,158802.57521090435
FCCD_k8_nc1_rf3_ra1,1e-6,9.708888888888889e-5,5.107904606669551,82402.55659236579,210830.4351829981
FCCD_k9_nc1_rf3_ra1,1e-6,9.7e-5,1.525789620868171,154643.48993219886,270127.4252326275
FCCD_k10_nc1_rf3_ra1,1e-6,9.692424242424242e-5,0.4783167299574242,247620.8434504815,340893.0803096792
RCCD_k3_nc1_rf3_ra1,1e-6,3.119705627484772e-5,19.573443370692363,1.68200482449123,0.9707887789651485
RCCD_k4_nc1_rf3_ra1,1e-6,5.9266666666666666e-5,39.48169744812802,1.5445497228102767,0.9696955744236884
RCCD_k5_nc1_rf3_ra1,1e-6,1.1445564488071064e-4,80.29032079403406,1.2516784763888624,0.7931056887510967
RCCD_k6_nc1_rf3_ra1,1e-6,1.2732142857142857e-4,97.83129600515224,0.8011547409953886,0.4369770231530172
RCCD_k7_nc1_rf3_ra1,1e-6,1.505942199718274e-4,40.167387700151025,19921.568459192476,102441.74225571161
RCCD_k8_nc1_rf3_ra1,1e-6,1.930888888888889e-4,14.43215163094155,41432.044221293974,97712.81149575915
RCCD_k9_nc1_rf3_ra1,1e-6,2.713144273811536e-4,5.415746345836479,55286.68084052315,95366.84751010146
RCCD_k10_nc1_rf3_ra1,1e-6,4.163181818181819e-4,2.3132478542205086,57648.42058790673,75021.99232408754
SCCD_k3_nc1_rf3_ra1,1e-6,3.1899999999999996e-5,20.122448710029897,1.680498137245029,0.9972043034096598
SCCD_k4_nc1_rf3_ra1,1e-6,5.9266666666666666e-5,39.48169744812802,1.5445497228102767,0.9897662863966066
SCCD_k5_nc1_rf3_ra1,1e-6,1.1080952380952381e-4,75.77019507052337,1.4330632950924747,0.9075374793463923
SCCD_k6_nc1_rf3_ra1,1e-6,1.144642857142857e-4,85.06426681847756,1.4493036840089353,0.9138413764684791
SCCD_k7_nc1_rf3_ra1,1e-6,1.1819444444444444e-4,31.472315985831223,25383.344380661587,104378.24477262846
SCCD_k8_nc1_rf3_ra1,1e-6,1.2197777777777777e-4,9.855514698555139,65587.13909929474,164141.54024652275
SCCD_k9_nc1_rf3_ra1,1e-6,1.258e-4,3.037298665549045,119238.27264476496,200035.9482192005
SCCD_k10_nc1_rf3_ra1,1e-6,1.296515151515152e-4,0.9817586061038954,185112.94269020305,238791.6849890907
FCCD_k3_nc3_rf3_ra1,1e-6,2.61e-5,14.46981934768583,1.4988238027254088,3.0305613653119954
FCCD_k4_nc3_rf3_ra1,1e-6,4.98e-5,24.913902396949506,1.8799264077857831,5.5546385843247155
FCCD_k5_nc3_rf3_ra1,1e-6,9.757142857142857e-5,44.60965318731371,2.2858978180945226,8.664046672946682
FCCD_k6_nc3_rf3_ra1,1e-6,9.739285714285713e-5,47.71317728296385,2.8227999057953586,12.069387543043241
FCCD_k7_nc3_rf3_ra1,1e-6,9.724999999999999e-5,16.942933865021445,30851.660298488132,153086.08858073936
FCCD_k8_nc3_rf3_ra1,1e-6,9.713333333333334e-5,5.124339622951159,82364.8429289461,208703.40588990672
FCCD_k9_nc3_rf3_ra1,1e-6,9.703636363636363e-5,1.5293813003505732,154585.53150400252,269098.2078161284
FCCD_k10_nc3_rf3_ra1,1e-6,9.695454545454544e-5,0.47917054061764675,247543.44461113244,339151.7607551471
RCCD_k3_nc3_rf3_ra1,1e-6,3.1397056274847715e-5,21.823188878955868,0.8070435377326718,0.5026253874627569
RCCD_k4_nc3_rf3_ra1,1e-6,5.9399999999999994e-5,42.48175722089519,0.7112987617105005,0.44604418929729767
RCCD_k5_nc3_rf3_ra1,1e-6,1.1455088297594875e-4,84.23146427517166,0.5940358533962153,0.36075105925016526
RCCD_k6_nc3_rf3_ra1,1e-6,1.2739285714285714e-4,100.20455013547739,0.5318596195916122,0.2759909989657971
RCCD_k7_nc3_rf3_ra1,1e-6,1.5064977552738294e-4,40.555718379386086,19914.155019070182,100020.89125229862
RCCD_k8_nc3_rf3_ra1,1e-6,1.9313333333333333e-4,14.488283200774214,41422.4936597597,96849.87639472175
RCCD_k9_nc3_rf3_ra1,1e-6,2.713507910175173e-4,5.425389327046915,55279.26709935182,94576.53677629412
RCCD_k10_nc3_rf3_ra1,1e-6,4.1634848484848496e-4,2.315441813601823,57644.22288477725,78269.23733406414
SCCD_k3_nc3_rf3_ra1,1e-6,3.21e-5,22.459067996958904,0.7916597704609474,0.46483333824160405
SCCD_k4_nc3_rf3_ra1,1e-6,5.9399999999999994e-5,42.48175722089519,0.7112987617105005,0.4498986184146803
SCCD_k5_nc3_rf3_ra1,1e-6,1.1090476190476189e-4,79.83928393942564,0.6332051510331492,0.4108500127568895
SCCD_k6_nc3_rf3_ra1,1e-6,1.1453571428571429e-4,88.46792231772952,0.6716644020607477,0.4444223657721838
SCCD_k7_nc3_rf3_ra1,1e-6,1.1825e-4,32.44875157182652,25370.65782675644,130901.63121516546
SCCD_k8_nc3_rf3_ra1,1e-6,1.2202222222222222e-4,10.099718022724515,65562.50079294883,167635.62814490235
SCCD_k9_nc3_rf3_ra1,1e-6,1.2583636363636363e-4,3.098816987249564,119203.07548955886,232434.05957650978
SCCD_k10_nc3_rf3_ra1,1e-6,1.296818181818182e-4,0.9983207741921055,185068.95407495747,253955.993767504
FCCD_k3_nc5_rf3_ra1,1e-6,2.63e-5,14.918894604995003,1.4343204940787804,3.0813502012063823
FCCD_k4_nc5_rf3_ra1,1e-6,4.9933333333333325e-5,25.31184388618346,1.844001779108091,5.818121577235792
FCCD_k5_nc5_rf3_ra1,1e-6,9.766666666666666e-5,45.022381432345895,2.263260348861279,8.576897625769327
FCCD_k6_nc5_rf3_ra1,1e-6,9.74642857142857e-5,47.99157504658386,2.8072086413414543,12.977776490254731
FCCD_k7_nc5_rf3_ra1,1e-6,9.730555555555556e-5,17.010011101507775,30834.036424998416,142220.5366763818
FCCD_k8_nc5_rf3_ra1,1e-6,9.717777777777778e-5,5.138837378093044,82327.16632696561,203617.0010961823
FCCD_k9_nc5_rf3_ra1,1e-6,9.707272727272728e-5,1.5326015266614939,154527.618346333,279713.31576757156
FCCD_k10_nc5_rf3_ra1,1e-6,9.698484848484848e-5,0.4799462354625096,247466.09541969717,329791.01287438784
RCCD_k3_nc5_rf3_ra1,1e-6,3.159705627484771e-5,22.962029412265228,0.6298048380205913,0.5021414889049081
RCCD_k4_nc5_rf3_ra1,1e-6,5.953333333333333e-5,43.95336248935217,0.5446387032180733,0.4415297327263649
RCCD_k5_nc5_rf3_ra1,1e-6,1.1464612107118685e-4,86.22529794958334,0.4469441260596551,0.3456090196860488
RCCD_k6_nc5_rf3_ra1,1e-6,1.2746428571428574e-4,101.63912406652452,0.43941076997169737,0.27930740098843404
RCCD_k7_nc5_rf3_ra1,1e-6,1.507053310829385e-4,40.84658467201576,19906.777315981108,108230.84551108246
RCCD_k8_nc5_rf3_ra1,1e-6,1.9317777777777778e-4,14.53638775423674,41412.95191902464,99173.74040428462
RCCD_k9_nc5_rf3_ra1,1e-6,2.713871546538809e-4,5.434220809439992,55271.8561522794,92578.99872843371
RCCD_k10_nc5_rf3_ra1,1e-6,4.1637878787878794e-4,2.3175153706756766,57640.026002546496,79979.25728585338
SCCD_k3_nc5_rf3_ra1,1e-6,3.23e-5,23.63612959256821,0.613886064903074,0.4592848778206321
SCCD_k4_nc5_rf3_ra1,1e-6,5.953333333333333e-5,43.95336248935217,0.5446387032180733,0.4375857316355361
SCCD_k5_nc5_rf3_ra1,1e-6,1.11e-4,81.80512137613051,0.4732165124244457,0.42044812549912386
SCCD_k6_nc5_rf3_ra1,1e-6,1.1460714285714286e-4,90.0966663000181,0.5161199355630011,0.42807158048957944
SCCD_k7_nc5_rf3_ra1,1e-6,1.1830555555555555e-4,32.913740435956285,25358.591873074114,112478.95095431179
SCCD_k8_nc5_rf3_ra1,1e-6,1.2206666666666666e-4,10.215677190953105,65538.47976353992,160059.99877179158
SCCD_k9_nc5_rf3_ra1,1e-6,1.2587272727272727e-4,3.127977475607857,119168.49072050049,198518.8232726703
SCCD_k10_nc5_rf3_ra1,1e-6,1.2971212121212124e-4,1.006162730687631,185025.5721890277,265864.89003804396
FCCD_k3_nc7_rf3_ra1,1e-6,2.65e-5,15.271750434639817,1.39670856505334,3.0083755503310954
FCCD_k4_nc7_rf3_ra1,1e-6,5.0066666666666666e-5,25.637759626391937,1.820623181904458,5.631336530556451
FCCD_k5_nc7_rf3_ra1,1e-6,9.776190476190476e-5,45.37101508897819,2.2473936637266783,8.737855734048683
FCCD_k6_nc7_rf3_ra1,1e-6,9.753571428571428e-5,48.23220904803014,2.7956922727497884,13.594538962425395
FCCD_k7_nc7_rf3_ra1,1e-6,9.736111111111111e-5,17.06913117732194,30816.435276683387,137788.9266542681
FCCD_k8_nc7_rf3_ra1,1e-6,9.722222222222223e-5,5.151820565927663,82289.52595875588,215225.84083141715
FCCD_k9_nc7_rf3_ra1,1e-6,9.71090909090909e-5,1.5355235169715493,154469.74975909715,277354.75791928224
FCCD_k10_nc7_rf3_ra1,1e-6,9.70151515151515e-5,0.4806578509943659,247388.79551624623,340913.59823255584
RCCD_k3_nc7_rf3_ra1,1e-6,3.179705627484771e-5,23.745604744235116,0.553613009075598,0.49699594295714666
RCCD_k4_nc7_rf3_ra1,1e-6,5.966666666666666e-5,44.95043020047649,0.47321195659183307,0.4484517804656904
RCCD_k5_nc7_rf3_ra1,1e-6,1.1474135916642493e-4,87.58256285722703,0.38211368309643484,0.34689097824396403
RCCD_k6_nc7_rf3_ra1,1e-6,1.275357142857143e-4,102.67505308308519,0.39266614156481827,0.2716166498613708
RCCD_k7_nc7_rf3_ra1,1e-6,1.5076088663849407e-4,41.07967670167414,19899.418577392564,102146.27589395773
RCCD_k8_nc7_rf3_ra1,1e-6,1.9322222222222223e-4,14.578513690495273,41403.41738437857,104236.74179748891
RCCD_k9_nc7_rf3_ra1,1e-6,2.714235182902445e-4,5.442370392279015,55264.44781215537,94410.06301289043
RCCD_k10_nc7_rf3_ra1,1e-6,4.16409090909091e-4,2.3194814984952656,57635.82991116865,80696.23005985116
SCCD_k3_nc7_rf3_ra1,1e-6,3.25e-5,24.44494496476735,0.5376967169431075,0.4537262847869565
SCCD_k4_nc7_rf3_ra1,1e-6,5.966666666666666e-5,44.95043020047649,0.47321195659183307,0.44294195845662715
SCCD_k5_nc7_rf3_ra1,1e-6,1.110952380952381e-4,83.12636974799517,0.4046482169832487,0.41579937375298964
SCCD_k6_nc7_rf3_ra1,1e-6,1.1467857142857143e-4,91.1858523952984,0.44945632613798353,0.4301431357201263
SCCD_k7_nc7_rf3_ra1,1e-6,1.183611111111111e-4,33.2241019127332,25346.62416857338,117546.07106652403
SCCD_k8_nc7_rf3_ra1,1e-6,1.221111111111111e-4,10.293012055858236,65514.56180937533,162962.89448414466
SCCD_k9_nc7_rf3_ra1,1e-6,1.2590909090909091e-4,3.147419564246321,119134.01047725647,210744.14258052717
SCCD_k10_nc7_rf3_ra1,1e-6,1.2974242424242428e-4,1.0113910914024846,184982.29433586742,250702.88083274727
FCCD_k3_nc10_rf3_ra1,1e-6,2.68e-5,15.692948637804589,1.3626882101537612,3.0623098991643527
FCCD_k4_nc10_rf3_ra1,1e-6,5.0266666666666664e-5,26.03848101228142,1.7976863723174692,5.6994727310850815
FCCD_k5_nc10_rf3_ra1,1e-6,9.79047619047619e-5,45.810394291254745,2.2308614149648283,8.94789003707568
FCCD_k6_nc10_rf3_ra1,1e-6,9.764285714285714e-5,48.5415368410637,2.7831363172140664,12.880704682651842
FCCD_k7_nc10_rf3_ra1,1e-6,9.744444444444443e-5,17.14652688384996,30790.07440709987,143967.80482838475
FCCD_k8_nc10_rf3_ra1,1e-6,9.728888888888888e-5,5.169083692262217,82233.13219522432,193673.9642971577
FCCD_k9_nc10_rf3_ra1,1e-6,9.716363636363635e-5,1.5394605069501004,154383.0298650961,274244.41687999346
FCCD_k10_nc10_rf3_ra1,1e-6,9.706060606060606e-5,0.4816275381575419,247272.9373643513,335127.11797937984
RCCD_k3_nc10_rf3_ra1,1e-6,3.209705627484772e-5,24.606142251617882,0.4963772904044629,0.5011229862088011
RCCD_k4_nc10_rf3_ra1,1e-6,5.986666666666667e-5,46.03207580579551,0.41964149952377483,0.4286714648733875
RCCD_k5_nc10_rf3_ra1,1e-6,1.1488421630928207e-4,89.05561348231129,0.33276088779715535,0.3393657271185216
RCCD_k6_nc10_rf3_ra1,1e-6,1.2764285714285715e-4,103.83807775647138,0.3541588781830273,0.2895728312204173
RCCD_k7_nc10_rf3_ra1,1e-6,1.5084421997182737e-4,41.36109136779445,19888.40316753369,90958.64484022174
RCCD_k8_nc10_rf3_ra1,1e-6,1.9328888888888888e-4,14.633329551993707,41389.127209737606,103000.17153787498
RCCD_k9_nc10_rf3_ra1,1e-6,2.7147806374479e-4,5.453530775489828,55253.339894757024,97766.06855323087
RCCD_k10_nc10_rf3_ra1,1e-6,4.1645454545454554e-4,2.3222528296392864,57629.53719441903,78598.0802181864
SCCD_k3_nc10_rf3_ra1,1e-6,3.28e-5,25.332566153244805,0.48055446146640923,0.4613605177938773
SCCD_k4_nc10_rf3_ra1,1e-6,5.986666666666667e-5,46.03207580579551,0.41964149952377483,0.4529877497138625
SCCD_k5_nc10_rf3_ra1,1e-6,1.1123809523809524e-4,84.55026659876957,0.3532213116597212,0.41453474994622086
SCCD_k6_nc10_rf3_ra1,1e-6,1.1478571428571428e-4,92.35482437555817,0.3994579514422409,0.42556812616057077
SCCD_k7_nc10_rf3_ra1,1e-6,1.1844444444444444e-4,33.55687304006032,25328.742523743895,125134.55689537297
SCCD_k8_nc10_rf3_ra1,1e-6,1.2217777777777776e-4,10.375925167444883,65478.765629032074,165564.37700226787
SCCD_k9_nc10_rf3_ra1,1e-6,1.2596363636363636e-4,3.168270783645941,119082.37499720733,212605.67415984214
SCCD_k10_nc10_rf3_ra1,1e-6,1.297878787878788e-4,1.0170010510741991,184917.46247247775,254799.30452470965
FCCD_k3_nc1_rf1_ra2,1e-6,1.1699999999999998e-5,8.5981805260473,1.4390993050968734,1.8318636840060742
FCCD_k4_nc1_rf1_ra2,1e-6,1.9266666666666666e-5,13.68551698313162,1.4818276273710813,3.189893276023368
FCCD_k5_nc1_rf1_ra2,1e-6,3.490476190476191e-5,22.97423153054716,1.54948064870956,4.581780061331721
FCCD_k6_nc1_rf1_ra2,1e-6,3.460714285714285e-5,23.628790511758364,1.959904424248097,7.101430438047467
FCCD_k7_nc1_rf1_ra2,1e-6,3.4361111111111114e-5,8.146515936258425,87310.27304991466,414880.9297352886
FCCD_k8_nc1_rf1_ra2,1e-6,3.415555555555556e-5,2.4029994619690367,234225.04378245084,551737.7204212269
FCCD_k9_nc1_rf1_ra2,1e-6,3.398181818181818e-5,0.7018404632450835,441415.2579112556,758023.5620784935
FCCD_k10_nc1_rf1_ra2,1e-6,3.3833333333333334e-5,0.21576435844204783,709362.4894916951,931548.0118330807
RCCD_k3_nc1_rf1_ra2,1e-6,2.2294112549695424e-5,13.591326400947496,1.9450421941993665,0.9822571516696226
RCCD_k4_nc1_rf1_ra2,1e-6,3.846666666666667e-5,24.25157729880438,1.8046261661314893,0.9748655183976337
RCCD_k5_nc1_rf1_ra2,1e-6,6.886367071380225e-5,44.928777368521,1.42872361342635,0.7969321846332684
RCCD_k6_nc1_rf1_ra2,1e-6,9.460714285714289e-5,53.69366825517549,1.108045403734877,0.5739949409239291
RCCD_k7_nc1_rf1_ra2,1e-6,1.41160662165877e-4,23.57752644631109,21253.253330788448,112884.50474097955
RCCD_k8_nc1_rf1_ra2,1e-6,2.2615555555555554e-4,9.563785915508687,35374.62485940568,97783.37832584843
RCCD_k9_nc1_rf1_ra2,1e-6,3.826106729441254e-4,4.197580744502693,39204.95764747191,65054.070684469065
RCCD_k10_nc1_rf1_ra2,1e-6,6.726212121212123e-4,2.122262657530341,35681.7521848939,47478.60248191438
SCCD_k3_nc1_rf1_ra2,1e-6,2.3699999999999997e-5,14.13557916101997,1.930511828391515,0.9981788611597802
SCCD_k4_nc1_rf1_ra2,1e-6,3.846666666666667e-5,24.25157729880438,1.8046261661314893,0.9474990226480887
SCCD_k5_nc1_rf1_ra2,1e-6,6.157142857142859e-5,41.808397885761494,1.6524105083044678,0.9738583914175836
SCCD_k6_nc1_rf1_ra2,1e-6,6.889285714285713e-5,45.351561434379306,1.7801629466701714,0.9356262727132496
SCCD_k7_nc1_rf1_ra2,1e-6,7.636111111111113e-5,17.188218033358247,39288.821499539554,188444.00904358982
SCCD_k8_nc1_rf1_ra2,1e-6,8.393333333333335e-5,5.636154868377765,95315.53066611761,242653.79658614576
SCCD_k9_nc1_rf1_ra2,1e-6,9.158181818181817e-5,1.843738923659018,163789.6840197386,285847.8029268048
SCCD_k10_nc1_rf1_ra2,1e-6,9.928787878787881e-5,0.6376513034168132,241722.93040532875,341006.81872356986
FCCD_k3_nc3_rf1_ra2,1e-6,1.19e-5,8.865998633133726,1.3655631681008031,1.8181335681051316
FCCD_k4_nc3_rf1_ra2,1e-6,1.9399999999999997e-5,13.86144317003412,1.4570467073381315,3.2070089638176222
FCCD_k5_nc3_rf1_ra2,1e-6,3.5e-5,23.125995926619634,1.5375999019499325,4.9270395598079295
FCCD_k6_nc3_rf1_ra2,1e-6,3.467857142857143e-5,23.721156441600485,1.9527228681582427,6.145526162741628
FCCD_k7_nc3_rf1_ra2,1e-6,3.4416666666666665e-5,8.16803182198492,87169.3352618383,423341.77777559427
FCCD_k8_nc3_rf1_ra2,1e-6,3.4200000000000005e-5,2.407649819488595,233920.65763311827,542138.1590566831
FCCD_k9_nc3_rf1_ra2,1e-6,3.401818181818181e-5,0.7028954515559502,440943.40873446455,730347.158033786
FCCD_k10_nc3_rf1_ra2,1e-6,3.3863636363636364e-5,0.21602711870952254,708727.7139703297,981495.1419784181
RCCD_k3_nc3_rf1_ra2,1e-6,2.2494112549695426e-5,15.152751133131673,1.060440281253056,0.5781750586143037
RCCD_k4_nc3_rf1_ra2,1e-6,3.8599999999999996e-5,26.09439001909599,0.9713463290325648,0.5236732489987697
RCCD_k5_nc3_rf1_ra2,1e-6,6.895890880904037e-5,47.08657825290888,0.8084086576650614,0.4101235090319812
RCCD_k6_nc3_rf1_ra2,1e-6,9.467857142857146e-5,54.97281110833339,0.855190857857869,0.5623969161054037
RCCD_k7_nc3_rf1_ra2,1e-6,1.4121621772143257e-4,23.832930877358663,21244.810939755494,109214.57821528486
RCCD_k8_nc3_rf1_ra2,1e-6,2.2619999999999997e-4,9.615098887403855,35367.64445042101,88017.2435838848
RCCD_k9_nc3_rf1_ra2,1e-6,3.8264703658048903e-4,4.210272979376552,39201.218069956594,68745.58246462735
RCCD_k10_nc3_rf1_ra2,1e-6,6.726515151515153e-4,2.126318510686617,35680.136821346976,49506.60464612794
SCCD_k3_nc3_rf1_ra2,1e-6,2.3899999999999998e-5,15.777014572449426,1.0416605141315876,0.5707207943824498
SCCD_k4_nc3_rf1_ra2,1e-6,3.8599999999999996e-5,26.09439001909599,0.9713463290325648,0.5229704812266458
SCCD_k5_nc3_rf1_ra2,1e-6,6.166666666666667e-5,44.053718092316565,0.8524893601342277,0.42441920447650766
SCCD_k6_nc3_rf1_ra2,1e-6,6.89642857142857e-5,47.16626199898864,1.0024685470175536,0.5807445323799195
SCCD_k7_nc3_rf1_ra2,1e-6,7.641666666666668e-5,17.721882062221027,39259.49769597904,207459.98736779625
SCCD_k8_nc3_rf1_ra2,1e-6,8.39777777777778e-5,5.775982621356862,95264.3368730275,231713.96228395408
SCCD_k9_nc3_rf1_ra2,1e-6,9.161818181818182e-5,1.8811387994804998,163723.9352459246,276848.9405575138
SCCD_k10_nc3_rf1_ra2,1e-6,9.931818181818183e-5,0.6484254838873001,241648.4454312152,323813.284036841
FCCD_k3_nc5_rf1_ra2,1e-6,1.21e-5,9.076272840797584,1.3227584793391933,1.8496118894066274
FCCD_k4_nc5_rf1_ra2,1e-6,1.9533333333333335e-5,14.010764585006104,1.4396242913196904,3.2277327017270867
FCCD_k5_nc5_rf1_ra2,1e-6,3.5095238095238094e-5,23.260129501616944,1.5284366358226362,4.512900759377331
FCCD_k6_nc5_rf1_ra2,1e-6,3.475e-5,23.804728084110838,1.9468882763278026,6.935542160971899
FCCD_k7_nc5_rf1_ra2,1e-6,3.447222222222222e-5,8.187907554385895,87028.85247790684,473794.43862114614
FCCD_k8_nc5_rf1_ra2,1e-6,3.424444444444444e-5,2.412016199659643,233617.06209955557,576211.6189338525
FCCD_k9_nc5_rf1_ra2,1e-6,3.405454545454545e-5,0.7038986116902738,440472.56759378687,790840.9440539115
FCCD_k10_nc5_rf1_ra2,1e-6,3.389393939393939e-5,0.2162794179813043,708094.0734892162,940967.7983509734
RCCD_k3_nc5_rf1_ra2,1e-6,2.2694112549695424e-5,15.943337059797189,0.8811428162911333,0.5764242284709684
RCCD_k4_nc5_rf1_ra2,1e-6,3.873333333333333e-5,26.998328840218964,0.8046839590847247,0.5241767598543877
RCCD_k5_nc5_rf1_ra2,1e-6,6.905414690427845e-5,48.1901295359001,0.6660090040708901,0.414261013561583
RCCD_k6_nc5_rf1_ra2,1e-6,9.475000000000003e-5,55.75161805958318,0.7669829390146478,0.5691063971205704
RCCD_k7_nc5_rf1_ra2,1e-6,1.4127177327698812e-4,24.018582270933262,21236.414723239184,106455.03723473533
RCCD_k8_nc5_rf1_ra2,1e-6,2.2624444444444442e-4,9.6567411993554515,35360.67731362257,86726.8658131857
RCCD_k9_nc5_rf1_ra2,1e-6,3.826834002168527e-4,4.221214189598437,39197.4828695069,66802.02197727712
RCCD_k10_nc5_rf1_ra2,1e-6,6.726818181818184e-4,2.129933855492502,35678.523266797965,47582.755820310864
SCCD_k3_nc5_rf1_ra2,1e-6,2.41e-5,16.603877653954104,0.8638857672474638,0.5677249160656073
SCCD_k4_nc5_rf1_ra2,1e-6,3.873333333333333e-5,26.998328840218964,0.8046839590847247,0.5275443695211268
SCCD_k5_nc5_rf1_ra2,1e-6,6.176190476190477e-5,45.13844480142183,0.6924956805983915,0.4187995512431376
SCCD_k6_nc5_rf1_ra2,1e-6,6.90357142857143e-5,48.03463149135741,0.8469196703223375,0.5878725009892262
SCCD_k7_nc5_rf1_ra2,1e-6,7.647222222222223e-5,17.976223918561136,39230.824833132654,163755.58220539955
SCCD_k8_nc5_rf1_ra2,1e-6,8.402222222222223e-5,5.842471191914656,95213.79634321367,239915.45675492103
SCCD_k9_nc5_rf1_ra2,1e-6,9.165454545454545e-5,1.898896741884873,163658.83056141378,271279.69480416743
SCCD_k10_nc5_rf1_ra2,1e-6,9.934848484848487e-5,0.6535359780673502,241574.5920359629,337063.14869264304
FCCD_k3_nc7_rf1_ra2,1e-6,1.23e-5,9.25014543208429,1.2947504376014007,1.8265180404819827
FCCD_k4_nc7_rf1_ra2,1e-6,1.9666666666666666e-5,14.140665591018331,1.4267065154658067,3.181511257940516
FCCD_k5_nc7_rf1_ra2,1e-6,3.519047619047619e-5,23.380378452926397,1.521154181019709,4.54838301562407
FCCD_k6_nc7_rf1_ra2,1e-6,3.482142857142857e-5,23.88105888814859,1.9420541861159466,6.275994339230368
FCCD_k7_nc7_rf1_ra2,1e-6,3.4527777777777774e-5,8.206390569983116,86888.82237432756,390103.6311716966
FCCD_k8_nc7_rf1_ra2,1e-6,3.428888888888889e-5,2.4161359454435005,233314.2539115988,582499.0884801812
FCCD_k9_nc7_rf1_ra2,1e-6,3.409090909090909e-5,0.7048559799213392,440002.73117315647,781395.5893798178
FCCD_k10_nc7_rf1_ra2,1e-6,3.392424242424242e-5,0.21652234921927818,707461.5653689345,957462.5324609728
RCCD_k3_nc7_rf1_ra2,1e-6,2.289411254969543e-5,16.487330249693755,0.8040549854507693,0.5796505863814149
RCCD_k4_nc7_rf1_ra2,1e-6,3.8866666666666665e-5,27.610779934329404,0.7332565739234981,0.526479975379251
RCCD_k5_nc7_rf1_ra2,1e-6,6.914938499951656e-5,48.94373193207109,0.6028100284567403,0.41324367883553065
RCCD_k6_nc7_rf1_ra2,1e-6,9.48214285714286e-5,56.315645737456435,0.7221046607423621,0.5685973649810984
RCCD_k7_nc7_rf1_ra2,1e-6,1.4132732883254367e-4,24.164850412369162,21228.04146468522,105325.26044326136
RCCD_k8_nc7_rf1_ra2,1e-6,2.2628888888888887e-4,9.691828650118497,35353.71872690928,92744.2211267911
RCCD_k9_nc7_rf1_ra2,1e-6,3.827197638532163e-4,4.2308358785322975,39193.750763165786,71307.26667246337
RCCD_k10_nc7_rf1_ra2,1e-6,6.727121212121214e-4,2.1331963158407166,35676.9110460442,47649.71003797765
SCCD_k3_nc7_rf1_ra2,1e-6,2.43e-5,17.172054386062456,0.7876961269399124,0.5725349262862455
SCCD_k4_nc7_rf1_ra2,1e-6,3.8866666666666665e-5,27.610779934329404,0.7332565739234981,0.5232189839814213
SCCD_k5_nc7_rf1_ra2,1e-6,6.185714285714286e-5,45.867490888970806,0.6239259958994696,0.4223429757827967
SCCD_k6_nc7_rf1_ra2,1e-6,6.910714285714286e-5,48.6153314638772,0.7802548452879635,0.583143194948684
SCCD_k7_nc7_rf1_ra2,1e-6,7.652777777777778e-5,18.1461210739914,39202.2804526237,177046.07433117367
SCCD_k8_nc7_rf1_ra2,1e-6,8.406666666666669e-5,5.886872728926717,95163.39481307277,241067.13353963583
SCCD_k9_nc7_rf1_ra2,1e-6,9.169090909090909e-5,1.910755682772722,163593.8620676237,287452.793314002
SCCD_k10_nc7_rf1_ra2,1e-6,9.93787878787879e-5,0.6569490423945544,241500.86735362784,325524.3758748951
FCCD_k3_nc10_rf1_ra2,1e-6,1.26e-5,9.465860020067458,1.2671542417632335,1.8492874565597617
FCCD_k4_nc10_rf1_ra2,1e-6,1.9866666666666667e-5,14.30874174622682,1.4125751078159094,3.1487739287448697
FCCD_k5_nc10_rf1_ra2,1e-6,3.5333333333333336e-5,23.540337474572304,1.5126592872064788,4.685859801202583
FCCD_k6_nc10_rf1_ra2,1e-6,3.492857142857143e-5,23.984470353921918,1.9361801955154974,6.654502702801201
FCCD_k7_nc10_rf1_ra2,1e-6,3.4611111111111114e-5,8.231919790044545,86679.62089458677,502261.3359136649
FCCD_k8_nc10_rf1_ra2,1e-6,3.435555555555555e-5,2.4219181377084285,232861.5112105663,642627.4838469876
FCCD_k9_nc10_rf1_ra2,1e-6,3.4145454545454545e-5,0.7062169666457673,439299.8532475936,795038.5890415874
FCCD_k10_nc10_rf1_ra2,1e-6,3.396969696969697e-5,0.21687117750252072,706514.919079987,952589.3519439833
RCCD_k3_nc10_rf1_ra2,1e-6,2.3194112549695426e-5,17.08477408034849,0.7461418398297706,0.5710829659510471
RCCD_k4_nc10_rf1_ra2,1e-6,3.906666666666667e-5,28.275182420876877,0.6796857751015685,0.5223830271661527
RCCD_k5_nc10_rf1_ra2,1e-6,6.92922421423737e-5,49.76307457636389,0.5545186045131365,0.4161373122461551
RCCD_k6_nc10_rf1_ra2,1e-6,9.492857142857145e-5,56.9500363730895,0.6849934883745084,0.5618644066152124
RCCD_k7_nc10_rf1_ra2,1e-6,1.41410662165877e-4,24.339188279228146,21215.5083532838,103313.79168954685
RCCD_k8_nc10_rf1_ra2,1e-6,2.2635555555555555e-4,9.735946886590433,35343.29221812204,89072.71405354503
RCCD_k9_nc10_rf1_ra2,1e-6,3.8277430930776175e-4,4.243402210916057,39188.15685424715,73099.78319470024
RCCD_k10_nc10_rf1_ra2,1e-6,6.727575757575759e-4,2.1375633815619866,35674.49456733932,48122.55569920509
SCCD_k3_nc10_rf1_ra2,1e-6,2.46e-5,17.795590376450154,0.7305537084729798,0.5673339521577957
SCCD_k4_nc10_rf1_ra2,1e-6,3.906666666666667e-5,28.275182420876877,0.6796857751015685,0.5212626146479501
SCCD_k5_nc10_rf1_ra2,1e-6,6.200000000000002e-5,46.653174775265505,0.5724983518387355,0.42441962469516475
SCCD_k6_nc10_rf1_ra2,1e-6,6.92142857142857e-5,49.23856774282963,0.7302558239592524,0.5822146002315084
SCCD_k7_nc10_rf1_ra2,1e-6,7.661111111111113e-5,18.32846017673983,39159.59029983121,189098.97741975263
SCCD_k8_nc10_rf1_ra2,1e-6,8.413333333333335e-5,5.934553879249295,95087.94044779707,244858.07122117668
SCCD_k9_nc10_rf1_ra2,1e-6,9.174545454545455e-5,1.9234989982497837,163496.5533826518,285236.95911551494
SCCD_k10_nc10_rf1_ra2,1e-6,9.942424242424244e-5,0.6606187092063122,241390.41171481847,347412.88064913056
FCCD_k3_nc1_rf2_ra2,1e-6,1.9699999999999998e-5,13.207268437026329,1.1004829373236091,1.6940960395166726
FCCD_k4_nc1_rf2_ra2,1e-6,3.5266666666666666e-5,22.11693149153387,1.189569269408348,2.9439470132610914
FCCD_k5_nc1_rf2_ra2,1e-6,6.690476190476189e-5,38.42986046529873,1.3222958442219168,4.278276083103029
FCCD_k6_nc1_rf2_ra2,1e-6,6.660714285714286e-5,40.238078037145634,1.6428599066887208,6.548264217642963
FCCD_k7_nc1_rf2_ra2,1e-6,6.636111111111111e-5,14.040151598347041,45209.11676841755,215655.251011506
FCCD_k8_nc1_rf2_ra2,1e-6,6.615555555555554e-5,4.181924410148992,120929.27758433072,273489.1053479703
FCCD_k9_nc1_rf2_ra2,1e-6,6.598181818181819e-5,1.2315168967504326,227337.74918303953,398117.7134090565
FCCD_k10_nc1_rf2_ra2,1e-6,6.583333333333333e-5,0.38132861976486326,364559.55347175454,490740.6473227167
RCCD_k3_nc1_rf2_ra2,1e-6,3.0294112549695433e-5,19.253172979901407,1.690933126414654,0.9725690467068685
RCCD_k4_nc1_rf2_ra2,1e-6,5.4466666666666665e-5,36.63106497136319,1.572830971397846,0.9694788392152759
RCCD_k5_nc1_rf2_ra2,1e-6,1.0086367071380226e-4,71.38663959557356,1.1995486989168838,0.7411642303297443
RCCD_k6_nc1_rf2_ra2,1e-6,1.2660714285714288e-4,86.5873292794766,0.7544825092921239,0.35538689979045235
RCCD_k7_nc1_rf2_ra2,1e-6,1.7316066216587698e-4,36.89798415804766,17325.468641348252,86111.15856708659
RCCD_k8_nc1_rf2_ra2,1e-6,2.5815555555555554e-4,14.223372713090905,30989.48341386412,74110.77833425257
RCCD_k9_nc1_rf2_ra2,1e-6,4.1461067294412543e-4,5.876248344022953,36178.85786741699,61268.84951958817
RCCD_k10_nc1_rf2_ra2,1e-6,7.046212121212123e-4,2.7942971928685583,34061.10495740489,45211.479162393814
SCCD_k3_nc1_rf2_ra2,1e-6,3.17e-5,19.91013327135778,1.6953793569947333,0.9881318291401562
SCCD_k4_nc1_rf2_ra2,1e-6,5.4466666666666665e-5,36.63106497136319,1.572830971397846,0.9852190327772432
SCCD_k5_nc1_rf2_ra2,1e-6,9.357142857142858e-5,66.69899222457927,1.458019612364282,0.9408702519236868
SCCD_k6_nc1_rf2_ra2,1e-6,1.0089285714285713e-4,73.60925609684953,1.5057018002136298,0.9763742005152725
SCCD_k7_nc1_rf2_ra2,1e-6,1.0836111111111112e-4,27.52108165892918,27686.717696862524,144027.94588944665
SCCD_k8_nc1_rf2_ra2,1e-6,1.1593333333333335e-4,8.80907023101872,69006.66743029207,159473.67659666127
SCCD_k9_nc1_rf2_ra2,1e-6,1.2358181818181816e-4,2.796310716143755,121378.52753946047,213994.83985300225
SCCD_k10_nc1_rf2_ra2,1e-6,1.3128787878787882e-4,0.9356251905082497,182805.7642936726,242214.29836178187
FCCD_k3_nc3_rf2_ra2,1e-6,1.99e-5,13.597141317659567,1.038952729709461,1.6867274493650486
FCCD_k4_nc3_rf2_ra2,1e-6,3.54e-5,22.394356255764407,1.1668207622662123,2.8695115578205512
FCCD_k5_nc3_rf2_ra2,1e-6,6.7e-5,38.681031648503335,1.3108590915403089,4.325547059108188
FCCD_k6_nc3_rf2_ra2,1e-6,6.667857142857143e-5,40.39393298008483,1.6359151593330787,6.146974617090868
FCCD_k7_nc3_rf2_ra2,1e-6,6.641666666666666e-5,14.076037909213362,45171.297658188516,225424.28291308263
FCCD_k8_nc3_rf2_ra2,1e-6,6.62e-5,4.18949828989099,120848.08790605656,346560.09645316965
FCCD_k9_nc3_rf2_ra2,1e-6,6.601818181818181e-5,1.23318410894906,227212.5276507622,417932.07212937134
FCCD_k10_nc3_rf2_ra2,1e-6,6.586363636363636e-5,0.38173063013465314,364391.82346627035,503064.9048830975
RCCD_k3_nc3_rf2_ra2,1e-6,3.049411254969543e-5,21.455665368259975,0.8187259316674016,0.3348025480690639
RCCD_k4_nc3_rf2_ra2,1e-6,5.46e-5,39.414526850738895,0.7395733508039088,0.3276145012106885
RCCD_k5_nc3_rf2_ra2,1e-6,1.0095890880904036e-4,74.71564911598229,0.6130404380250566,0.30206217190072854
RCCD_k6_nc3_rf2_ra2,1e-6,1.2667857142857145e-4,88.36970762983535,0.5646996004850043,0.3046795141838015
RCCD_k7_nc3_rf2_ra2,1e-6,1.7321621772143256e-4,37.19664782827243,17319.86607226338,82743.27130890345
RCCD_k8_nc3_rf2_ra2,1e-6,2.582e-4,14.273907133005551,30984.135967742128,79657.58498621246
RCCD_k9_nc3_rf2_ra2,1e-6,4.1464703658048905e-4,5.887028885094738,36175.67998305961,62843.16694918127
RCCD_k10_nc3_rf2_ra2,1e-6,7.046515151515153e-4,2.7973504638491655,34059.63762880853,45237.746964821905
SCCD_k3_nc3_rf2_ra2,1e-6,3.1899999999999996e-5,22.222098885473066,0.8065406838698037,0.3325874597069765
SCCD_k4_nc3_rf2_ra2,1e-6,5.46e-5,39.414526850738895,0.7395733508039088,0.33232476327710714
SCCD_k5_nc3_rf2_ra2,1e-6,9.366666666666666e-5,70.2809761908197,0.6581394130164363,0.3195766061544281
SCCD_k6_nc3_rf2_ra2,1e-6,1.009642857142857e-4,76.55459394726483,0.7280461060754612,0.31194375500863203
SCCD_k7_nc3_rf2_ra2,1e-6,1.0841666666666668e-4,28.375036038746313,27671.769292410114,132764.83741802335
SCCD_k8_nc3_rf2_ra2,1e-6,1.159777777777778e-4,9.027375781299593,68979.47372685507,164199.81985243942
SCCD_k9_nc3_rf2_ra2,1e-6,1.2361818181818183e-4,2.8529521196060776,121342.08254030108,202827.63681354528
SCCD_k10_nc3_rf2_ra2,1e-6,1.3131818181818183e-4,0.9514080676755595,182762.8470936145,242443.74928067622
FCCD_k3_nc5_rf2_ra2,1e-6,2.01e-5,13.906659998728546,1.0022253158708077,1.6524198248087283
FCCD_k4_nc5_rf2_ra2,1e-6,3.553333333333333e-5,22.630686052839344,1.1507009298674857,2.972745027391397
FCCD_k5_nc5_rf2_ra2,1e-6,6.70952380952381e-5,38.90329633950835,1.302015399086022,4.38591067250983
FCCD_k6_nc5_rf2_ra2,1e-6,6.675e-5,40.535071293666995,1.630262758922371,5.964107038640089
FCCD_k7_nc5_rf2_ra2,1e-6,6.647222222222223e-5,14.109138686444748,45133.542500506854,220245.59049745178
FCCD_k8_nc5_rf2_ra2,1e-6,6.624444444444443e-5,4.196584030131007,120767.0076477666,291798.71458563
FCCD_k9_nc5_rf2_ra2,1e-6,6.605454545454545e-5,1.23476131811412,227087.44416787682,369353.1320306323
FCCD_k10_nc5_rf2_ra2,1e-6,6.589393939393939e-5,0.3821143123043532,364224.24800125335,494098.22418151674
RCCD_k3_nc5_rf2_ra2,1e-6,3.069411254969543e-5,22.573095340982675,0.6410078138375402,0.33491168907763613
RCCD_k4_nc5_rf2_ra2,1e-6,5.473333333333333e-5,40.77988275850631,0.5729127600755847,0.29159169569332166
RCCD_k5_nc5_rf2_ra2,1e-6,1.0105414690427845e-4,76.44297193945309,0.4736795058619038,0.22531680615924365
RCCD_k6_nc5_rf2_ra2,1e-6,1.2675000000000002e-4,89.5164344712104,0.4899341338283389,0.30527783586454266
RCCD_k7_nc5_rf2_ra2,1e-6,1.732717732769881e-4,37.42990793575395,17314.285511705802,85448.94300772331
RCCD_k8_nc5_rf2_ra2,1e-6,2.5824444444444444e-4,14.317731709103333,30978.793740097084,82936.25720484134
RCCD_k9_nc5_rf2_ra2,1e-6,4.1468340021685266e-4,5.89686314586768,36172.5035374796,60073.22387014104
RCCD_k10_nc5_rf2_ra2,1e-6,7.046818181818183e-4,2.8002070441977875,34058.17075575531,47598.63268873576
SCCD_k3_nc5_rf2_ra2,1e-6,3.21e-5,23.38674121164979,0.6287669545820938,0.32842042028960416
SCCD_k4_nc5_rf2_ra2,1e-6,5.473333333333333e-5,40.77988275850631,0.5729127600755847,0.29165149529194617
SCCD_k5_nc5_rf2_ra2,1e-6,9.376190476190477e-5,72.01147429869559,0.4981490100937675,0.2634502321565213
SCCD_k6_nc5_rf2_ra2,1e-6,1.0103571428571429e-4,77.9640127731425,0.5725003266613211,0.3118773554544343
SCCD_k7_nc5_rf2_ra2,1e-6,1.0847222222222222e-4,28.781752132991073,27657.44482232842,122149.5619445492
SCCD_k8_nc5_rf2_ra2,1e-6,1.1602222222222224e-4,9.131053918945595,68952.90016952183,178459.42847037467
SCCD_k9_nc5_rf2_ra2,1e-6,1.2365454545454544e-4,2.8798030590028114,121306.25102100229,209639.7406332424
SCCD_k10_nc5_rf2_ra2,1e-6,1.3134848484848486e-4,0.9588804993866851,182720.53590789277,242097.65926286543
FCCD_k3_nc7_rf2_ra2,1e-6,2.03e-5,14.164362170927598,0.9778193187869396,1.6491156638101416
FCCD_k4_nc7_rf2_ra2,1e-6,3.566666666666666e-5,22.83682141019527,1.1386809208620519,2.9411615223833714
FCCD_k5_nc7_rf2_ra2,1e-6,6.719047619047618e-5,39.102745283182124,1.2949726725263404,4.840955866253799
FCCD_k6_nc7_rf2_ra2,1e-6,6.682142857142857e-5,40.664072987836555,1.6255726732405522,6.505690370040055
FCCD_k7_nc7_rf2_ra2,1e-6,6.652777777777777e-5,14.139871446989453,45095.850957855604,214510.9468954152
FCCD_k8_nc7_rf2_ra2,1e-6,6.628888888888889e-5,4.203245473428466,120686.03644043033,306744.10491071054
FCCD_k9_nc7_rf2_ra2,1e-6,6.609090909090909e-5,1.2362589590948385,226962.49860934078,412161.7939656427
FCCD_k10_nc7_rf2_ra2,1e-6,6.592424242424242e-5,0.38248157405015737,364056.82669448276,472452.36134669144
RCCD_k3_nc7_rf2_ra2,1e-6,3.0894112549695434e-5,23.34240576628341,0.5645018113578779,0.33490795651795763
RCCD_k4_nc7_rf2_ra2,1e-6,5.486666666666667e-5,41.7049620793496,0.5014858668567989,0.29160024531250134
RCCD_k5_nc7_rf2_ra2,1e-6,1.0114938499951655e-4,77.62763658898092,0.41124272974362025,0.22525716239582708
RCCD_k6_nc7_rf2_ra2,1e-6,1.268214285714286e-4,90.36665686945331,0.4499427220596338,0.3035914384186905
RCCD_k7_nc7_rf2_ra2,1e-6,1.733273288325437e-4,37.62161525369272,17308.717707212494,84431.81443199399
RCCD_k8_nc7_rf2_ra2,1e-6,2.582888888888889e-4,14.356447900176299,30973.455578162328,72196.32427460248
RCCD_k9_nc7_rf2_ra2,1e-6,4.1471976385321627e-4,5.905907073548973,36169.32832132478,64058.90237031053
RCCD_k10_nc7_rf2_ra2,1e-6,7.047121212121214e-4,2.802891249919161,34056.7042776861,47201.91346516561
SCCD_k3_nc7_rf2_ra2,1e-6,3.23e-5,24.187022694488178,0.5525776000485785,0.32847850890437463
SCCD_k4_nc7_rf2_ra2,1e-6,5.486666666666667e-5,41.7049620793496,0.5014858668567989,0.2916266474916541
SCCD_k5_nc7_rf2_ra2,1e-6,9.385714285714286e-5,73.17454794464477,0.42958022863097395,0.26967320911526477
SCCD_k6_nc7_rf2_ra2,1e-6,1.0110714285714286e-4,78.90652877139384,0.5058363555176932,0.31218095144024677
SCCD_k7_nc7_rf2_ra2,1e-6,1.0852777777777778e-4,29.053254392597164,27643.221926498365,140635.33179114512
SCCD_k8_nc7_rf2_ra2,1e-6,1.1606666666666669e-4,9.200209046532935,68926.43255643807,174849.79675539126
SCCD_k9_nc7_rf2_ra2,1e-6,1.2369090909090908e-4,2.8977067099358864,121270.52511066743,213420.8965401284
SCCD_k10_nc7_rf2_ra2,1e-6,1.313787878787879e-4,0.9638621444107338,182678.3279502927,243489.6971593373
FCCD_k3_nc10_rf2_ra2,1e-6,2.06e-5,14.48585110455324,0.9534761865489669,1.6395479366780772
FCCD_k4_nc10_rf2_ra2,1e-6,3.5866666666666667e-5,23.1041709682326,1.1254647238731468,2.903458260331225
FCCD_k5_nc10_rf2_ra2,1e-6,6.733333333333332e-5,39.3683057297502,1.2867414215308506,4.823258928878979
FCCD_k6_nc10_rf2_ra2,1e-6,6.692857142857143e-5,40.838967971270584,1.6198651753691784,6.504847236255325
FCCD_k7_nc10_rf2_ra2,1e-6,6.66111111111111e-5,14.182233895512915,45039.43233274075,223349.89709912761
FCCD_k8_nc10_rf2_ra2,1e-6,6.635555555555555e-5,4.212553398129691,120564.7835398443,299595.15772128676
FCCD_k9_nc10_rf2_ra2,1e-6,6.614545454545454e-5,1.238374913775912,226775.33826922436,389018.02889667865
FCCD_k10_nc10_rf2_ra2,1e-6,6.596969696969697e-5,0.383005166492655,363805.98344061506,481276.8324748501
RCCD_k3_nc10_rf2_ra2,1e-6,3.1194112549695434e-5,24.187558474712397,0.5069872639929149,0.3348880407978833
RCCD_k4_nc10_rf2_ra2,1e-6,5.5066666666666666e-5,42.70851248777417,0.447915331832587,0.29164022651579313
RCCD_k5_nc10_rf2_ra2,1e-6,1.0129224214237369e-4,78.91878312178851,0.36328787258701556,0.2252130361840888
RCCD_k6_nc10_rf2_ra2,1e-6,1.2692857142857145e-4,91.33759275749007,0.4158118003656726,0.3014008172922584
RCCD_k7_nc10_rf2_ra2,1e-6,1.73410662165877e-4,37.857712746226554,17300.38184307048,80166.98300732563
RCCD_k8_nc10_rf2_ra2,1e-6,2.5835555555555554e-4,14.4072332781972,30965.4545421101,76039.3650721403
RCCD_k9_nc10_rf2_ra2,1e-6,4.147743093077618e-4,5.91824690573043,36164.56748836557,60540.967277151416
RCCD_k10_nc10_rf2_ra2,1e-6,7.047575757575759e-4,2.806637308954854,34054.50520494685,45208.83879869561
SCCD_k3_nc10_rf2_ra2,1e-6,3.26e-5,25.065278498890027,0.49543534080663904,0.32920363659480323
SCCD_k4_nc10_rf2_ra2,1e-6,5.5066666666666666e-5,42.70851248777417,0.447915331832587,0.29166576878983885
SCCD_k5_nc10_rf2_ra2,1e-6,9.400000000000001e-5,74.42798016980217,0.37815306513320646,0.2621537555067027
SCCD_k6_nc10_rf2_ra2,1e-6,1.0121428571428571e-4,79.91808590383255,0.45583778860659174,0.31255874525627303
SCCD_k7_nc10_rf2_ra2,1e-6,1.0861111111111112e-4,29.344406774520177,27621.963723375084,141645.95956554372
SCCD_k8_nc10_rf2_ra2,1e-6,1.1613333333333336e-4,9.274366234134133,68886.81723281162,172708.15742704735
SCCD_k9_nc10_rf2_ra2,1e-6,1.2374545454545455e-4,2.9169097995859863,121217.02318192081,205199.51867168132
SCCD_k10_nc10_rf2_ra2,1e-6,1.3142424242424246e-4,0.9692069331072745,182615.09962397342,261458.48368211996
FCCD_k3_nc1_rf3_ra2,1e-6,2.77e-5,17.175118399804706,0.9777897672031073,1.6174531010513926
FCCD_k4_nc1_rf3_ra2,1e-6,5.126666666666666e-5,29.475284364832014,1.0875672507320142,2.910335285779903
FCCD_k5_nc1_rf3_ra2,1e-6,9.89047619047619e-5,52.09312291474779,1.2448169212991127,4.433683856063078
FCCD_k6_nc1_rf3_ra2,1e-6,9.860714285714286e-5,55.09971545353314,1.535079028978828,6.570777542740404
FCCD_k7_nc1_rf3_ra2,1e-6,9.83611111111111e-5,19.369480691601755,30501.655877775742,126072.48085877161
FCCD_k8_nc1_rf3_ra2,1e-6,9.815555555555555e-5,5.804834301515778,81505.32885744428,215323.32622497962
FCCD_k9_nc1_rf3_ra2,1e-6,9.798181818181818e-5,1.7183730918598095,153091.90472890658,250676.77110324748
FCCD_k10_nc1_rf3_ra2,1e-6,9.783333333333333e-5,0.5344835722037383,245317.65236720818,345856.92189639236
RCCD_k3_nc1_rf3_ra2,1e-6,3.829411254969543e-5,24.11830048715949,1.5922901738788038,0.9714098391380076
RCCD_k4_nc1_rf3_ra2,1e-6,7.046666666666667e-5,47.416866445180396,1.488170712910632,0.9628008029692148
RCCD_k5_nc1_rf3_ra2,1e-6,1.3286367071380225e-4,94.7805434552695,1.114529217907086,0.7350299406250587
RCCD_k6_nc1_rf3_ra2,1e-6,1.5860714285714287e-4,115.88681633185026,0.6250796926976747,0.3272290180789621
RCCD_k7_nc1_rf3_ra2,1e-6,2.05160662165877e-4,48.686012196843045,14623.076577937783,71077.88964832705
RCCD_k8_nc1_rf3_ra2,1e-6,0.00029015555555555556,18.249176800714974,27571.717456757407,71546.07474421833
RCCD_k9_nc1_rf3_ra2,1e-6,4.466106729441254e-4,7.271277981029053,33586.54152251317,55879.78766378126
RCCD_k10_nc1_rf3_ra2,1e-6,7.366212121212123e-4,3.327029351555738,32581.376167543804,44853.362093186435
SCCD_k3_nc1_rf3_ra2,1e-6,3.97e-5,24.863357135910814,1.6064102990597449,0.9969459579885591
SCCD_k4_nc1_rf3_ra2,1e-6,7.046666666666667e-5,47.416866445180396,1.488170712910632,0.985383513299938
SCCD_k5_nc1_rf3_ra2,1e-6,1.2557142857142856e-4,88.72052353589558,1.3888131371630643,0.9639162411051523
SCCD_k6_nc1_rf3_ra2,1e-6,1.3289285714285714e-4,98.84215898892461,1.408846558394122,0.9281486252571597
SCCD_k7_nc1_rf3_ra2,1e-6,1.403611111111111e-4,36.80302367758016,21374.844285806073,99762.21948889615
SCCD_k8_nc1_rf3_ra2,1e-6,1.4793333333333337e-4,11.668097808620686,54079.799464347074,137606.49766023905
SCCD_k9_nc1_rf3_ra2,1e-6,1.5558181818181818e-4,3.656090538086472,96413.64710263668,166531.1639712958
SCCD_k10_nc1_rf3_ra2,1e-6,1.632878787878788e-4,1.2050242050561029,146980.9817531815,196518.33768515993
FCCD_k3_nc3_rf3_ra2,1e-6,2.7899999999999997e-5,17.67254259971858,0.9200467203697703,1.6262736652408993
FCCD_k4_nc3_rf3_ra2,1e-6,5.1399999999999996e-5,29.841927720780568,1.06547046960143,2.9520172006149092
FCCD_k5_nc3_rf3_ra2,1e-6,9.9e-5,52.432375889319566,1.2335250488060288,4.4078612670453365
FCCD_k6_nc3_rf3_ra2,1e-6,9.867857142857143e-5,55.31247695958216,1.5282115273885295,6.2935289417827764
FCCD_k7_nc3_rf3_ra2,1e-6,9.841666666666667e-5,19.418418405822223,30484.434325244743,144857.6693333199
FCCD_k8_nc3_rf3_ra2,1e-6,9.82e-5,5.815097624734776,81468.43794421367,203819.9513156725
FCCD_k9_nc3_rf3_ra2,1e-6,9.801818181818182e-5,1.7206105303593524,153035.1077975143,267740.2748792891
FCCD_k10_nc3_rf3_ra2,1e-6,9.786363636363635e-5,0.5350168376771223,245241.68973461882,328543.92667642114
RCCD_k3_nc3_rf3_ra2,1e-6,3.849411254969543e-5,26.871050009292325,0.7266639697481527,0.32941052115134706
RCCD_k4_nc3_rf3_ra2,1e-6,7.06e-5,51.01985690707872,0.6549353085359434,0.3292425583740217
RCCD_k5_nc3_rf3_ra2,1e-6,1.3295890880904036e-4,99.14070538356516,0.5429330457318974,0.2896803130957439
RCCD_k6_nc3_rf3_ra2,1e-6,1.5867857142857147e-4,118.11052044487627,0.45950225736247624,0.20821994633551094
RCCD_k7_nc3_rf3_ra2,1e-6,2.0521621772143255e-4,49.02666399452994,14619.083366574447,72630.91927906747
RCCD_k8_nc3_rf3_ra2,1e-6,2.9019999999999995e-4,18.301431037855604,27567.486213699987,73071.05634049345
RCCD_k9_nc3_rf3_ra2,1e-6,4.46647036580489e-4,7.281433067026096,33583.8041440431,55554.1673488422
RCCD_k10_nc3_rf3_ra2,1e-6,7.366515151515154e-4,3.329681849534833,32580.03454347013,42697.82752048954
SCCD_k3_nc3_rf3_ra2,1e-6,3.9899999999999994e-5,27.750471556899868,0.7175842639863887,0.33224194857942735
SCCD_k4_nc3_rf3_ra2,1e-6,7.06e-5,51.01985690707872,0.6549353085359434,0.32740537474648185
SCCD_k5_nc3_rf3_ra2,1e-6,1.2566666666666667e-4,93.48503166949033,0.5889738846384419,0.30890660430343125
SCCD_k6_nc3_rf3_ra2,1e-6,1.329642857142857e-4,102.7970532619698,0.6312295675935311,0.28744708671677155
SCCD_k7_nc3_rf3_ra2,1e-6,1.4041666666666665e-4,37.94459323194127,21365.62618506203,93640.33947186932
SCCD_k8_nc3_rf3_ra2,1e-6,1.479777777777778e-4,11.957072915991954,54062.80743520513,123066.1678529016
SCCD_k9_nc3_rf3_ra2,1e-6,1.5561818181818182e-4,3.730084277601078,96390.3776536179,166125.73931049928
SCCD_k10_nc3_rf3_ra2,1e-6,1.6331818181818185e-4,1.2253309347413797,146952.97712090914,205304.66071760945
FCCD_k3_nc5_rf3_ra2,1e-6,2.81e-5,18.06896166142477,0.8852798665982791,1.5847031614563505
FCCD_k4_nc5_rf3_ra2,1e-6,5.153333333333333e-5,30.1546432726473,1.0497709466130796,3.0064896705071615
FCCD_k5_nc5_rf3_ra2,1e-6,9.909523809523809e-5,52.73270859904417,1.224785823611148,4.713586565073119
FCCD_k6_nc5_rf3_ra2,1e-6,9.875e-5,55.505204351955385,1.5226186230929497,7.149717865891382
FCCD_k7_nc5_rf3_ra2,1e-6,9.847222222222222e-5,19.463531687058357,30467.232920139686,143284.99811295737
FCCD_k8_nc5_rf3_ra2,1e-6,9.824444444444444e-5,5.824686003076708,81431.58083349052,203625.0321781133
FCCD_k9_nc5_rf3_ra2,1e-6,9.805454545454544e-5,1.7227227752172165,152978.35325140768,277210.4386095302
FCCD_k10_nc5_rf3_ra2,1e-6,9.789393939393939e-5,0.5355244767557044,245165.7743855468,327476.86813053756
RCCD_k3_nc5_rf3_ra2,1e-6,3.8694112549695433e-5,28.269166652924937,0.5497885826196344,0.29671513384093173
RCCD_k4_nc5_rf3_ra2,1e-6,7.073333333333334e-5,52.78722282964792,0.48827649545292673,0.26127233853845006
RCCD_k5_nc5_rf3_ra2,1e-6,1.3305414690427847e-4,101.418058120214,0.4049672891428771,0.19642621067364108
RCCD_k6_nc5_rf3_ra2,1e-6,1.5875e-4,119.57690912182844,0.39066413644402675,0.20874384239934635
RCCD_k7_nc5_rf3_ra2,1e-6,2.052717732769881e-4,49.30085034956817,14615.104839947424,72348.95882902457
RCCD_k8_nc5_rf3_ra2,1e-6,2.9024444444444446e-4,18.34795396281585,27563.258113865213,66101.71768704406
RCCD_k9_nc5_rf3_ra2,1e-6,4.466834002168527e-4,7.290898721943587,33581.06761283667,57710.345375266836
RCCD_k10_nc5_rf3_ra2,1e-6,7.366818181818183e-4,3.3322085489877926,32578.6931603446,44812.259479946806
SCCD_k3_nc5_rf3_ra2,1e-6,4.01e-5,29.204847242094832,0.5398115467860376,0.27630755628635223
SCCD_k4_nc5_rf3_ra2,1e-6,7.073333333333334e-5,52.78722282964792,0.48827649545292673,0.2603135169345917
SCCD_k5_nc5_rf3_ra2,1e-6,1.2576190476190475e-4,95.78684982663914,0.4289867579912983,0.2397570402507746
SCCD_k6_nc5_rf3_ra2,1e-6,1.3303571428571428e-4,104.68959383950404,0.47568688500046513,0.2518261837439317
SCCD_k7_nc5_rf3_ra2,1e-6,1.4047222222222222e-4,38.48809582317095,21357.02414813004,101508.90587864813
SCCD_k8_nc5_rf3_ra2,1e-6,1.4802222222222225e-4,12.094218803450229,54046.42500137813,138654.43979454646
SCCD_k9_nc5_rf3_ra2,1e-6,1.5565454545454546e-4,3.7651280413276687,96367.71118709433,167652.66300032198
SCCD_k10_nc5_rf3_ra2,1e-6,1.6334848484848486e-4,1.234934389530887,146925.56910063783,195659.94414261932
FCCD_k3_nc7_rf3_ra2,1e-6,2.83e-5,18.39981206049981,0.8620513119011893,1.6162231399390954
FCCD_k4_nc7_rf3_ra2,1e-6,5.1666666666666664e-5,30.427648029204132,1.0380418608885227,2.9856715385873733
FCCD_k5_nc7_rf3_ra2,1e-6,9.919047619047619e-5,53.002298584835295,1.2178215660167657,4.861242954416874
FCCD_k6_nc7_rf3_ra2,1e-6,9.882142857142857e-5,55.68140094234142,1.5179756032925762,6.45478287474648
FCCD_k7_nc7_rf3_ra2,1e-6,9.852777777777777e-5,19.50539246492589,30450.051465485736,128463.6251009638
FCCD_k8_nc7_rf3_ra2,1e-6,9.828888888888889e-5,5.833687530428422,81394.75740675307,198175.23109021163
FCCD_k9_nc7_rf3_ra2,1e-6,9.809090909090908e-5,1.7247243147771592,152921.6410383569,251514.50400992957
FCCD_k10_nc7_rf3_ra2,1e-6,9.792424242424242e-5,0.5360091524274788,245089.90614152513,324271.3386614593
RCCD_k3_nc7_rf3_ra2,1e-6,3.889411254969543e-5,29.23200228856541,0.4735932813558562,0.2943507263092986
RCCD_k4_nc7_rf3_ra2,1e-6,7.086666666666666e-5,53.98468087898638,0.4168500923088619,0.26285667714314837
RCCD_k5_nc7_rf3_ra2,1e-6,1.3314938499951653e-4,102.98309444327022,0.34288342597766847,0.20080625094175428
RCCD_k6_nc7_rf3_ra2,1e-6,1.588214285714286e-4,120.67644579410928,0.35295218103924486,0.208547851418567
RCCD_k7_nc7_rf3_ra2,1e-6,2.0532732883254368e-4,49.53059731827855,14611.135221814937,76986.31306981931
RCCD_k8_nc7_rf3_ra2,1e-6,2.9028888888888886e-4,18.389900314928557,27559.03261690411,77370.2107018733
RCCD_k9_nc7_rf3_ra2,1e-6,4.467197638532163e-4,7.2997647438179625,33578.33185015199,57210.82117560517
RCCD_k10_nc7_rf3_ra2,1e-6,7.367121212121214e-4,3.3346211412048903,32577.351998302824,44402.53947401736
SCCD_k3_nc7_rf3_ra2,1e-6,4.03e-5,30.204219233857692,0.46362247213777713,0.27687329051277715
SCCD_k4_nc7_rf3_ra2,1e-6,7.086666666666666e-5,53.98468087898638,0.4168500923088619,0.2585268000483625
SCCD_k5_nc7_rf3_ra2,1e-6,1.2585714285714286e-4,97.33391475199778,0.36041887927711475,0.2295319756935594
SCCD_k6_nc7_rf3_ra2,1e-6,1.3310714285714285e-4,105.9551903902427,0.40902376717699057,0.2585690026210938
SCCD_k7_nc7_rf3_ra2,1e-6,1.4052777777777778e-4,38.85077954111877,21348.515862873006,113475.6603913417
SCCD_k8_nc7_rf3_ra2,1e-6,1.480666666666667e-4,12.185635915159542,54030.13800987806,138218.90931616526
SCCD_k9_nc7_rf3_ra2,1e-6,1.5569090909090907e-4,3.788473142148047,96345.13987289245,171208.80408630898
SCCD_k10_nc7_rf3_ra2,1e-6,1.633787878787879e-4,1.2413297748425134,146898.2549866994,193422.04384420018
FCCD_k3_nc10_rf3_ra2,1e-6,2.86e-5,18.813362535056232,0.8387821051534808,1.6238787857600068
FCCD_k4_nc10_rf3_ra2,1e-6,5.186666666666666e-5,30.78201072124025,1.0251233025366606,2.8683053178421405
FCCD_k5_nc10_rf3_ra2,1e-6,9.933333333333333e-5,53.361361879600395,1.2096767123350802,4.66497858820511
FCCD_k6_nc10_rf3_ra2,1e-6,9.892857142857142e-5,55.92033842385587,1.5123225638856395,6.5806160606390804
FCCD_k7_nc10_rf3_ra2,1e-6,9.861111111111111e-5,19.563049255815642,30424.31639949928,150777.38404752023
FCCD_k8_nc10_rf3_ra2,1e-6,9.835555555555556e-5,5.846243156422731,81339.58522866623,194325.14551925322
FCCD_k9_nc10_rf3_ra2,1e-6,9.814545454545454e-5,1.727545003659946,152836.6518488273,265851.0059103518
FCCD_k10_nc10_rf3_ra2,1e-6,9.796969696969696e-5,0.5366979801793519,244976.1920526801,327466.1216837525
RCCD_k3_nc10_rf3_ra2,1e-6,3.919411254969543e-5,30.28992926719632,0.41629164937032453,0.29771046821373565
RCCD_k4_nc10_rf3_ra2,1e-6,7.106666666666665e-5,55.28371608955746,0.3632798181079307,0.2613518246120282
RCCD_k5_nc10_rf3_ra2,1e-6,1.332922421423737e-4,104.69074811758257,0.2950846529777643,0.1959651698882858
RCCD_k6_nc10_rf3_ra2,1e-6,1.5892857142857147e-4,121.94158039130134,0.3202599586677423,0.2083488760876281
RCCD_k7_nc10_rf3_ra2,1e-6,2.0541066216587698e-4,49.81808556148688,14605.19195708296,62835.137757095035
RCCD_k8_nc10_rf3_ra2,1e-6,2.9035555555555556e-4,18.44600922704806,27552.69853451594,73351.4765714593
RCCD_k9_nc10_rf3_ra2,1e-6,4.4677430930776174e-4,7.312096214775362,33574.22952692858,64025.054527368266
RCCD_k10_nc10_rf3_ra2,1e-6,7.367575757575759e-4,3.33804787805623,32575.340642348576,45784.545343502745
SCCD_k3_nc10_rf3_ra2,1e-6,4.06e-5,31.30096415221434,0.4064803630717045,0.2767976973248598
SCCD_k4_nc10_rf3_ra2,1e-6,7.106666666666665e-5,55.28371608955746,0.3632798181079307,0.26052401415996307
SCCD_k5_nc10_rf3_ra2,1e-6,1.26e-4,99.00117335031872,0.3089921954992684,0.24178034909023968
SCCD_k6_nc10_rf3_ra2,1e-6,1.3321428571428572e-4,107.31349677167283,0.35902565374017137,0.2564278301188252
SCCD_k7_nc10_rf3_ra2,1e-6,1.406111111111111e-4,39.239543114821224,21335.814910736553,90886.45431485913
SCCD_k8_nc10_rf3_ra2,1e-6,1.4813333333333335e-4,12.283585413147836,54005.7739952228,126324.6577622759
SCCD_k9_nc10_rf3_ra2,1e-6,1.5574545454545455e-4,3.8134850006625505,96311.35021479888,173740.0082650931
SCCD_k10_nc10_rf3_ra2,1e-6,1.6342424242424245e-4,1.2481823944672819,146857.34991415302,195202.9962324057
FCCD_k3_nc1_rf1_ra3,1e-6,1.35e-5,10.116531678250706,1.1793734465832462,1.3181195011303677
FCCD_k4_nc1_rf1_ra3,1e-6,2.0866666666666665e-5,15.605635541193935,1.1756592144712321,2.1795528286653414
FCCD_k5_nc1_rf1_ra3,1e-6,3.633333333333333e-5,25.60078310766244,1.1814636054250807,3.119609519330174
FCCD_k6_nc1_rf1_ra3,1e-6,3.589285714285715e-5,26.05623671494601,1.5133936906512697,4.798017744878901
FCCD_k7_nc1_rf1_ra3,1e-6,3.552777777777778e-5,8.928903776192925,84442.7120479033,392359.0990554565
FCCD_k8_nc1_rf1_ra3,1e-6,3.522222222222222e-5,2.621080776224731,227131.26061071982,549576.90315879
FCCD_k9_nc1_rf1_ra3,1e-6,3.496363636363636e-5,0.7623937027012918,429019.20643441146,779244.3770963066
FCCD_k10_nc1_rf1_ra3,1e-6,3.474242424242424e-5,0.23352812869238132,690800.1894336436,942200.7391196858
RCCD_k3_nc1_rf1_ra3,1e-6,2.9391168824543135e-5,16.32989676359326,1.8852891606683082,0.9662622945480015
RCCD_k4_nc1_rf1_ra3,1e-6,4.966666666666666e-5,28.331013037401814,1.762420939124124,0.9577030546101075
RCCD_k5_nc1_rf1_ra3,1e-6,8.727169654689388e-5,51.3360277523819,1.3634528758776916,0.7670845975477307
RCCD_k6_nc1_rf1_ra3,1e-6,1.258928571428572e-4,61.28492104903293,1.0366507753502574,0.5442362211977726
RCCD_k7_nc1_rf1_ra3,1e-6,1.9572710435992663e-4,27.540200546482037,15328.290508267233,66846.19409684287
RCCD_k8_nc1_rf1_ra3,1e-6,3.232222222222222e-4,11.524757695408653,24751.483950918846,62880.118379833555
RCCD_k9_nc1_rf1_ra3,1e-6,5.579069185070973e-4,5.233604119040679,26886.795292670893,45764.622792110844
RCCD_k10_nc1_rf1_ra3,1e-6,9.929242424242426e-4,2.73601167568811,24171.459156258934,33570.21976542295
SCCD_k3_nc1_rf1_ra3,1e-6,3.15e-5,17.025888141283332,1.8735175885819095,0.9959160468609642
SCCD_k4_nc1_rf1_ra3,1e-6,4.966666666666666e-5,28.331013037401814,1.762420939124124,0.9906525185041384
SCCD_k5_nc1_rf1_ra3,1e-6,7.633333333333334e-5,47.49308898788346,1.6229267669008547,0.9836016453586476
SCCD_k6_nc1_rf1_ra3,1e-6,8.732142857142856e-5,51.18206454640622,1.7491307736270891,0.8590607572287584
SCCD_k7_nc1_rf1_ra3,1e-6,9.852777777777778e-5,19.680848438778852,30450.041425388867,148919.7014483845
SCCD_k8_nc1_rf1_ra3,1e-6,1.0988888888888892e-4,6.58507520210786,72802.56396669423,173966.02970005648
SCCD_k9_nc1_rf1_ra3,1e-6,1.2136363636363636e-4,2.2039692178317685,123597.18429570619,234899.59368648074
SCCD_k10_nc1_rf1_ra3,1e-6,1.3292424242424247e-4,0.7805741960716719,180555.51578666174,233298.6695241774
FCCD_k3_nc3_rf1_ra3,1e-6,1.37e-5,10.361466832377626,1.13183679026065,1.3077824437248773
FCCD_k4_nc3_rf1_ra3,1e-6,2.1e-5,15.751622074384072,1.1620297254202383,2.1885719896821834
FCCD_k5_nc3_rf1_ra3,1e-6,3.642857142857143e-5,25.720054516036512,1.1754468347960438,3.268456653621842
FCCD_k6_nc3_rf1_ra3,1e-6,3.5964285714285716e-5,26.127289548578823,1.5098425489774312,4.624083939209307
FCCD_k7_nc3_rf1_ra3,1e-6,3.5583333333333335e-5,8.945563280343576,84310.8736990586,348639.9811129517
FCCD_k8_nc3_rf1_ra3,1e-6,3.5266666666666666e-5,2.6247446526704445,226845.0216494502,559298.7701590485
FCCD_k9_nc3_rf1_ra3,1e-6,3.5e-5,0.7632434386968675,428573.47318580875,725117.4250271273
FCCD_k10_nc3_rf1_ra3,1e-6,3.477272727272727e-5,0.23374465508049047,690198.1857245081,918209.3387563374
RCCD_k3_nc3_rf1_ra3,1e-6,2.9591168824543136e-5,18.202606383098647,1.0013541261599435,0.5291588943663957
RCCD_k4_nc3_rf1_ra3,1e-6,4.98e-5,30.483792228658785,0.9291566592994164,0.4893452047050286
RCCD_k5_nc3_rf1_ra3,1e-6,8.736693464213196e-5,53.744287742353706,0.7753081357991587,0.39436590747792455
RCCD_k6_nc3_rf1_ra3,1e-6,1.2596428571428576e-4,62.654867980625255,0.8159752467641507,0.5392099892487799
RCCD_k7_nc3_rf1_ra3,1e-6,1.957826599154822e-4,27.818334855503576,15323.870661475972,66498.4654089423
RCCD_k8_nc3_rf1_ra3,1e-6,3.2326666666666665e-4,11.58326313061669,24748.054205471366,59613.19418600117
RCCD_k9_nc3_rf1_ra3,1e-6,5.579432821434609e-4,5.248840407858337,26885.030063344057,44787.38540261964
RCCD_k10_nc3_rf1_ra3,1e-6,9.929545454545458e-4,2.741115578743287,24170.713929291105,34547.41811276839
SCCD_k3_nc3_rf1_ra3,1e-6,3.17e-5,19.002935480433436,0.9846786041706068,0.5220586364484812
SCCD_k4_nc3_rf1_ra3,1e-6,4.98e-5,30.483792228658785,0.9291566592994164,0.4893390314770648
SCCD_k5_nc3_rf1_ra3,1e-6,7.642857142857145e-5,50.043677410948234,0.8230245131737461,0.40363567110826815
SCCD_k6_nc3_rf1_ra3,1e-6,8.739285714285713e-5,53.2300400224419,0.9714586679215963,0.5569367738435169
SCCD_k7_nc3_rf1_ra3,1e-6,9.858333333333334e-5,20.291618149411406,30432.12084941248,131535.99804029785
SCCD_k8_nc3_rf1_ra3,1e-6,1.0993333333333334e-4,6.74829188592447,72772.38178195489,169455.05767897287
SCCD_k9_nc3_rf1_ra3,1e-6,1.214e-4,2.2486156576657685,123559.42242378973,212770.15576331655
SCCD_k10_nc3_rf1_ra3,1e-6,1.3295454545454548e-4,0.793740714216836,180513.63069448387,244533.9781857378
FCCD_k3_nc5_rf1_ra3,1e-6,1.3899999999999999e-5,10.563283413976793,1.1009796232655304,1.3050358883527524
FCCD_k4_nc5_rf1_ra3,1e-6,2.1133333333333333e-5,15.88081945547818,1.151543767258278,2.1783232965706225
FCCD_k5_nc5_rf1_ra3,1e-6,3.652380952380953e-5,25.829195869246394,1.1704539289128957,2.941891944771364
FCCD_k6_nc5_rf1_ra3,1e-6,3.6035714285714286e-5,26.19348001829526,1.5067771570746267,4.608326781242107
FCCD_k7_nc5_rf1_ra3,1e-6,3.5638888888888886e-5,8.961338885363693,84179.44665591141,388009.0583601339
FCCD_k8_nc5_rf1_ra3,1e-6,3.531111111111111e-5,2.628258377831699,226559.5033379327,569385.3105689428
FCCD_k9_nc5_rf1_ra3,1e-6,3.503636363636364e-5,0.7640661769817638,428128.66516801645,752508.568371964
FCCD_k10_nc5_rf1_ra3,1e-6,3.48030303030303e-5,0.2339557983221153,689597.2306162888,937373.6440994891
RCCD_k3_nc5_rf1_ra3,1e-6,2.9791168824543138e-5,19.151605242740523,0.8217968365069591,0.5327640930304413
RCCD_k4_nc5_rf1_ra3,1e-6,4.9933333333333325e-5,31.53978090919739,0.762495534651013,0.48706501472542213
RCCD_k5_nc5_rf1_ra3,1e-6,8.746217273737006e-5,54.99024198126865,0.6365196332239511,0.392013169574701
RCCD_k6_nc5_rf1_ra3,1e-6,1.2603571428571433e-4,63.50979947308519,0.7346706465367359,0.5450069190512934
RCCD_k7_nc5_rf1_ra3,1e-6,1.9583821547103776e-4,28.024238888155043,15319.486068862336,77651.3851419552
RCCD_k8_nc5_rf1_ra3,1e-6,3.233111111111111e-4,11.631195291678285,24744.634462268412,58528.77807125092
RCCD_k9_nc5_rf1_ra3,1e-6,5.579796457798245e-4,5.262032713851266,26883.26837667609,50192.68862077913
RCCD_k10_nc5_rf1_ra3,1e-6,9.929848484848487e-4,2.7456741978852954,24169.97031084653,33098.4363078339
SCCD_k3_nc5_rf1_ra3,1e-6,3.1899999999999996e-5,19.998864184542008,0.8069048449575552,0.519084462506082
SCCD_k4_nc5_rf1_ra3,1e-6,4.9933333333333325e-5,31.53978090919739,0.762495534651013,0.48985572486850776
SCCD_k5_nc5_rf1_ra3,1e-6,7.652380952380953e-5,51.27588802807811,0.6630323457324648,0.40257344543662676
SCCD_k6_nc5_rf1_ra3,1e-6,8.74642857142857e-5,54.21004307776542,0.8159115752509837,0.5599073269673025
SCCD_k7_nc5_rf1_ra3,1e-6,9.86388888888889e-5,20.582558343677526,30414.829020369118,157803.55497384066
SCCD_k8_nc5_rf1_ra3,1e-6,1.0997777777777779e-4,6.825820764010942,72742.8232744812,198994.5913219998
SCCD_k9_nc5_rf1_ra3,1e-6,1.2143636363636364e-4,2.269782144024442,123522.27518226075,209219.48532741307
SCCD_k10_nc5_rf1_ra3,1e-6,1.329848484848485e-4,0.7999739856437957,180472.3508907714,242257.26751411086
FCCD_k3_nc7_rf1_ra3,1e-6,1.4099999999999999e-5,10.735417112523509,1.0793335292988424,1.292650480002642
FCCD_k4_nc7_rf1_ra3,1e-6,2.1266666666666664e-5,15.996792307791727,1.1432262431824944,2.1881981215808133
FCCD_k5_nc7_rf1_ra3,1e-6,3.661904761904762e-5,25.929827469151583,1.1662440357443444,3.386084624979552
FCCD_k6_nc7_rf1_ra3,1e-6,3.6107142857142855e-5,26.255441266086997,1.504104228499462,4.508849612101644
FCCD_k7_nc7_rf1_ra3,1e-6,3.5694444444444444e-5,8.976327376487118,84048.42893114148,389409.1175374131
FCCD_k8_nc7_rf1_ra3,1e-6,3.5355555555555555e-5,2.63163611353654,226274.70309048504,615676.6940672961
FCCD_k9_nc7_rf1_ra3,1e-6,3.507272727272727e-5,0.7648641519222465,427684.77965584147,750223.8184417813
FCCD_k10_nc7_rf1_ra3,1e-6,3.483333333333334e-5,0.23416195519481475,688997.3211305126,949813.7468309144
RCCD_k3_nc7_rf1_ra3,1e-6,2.9991168824543136e-5,19.804749433794026,0.7445562739207892,0.5263428348668595
RCCD_k4_nc7_rf1_ra3,1e-6,5.0066666666666666e-5,32.25525210261041,0.6910684928674151,0.48467843559846496
RCCD_k5_nc7_rf1_ra3,1e-6,8.755741083260816e-5,55.84401878545753,0.5744581545714748,0.39402825506441275
RCCD_k6_nc7_rf1_ra3,1e-6,1.261071428571429e-4,64.13532753969267,0.6923915965171077,0.5357560570182478
RCCD_k7_nc7_rf1_ra3,1e-6,1.9589377102659328e-4,28.188116058532493,15315.118171922317,72762.30212315496
RCCD_k8_nc7_rf1_ra3,1e-6,3.2335555555555555e-4,11.671837282515785,24741.2207942603,58587.48273132439
RCCD_k9_nc7_rf1_ra3,1e-6,5.580160094161881e-4,5.273671356538706,26881.509103443197,47703.26498135467
RCCD_k10_nc7_rf1_ra3,1e-6,9.930151515151516e-4,2.74979413402366,24169.227862244054,31445.21569753328
SCCD_k3_nc7_rf1_ra3,1e-6,3.21e-5,20.683214475173543,0.730715477476383,0.5160983257255386
SCCD_k4_nc7_rf1_ra3,1e-6,5.0066666666666666e-5,32.25525210261041,0.6910684928674151,0.4893863739663491
SCCD_k5_nc7_rf1_ra3,1e-6,7.661904761904763e-5,52.1040594912171,0.5944630777719115,0.4027365061104596
SCCD_k6_nc7_rf1_ra3,1e-6,8.753571428571428e-5,54.865396386549754,0.7492472418471033,0.5625811011181007
SCCD_k7_nc7_rf1_ra3,1e-6,9.869444444444445e-5,20.77680520387363,30397.64355251341,131537.71156549
SCCD_k8_nc7_rf1_ra3,1e-6,1.1002222222222223e-4,6.87754272580196,72713.37423227802,177464.69798476595
SCCD_k9_nc7_rf1_ra3,1e-6,1.2147272727272726e-4,2.283896663906293,123485.23474577248,219951.62577790406
SCCD_k10_nc7_rf1_ra3,1e-6,1.3301515151515153e-4,0.8041292369669877,180431.17363634528,243871.79813645483
FCCD_k3_nc10_rf1_ra3,1e-6,1.44e-5,10.95450676854695,1.0567634930831078,1.2981486832531628
FCCD_k4_nc10_rf1_ra3,1e-6,2.1466666666666666e-5,16.151298581140004,1.1335419561903912,2.108000140458619
FCCD_k5_nc10_rf1_ra3,1e-6,3.6761904761904756e-5,26.06749718140384,1.1610368236399358,3.1247841133109695
FCCD_k6_nc10_rf1_ra3,1e-6,3.6214285714285716e-5,26.341557941151475,1.5006802747594952,4.632846003666974
FCCD_k7_nc10_rf1_ra3,1e-6,3.577777777777778e-5,8.997509461755758,83852.6656046935,401600.8727677649
FCCD_k8_nc10_rf1_ra3,1e-6,3.5422222222222226e-5,2.636474064517085,225848.84281001092,578621.5153821538
FCCD_k9_nc10_rf1_ra3,1e-6,3.512727272727272e-5,0.7660189214556474,427020.6746910075,737022.8470277167
FCCD_k10_nc10_rf1_ra3,1e-6,3.4878787878787874e-5,0.2344626055889065,688099.4113739716,931689.7686411011
RCCD_k3_nc10_rf1_ra3,1e-6,3.0291168824543136e-5,20.522158683073712,0.6865121492702463,0.5336715390356248
RCCD_k4_nc10_rf1_ra3,1e-6,5.0266666666666664e-5,33.03141390458463,0.6374978767659032,0.49241787125893394
RCCD_k5_nc10_rf1_ra3,1e-6,8.770026797546531e-5,56.77407555016537,0.5268413579527504,0.39144163462484816
RCCD_k6_nc10_rf1_ra3,1e-6,1.2621428571428573e-4,64.8435070454225,0.6569514573190529,0.5353936673251879
RCCD_k7_nc10_rf1_ra3,1e-6,1.9597710435992664e-4,28.384906779192338,15308.583896978387,80180.32503765714
RCCD_k8_nc10_rf1_ra3,1e-6,3.234222222222222e-4,11.723207146249504,24736.1076819695,63354.812158885325
RCCD_k9_nc10_rf1_ra3,1e-6,5.580705548707336e-4,5.2889156628719425,26878.873327695153,46888.99610307495
RCCD_k10_nc10_rf1_ra3,1e-6,9.930606060606063e-4,2.755316828903147,24168.1157768907,32535.241381007676
SCCD_k3_nc10_rf1_ra3,1e-6,3.2399999999999995e-5,21.434243519095475,0.6735732048075732,0.5255045768097708
SCCD_k4_nc10_rf1_ra3,1e-6,5.0266666666666664e-5,33.03141390458463,0.6374978767659032,0.4894395275804059
SCCD_k5_nc10_rf1_ra3,1e-6,7.676190476190477e-5,52.99657030434249,0.5430356552249646,0.40049355322589686
SCCD_k6_nc10_rf1_ra3,1e-6,8.764285714285714e-5,55.56875508508842,0.6992484817902679,0.5600074135226496
SCCD_k7_nc10_rf1_ra3,1e-6,9.877777777777778e-5,20.985150493050806,30371.95044080059,154301.9848394987
SCCD_k8_nc10_rf1_ra3,1e-6,1.100888888888889e-4,6.933017256561485,72669.29337111561,170013.1352632264
SCCD_k9_nc10_rf1_ra3,1e-6,1.2152727272727272e-4,2.2990370888512976,123429.76320927762,217933.45209484082
SCCD_k10_nc10_rf1_ra3,1e-6,1.3306060606060608e-4,0.808587026123545,180369.48999051732,241861.59417251567
FCCD_k3_nc1_rf2_ra3,1e-6,2.1499999999999997e-5,15.266562623981613,0.8603909475401583,1.1690196068297152
FCCD_k4_nc1_rf2_ra3,1e-6,3.6866666666666664e-5,24.94396382235316,0.8953372924880083,1.990064005620462
FCCD_k5_nc1_rf2_ra3,1e-6,6.833333333333333e-5,42.56837120432702,0.9594066926072409,3.196119735622483
FCCD_k6_nc1_rf2_ra3,1e-6,6.789285714285713e-5,44.13397426557615,1.202561856563158,4.299971653967298
FCCD_k7_nc1_rf2_ra3,1e-6,6.752777777777776e-5,15.293334764558914,44427.55916706797,222972.33857417316
FCCD_k8_nc1_rf2_ra3,1e-6,6.722222222222222e-5,4.529257191812938,119009.83324281483,269444.5934962037
FCCD_k9_nc1_rf2_ra3,1e-6,6.696363636363636e-5,1.3273168325491225,224003.88455661378,418271.6622176532
FCCD_k10_nc1_rf2_ra3,1e-6,6.674242424242425e-5,0.40924831144938756,359593.19998404506,498311.38242244686
RCCD_k3_nc1_rf2_ra3,1e-6,3.739116882454314e-5,22.511888750323337,1.645653828804823,0.9563581765383496
RCCD_k4_nc1_rf2_ra3,1e-6,6.566666666666667e-5,41.81998278172876,1.544539623630501,0.9832960456944531
RCCD_k5_nc1_rf2_ra3,1e-6,1.1927169654689387e-4,80.14067382380613,1.1237421240080667,0.7479251403353409
RCCD_k6_nc1_rf2_ra3,1e-6,1.5789285714285715e-4,97.34028232398543,0.6781144186690172,0.3012618822035023
RCCD_k7_nc1_rf2_ra3,1e-6,2.2772710435992665e-4,42.33822964648073,13174.139355561283,60914.73093326559
RCCD_k8_nc1_rf2_ra3,1e-6,3.552222222222222e-4,16.830127874563633,22521.50447254451,57881.566995369336
RCCD_k9_nc1_rf2_ra3,1e-6,5.899069185070973e-4,7.209533458971044,25428.0609916474,45000.77225349718
RCCD_k10_nc1_rf2_ra3,1e-6,0.0010249242424242428,3.556718137509428,23416.600610338926,31719.135376654405
SCCD_k3_nc1_rf2_ra3,1e-6,3.95e-5,23.335724002912897,1.655838513096697,0.9955136523000616
SCCD_k4_nc1_rf2_ra3,1e-6,6.566666666666667e-5,41.81998278172876,1.544539623630501,0.9878319509813349
SCCD_k5_nc1_rf2_ra3,1e-6,1.0833333333333333e-4,74.4076516817292,1.4380793981625826,0.9740026405930443
SCCD_k6_nc1_rf2_ra3,1e-6,1.1932142857142857e-4,81.70657796829106,1.4856935064102017,0.8916002107396223
SCCD_k7_nc1_rf2_ra3,1e-6,1.3052777777777778e-4,30.861773507832282,22985.10182463434,113417.25966414766
SCCD_k8_nc1_rf2_ra3,1e-6,1.418888888888889e-4,10.030208998619482,56383.616455584495,150216.50247759823
SCCD_k9_nc1_rf2_ra3,1e-6,1.5336363636363638e-4,3.242212769954755,97808.18480924188,172194.68034475105
SCCD_k10_nc1_rf2_ra3,1e-6,1.6492424242424246e-4,1.1062869544492064,145522.71528759095,195562.90615114
FCCD_k3_nc3_rf2_ra3,1e-6,2.17e-5,15.606772144471712,0.8238615187230617,1.1783234386042034
FCCD_k4_nc3_rf2_ra3,1e-6,3.7e-5,25.168584260263394,0.8833698148933723,2.049534443297929
FCCD_k5_nc3_rf2_ra3,1e-6,6.842857142857143e-5,42.76343974866898,0.9537306047624672,3.2837298302580455
FCCD_k6_nc3_rf2_ra3,1e-6,6.79642857142857e-5,44.25263282778694,1.1991880195312326,4.703714070521629
FCCD_k7_nc3_rf2_ra3,1e-6,6.758333333333333e-5,15.320598630475798,44391.03729348444,175507.04992737342
FCCD_k8_nc3_rf2_ra3,1e-6,6.726666666666666e-5,4.53504681355244,118931.20054216118,302263.8812251928
FCCD_k9_nc3_rf2_ra3,1e-6,6.7e-5,1.328605497109205,223882.30827017242,387526.27444822434
FCCD_k10_nc3_rf2_ra3,1e-6,6.677272727272726e-5,0.40956331191101875,359430.00805928925,476506.97669114365
RCCD_k3_nc3_rf2_ra3,1e-6,3.7591168824543144e-5,25.077644349791267,0.7774669032693937,0.32835576688790613
RCCD_k4_nc3_rf2_ra3,1e-6,6.58e-5,44.997703714241645,0.7112975593501079,0.32431152364460997
RCCD_k5_nc3_rf2_ra3,1e-6,1.1936693464213195e-4,83.73216102410557,0.5860005866197769,0.2845942041933813
RCCD_k6_nc3_rf2_ra3,1e-6,1.5796428571428575e-4,99.13235045944008,0.5277814746901187,0.2944315922527818
RCCD_k7_nc3_rf2_ra3,1e-6,2.277826599154822e-4,42.640409947950396,13170.890871984799,58514.37181052566
RCCD_k8_nc3_rf2_ra3,1e-6,3.552666666666666e-4,16.88410728388996,22518.676288263345,57668.469176086815
RCCD_k9_nc3_rf2_ra3,1e-6,5.899432821434609e-4,7.2218400782188015,25426.489212883396,44364.40742601813
RCCD_k10_nc3_rf2_ra3,1e-6,0.0010249545454545457,3.5604260280689464,23415.905949733286,31471.941347220636
SCCD_k3_nc3_rf2_ra3,1e-6,3.97e-5,26.045451296640923,0.7670121695350955,0.33270052577280285
SCCD_k4_nc3_rf2_ra3,1e-6,6.58e-5,44.997703714241645,0.7112975593501079,0.32849430089382065
SCCD_k5_nc3_rf2_ra3,1e-6,1.0842857142857143e-4,78.40357524194438,0.6382180911851045,0.31688874467657024
SCCD_k6_nc3_rf2_ra3,1e-6,1.1939285714285714e-4,84.97587163782977,0.7080601041154593,0.3137071043068699
SCCD_k7_nc3_rf2_ra3,1e-6,1.3058333333333333e-4,31.819140863727032,22974.56189255724,115318.51571560251
SCCD_k8_nc3_rf2_ra3,1e-6,1.4193333333333336e-4,10.278644147069876,56365.211332562314,133320.3526816661
SCCD_k9_nc3_rf2_ra3,1e-6,1.534e-4,3.307833397584675,97784.25904273374,169914.2357518593
SCCD_k10_nc3_rf2_ra3,1e-6,1.649545454545455e-4,1.124929018197233,145495.24909501467,195470.36181877417
FCCD_k3_nc5_rf2_ra3,1e-6,2.1899999999999997e-5,15.891013048446624,0.799396819638908,1.1825463668921021
FCCD_k4_nc5_rf2_ra3,1e-6,3.713333333333333e-5,25.3682252652983,0.874077293257014,2.055916632681359
FCCD_k5_nc5_rf2_ra3,1e-6,6.852380952380951e-5,42.94218881090214,0.9490066108952973,3.2402776156953768
FCCD_k6_nc5_rf2_ra3,1e-6,6.803571428571428e-5,44.36327738192542,1.19626986696206,4.278609231390732
FCCD_k7_nc5_rf2_ra3,1e-6,6.763888888888888e-5,15.346383424681841,44354.57565199666,191348.22585510527
FCCD_k8_nc5_rf2_ra3,1e-6,6.731111111111111e-5,4.540582141578382,118852.67179950162,311317.9043320124
FCCD_k9_nc5_rf2_ra3,1e-6,6.703636363636363e-5,1.3298479756780255,223760.8640036796,401678.8602484356
FCCD_k10_nc5_rf2_ra3,1e-6,6.68030303030303e-5,0.4098690218344851,359266.96420867497,487650.8742075268
RCCD_k3_nc5_rf2_ra3,1e-6,3.779116882454314e-5,26.38166475834494,0.5997573927444102,0.3063823188737351
RCCD_k4_nc5_rf2_ra3,1e-6,6.593333333333333e-5,46.556460261724375,0.5446382137410953,0.27355933094407225
RCCD_k5_nc5_rf2_ra3,1e-6,1.1946217273737006e-4,85.63172352177061,0.4522924003624231,0.21546995070696828
RCCD_k6_nc5_rf2_ra3,1e-6,1.580357142857143e-4,100.3307606025411,0.46335088656707224,0.2872628551707938
RCCD_k7_nc5_rf2_ra3,1e-6,2.2783821547103778e-4,42.882640450773025,13167.656998124517,63557.382880440164
RCCD_k8_nc5_rf2_ra3,1e-6,3.553111111111111e-4,16.931509604151564,22515.85133960815,55805.78025412325
RCCD_k9_nc5_rf2_ra3,1e-6,5.899796457798245e-4,7.233128908455532,25424.918349437245,43116.14834772524
RCCD_k10_nc5_rf2_ra3,1e-6,0.0010249848484848486,3.5639035063360645,23415.211620501534,31610.357571579276
SCCD_k3_nc5_rf2_ra3,1e-6,3.9899999999999994e-5,27.410468624527255,0.5892394276059871,0.3040730290551813
SCCD_k4_nc5_rf2_ra3,1e-6,6.593333333333333e-5,46.556460261724375,0.5446382137410953,0.27413867600677155
SCCD_k5_nc5_rf2_ra3,1e-6,1.0852380952380951e-4,80.33406355444953,0.4782292001781986,0.21889964374503942
SCCD_k6_nc5_rf2_ra3,1e-6,1.194642857142857e-4,86.54032268492286,0.552516108586071,0.30010121843084636
SCCD_k7_nc5_rf2_ra3,1e-6,1.3063888888888888e-4,32.2749864662043,22964.639660164827,117780.67602414433
SCCD_k8_nc5_rf2_ra3,1e-6,1.4197777777777778e-4,10.396562544340581,56347.4171192923,140460.77608905287
SCCD_k9_nc5_rf2_ra3,1e-6,1.5343636363636363e-4,3.338913253443609,97760.93670240152,163050.77404803387
SCCD_k10_nc5_rf2_ra3,1e-6,1.6498484848484848e-4,1.1337448164528001,145468.3792062661,196474.5442484107
FCCD_k3_nc7_rf2_ra3,1e-6,2.2100000000000002e-5,16.135755208569883,0.7818669764706035,1.166185151339187
FCCD_k4_nc7_rf2_ra3,1e-6,3.726666666666667e-5,25.548033597299717,0.8666530286083178,2.0142535581668137
FCCD_k5_nc7_rf2_ra3,1e-6,6.861904761904762e-5,43.10719269752851,0.9450136939341135,3.1104702690661767
FCCD_k6_nc7_rf2_ra3,1e-6,6.810714285714285e-5,44.46693869467023,1.1937209188112623,4.594652273791909
FCCD_k7_nc7_rf2_ra3,1e-6,6.769444444444444e-5,15.37084946721062,44318.174078117736,196059.11658555068
FCCD_k8_nc7_rf2_ra3,1e-6,6.735555555555555e-5,4.5458869689220665,118774.24681927408,294012.3511359706
FCCD_k9_nc7_rf2_ra3,1e-6,6.707272727272727e-5,1.331048067501281,223639.55144648743,402852.6177738476
FCCD_k10_nc7_rf2_ra3,1e-6,6.683333333333332e-5,0.41016612269211233,359104.0684327654,498768.592464232
RCCD_k3_nc7_rf2_ra3,1e-6,3.799116882454314e-5,27.279863478949295,0.523170191067386,0.3064323720775361
RCCD_k4_nc7_rf2_ra3,1e-6,6.606666666666666e-5,47.612576946895906,0.473211663754714,0.2746381210896895
RCCD_k5_nc7_rf2_ra3,1e-6,1.1955741083260815e-4,86.94221406669188,0.3916115432029885,0.21320630102188662
RCCD_k6_nc7_rf2_ra3,1e-6,1.5810714285714289e-4,101.23531397088188,0.4275555491685203,0.2878662586762941
RCCD_k7_nc7_rf2_ra3,1e-6,2.2789377102659333e-4,43.085059550972574,13164.431654702368,59113.501283296966
RCCD_k8_nc7_rf2_ra3,1e-6,3.553555555555555e-4,16.97378721555401,22513.028825911384,58900.22636108097
RCCD_k9_nc7_rf2_ra3,1e-6,5.900160094161881e-4,7.243558244450451,25423.34823870476,45453.00267982908
RCCD_k10_nc7_rf2_ra3,1e-6,0.0010250151515151518,3.5671780009205216,23414.51757143724,33392.699342104446
SCCD_k3_nc7_rf2_ra3,1e-6,4.01e-5,28.348438149838106,0.5130503455501259,0.30190730826412077
SCCD_k4_nc7_rf2_ra3,1e-6,6.606666666666666e-5,47.612576946895906,0.473211663754714,0.27501472207658056
SCCD_k5_nc7_rf2_ra3,1e-6,1.0861904761904762e-4,81.63155328412137,0.409660835366909,0.21857976717603383
SCCD_k6_nc7_rf2_ra3,1e-6,1.1953571428571429e-4,87.58651484161365,0.4858526290087011,0.300725183372635
SCCD_k7_nc7_rf2_ra3,1e-6,1.3069444444444446e-4,32.57920375127221,22954.812797251547,104855.53441707396
SCCD_k8_nc7_rf2_ra3,1e-6,1.4202222222222224e-4,10.475171394531145,56329.71965115778,134851.75434714297
SCCD_k9_nc7_rf2_ra3,1e-6,1.5347272727272727e-4,3.3596187772605774,97737.70997699618,166976.42613811
SCCD_k10_nc7_rf2_ra3,1e-6,1.6501515151515152e-4,1.1396154047006875,145441.60294016972,190216.95517018685
FCCD_k3_nc10_rf2_ra3,1e-6,2.24e-5,16.449813888594168,0.763255726486297,1.16640510211226
FCCD_k4_nc10_rf2_ra3,1e-6,3.7466666666666665e-5,25.788365777337116,0.8579486258209019,1.9028940992716903
FCCD_k5_nc10_rf2_ra3,1e-6,6.876190476190476e-5,43.333198326766976,0.9400624540969171,3.194475026189001
FCCD_k6_nc10_rf2_ra3,1e-6,6.821428571428571e-5,44.61114050643199,1.190449765184103,4.640345127208689
FCCD_k7_nc10_rf2_ra3,1e-6,6.777777777777777e-5,15.405366686954475,44263.683923085926,227651.61811508948
FCCD_k8_nc10_rf2_ra3,1e-6,6.742222222222221e-5,4.5534563264855406,118656.80342896644,277799.15259810747
FCCD_k9_nc10_rf2_ra3,1e-6,6.712727272727273e-5,1.3327759458998876,223457.82922163268,401182.7478361917
FCCD_k10_nc10_rf2_ra3,1e-6,6.687878787878788e-5,0.41059694698259697,358860.00150182657,493575.0419164309
RCCD_k3_nc10_rf2_ra3,1e-6,3.829116882454314e-5,28.266868875224464,0.46556090675876205,0.30772339519575875
RCCD_k4_nc10_rf2_ra3,1e-6,6.626666666666666e-5,48.75828087648374,0.4196413112472855,0.2745635996836762
RCCD_k5_nc10_rf2_ra3,1e-6,1.197002679754653e-4,88.37529944968361,0.34467376639298614,0.21630097259327302
RCCD_k6_nc10_rf2_ra3,1e-6,1.5821428571428575e-4,102.28078574093901,0.39623429706015945,0.2910035532732656
RCCD_k7_nc10_rf2_ra3,1e-6,2.2797710435992665e-4,43.33776537734277,13159.603875433775,58627.91128445424
RCCD_k8_nc10_rf2_ra3,1e-6,3.554222222222222e-4,17.029742439073733,22508.79859001072,52943.36443011649
RCCD_k9_nc10_rf2_ra3,1e-6,5.900705548707336e-4,7.2578547599626155,25420.99423461733,43560.42486318563
RCCD_k10_nc10_rf2_ra3,1e-6,0.0010250606060606062,3.571757994838455,23413.47694015279,31984.380461963912
SCCD_k3_nc10_rf2_ra3,1e-6,4.04e-5,29.377797908264967,0.4559082315605307,0.3040072166842295
SCCD_k4_nc10_rf2_ra3,1e-6,6.626666666666666e-5,48.75828087648374,0.4196413112472855,0.2746491646005116
SCCD_k5_nc10_rf2_ra3,1e-6,1.0876190476190476e-4,83.02984547570853,0.3582338932916731,0.21718346278532277
SCCD_k6_nc10_rf2_ra3,1e-6,1.1964285714285713e-4,88.70934376713038,0.435854323301125,0.2968180135494073
SCCD_k7_nc10_rf2_ra3,1e-6,1.3077777777777776e-4,32.905332993025745,22940.13703282685,127002.03565208113
SCCD_k8_nc10_rf2_ra3,1e-6,1.4208888888888889e-4,10.559408014027607,56303.24233599281,139389.91320708152
SCCD_k9_nc10_rf2_ra3,1e-6,1.5352727272727271e-4,3.3818039738266177,97702.93809520511,158982.7399109371
SCCD_k10_nc10_rf2_ra3,1e-6,1.6506060606060607e-4,1.1459053711429827,145401.50406666638,197439.22537676484
FCCD_k3_nc1_rf3_ra3,1e-6,2.95e-5,19.69648484322653,0.7433458134079362,1.1103226905272867
FCCD_k4_nc1_rf3_ra3,1e-6,5.2866666666666666e-5,33.09836796997013,0.7962016139679624,1.935619585126028
FCCD_k5_nc1_rf3_ra3,1e-6,1.0033333333333332e-4,57.57692584553444,0.8830241051722012,3.037949260023967
FCCD_k6_nc1_rf3_ra3,1e-6,9.989285714285714e-5,60.31566376981408,1.0961164899857994,4.738505483084426
FCCD_k7_nc1_rf3_ra3,1e-6,9.952777777777777e-5,21.05079608411107,30143.617458222747,151290.82554708899
FCCD_k8_nc1_rf3_ra3,1e-6,9.922222222222222e-5,6.270913996490688,80628.54657401486,198100.78712531072
FCCD_k9_nc1_rf3_ra3,1e-6,9.896363636363637e-5,1.8468441418778139,151572.42194893496,270619.09601733665
FCCD_k10_nc1_rf3_ra3,1e-6,9.874242424242424e-5,0.5718895249150575,243058.349009483,337254.25093570974
RCCD_k3_nc1_rf3_ra3,1e-6,4.5391168824543144e-5,27.764000280414997,1.5517999743848627,0.9508744166252809
RCCD_k4_nc1_rf3_ra3,1e-6,8.166666666666667e-5,53.48135117739023,1.4651497416190653,0.9549803601468059
RCCD_k5_nc1_rf3_ra3,1e-6,1.5127169654689386e-4,105.50519956808073,1.0313532234553182,0.6873042000628576
RCCD_k6_nc1_rf3_ra3,1e-6,1.8989285714285717e-4,129.2461660199692,0.5457811497441768,0.2640204031524875
RCCD_k7_nc1_rf3_ra3,1e-6,2.5972710435992664e-4,55.25835309315943,11550.937283106045,54279.55174550018
RCCD_k8_nc1_rf3_ra3,1e-6,3.8722222222222223e-4,21.32121170461465,20660.250192649382,48994.892476153596
RCCD_k9_nc1_rf3_ra3,1e-6,6.219069185070973e-4,8.811518963023461,24119.591783283206,45675.61068365275
RCCD_k10_nc1_rf3_ra3,1e-6,0.0010569242424242427,4.190650785873814,22707.566374526283,32309.759954230085
SCCD_k3_nc1_rf3_ra3,1e-6,4.7499999999999996e-5,28.67855165806488,1.5746503955917353,0.9978298431642749
SCCD_k4_nc1_rf3_ra3,1e-6,8.166666666666667e-5,53.48135117739023,1.4651497416190653,0.9748487122540583
SCCD_k5_nc1_rf3_ra3,1e-6,1.4033333333333335e-4,98.13555734445549,1.3719008177801617,0.926013447568869
SCCD_k6_nc1_rf3_ra3,1e-6,1.513214285714286e-4,108.8267417255962,1.3925756790818011,0.9215809524030206
SCCD_k7_nc1_rf3_ra3,1e-6,1.6252777777777777e-4,40.819058948241825,18459.769868932606,104944.71083441906
SCCD_k8_nc1_rf3_ra3,1e-6,1.738888888888889e-4,13.094951319745096,46007.7593439341,109467.01681810696
SCCD_k9_nc1_rf3_ra3,1e-6,1.8536363636363637e-4,4.163607287255439,80923.35712055492,146647.44532311455
SCCD_k10_nc1_rf3_ra3,1e-6,1.9692424242424245e-4,1.394824334087033,121875.5644292597,166269.26339305355
FCCD_k3_nc3_rf3_ra3,1e-6,2.9699999999999997e-5,20.122383279290364,0.7101826699902161,1.10738383035711
FCCD_k4_nc3_rf3_ra3,1e-6,5.3e-5,33.39253090821667,0.7847564731497737,1.986590422332452
FCCD_k5_nc3_rf3_ra3,1e-6,1.0042857142857142e-4,57.83930042248302,0.8774579493866204,3.0290776008777454
FCCD_k6_nc3_rf3_ra3,1e-6,9.99642857142857e-5,60.477057000529584,1.0927998574870488,4.310684598273971
FCCD_k7_nc3_rf3_ra3,1e-6,9.958333333333332e-5,21.087709948609735,30126.799462713065,138812.22884675392
FCCD_k8_nc3_rf3_ra3,1e-6,9.926666666666666e-5,6.27866537132342,80592.44603021923,202510.82255406014
FCCD_k9_nc3_rf3_ra3,1e-6,9.9e-5,1.8485437273044203,151516.74740388867,261080.99426146178
FCCD_k10_nc3_rf3_ra3,1e-6,9.877272727272727e-5,0.5722980721111555,242983.77943052567,321818.4884912925
RCCD_k3_nc3_rf3_ra3,1e-6,4.559116882454314e-5,30.916705630009012,0.6928798191567526,0.3286488110197592
RCCD_k4_nc3_rf3_ra3,1e-6,8.18e-5,57.54511823926273,0.6319298924525749,0.32249484177011245
RCCD_k5_nc3_rf3_ra3,1e-6,1.5136693464213197e-4,110.12567720821374,0.5171773542079846,0.2948588720585038
RCCD_k6_nc3_rf3_ra3,1e-6,1.8996428571428574e-4,131.39923458008323,0.422155579287021,0.20096167535261816
RCCD_k7_nc3_rf3_ra3,1e-6,2.597826599154822e-4,55.5866135806699,11548.442408315832,58832.1133502806
RCCD_k8_nc3_rf3_ra3,1e-6,3.8726666666666663e-4,21.37441103250335,20657.872626561864,52368.311664379304
RCCD_k9_nc3_rf3_ra3,1e-6,6.219432821434608e-4,8.822652629107667,24118.179152026933,40978.88338919928
RCCD_k10_nc3_rf3_ra3,1e-6,0.0010569545454545456,4.193775199663177,22706.914154343453,31194.20382014283
SCCD_k3_nc3_rf3_ra3,1e-6,4.77e-5,32.00866140010278,0.6858366894199053,0.3316384097700967
SCCD_k4_nc3_rf3_ra3,1e-6,8.18e-5,57.54511823926273,0.6319298924525749,0.32894381427331915
SCCD_k5_nc3_rf3_ra3,1e-6,1.404285714285714e-4,103.40561757103815,0.5720804556559104,0.32003256404577746
SCCD_k6_nc3_rf3_ra3,1e-6,1.5139285714285713e-4,113.18108339616857,0.6149809780260541,0.3044156240834901
SCCD_k7_nc3_rf3_ra3,1e-6,1.6258333333333335e-4,42.08499035052863,18452.70082992183,91254.12833430988
SCCD_k8_nc3_rf3_ra3,1e-6,1.7393333333333335e-4,13.419151490680731,45995.253728211384,116068.83868561497
SCCD_k9_nc3_rf3_ra3,1e-6,1.854e-4,4.247827199227725,80906.74484615086,139116.39352825572
SCCD_k10_nc3_rf3_ra3,1e-6,1.969545454545455e-4,1.4183126464081472,121856.07997887723,165663.03101111634
FCCD_k3_nc5_rf3_ra3,1e-6,2.99e-5,20.479936450996384,0.687730564009465,1.1012600571976237
FCCD_k4_nc5_rf3_ra3,1e-6,5.313333333333333e-5,33.654358235034344,0.7758419042317253,1.9820371911746095
FCCD_k5_nc5_rf3_ra3,1e-6,1.0052380952380952e-4,58.07983646196119,0.8728209135757657,3.181332914700383
FCCD_k6_nc5_rf3_ra3,1e-6,1.0003571428571429e-4,60.62759826863471,1.0899292715837392,4.462063296781785
FCCD_k7_nc5_rf3_ra3,1e-6,9.963888888888888e-5,21.1226033705586,30110.000468966377,148056.83551873517
FCCD_k8_nc5_rf3_ra3,1e-6,9.931111111111111e-5,6.286066876974923,80556.37797203532,205447.9422008744
FCCD_k9_nc5_rf3_ra3,1e-6,9.903636363636363e-5,1.8501793818867494,151461.113870488,248494.87060201142
FCCD_k10_nc5_rf3_ra3,1e-6,9.880303030303029e-5,0.5726936916790933,242909.25570862243,343116.9415119517
RCCD_k3_nc5_rf3_ra3,1e-6,4.579116882454314e-5,32.52183920010544,0.5162669851047961,0.22331328300555617
RCCD_k4_nc5_rf3_ra3,1e-6,8.193333333333334e-5,59.53851666355345,0.46527232435456295,0.19442070652190696
RCCD_k5_nc5_rf3_ra3,1e-6,1.5146217273737006e-4,112.59627909342707,0.3860002563701608,0.17251485506000339
RCCD_k6_nc5_rf3_ra3,1e-6,1.900357142857143e-4,132.88615589906135,0.36535269643729473,0.20118199051727945
RCCD_k7_nc5_rf3_ra3,1e-6,2.5983821547103774e-4,55.858818338867266,11545.956539747798,53177.34327674467
RCCD_k8_nc5_rf3_ra3,1e-6,3.8731111111111114e-4,21.422438342589622,20655.49684949246,55101.895171662596
RCCD_k9_nc5_rf3_ra3,1e-6,6.219796457798245e-4,8.833093345367732,24116.766987620296,40151.4124046231
RCCD_k10_nc5_rf3_ra3,1e-6,0.0010569848484848487,4.196759253441255,22706.26207974853,30943.906673907608
SCCD_k3_nc5_rf3_ra3,1e-6,4.79e-5,33.686200051808136,0.5080649593917516,0.21942857395676266
SCCD_k4_nc5_rf3_ra3,1e-6,8.193333333333334e-5,59.53851666355345,0.46527232435456295,0.19575803550175042
SCCD_k5_nc5_rf3_ra3,1e-6,1.4052380952380951e-4,105.95169162312335,0.4120948407907946,0.18226399134699964
SCCD_k6_nc5_rf3_ra3,1e-6,1.5146428571428573e-4,115.26478689404216,0.459440079198296,0.20750566839849646
SCCD_k7_nc5_rf3_ra3,1e-6,1.6263888888888887e-4,42.6876024435098,18446.24545015552,76549.47726032256
SCCD_k8_nc5_rf3_ra3,1e-6,1.7397777777777778e-4,13.572957913632543,45983.35393162503,109691.16779077798
SCCD_k9_nc5_rf3_ra3,1e-6,1.8543636363636362e-4,4.287690876974462,80890.73121382594,137605.6464227072
SCCD_k10_nc5_rf3_ra3,1e-6,1.969848484848485e-4,1.429412008199029,121837.18776982537,172539.25961417425
FCCD_k3_nc7_rf3_ra3,1e-6,3.01e-5,20.7888354905574,0.6715218028631884,1.1027647254428141
FCCD_k4_nc7_rf3_ra3,1e-6,5.326666666666666e-5,33.89044346676989,0.7687021733436717,2.0016118207698237
FCCD_k5_nc7_rf3_ra3,1e-6,1.0061904761904761e-4,58.301962718518794,0.8688982805743658,3.1831394691547064
FCCD_k6_nc7_rf3_ra3,1e-6,1.0010714285714286e-4,60.76867757705817,1.0874204197848212,4.373613762741928
FCCD_k7_nc7_rf3_ra3,1e-6,9.969444444444443e-5,21.155694565464696,30093.2203999889,150216.63017629224
FCCD_k8_nc7_rf3_ra3,1e-6,9.935555555555555e-5,6.293151148984812,80520.34228801094,200740.33174835317
FCCD_k9_nc7_rf3_ra3,1e-6,9.907272727272727e-5,1.8517563505925478,151405.52124089174,260430.48723456557
FCCD_k10_nc7_rf3_ra3,1e-6,9.883333333333333e-5,0.5730773299039491,242834.77767580756,335578.56673569017
RCCD_k3_nc7_rf3_ra3,1e-6,4.5991168824543145e-5,33.6279673410798,0.44006816490425193,0.22327199340788886
RCCD_k4_nc7_rf3_ra3,1e-6,8.206666666666666e-5,60.88912198296254,0.39384626437071335,0.19444086799653593
RCCD_k5_nc7_rf3_ra3,1e-6,1.5155741083260814e-4,114.30660718156633,0.3260183250229902,0.15021453735754106
RCCD_k6_nc7_rf3_ra3,1e-6,1.9010714285714288e-4,134.0263587669366,0.3327206991897691,0.20124562811511404
RCCD_k7_nc7_rf3_ra3,1e-6,2.5989377102659335e-4,56.09156173210922,11543.476376280028,51688.89396976399
RCCD_k8_nc7_rf3_ra3,1e-6,3.8735555555555553e-4,21.466226727457975,20653.12253616586,53128.097519784744
RCCD_k9_nc7_rf3_ra3,1e-6,6.220160094161881e-4,8.842924033764278,24115.355236963682,42553.59507349218
RCCD_k10_nc7_rf3_ra3,1e-6,0.0010570151515151517,4.199615274068288,22705.61013685033,30288.70068421158
SCCD_k3_nc7_rf3_ra3,1e-6,4.81e-5,34.838919100475856,0.431876157070278,0.21936958003404083
SCCD_k4_nc7_rf3_ra3,1e-6,8.206666666666666e-5,60.88912198296254,0.39384626437071335,0.19444110912980941
SCCD_k5_nc7_rf3_ra3,1e-6,1.4061904761904762e-4,107.66292493262904,0.3435273786780869,0.1750913281440114
SCCD_k6_nc7_rf3_ra3,1e-6,1.5153571428571427e-4,116.65822223958828,0.39277745289946897,0.20747905992568932
SCCD_k7_nc7_rf3_ra3,1e-6,1.6269444444444445e-4,43.089664028943936,18439.881437266362,83843.48394768646
SCCD_k8_nc7_rf3_ra3,1e-6,1.7402222222222223e-4,13.675443054447463,45971.54584139187,115317.78572269728
SCCD_k9_nc7_rf3_ra3,1e-6,1.8547272727272726e-4,4.314231763421558,80874.80843857596,132551.2936764254
SCCD_k10_nc7_rf3_ra3,1e-6,1.970151515151515e-4,1.4367979457403188,121818.38512789762,172078.77748444374
FCCD_k3_nc10_rf3_ra3,1e-6,3.0399999999999997e-5,21.18638361625249,0.6542013567053565,1.1201540403978958
FCCD_k4_nc10_rf3_ra3,1e-6,5.346666666666667e-5,34.206345086909764,0.7603115735426519,1.949712256575611
FCCD_k5_nc10_rf3_ra3,1e-6,1.0076190476190475e-4,58.60633134679014,0.8640300953737908,2.9456433337577144
FCCD_k6_nc10_rf3_ra3,1e-6,1.002142857142857e-4,60.96498961638109,1.0841987373963016,4.447636444738198
FCCD_k7_nc10_rf3_ra3,1e-6,9.977777777777776e-5,21.202348298893803,30068.08565043417,147550.47970344708
FCCD_k8_nc10_rf3_ra3,1e-6,9.942222222222222e-5,6.303243547111509,80466.34937856885,207207.88145557482
FCCD_k9_nc10_rf3_ra3,1e-6,9.912727272727272e-5,1.8540217342385923,151322.20886110622,271879.09561353544
FCCD_k10_nc10_rf3_ra3,1e-6,9.887878787878787e-5,0.5736321480839499,242723.14635457713,342799.6165709759
RCCD_k3_nc10_rf3_ra3,1e-6,4.629116882454314e-5,34.843777809114975,0.3827175347723169,0.22318799176992923
RCCD_k4_nc10_rf3_ra3,1e-6,8.226666666666666e-5,62.35429648121573,0.3402761726077861,0.1944358495393323
RCCD_k5_nc10_rf3_ra3,1e-6,1.5170026797546528e-4,116.18064307346168,0.27942676606026573,0.15017067318655072
RCCD_k6_nc10_rf3_ra3,1e-6,1.9021428571428575e-4,135.35875197439566,0.3035094555120849,0.2003646761990955
RCCD_k7_nc10_rf3_ra3,1e-6,2.599771043599267e-4,56.38788848960191,11539.763327490575,51013.05032060484
RCCD_k8_nc10_rf3_ra3,1e-6,3.874222222222222e-4,21.525448691025527,20649.563347910622,49016.14622347134
RCCD_k9_nc10_rf3_ra3,1e-6,6.220705548707336e-4,8.856673760303778,24113.23829735,43746.39697208739
RCCD_k10_nc10_rf3_ra3,1e-6,0.0010570606060606063,4.203682434155416,22704.632443523577,32486.808141569483
SCCD_k3_nc10_rf3_ra3,1e-6,4.84e-5,36.10395288751088,0.37473419304794486,0.219045429616261
SCCD_k4_nc10_rf3_ra3,1e-6,8.226666666666666e-5,62.35429648121573,0.3402761726077861,0.19442097727952673
SCCD_k5_nc10_rf3_ra3,1e-6,1.4076190476190476e-4,109.5071079312352,0.29210091628214735,0.17614658149212103
SCCD_k6_nc10_rf3_ra3,1e-6,1.5164285714285713e-4,118.15373363824419,0.34277960063300433,0.20820750376959224
SCCD_k7_nc10_rf3_ra3,1e-6,1.6277777777777777e-4,43.520550180758,18430.392456183683,83315.75075775804
SCCD_k8_nc10_rf3_ra3,1e-6,1.740888888888889e-4,13.785202895452004,45953.89316128663,112467.49349966538
SCCD_k9_nc10_rf3_ra3,1e-6,1.8552727272727273e-4,4.342648012028286,80850.98354892303,148781.15716993867
SCCD_k10_nc10_rf3_ra3,1e-6,1.970606060606061e-4,1.4447046427360508,121790.23909475145,167491.33255717048
FCCD_k3_nc1_rf1_ra1,1e-5,9.900000000000001e-5,6.7075884212359425,2.1304801026896993,3.3472081709994477
FCCD_k4_nc1_rf1_ra1,1e-5,1.766666666666667e-4,11.13112140465179,2.354134883468403,5.736918447112555
FCCD_k5_nc1_rf1_ra1,1e-5,3.3476190476190476e-4,19.280494907254656,2.6320598796277563,9.121773691102387
FCCD_k6_nc1_rf1_ra1,1e-5,3.332142857142857e-4,20.15972681791464,3.278013837694319,13.29929542482277
FCCD_k7_nc1_rf1_ra1,1e-5,3.3194444444444444e-4,8.516385236351658,9041.4858076764,42977.40588922479
FCCD_k8_nc1_rf1_ra1,1e-5,3.308888888888889e-4,3.1516379547398286,24181.635777365816,60588.70752465981
FCCD_k9_nc1_rf1_ra1,1e-5,3.3000000000000005e-4,1.1546409970277907,45459.332552545464,77457.5242390333
FCCD_k10_nc1_rf1_ra1,1e-5,3.292424242424243e-4,0.44070450813277823,72899.79596714636,101818.55753832156
RCCD_k3_nc1_rf1_ra1,1e-5,1.5197056274847715e-4,10.305861519701917,2.078383988382399,0.9804434292527787
RCCD_k4_nc1_rf1_ra1,1e-5,2.7266666666666666e-4,19.18230095024259,1.895396904998706,0.9790509411075509
RCCD_k5_nc1_rf1_ra1,1e-5,5.045564488071066e-4,36.70979046179269,1.551018544226723,0.8431030565386435
RCCD_k6_nc1_rf1_ra1,1e-5,6.33214285714286e-4,43.80087378620971,1.266229969389194,0.6069550091461675
RCCD_k7_nc1_rf1_ra1,1e-5,8.659421997182739e-4,22.448717428008667,3465.4169618146766,15751.4745976612
RCCD_k8_nc1_rf1_ra1,1e-5,0.0012908888888888892,10.729014708001376,6198.097083078743,14897.643991003722
RCCD_k9_nc1_rf1_ra1,1e-5,0.0020731442738115362,5.510805863156793,7236.059310570348,13487.645787678946
RCCD_k10_nc1_rf1_ra1,1e-5,0.0035231818181818194,3.2294657749390074,6812.524133370032,9157.411665080219
SCCD_k3_nc1_rf1_ra1,1e-5,1.5900000000000002e-4,10.669867927656924,2.057243594561567,0.9961067676970499
SCCD_k4_nc1_rf1_ra1,1e-5,2.7266666666666666e-4,19.18230095024259,1.895396904998706,0.965703538637062
SCCD_k5_nc1_rf1_ra1,1e-5,4.680952380952382e-4,34.46972574724284,1.7156282967040792,0.9419469614983675
SCCD_k6_nc1_rf1_ra1,1e-5,0.00050464285714285715,37.72815665027692,1.844316068772109,0.9305466789425643
SCCD_k7_nc1_rf1_ra1,1e-5,5.419444444444445e-4,16.99614160521865,5537.497025316144,27150.017859405933
SCCD_k8_nc1_rf1_ra1,1e-5,5.797777777777779e-4,6.735827246973575,13800.248818573764,35503.32815189739
SCCD_k9_nc1_rf1_ra1,1e-5,6.180000000000001e-4,2.6532655024732503,24273.63191678347,45300.55044740862
SCCD_k10_nc1_rf1_ra1,1e-5,6.565151515151518e-4,1.0921782629668342,36558.31538554688,48297.18971958931
FCCD_k3_nc3_rf1_ra1,1e-5,1.01e-4,7.020539787523059,1.9777508009214935,3.282485943778376
FCCD_k4_nc3_rf1_ra1,1e-5,1.7800000000000002e-4,11.368788984011292,2.288434604166109,5.8697222304884855
FCCD_k5_nc3_rf1_ra1,1e-5,3.357142857142857e-4,19.50351328679816,2.5962986638101255,8.933743059698909
FCCD_k6_nc3_rf1_ra1,1e-5,3.339285714285715e-4,20.301186888164068,3.2552419843952234,12.334067916856764
FCCD_k7_nc3_rf1_ra1,1e-5,3.325e-4,8.556551272606464,9026.369609899963,48572.16667174048
FCCD_k8_nc3_rf1_ra1,1e-5,3.313333333333334e-4,3.162320081518671,24149.193365444542,60715.81617797811
FCCD_k9_nc3_rf1_ra1,1e-5,3.303636363636364e-4,1.1575988912273762,45409.291352832086,74473.825982465
FCCD_k10_nc3_rf1_ra1,1e-5,3.2954545454545454e-4,0.4415914299451005,72832.75962828768,98196.52092624265
RCCD_k3_nc3_rf1_ra1,1e-5,1.5397056274847715e-4,11.493503200697141,1.192770036962889,0.669825992706567
RCCD_k4_nc3_rf1_ra1,1e-5,2.74e-4,20.639646166461603,1.0624428033954205,0.5831934969311261
RCCD_k5_nc3_rf1_ra1,1e-5,5.055088297594876e-4,38.54105954090773,0.8748549753467536,0.45057606192961513
RCCD_k6_nc3_rf1_ra1,1e-5,6.339285714285716e-4,44.98515363551024,0.9345538899543652,0.597571882800653
RCCD_k7_nc3_rf1_ra1,1e-5,8.664977552738295e-4,22.73474084475269,3463.0814631780568,16573.090286079303
RCCD_k8_nc3_rf1_ra1,1e-5,0.0012913333333333334,10.795294888099987,6195.9241503195635,14351.215814936495
RCCD_k9_nc3_rf1_ra1,1e-5,0.0020735079101751727,5.529267030315867,7234.773426226244,13529.695277386236
RCCD_k10_nc3_rf1_ra1,1e-5,0.00352348484848485,3.2360706144752505,6811.929305487743,8744.818163765522
SCCD_k3_nc3_rf1_ra1,1e-5,1.6100000000000004e-4,11.908721354127675,1.168607045633348,0.6580969145419845
SCCD_k4_nc3_rf1_ra1,1e-5,2.74e-4,20.639646166461603,1.0624428033954205,0.5832616555355252
SCCD_k5_nc3_rf1_ra1,1e-5,4.6904761904761915e-4,36.32036165506178,0.9162275214786234,0.5241969227251269
SCCD_k6_nc3_rf1_ra1,1e-5,5.053571428571429e-4,39.237340001984364,1.067148759989128,0.624441245920445
SCCD_k7_nc3_rf1_ra1,1e-5,5.425000000000001e-4,17.524103859337814,5531.066909027577,25047.63031150218
SCCD_k8_nc3_rf1_ra1,1e-5,5.802222222222224e-4,6.903170626700512,13788.930041042608,33750.708357793985
SCCD_k9_nc3_rf1_ra1,1e-5,6.183636363636364e-4,2.7072085012538643,24258.618496346327,42447.168778197294
SCCD_k10_nc3_rf1_ra1,1e-5,6.56818181818182e-4,1.1106886948183883,36540.71694099165,47655.66286230208
FCCD_k3_nc5_rf1_ra1,1e-5,1.0300000000000001e-4,7.243053587921158,1.9068948675563484,3.3688943915901635
FCCD_k4_nc5_rf1_ra1,1e-5,1.7933333333333335e-4,11.552365270938486,2.2507993428307294,5.8757678722212034
FCCD_k5_nc5_rf1_ra1,1e-5,3.3666666666666665e-4,19.684883739988354,2.5731720253129056,9.73065372990217
FCCD_k6_nc5_rf1_ra1,1e-5,3.346428571428572e-4,20.420195529102266,3.239345513736047,13.091623314116045
FCCD_k7_nc5_rf1_ra1,1e-5,3.330555555555556e-4,8.591356276636848,9011.30791777795,45130.71185053089
FCCD_k8_nc5_rf1_ra1,1e-5,3.317777777777778e-4,3.1717988543369957,24116.840505455995,59857.500983125254
FCCD_k9_nc5_rf1_ra1,1e-5,3.3072727272727274e-4,1.1602742082421527,45359.36199140673,81501.01868054012
FCCD_k10_nc5_rf1_ra1,1e-5,3.2984848484848486e-4,0.4424060894225392,72765.84773949781,95898.63372764709
RCCD_k3_nc5_rf1_ra1,1e-5,1.5597056274847714e-4,12.09395137382506,1.013953835863897,0.6694646587361731
RCCD_k4_nc5_rf1_ra1,1e-5,2.753333333333334e-4,21.35457226624301,0.8958066378714792,0.5832600509026384
RCCD_k5_nc5_rf1_ra1,1e-5,5.064612107118686e-4,39.460013853905515,0.7265450138740963,0.45041786243501064
RCCD_k6_nc5_rf1_ra1,1e-5,6.346428571428574e-4,45.669571118027825,0.8315916136800271,0.6021610691207291
RCCD_k7_nc5_rf1_ra1,1e-5,8.67053310829385e-4,22.933238210738875,3460.809903823719,14631.831953478424
RCCD_k8_nc5_rf1_ra1,1e-5,0.001291777777777778,10.847678714146888,6193.768161220947,15249.452089298375
RCCD_k9_nc5_rf1_ra1,1e-5,0.002073871546538809,5.544978211767372,7233.492821866175,12719.952147154314
RCCD_k10_nc5_rf1_ra1,1e-5,0.00352378787878788,3.241923488183697,6811.336563102687,9040.661931386858
SCCD_k3_nc5_rf1_ra1,1e-5,1.6300000000000003e-4,12.532821424195614,0.9908496739369058,0.6567812299637282
SCCD_k4_nc5_rf1_ra1,1e-5,2.753333333333334e-4,21.35457226624301,0.8958066378714792,0.5832324942589185
SCCD_k5_nc5_rf1_ra1,1e-5,4.700000000000001e-4,37.21455700188801,0.7562755912346928,0.5248579034467458
SCCD_k6_nc5_rf1_ra1,1e-5,5.060714285714285e-4,39.95963553186371,0.9116421388415349,0.6234183798600809
SCCD_k7_nc5_rf1_ra1,1e-5,5.430555555555557e-4,17.77601205967627,5525.25733669573,27768.066709173116
SCCD_k8_nc5_rf1_ra1,1e-5,5.806666666666668e-4,6.982916717443493,13778.226843640761,33022.48793500711
SCCD_k9_nc5_rf1_ra1,1e-5,6.187272727272727e-4,2.732903079846246,24244.213822228623,40641.2931399067
SCCD_k10_nc5_rf1_ra1,1e-5,6.571212121212124e-4,1.1195046650158862,36523.72006889748,49504.407866550966
FCCD_k3_nc7_rf1_ra1,1e-5,1.05e-4,7.417115043137722,1.865993362469599,3.26652030294677
FCCD_k4_nc7_rf1_ra1,1e-5,1.8066666666666668e-4,11.70242116572651,2.226411062837239,5.707338470258944
FCCD_k5_nc7_rf1_ra1,1e-5,3.3761904761904764e-4,19.837967663053384,2.556989307743562,9.580102948957565
FCCD_k6_nc7_rf1_ra1,1e-5,3.353571428571429e-4,20.522996244336603,3.2276189692178154,13.076832565691433
FCCD_k7_nc7_rf1_ra1,1e-5,3.336111111111112e-4,8.622114263624303,8996.299039393407,40885.66536522848
FCCD_k8_nc7_rf1_ra1,1e-5,3.3222222222222225e-4,3.180337743201899,24084.576014564096,62408.66080249332
FCCD_k9_nc7_rf1_ra1,1e-5,3.3109090909090914e-4,1.1627228251385904,45309.543587441294,80189.38586988839
FCCD_k10_nc7_rf1_ra1,1e-5,3.301515151515152e-4,0.4431615103027615,72699.05962586902,104563.28039603212
RCCD_k3_nc7_rf1_ra1,1e-5,1.5797056274847716e-4,12.506950185021735,0.9371436831189276,0.6695091899238742
RCCD_k4_nc7_rf1_ra1,1e-5,2.766666666666667e-4,21.838972850212986,0.8243864881276007,0.5828027010287082
RCCD_k5_nc7_rf1_ra1,1e-5,5.074135916642495e-4,40.08412228492703,0.6615099638097806,0.45038145550189745
RCCD_k6_nc7_rf1_ra1,1e-5,6.35357142857143e-4,46.1553112511711,0.7814256385397417,0.6014353681299293
RCCD_k7_nc7_rf1_ra1,1e-5,8.676088663849406e-4,23.085878276906833,3458.563620114432,17576.305451766315
RCCD_k8_nc7_rf1_ra1,1e-5,0.0012922222222222224,10.891074429322893,6191.621586329416,14740.540232344854
RCCD_k9_nc7_rf1_ra1,1e-5,0.0020742351829024456,5.558667906674223,7232.215690982122,12626.238044106149
RCCD_k10_nc7_rf1_ra1,1e-5,0.0035240909090909103,3.2471814421110405,6810.74531327578,8900.318890640749
SCCD_k3_nc7_rf1_ra1,1e-5,1.6500000000000003e-4,12.961677014467629,0.9146648076041515,0.6564353339394091
SCCD_k4_nc7_rf1_ra1,1e-5,2.766666666666667e-4,21.838972850212986,0.8243864881276007,0.5832220482307363
SCCD_k5_nc7_rf1_ra1,1e-5,4.7095238095238104e-4,37.81557240180966,0.687717429831186,0.5300451638502469
SCCD_k6_nc7_rf1_ra1,1e-5,5.067857142857144e-4,40.442674025769186,0.8449889685049299,0.6227314165763257
SCCD_k7_nc7_rf1_ra1,1e-5,5.436111111111111e-4,17.944445049447467,5519.546365664957,26404.957698536666
SCCD_k8_nc7_rf1_ra1,1e-5,5.811111111111112e-4,7.036276030491076,13767.625465263549,33659.3424500246
SCCD_k9_nc7_rf1_ra1,1e-5,6.190909090909091e-4,2.750112035613488,24229.910512885403,41642.64011122082
SCCD_k10_nc7_rf1_ra1,1e-5,6.574242424242426e-4,1.1254145058560998,36506.82249955926,47952.542590172154
FCCD_k3_nc10_rf1_ra1,1e-5,1.0800000000000001e-4,7.62423152961596,1.8292567828499033,3.3294583119462686
FCCD_k4_nc10_rf1_ra1,1e-5,1.8266666666666667e-4,11.886633305138306,2.202562283323215,5.776226441979126
FCCD_k5_nc10_rf1_ra1,1e-5,3.390476190476191e-4,20.03076851990195,2.540151064144876,8.477004332172998
FCCD_k6_nc10_rf1_ra1,1e-5,3.364285714285715e-4,20.65506893900431,3.214848485114241,13.424430279208593
FCCD_k7_nc10_rf1_ra1,1e-5,3.3444444444444445e-4,8.662517811150682,8973.882453157159,40882.35266997164
FCCD_k8_nc10_rf1_ra1,1e-5,3.328888888888889e-4,3.1917747361739495,24036.343127337397,57184.68700333325
FCCD_k9_nc10_rf1_ra1,1e-5,3.3163636363636365e-4,1.1660569647881678,45235.02253508087,78425.633923981
FCCD_k10_nc10_rf1_ra1,1e-5,3.3060606060606064e-4,0.4442043412369135,72599.10831459946,96183.93338478032
RCCD_k3_nc10_rf1_ra1,1e-5,1.6097056274847713e-4,12.96043117275688,0.879467038011398,0.66970133415863
RCCD_k4_nc10_rf1_ra1,1e-5,2.786666666666667e-4,22.364470549260165,0.7708195212523713,0.5833248808721575
RCCD_k5_nc10_rf1_ra1,1e-5,5.08842163092821e-4,40.76059490940707,0.6121368588036056,0.4503585731079444
RCCD_k6_nc10_rf1_ra1,1e-5,6.364285714285716e-4,46.69482668207528,0.741011834061816,0.5973190032606015
RCCD_k7_nc10_rf1_ra1,1e-5,8.684421997182739e-4,23.264695631850444,3455.2179842384185,16782.756366569178
RCCD_k8_nc10_rf1_ra1,1e-5,0.001292888888888889,10.944894772918957,6188.412569450138,14072.163920934097
RCCD_k9_nc10_rf1_ra1,1e-5,0.0020747806374479,5.576402494156751,7230.304421434131,12736.113330687213
RCCD_k10_nc10_rf1_ra1,1e-5,0.003524545454545456,3.2541904876378727,6809.860445681474,9171.26441417207
SCCD_k3_nc10_rf1_ra1,1e-5,1.6800000000000002e-4,13.432321980482039,0.8575248507863932,0.659864426862702
SCCD_k4_nc10_rf1_ra1,1e-5,2.786666666666667e-4,22.364470549260165,0.7708195212523713,0.5832849930484679
SCCD_k5_nc10_rf1_ra1,1e-5,4.723809523809524e-4,38.46329451252049,0.6362959134657045,0.5292882426729594
SCCD_k6_nc10_rf1_ra1,1e-5,5.078571428571429e-4,40.96110801941962,0.7949961398252353,0.6243477901304659
SCCD_k7_nc10_rf1_ra1,1e-5,5.444444444444445e-4,18.125416234710293,5511.050478662871,26135.282197742254
SCCD_k8_nc10_rf1_ra1,1e-5,5.81777777777778e-4,7.093709403261868,13751.801784444871,35612.60791128594
SCCD_k9_nc10_rf1_ra1,1e-5,6.196363636363637e-4,2.768667906808914,24208.534490468126,42025.32674518564
SCCD_k10_nc10_rf1_ra1,1e-5,6.57878787878788e-4,1.1317967915615479,36481.55235203533,50981.06283218011
FCCD_k3_nc1_rf2_ra1,1e-5,1.79e-4,10.545798294727339,1.7641576860331203,3.120793377568156
FCCD_k4_nc1_rf2_ra1,1e-5,3.3666666666666665e-4,18.222192784461438,2.047082299991519,5.771468551590562
FCCD_k5_nc1_rf2_ra1,1e-5,6.547619047619048e-4,32.462673559638034,2.398843408571333,8.606119720344115
FCCD_k6_nc1_rf2_ra1,1e-5,6.532142857142857e-4,34.53300241987835,2.9535672418206325,13.872208337885217
FCCD_k7_nc1_rf2_ra1,1e-5,6.519444444444445e-4,14.776814467756884,4605.0865600684965,21889.770222464256
FCCD_k8_nc1_rf2_ra1,1e-5,6.508888888888889e-4,5.526780933582327,12294.847214962361,31707.56235036171
FCCD_k9_nc1_rf2_ra1,1e-5,6.500000000000001e-4,2.043130537703786,23081.356161199277,38766.887733051015
FCCD_k10_nc1_rf2_ra1,1e-5,6.492424242424242e-4,0.7859204330439252,36971.036482285475,50491.12657149753
RCCD_k3_nc1_rf2_ra1,1e-5,2.319705627484772e-4,15.275984250097059,1.7902663045030833,0.9776639538778301
RCCD_k4_nc1_rf2_ra1,1e-5,4.326666666666667e-4,30.010126460844642,1.6368180715408769,0.9761425516199962
RCCD_k5_nc1_rf2_ra1,1e-5,8.245564488071065e-4,59.82183645237496,1.3292582570872615,0.8431072214086763
RCCD_k6_nc1_rf2_ra1,1e-5,9.532142857142859e-4,72.31248273106445,0.9233147996777309,0.4592170045128897
RCCD_k7_nc1_rf2_ra1,1e-5,0.001185942199718274,36.259620576344616,2530.249958788572,11960.436098025155
RCCD_k8_nc1_rf2_ra1,1e-5,0.0016108888888888891,16.554614071870077,4966.674318504677,11694.736176622922
RCCD_k9_nc1_rf2_ra1,1e-5,0.002393144273811536,7.997277843306331,6268.283762455059,10509.018545634366
RCCD_k10_nc1_rf2_ra1,1e-5,0.0038431818181818194,4.384538662247312,6245.110326643371,8649.762601520311
SCCD_k3_nc1_rf2_ra1,1e-5,2.39e-4,15.739473584215794,1.783026617166678,0.9850505831940953
SCCD_k4_nc1_rf2_ra1,1e-5,4.326666666666667e-4,30.010126460844642,1.6368180715408769,0.9343168760894708
SCCD_k5_nc1_rf2_ra1,1e-5,7.880952380952383e-4,56.37337965909763,1.5053817242701801,0.955548892043243
SCCD_k6_nc1_rf2_ra1,1e-5,8.246428571428571e-4,62.701406815270765,1.550499832490464,0.9254272045257622
SCCD_k7_nc1_rf2_ra1,1e-5,8.619444444444445e-4,28.094846642690072,3482.0550785348437,16028.308474549354
SCCD_k8_nc1_rf2_ra1,1e-5,8.99777777777778e-4,10.977105459184989,8892.619533942101,20292.746366229203
SCCD_k9_nc1_rf2_ra1,1e-5,9.38e-4,4.238443445656491,15992.964315165167,28745.653639454104
SCCD_k10_nc1_rf2_ra1,1e-5,9.765151515151517e-4,1.7040950073086172,24578.61505102997,32258.638155161956
FCCD_k3_nc3_rf2_ra1,1e-5,1.8100000000000004e-4,11.0265839954681,1.623844679431908,3.0697740696780156
FCCD_k4_nc3_rf2_ra1,1e-5,3.38e-4,18.60708150849806,1.9839693383388273,6.0572994521609065
FCCD_k5_nc3_rf2_ra1,1e-5,6.557142857142857e-4,32.83636248920987,2.3637208838350077,9.274624873795256
FCCD_k6_nc3_rf2_ra1,1e-5,6.539285714285715e-4,34.77429395040972,2.9311568288104617,13.185220393424329
FCCD_k7_nc3_rf2_ra1,1e-5,6.525000000000001e-4,14.845237546399447,4601.153159430387,21786.74302293966
FCCD_k8_nc3_rf2_ra1,1e-5,6.513333333333334e-4,5.544804289335119,12286.449116154714,29533.732904587898
FCCD_k9_nc3_rf2_ra1,1e-5,6.503636363636364e-4,2.0480476132849716,23068.444636484986,41492.97242513857
FCCD_k10_nc3_rf2_ra1,1e-5,6.495454545454546e-4,0.787368618329437,36953.784047226945,51535.11629814943
RCCD_k3_nc3_rf2_ra1,1e-5,2.339705627484772e-4,17.03297657303607,0.9122493916923673,0.5552196177279825
RCCD_k4_nc3_rf2_ra1,1e-5,4.3400000000000003e-4,32.2898111359602,0.8040859647656756,0.4935023277561214
RCCD_k5_nc3_rf2_ra1,1e-5,8.255088297594875e-4,62.77084649212006,0.6668834665866621,0.37237848882462793
RCCD_k6_nc3_rf2_ra1,1e-5,9.539285714285716e-4,74.12421635279996,0.6369285545704542,0.3220500510711727
RCCD_k7_nc3_rf2_ra1,1e-5,0.0011864977552738295,36.64153390346644,2528.986488047759,11775.957706463518
RCCD_k8_nc3_rf2_ra1,1e-5,0.0016113333333333333,16.629404442670534,4965.282905668879,12306.568908846619
RCCD_k9_nc3_rf2_ra1,1e-5,0.0023935079101751727,8.014898439647304,6267.324146234228,10516.734528113248
RCCD_k10_nc3_rf2_ra1,1e-5,0.00384348484848485,4.3899742202101235,6244.6147041069,8490.036699867893
SCCD_k3_nc3_rf2_ra1,1e-5,2.4100000000000003e-4,17.5668212355499,0.8945164349962043,0.5120921354363066
SCCD_k4_nc3_rf2_ra1,1e-5,4.3400000000000003e-4,32.2898111359602,0.8040859647656756,0.46602916331133976
SCCD_k5_nc3_rf2_ra1,1e-5,7.890476190476192e-4,59.399271049310805,0.7063898632446531,0.4536660482842051
SCCD_k6_nc3_rf2_ra1,1e-5,8.25357142857143e-4,65.2089784329323,0.7737190208307835,0.47489711010874175
SCCD_k7_nc3_rf2_ra1,1e-5,8.625000000000001e-4,28.966461194529117,3479.052303938418,17385.4864794293
SCCD_k8_nc3_rf2_ra1,1e-5,9.002222222222223e-4,11.249213346425757,8887.480970168532,21953.53172627983
SCCD_k9_nc3_rf2_ra1,1e-5,9.383636363636365e-4,4.324359114802121,15986.02755916847,26747.65462750767
SCCD_k10_nc3_rf2_ra1,1e-5,9.76818181818182e-4,1.732874879341561,24570.25838655384,34345.921107807015
FCCD_k3_nc5_rf2_ra1,1e-5,1.8300000000000003e-4,11.370650383136823,1.557768414669407,3.164543605559513
FCCD_k4_nc5_rf2_ra1,1e-5,3.393333333333333e-4,18.905095220595445,1.9476236994651315,5.803547660088565
FCCD_k5_nc5_rf2_ra1,1e-5,6.566666666666667e-4,33.140538599956344,2.340963980679522,8.695583907346935
FCCD_k6_nc5_rf2_ra1,1e-5,6.546428571428571e-4,34.977425655016944,2.915490724923032,13.974264585640219
FCCD_k7_nc5_rf2_ra1,1e-5,6.530555555555556e-4,14.904418070642116,4597.230482539628,18607.633887183118
FCCD_k8_nc5_rf2_ra1,1e-5,6.517777777777778e-4,5.560728284309747,12278.065078066498,31698.12796038647
FCCD_k9_nc5_rf2_ra1,1e-5,6.507272727272729e-4,2.0524667119397266,23055.549321954943,39892.30827636462
FCCD_k10_nc5_rf2_ra1,1e-5,6.498484848484849e-4,0.7886883443028483,36936.54896858574,49425.603225539
RCCD_k3_nc5_rf2_ra1,1e-5,2.359705627484772e-4,17.922095434272762,0.7345409912947755,0.5537402291327651
RCCD_k4_nc5_rf2_ra1,1e-5,4.3533333333333336e-4,33.40822116918452,0.6374675911432317,0.48470127765503346
RCCD_k5_nc5_rf2_ra1,1e-5,8.264612107118686e-4,64.2595634511495,0.5194943486830897,0.36617732660935604
RCCD_k6_nc5_rf2_ra1,1e-5,9.546428571428575e-4,75.20516721890132,0.5414317278401354,0.32172645366626285
RCCD_k7_nc5_rf2_ra1,1e-5,0.001187053310829385,36.92139095215332,2527.761821957975,12192.346158049671
RCCD_k8_nc5_rf2_ra1,1e-5,0.001611777777777778,16.692062220953936,4963.898898140182,12398.612885134726
RCCD_k9_nc5_rf2_ra1,1e-5,0.002393871546538809,8.03071481400958,6266.3663012603565,10792.074502682362
RCCD_k10_nc5_rf2_ra1,1e-5,0.00384378787878788,4.395022854614254,6244.119624662154,8432.546580865817
SCCD_k3_nc5_rf2_ra1,1e-5,2.4300000000000002e-4,18.487417905482157,0.7167692499945517,0.5088423381286538
SCCD_k4_nc5_rf2_ra1,1e-5,4.3533333333333336e-4,33.40822116918452,0.6374675911432317,0.4743771382057372
SCCD_k5_nc5_rf2_ra1,1e-5,7.900000000000002e-4,60.86151264188306,0.5464706843749767,0.4605335461679109
SCCD_k6_nc5_rf2_ra1,1e-5,8.260714285714287e-4,66.4092510213287,0.618243357649239,0.4608226915325589
SCCD_k7_nc5_rf2_ra1,1e-5,8.630555555555556e-4,29.381883309804063,3476.661019560824,16594.469632264158
SCCD_k8_nc5_rf2_ra1,1e-5,9.006666666666668e-4,11.37860271045069,8882.945808443672,21172.385889072633
SCCD_k9_nc5_rf2_ra1,1e-5,9.387272727272728e-4,4.365159943475535,15979.687250992543,26808.028612147715
SCCD_k10_nc5_rf2_ra1,1e-5,9.771212121212124e-4,1.7465321865740633,24562.49215182826,32957.872832397006
FCCD_k3_nc7_rf2_ra1,1e-5,1.8500000000000002e-4,11.640690502745867,1.51933798179562,3.085458595590287
FCCD_k4_nc7_rf2_ra1,1e-5,3.4066666666666674e-4,19.149051503359168,1.9239957622124966,5.856856753923375
FCCD_k5_nc7_rf2_ra1,1e-5,6.576190476190476e-4,33.39742968598407,2.325019707056826,9.405812249116243
FCCD_k6_nc7_rf2_ra1,1e-5,6.55357142857143e-4,35.15297686245453,2.903922532395073,12.9688594622671
FCCD_k7_nc7_rf2_ra1,1e-5,6.536111111111112e-4,14.956615071318573,4593.317100453184,23167.750822659185
FCCD_k8_nc7_rf2_ra1,1e-5,6.522222222222223e-4,5.575011390337248,12269.69425706545,30680.63201386933
FCCD_k9_nc7_rf2_ra1,1e-5,6.510909090909091e-4,2.0564860735331174,23042.66968587618,40986.844489539995
FCCD_k10_nc7_rf2_ra1,1e-5,6.501515151515152e-4,0.7899027126866067,36919.33089611424,50523.149997703105
RCCD_k3_nc7_rf2_ra1,1e-5,2.3797056274847719e-4,18.53379813621682,0.6581626638654463,0.5550374714026148
RCCD_k4_nc7_rf2_ra1,1e-5,4.366666666666667e-4,34.166016225279414,0.5660523638702527,0.47834684927025234
RCCD_k5_nc7_rf2_ra1,1e-5,8.274135916642495e-4,65.27235444128073,0.45462067107996407,0.3785811564761113
RCCD_k6_nc7_rf2_ra1,1e-5,9.553571428571431e-4,75.98171243696412,0.4936767958001928,0.3215534222360013
RCCD_k7_nc7_rf2_ra1,1e-5,0.0011876088663849407,37.14289518725746,2526.554179061761,10506.027210273518
RCCD_k8_nc7_rf2_ra1,1e-5,0.0016122222222222224,16.746042056549552,4962.519635707981,12353.498809164372
RCCD_k9_nc7_rf2_ra1,1e-5,0.0023942351829024456,8.045071052705584,6265.409820784334,10482.036517436753
RCCD_k10_nc7_rf2_ra1,1e-5,0.0038440909090909103,4.399737540893835,6243.624995382081,8445.116994641554
SCCD_k3_nc7_rf2_ra1,1e-5,2.4500000000000005e-4,19.12001874367936,0.640587252922657,0.5128804652691688
SCCD_k4_nc7_rf2_ra1,1e-5,4.366666666666667e-4,34.166016225279414,0.5660523638702527,0.4936233624615428
SCCD_k5_nc7_rf2_ra1,1e-5,7.909523809523811e-4,61.84436137604075,0.47792155392080204,0.4296177351248204
SCCD_k6_nc7_rf2_ra1,1e-5,8.267857142857144e-4,67.21196501792757,0.5515987245738414,0.4626882198302774
SCCD_k7_nc7_rf2_ra1,1e-5,8.636111111111112e-4,29.65933127256453,3474.359632652864,17101.1003914942
SCCD_k8_nc7_rf2_ra1,1e-5,9.011111111111112e-4,11.464992032704313,8878.50062793642,22695.958311751914
SCCD_k9_nc7_rf2_ra1,1e-5,9.390909090909092e-4,4.392405620713755,15973.436334643084,28481.548446236055
SCCD_k10_nc7_rf2_ra1,1e-5,9.774242424242425e-4,1.7556551739255009,24554.81439060109,33127.91079683103
FCCD_k3_nc10_rf2_ra1,1e-5,1.8800000000000002e-4,11.962772176118989,1.4846393735883936,3.1916646456919358
FCCD_k4_nc10_rf2_ra1,1e-5,3.426666666666667e-4,19.448886885894186,1.9008329474157382,5.652174058344261
FCCD_k5_nc10_rf2_ra1,1e-5,6.59047619047619e-4,33.72113542835323,2.308411812087072,9.02530297224045
FCCD_k6_nc10_rf2_ra1,1e-5,6.564285714285715e-4,35.37861245291198,2.8913132925065055,13.978167141923647
FCCD_k7_nc10_rf2_ra1,1e-5,6.544444444444445e-4,15.0250094649998,4587.462701952788,19340.214984968115
FCCD_k8_nc10_rf2_ra1,1e-5,6.528888888888889e-4,5.59404045784173,12257.161691752446,29391.392621542353
FCCD_k9_nc10_rf2_ra1,1e-5,6.516363636363637e-4,2.061917445765169,23023.378879358945,41686.608969404115
FCCD_k10_nc10_rf2_ra1,1e-5,6.506060606060607e-4,0.7915635968982164,36893.535145794725,47765.81293644019
RCCD_k3_nc10_rf2_ra1,1e-5,2.4097056274847718e-4,19.20555065039495,0.6007929170111961,0.5540289862123587
RCCD_k4_nc10_rf2_ra1,1e-5,4.386666666666667e-4,34.98811075016514,0.5124880399317459,0.4853583097369555
RCCD_k5_nc10_rf2_ra1,1e-5,8.288421630928209e-4,66.37116610697495,0.40527092979474943,0.37940315578049105
RCCD_k6_nc10_rf2_ra1,1e-5,9.564285714285716e-4,76.85071063868365,0.4546013441933037,0.3214227486951432
RCCD_k7_nc10_rf2_ra1,1e-5,0.0011884421997182739,37.407844850817334,2524.759022438666,11704.554779223352
RCCD_k8_nc10_rf2_ra1,1e-5,0.001612888888888889,16.81525655834555,4960.456728295938,12622.256243167954
RCCD_k9_nc10_rf2_ra1,1e-5,0.0023947806374479,8.064405952497019,6263.977090220448,10801.845101518962
RCCD_k10_nc10_rf2_ra1,1e-5,0.003844545454545456,4.406274807353217,6242.883747549987,8471.471421831096
SCCD_k3_nc10_rf2_ra1,1e-5,2.48e-4,19.814265487093582,0.583448905571709,0.5027397200687375
SCCD_k4_nc10_rf2_ra1,1e-5,4.386666666666667e-4,34.98811075016514,0.5124880399317459,0.4844865380751467
SCCD_k5_nc10_rf2_ra1,1e-5,7.923809523809526e-4,62.903609193384476,0.42650484384610865,0.4441237262116123
SCCD_k6_nc10_rf2_ra1,1e-5,8.27857142857143e-4,68.0735144700517,0.5016104404513364,0.4872987062372386
SCCD_k7_nc10_rf2_ra1,1e-5,8.644444444444445e-4,29.957018497525457,3470.9618995871424,14719.88791370246
SCCD_k8_nc10_rf2_ra1,1e-5,9.01777777777778e-4,11.557734307746253,8871.889146642749,20799.163413660535
SCCD_k9_nc10_rf2_ra1,1e-5,9.396363636363637e-4,4.42167953050846,15964.116536472839,26314.299656994866
SCCD_k10_nc10_rf2_ra1,1e-5,9.77878787878788e-4,1.7654659398610633,24543.353718267525,32163.542934656303
FCCD_k3_nc1_rf3_ra1,1e-5,2.59e-4,13.844202112343801,1.634951070464484,3.037122931634443
FCCD_k4_nc1_rf3_ra1,1e-5,4.966666666666666e-4,24.401777690901866,1.9418385682360362,6.015982345275285
FCCD_k5_nc1_rf3_ra1,1e-5,9.747619047619049e-4,44.10702182358894,2.3199137588637893,9.265387628087103
FCCD_k6_nc1_rf3_ra1,1e-5,9.732142857142858e-4,47.3867662198232,2.843983509627365,12.516817037443108
FCCD_k7_nc1_rf3_ra1,1e-5,9.719444444444445e-4,20.434473449095098,3089.94148427692,14916.739996582734
FCCD_k8_nc1_rf3_ra1,1e-5,9.70888888888889e-4,7.6922416355489345,8243.708643685019,21691.82550620981
FCCD_k9_nc1_rf3_ra1,1e-5,9.7e-4,2.8592469454546556,15468.230431674123,26183.51487785345
FCCD_k10_nc1_rf3_ra1,1e-5,9.692424242424243e-4,1.1050433844389091,24766.378447317555,32205.98189683811
RCCD_k3_nc1_rf3_ra1,1e-5,3.119705627484772e-4,19.574367636475618,1.6815093793137816,0.9777256146827257
RCCD_k4_nc1_rf3_ra1,1e-5,5.926666666666667e-4,39.483865419721326,1.5437121321322698,0.9762461074082871
RCCD_k5_nc1_rf3_ra1,1e-5,0.0011445564488071066,80.2952484145082,1.2505695997016584,0.7924703158046047
RCCD_k6_nc1_rf3_ra1,1e-5,0.001273214285714286,97.83450295586607,0.8008042533433092,0.4224622341066687
RCCD_k7_nc1_rf3_ra1,1e-5,0.001505942199718274,48.664789992435374,1992.5934177399101,9510.136153643125
RCCD_k8_nc1_rf3_ra1,1e-5,0.001930888888888889,21.732751470698453,4143.518479375048,10289.926689792583
RCCD_k9_nc1_rf3_ra1,1e-5,0.0027131442738115366,10.14824299948551,5528.914056424336,10238.171164772382
RCCD_k10_nc1_rf3_ra1,1e-5,0.004163181818181819,5.343964980858277,5765.027197143626,8042.51002748215
SCCD_k3_nc1_rf3_ra1,1e-5,3.19e-4,20.123419434041814,1.6799815908677005,0.9922663342074338
SCCD_k4_nc1_rf3_ra1,1e-5,5.926666666666667e-4,39.483865419721326,1.5437121321322698,0.9854424770426269
SCCD_k5_nc1_rf3_ra1,1e-5,0.001108095238095238,75.7753492654018,1.431625425317774,0.9685119874597204
SCCD_k6_nc1_rf3_ra1,1e-5,0.001144642857142857,85.06880061619455,1.4478998220602683,0.9089971726972653
SCCD_k7_nc1_rf3_ra1,1e-5,0.0011819444444444444,38.131203792709385,2539.6297104388955,11020.454732360638
SCCD_k8_nc1_rf3_ra1,1e-5,0.0012197777777777777,14.841306992627812,6559.992514646361,17336.060207623035
SCCD_k9_nc1_rf3_ra1,1e-5,0.001258,5.691505776660328,11925.075693578525,20882.664312460438
SCCD_k10_nc1_rf3_ra1,1e-5,0.001296515151515152,2.268043343506318,18512.497203671508,24023.556447423416
FCCD_k3_nc3_rf3_ra1,1e-5,2.6100000000000006e-4,14.470328778136071,1.4986895485631666,3.1260867949945066
FCCD_k4_nc3_rf3_ra1,1e-5,4.98e-4,24.915301774311235,1.8795753659894123,5.814942483425297
FCCD_k5_nc3_rf3_ra1,1e-5,9.757142857142858e-4,44.61391669816344,2.2850041008582953,9.302219177188993
FCCD_k6_nc3_rf3_ra1,1e-5,9.739285714285714e-4,47.71739292823491,2.821693371363902,12.522284968783298
FCCD_k7_nc3_rf3_ra1,1e-5,9.725000000000001e-4,20.528495221227594,3088.162831132326,14591.03828636363
FCCD_k8_nc3_rf3_ra1,1e-5,9.713333333333335e-4,7.716990504808569,8239.92716826978,20783.325350406558
FCCD_k9_nc3_rf3_ra1,1e-5,9.703636363636364e-4,2.865977242520322,15462.426904110624,27937.389786566746
FCCD_k10_nc3_rf3_ra1,1e-5,9.695454545454546e-4,1.1070158458322397,24758.63252608769,34725.96638605661
RCCD_k3_nc3_rf3_ra1,1e-5,3.139705627484772e-4,21.82368654165583,0.8069823029826703,0.49940058917488217
RCCD_k4_nc3_rf3_ra1,1e-5,5.94e-4,42.482834102999114,0.7112019259868905,0.43941989941445603
RCCD_k5_nc3_rf3_ra1,1e-5,0.0011455088297594876,84.23392045332409,0.5938850608305469,0.35459275164380366
RCCD_k6_nc3_rf3_ra1,1e-5,0.0012739285714285717,100.20673226469826,0.531765871464296,0.2874789269278129
RCCD_k7_nc3_rf3_ra1,1e-5,0.0015064977552738297,49.13514816640533,1991.7917343439713,10493.164375355851
RCCD_k8_nc3_rf3_ra1,1e-5,0.0019313333333333335,21.817264009724614,4142.548873653565,10403.005467777519
RCCD_k9_nc3_rf3_ra1,1e-5,0.002713507910175173,10.166310242791443,5528.168339200314,9573.467792158859
RCCD_k10_nc3_rf3_ra1,1e-5,0.00416348484848485,5.349032797656025,5764.605715005438,7598.223743826916
SCCD_k3_nc3_rf3_ra1,1e-5,3.2100000000000005e-4,22.459581645183274,0.7915977129684981,0.4528526930730716
SCCD_k4_nc3_rf3_ra1,1e-5,5.94e-4,42.482834102999114,0.7112019259868905,0.4405703575356632
SCCD_k5_nc3_rf3_ra1,1e-5,0.001109047619047619,79.84168655952062,0.6330421474023225,0.42571423953854914
SCCD_k6_nc3_rf3_ra1,1e-5,0.001145357142857143,88.47010966357685,0.6715052012831412,0.47535414536449466
SCCD_k7_nc3_rf3_ra1,1e-5,0.0011825000000000002,39.313349016454644,2537.676697638309,10828.729465796727
SCCD_k8_nc3_rf3_ra1,1e-5,0.0012202222222222224,15.208772086843087,6556.8550409147965,17483.219848663848
SCCD_k9_nc3_rf3_ra1,1e-5,0.0012583636363636365,5.806694742450887,11920.890676603594,20421.93954827317
SCCD_k10_nc3_rf3_ra1,1e-5,0.0012968181818181822,2.306275140255404,18507.439720101745,25305.481548315187
FCCD_k3_nc5_rf3_ra1,1e-5,2.6300000000000005e-4,14.919401092805115,1.434191816877379,3.043490869795353
FCCD_k4_nc5_rf3_ra1,1e-5,4.993333333333333e-4,25.313242178757232,1.8436547351033317,6.011686111008411
FCCD_k5_nc5_rf3_ra1,1e-5,9.766666666666667e-4,45.026645928464745,2.2623704458645557,9.606055350455536
FCCD_k6_nc5_rf3_ra1,1e-5,9.746428571428572e-4,47.995794957633315,2.806103926125957,12.499854149526161
FCCD_k7_nc5_rf3_ra1,1e-5,9.730555555555557e-4,20.609762990278234,3086.390225702197,14230.533372324278
FCCD_k8_nc5_rf3_ra1,1e-5,9.717777777777779e-4,7.738822340694094,8236.151749798026,22471.865651744363
FCCD_k9_nc5_rf3_ra1,1e-5,9.707272727272728e-4,2.872011536469164,15456.629498893042,25406.238053630615
FCCD_k10_nc5_rf3_ra1,1e-5,9.69848484848485e-4,1.1088078564783115,24750.892709531698,33988.32948718883
RCCD_k3_nc5_rf3_ra1,1e-5,3.159705627484772e-4,22.962440657145237,0.6297793752555745,0.4911832130917178
RCCD_k4_nc5_rf3_ra1,1e-5,5.953333333333333e-4,43.95421755877226,0.544601322986401,0.44497652171469804
RCCD_k5_nc5_rf3_ra1,1e-5,0.0011464612107118686,86.22719136984536,0.44688595421424593,0.34088656203699486
RCCD_k6_nc5_rf3_ra1,1e-5,0.0012746428571428574,101.6409537957944,0.4393669047638575,0.2799177503658531
RCCD_k7_nc5_rf3_ra1,1e-5,0.0015070533108293852,49.48747802805415,1991.020891111995,9342.948159474296
RCCD_k8_nc5_rf3_ra1,1e-5,0.001931777777777778,21.88969266297412,4141.584135214637,10679.441581567879
RCCD_k9_nc5_rf3_ra1,1e-5,0.002713871546538809,10.182857224891896,5527.423628580383,9589.493571542384
RCCD_k10_nc5_rf3_ra1,1e-5,0.0041637878787878805,5.353822529528565,5764.184505856968,7719.166677031521
SCCD_k3_nc5_rf3_ra1,1e-5,3.23e-4,23.636551390119877,0.6138606509322071,0.46033696395133383
SCCD_k4_nc5_rf3_ra1,1e-5,5.953333333333333e-4,43.95421755877226,0.544601322986401,0.4585375591059702
SCCD_k5_nc5_rf3_ra1,1e-5,0.00111,81.80696284151581,0.47315570572039045,0.40630264603453403
SCCD_k6_nc5_rf3_ra1,1e-5,0.0011460714285714288,90.09837921036114,0.5160604818385017,0.42076897191082524
SCCD_k7_nc5_rf3_ra1,1e-5,0.0011830555555555557,39.87652792090875,2536.3330680210156,13374.503606064432
SCCD_k8_nc5_rf3_ra1,1e-5,0.0012206666666666668,15.38333426385038,6554.318045951638,15934.482967174845
SCCD_k9_nc5_rf3_ra1,1e-5,0.001258727272727273,5.86131904712577,11917.298975039364,19396.06271387279
SCCD_k10_nc5_rf3_ra1,1e-5,0.0012971212121212126,2.3243852489069594,18502.969642901626,24181.66779191983
FCCD_k3_nc7_rf3_ra1,1e-5,2.6500000000000004e-4,15.272259144942698,1.3965818745733098,3.088600932600108
FCCD_k4_nc7_rf3_ra1,1e-5,5.006666666666667e-4,25.63916169977603,1.8202778085451758,6.031121957795082
FCCD_k5_nc7_rf3_ra1,1e-5,9.776190476190477e-4,45.37528663546603,2.246505643759666,9.300789395765358
FCCD_k6_nc7_rf3_ra1,1e-5,9.75357142857143e-4,48.236435811402004,2.7945884186717245,12.530866844803827
FCCD_k7_nc7_rf3_ra1,1e-5,9.736111111111112e-4,20.68139094343088,3084.622261754639,14072.893739422017
FCCD_k8_nc7_rf3_ra1,1e-5,9.722222222222224e-4,7.758373580779044,8232.381569574127,20596.25412391375
FCCD_k9_nc7_rf3_ra1,1e-5,9.710909090909092e-4,2.8774870092732523,15450.8377064951,26510.699756038877
FCCD_k10_nc7_rf3_ra1,1e-5,9.701515151515152e-4,1.1104518399096552,24743.15866375484,35061.64999341764
RCCD_k3_nc7_rf3_ra1,1e-5,3.179705627484772e-4,23.745980942081413,0.5535975045689951,0.5027441580678526
RCCD_k4_nc7_rf3_ra1,1e-5,5.966666666666667e-4,44.95119169476196,0.4731909963961291,0.4270102169171368
RCCD_k5_nc7_rf3_ra1,1e-5,0.0011474135916642496,87.58420851539731,0.382082198058914,0.3381763051755138
RCCD_k6_nc7_rf3_ra1,1e-5,0.0012753571428571432,102.67670578204711,0.3926400515438141,0.28534674163481755
RCCD_k7_nc7_rf3_ra1,1e-5,0.001507608866384941,49.76983625762073,1990.2641350053234,9279.269046425306
RCCD_k8_nc7_rf3_ra1,1e-5,0.0019322222222222225,21.953120718622007,4140.622663323062,10599.506929280637
RCCD_k9_nc7_rf3_ra1,1e-5,0.0027142351829024455,10.198126711919866,5526.6797371624825,9669.207012620183
RCCD_k10_nc7_rf3_ra1,1e-5,0.004164090909090911,5.358364136429088,5763.763536136963,7574.8197331076835
SCCD_k3_nc7_rf3_ra1,1e-5,3.2500000000000004e-4,24.445329423359208,0.5376814558966034,0.4590273202349334
SCCD_k4_nc7_rf3_ra1,1e-5,5.966666666666667e-4,44.95119169476196,0.4731909963961291,0.4524489713101623
SCCD_k5_nc7_rf3_ra1,1e-5,0.001110952380952381,83.127971228966,0.4046155986918788,0.4386176417296605
SCCD_k6_nc7_rf3_ra1,1e-5,0.0011467857142857143,91.18736306623231,0.44942437803295593,0.43237034086944537
SCCD_k7_nc7_rf3_ra1,1e-5,0.0011836111111111112,40.25246781942431,2535.077552069474,13731.591694274272
SCCD_k8_nc7_rf3_ra1,1e-5,0.0012211111111111112,15.499765143445835,6551.868423514632,18767.83419671453
SCCD_k9_nc7_rf3_ra1,1e-5,0.0012590909090909091,5.8977426510715105,11913.79383861924,21095.070045183402
SCCD_k10_nc7_rf3_ra1,1e-5,0.001297424242424243,2.3364609450727367,18498.585314576525,24647.11368006683
FCCD_k3_nc10_rf3_ra1,1e-5,2.68e-4,15.693464418890947,1.3625622102532837,3.05918910137571
FCCD_k4_nc10_rf3_ra1,1e-5,5.026666666666667e-4,26.039892675313844,1.7973416973372618,5.672627084449845
FCCD_k5_nc10_rf3_ra1,1e-5,9.79047619047619e-4,45.814681726979195,2.2299744960958923,9.284908458934037
FCCD_k6_nc10_rf3_ra1,1e-5,9.764285714285714e-4,48.54577625479404,2.78203280873909,12.816512668828878
FCCD_k7_nc10_rf3_ra1,1e-5,9.744444444444446e-4,20.77516198439834,3081.9773060577954,15164.268972672926
FCCD_k8_nc10_rf3_ra1,1e-5,9.72888888888889e-4,7.784370143775727,8226.735050260517,20795.344601854395
FCCD_k9_nc10_rf3_ra1,1e-5,9.716363636363636e-4,2.8848645242128077,15442.159839339964,26962.861632223005
FCCD_k10_nc10_rf3_ra1,1e-5,9.706060606060607e-4,1.1126920362575126,24731.56793509865,33486.96572894758
RCCD_k3_nc10_rf3_ra1,1e-5,3.2097056274847717e-4,24.606495078613346,0.4963671074067145,0.5035471275273585
RCCD_k4_nc10_rf3_ra1,1e-5,5.986666666666667e-4,46.03276966646164,0.4196292816503698,0.45525375580888466
RCCD_k5_nc10_rf3_ra1,1e-5,0.001148842163092821,89.05707253050687,0.3327439177563299,0.334839151610324
RCCD_k6_nc10_rf3_ra1,1e-5,0.0012764285714285716,103.83958654926003,0.3541436722750456,0.28455036278054063
RCCD_k7_nc10_rf3_ra1,1e-5,0.001508442199718274,50.110740849206195,1989.142577395046,9225.75797509914
RCCD_k8_nc10_rf3_ra1,1e-5,0.0019328888888888892,22.035657041202217,4139.184685834424,10523.390877942447
RCCD_k9_nc10_rf3_ra1,1e-5,0.0027147806374479004,10.219037585436274,5525.56515398301,9049.316435578261
RCCD_k10_nc10_rf3_ra1,1e-5,0.0041645454545454555,5.364765743975229,5763.132473234194,7686.278773678677
SCCD_k3_nc10_rf3_ra1,1e-5,3.28e-4,25.33292551907731,0.48054461497423967,0.4594707038383345
SCCD_k4_nc10_rf3_ra1,1e-5,5.986666666666667e-4,46.03276966646164,0.4196292816503698,0.4388386645807405
SCCD_k5_nc10_rf3_ra1,1e-5,0.0011123809523809526,84.55169034129882,0.3532036846273301,0.4200296689740141
SCCD_k6_nc10_rf3_ra1,1e-5,0.001147857142857143,92.35618549663454,0.3994406274687357,0.44588062174936616
SCCD_k7_nc10_rf3_ra1,1e-5,0.0011844444444444446,40.655576183986966,2533.245321917767,11335.930026716507
SCCD_k8_nc10_rf3_ra1,1e-5,0.0012217777777777778,15.62460180849166,6548.245428909269,15704.774320009305
SCCD_k9_nc10_rf3_ra1,1e-5,0.0012596363636363638,5.936808577677072,11908.587449260529,20255.210400358043
SCCD_k10_nc10_rf3_ra1,1e-5,0.0012978787878787882,2.349418815959051,18492.059718654225,25161.791718971443
FCCD_k3_nc1_rf1_ra2,1e-5,1.17e-4,8.598310820089809,1.4390699748315914,1.814745639240494
FCCD_k4_nc1_rf1_ra2,1e-5,1.9266666666666667e-4,13.685751413726335,1.4817855922170362,3.12301857989098
FCCD_k5_nc1_rf1_ra2,1e-5,3.4904761904761905e-4,22.974764040940766,1.5493951016771963,4.570720817073934
FCCD_k6_nc1_rf1_ra2,1e-5,3.4607142857142855e-4,23.629305645174774,1.9597995513552113,6.275051113958994
FCCD_k7_nc1_rf1_ra2,1e-5,3.4361111111111116e-4,9.869921818317081,8733.070015818697,47603.358143855134
FCCD_k8_nc1_rf1_ra2,1e-5,3.415555555555556e-4,3.6185865446923757,23424.783375011673,60235.71941659225
FCCD_k9_nc1_rf1_ra2,1e-5,3.3981818181818185e-4,1.3151409093750452,44143.98969308661,73624.8624705143
FCCD_k10_nc1_rf1_ra2,1e-5,3.383333333333334e-4,0.4984502838078412,70938.84405477125,104425.61522431229
RCCD_k3_nc1_rf1_ra2,1e-5,2.229411254969543e-4,13.591856785175475,1.9446710481930436,0.9781587762094547
RCCD_k4_nc1_rf1_ra2,1e-5,3.8466666666666673e-4,24.252587262313874,1.8040744224718923,0.9846187150383376
RCCD_k5_nc1_rf1_ra2,1e-5,6.886367071380227e-4,44.93067146401137,1.4281086808210468,0.7921134199495553
RCCD_k6_nc1_rf1_ra2,1e-5,9.460714285714289e-4,53.695477293801545,1.1077979036090237,0.5629473666526155
RCCD_k7_nc1_rf1_ra2,1e-5,0.0014116066216587702,28.565705979608552,2126.1114407541327,9531.382082665114
RCCD_k8_nc1_rf1_ra2,1e-5,0.0022615555555555557,14.401980211465913,3538.130732409603,9036.301272065883
RCCD_k9_nc1_rf1_ra2,1e-5,0.003826106729441255,7.865802679819692,3921.0490143913507,6944.248133578994
RCCD_k10_nc1_rf1_ra2,1e-5,0.006726212121212124,4.902904828873187,3568.5811295972508,4705.060890432601
SCCD_k3_nc1_rf1_ra2,1e-5,2.3700000000000001e-4,14.136161185981654,1.9301184051552,0.9985888662184872
SCCD_k4_nc1_rf1_ra2,1e-5,3.8466666666666673e-4,24.252587262313874,1.8040744224718923,0.9762512074958438
SCCD_k5_nc1_rf1_ra2,1e-5,6.157142857142858e-4,41.81022046988643,1.651605673213209,0.9537543464089835
SCCD_k6_nc1_rf1_ra2,1e-5,6.889285714285715e-4,45.35334880656768,1.7793087167994497,0.9471392641056391
SCCD_k7_nc1_rf1_ra2,1e-5,7.636111111111114e-4,20.824720142836284,3930.508477575072,17637.955271047653
SCCD_k8_nc1_rf1_ra2,1e-5,8.393333333333335e-4,8.487381800130143,9533.162744598332,22201.10798198532
SCCD_k9_nc1_rf1_ra2,1e-5,9.158181818181818e-4,3.4549188855108666,16380.510863277928,27693.282709034254
SCCD_k10_nc1_rf1_ra2,1e-5,9.928787878787882e-4,1.4730887435489102,24173.71522077707,32196.188148010122
FCCD_k3_nc3_rf1_ra2,1e-5,1.1900000000000002e-4,8.866128299695205,1.3655373420145038,1.8133755124308626
FCCD_k4_nc3_rf1_ra2,1e-5,1.94e-4,13.861678259110523,1.4570055366348038,3.1629525182655245
FCCD_k5_nc3_rf1_ra2,1e-5,3.5000000000000005e-4,23.126529295941012,1.5375147745256723,4.844394836023738
FCCD_k6_nc3_rf1_ra2,1e-5,3.4678571428571435e-4,23.7216727571679,1.9526180776677444,6.982145795624955
FCCD_k7_nc3_rf1_ra2,1e-5,3.4416666666666667e-4,9.895989322909228,8718.971942741056,42190.816539692285
FCCD_k8_nc3_rf1_ra2,1e-5,3.420000000000001e-4,3.62558934079984,23394.341716933694,62272.03644766917
FCCD_k9_nc3_rf1_ra2,1e-5,3.401818181818182e-4,1.3171177979038735,44096.80251065051,80893.87421361136
FCCD_k10_nc3_rf1_ra2,1e-5,3.386363636363637e-4,0.49905730367578893,70875.3647393964,97576.29888606
RCCD_k3_nc3_rf1_ra2,1e-5,2.2494112549695429e-4,15.15307643219339,1.06038690159338,0.5800255036881447
RCCD_k4_nc3_rf1_ra2,1e-5,3.8600000000000006e-4,26.09497703372511,0.9712758003497468,0.5248729450474119
RCCD_k5_nc3_rf1_ra2,1e-5,6.895890880904037e-4,47.08770317404848,0.8083163674089551,0.41278590857385433
RCCD_k6_nc3_rf1_ra2,1e-5,9.467857142857147e-4,54.97424175836523,0.8551144140165232,0.5671325136404115
RCCD_k7_nc3_rf1_ra2,1e-5,0.001412162177214326,28.875062300268286,2125.193858966572,10651.64837593779
RCCD_k8_nc3_rf1_ra2,1e-5,0.002262,14.479232165581918,3537.405667045538,9041.602397140487
RCCD_k9_nc3_rf1_ra2,1e-5,0.003826470365804891,7.8895796814055945,3920.662538706556,6735.60550165404
RCCD_k10_nc3_rf1_ra2,1e-5,0.006726515151515154,4.912271206804748,3568.4124743930197,5022.759279436215
SCCD_k3_nc3_rf1_ra2,1e-5,2.39e-4,15.777368068659198,1.0416051462832188,0.5695206002565862
SCCD_k4_nc3_rf1_ra2,1e-5,3.8600000000000006e-4,26.09497703372511,0.9712758003497468,0.5196738832838248
SCCD_k5_nc3_rf1_ra2,1e-5,6.166666666666668e-4,44.054710581374835,0.8523936234646341,0.42370578247306984
SCCD_k6_nc3_rf1_ra2,1e-5,6.896428571428571e-4,47.167310075833335,1.00236406706604,0.5785910144778562
SCCD_k7_nc3_rf1_ra2,1e-5,7.641666666666669e-4,21.47097939994507,3926.891260034852,19034.777254617034
SCCD_k8_nc3_rf1_ra2,1e-5,8.39777777777778e-4,8.697836487616897,9527.369298494448,23910.259080698124
SCCD_k9_nc3_rf1_ra2,1e-5,9.161818181818183e-4,3.5249621444190007,16373.27031413453,26485.761842772405
SCCD_k10_nc3_rf1_ra2,1e-5,9.931818181818184e-4,1.4979641746991352,24165.607779430025,32287.59896329416
FCCD_k3_nc5_rf1_ra2,1e-5,1.21e-4,9.076403582788423,1.322734047707865,1.8296517668906933
FCCD_k4_nc5_rf1_ra2,1e-5,1.9533333333333336e-4,14.011000978831428,1.4395835262664967,3.070907943591269
FCCD_k5_nc5_rf1_ra2,1e-5,3.50952380952381e-4,23.26066421850725,1.5283517208899018,4.454633957480139
FCCD_k6_nc5_rf1_ra2,1e-5,3.4750000000000004e-4,23.80524573453715,1.9467834895554168,6.674562461748551
FCCD_k7_nc5_rf1_ra2,1e-5,3.4472222222222223e-4,9.920069760499796,8704.920052294065,45048.73366500896
FCCD_k8_nc5_rf1_ra2,1e-5,3.424444444444445e-4,3.6321645176007307,23363.979532809873,55590.712536682484
FCCD_k9_nc5_rf1_ra2,1e-5,3.405454545454546e-4,1.3189975706731003,44049.71640024002,78580.03504153239
FCCD_k10_nc5_rf1_ra2,1e-5,3.389393939393939e-4,0.49964015739201606,70811.9991385804,96805.0139340494
RCCD_k3_nc5_rf1_ra2,1e-5,2.2694112549695428e-4,15.943623991454114,0.8811156778128855,0.5768699971684301
RCCD_k4_nc5_rf1_ra2,1e-5,3.873333333333334e-4,26.998833726781083,0.8046520932134404,0.5264512878159794
RCCD_k5_nc5_rf1_ra2,1e-5,6.905414690427846e-4,48.19107935865542,0.6659694919215855,0.41532589263900727
RCCD_k6_nc5_rf1_ra2,1e-5,9.475000000000003e-4,55.752920326349305,0.7669405873438931,0.5633003691794646
RCCD_k7_nc5_rf1_ra2,1e-5,0.0014127177327698812,29.09994761156932,2124.3165072796955,9881.01588945626
RCCD_k8_nc5_rf1_ra2,1e-5,0.0022624444444444445,14.541927955970984,3536.691409012777,9197.116697827923
RCCD_k9_nc5_rf1_ra2,1e-5,0.0038268340021685274,7.910077235694151,3920.279799201381,6990.809748141697
RCCD_k10_nc5_rf1_ra2,1e-5,0.0067268181818181845,4.920620649491783,3568.2454959112647,4672.932667850685
SCCD_k3_nc5_rf1_ra2,1e-5,2.4100000000000003e-4,16.60418876999431,0.8638576738435444,0.5705521152954331
SCCD_k4_nc5_rf1_ra2,1e-5,3.873333333333334e-4,26.998833726781083,0.8046520932134404,0.5260944056296231
SCCD_k5_nc5_rf1_ra2,1e-5,6.176190476190478e-4,45.139272170618426,0.6924568108860343,0.4221511953689482
SCCD_k6_nc5_rf1_ra2,1e-5,6.90357142857143e-4,48.03553420017077,0.8468752803419125,0.5799281799584294
SCCD_k7_nc5_rf1_ra2,1e-5,7.647222222222223e-4,21.77906463747508,3923.886901310828,22114.151772503097
SCCD_k8_nc5_rf1_ra2,1e-5,8.402222222222225e-4,8.79793705320612,9522.180321054639,23348.621587071986
SCCD_k9_nc5_rf1_ra2,1e-5,9.165454545454546e-4,3.5582298891516415,16366.626592401022,28663.056117917367
SCCD_k10_nc5_rf1_ra2,1e-5,9.934848484848488e-4,1.5097672211246107,24158.09052262186,33186.955916600884
FCCD_k3_nc7_rf1_ra2,1e-5,1.23e-4,9.250278013106268,1.2947265988103416,1.8508943565817464
FCCD_k4_nc7_rf1_ra2,1e-5,1.9666666666666669e-4,14.140903649675819,1.4266659168408982,2.983237438223433
FCCD_k5_nc7_rf1_ra2,1e-5,3.5190476190476193e-4,23.380914824807366,1.5210693516567828,4.777998490717319
FCCD_k6_nc7_rf1_ra2,1e-5,3.4821428571428574e-4,23.881577973750215,1.9419493500789924,6.7524962219180695
FCCD_k7_nc7_rf1_ra2,1e-5,3.452777777777778e-4,9.942462899912517,8690.913958463003,45419.774365109086
FCCD_k8_nc7_rf1_ra2,1e-5,3.4288888888888894e-4,3.638368306030818,23333.69642559015,61857.21951893967
FCCD_k9_nc7_rf1_ra2,1e-5,3.4090909090909094e-4,1.3207915383097686,44002.73098946183,71026.57457662714
FCCD_k10_nc7_rf1_ra2,1e-5,3.3924242424242425e-4,0.5002013698988901,70748.74691732337,92737.37464132985
RCCD_k3_nc7_rf1_ra2,1e-5,2.289411254969543e-4,16.487603399340166,0.804035123730009,0.5800743953251088
RCCD_k4_nc7_rf1_ra2,1e-5,3.886666666666667e-4,27.611252063270765,0.7332353831048039,0.5156356194105184
RCCD_k5_nc7_rf1_ra2,1e-5,6.914938499951657e-4,48.94460627996958,0.6027858917463564,0.41610236092170766
RCCD_k6_nc7_rf1_ra2,1e-5,9.482142857142861e-4,56.31688515008989,0.7220745704696828,0.5599250457115171
RCCD_k7_nc7_rf1_ra2,1e-5,0.001413273288325437,29.277134083004295,2123.4561926830856,10293.525147558417
RCCD_k8_nc7_rf1_ra2,1e-5,0.002262888888888889,14.594756626461276,3535.98324215706,8426.938558684977
RCCD_k9_nc7_rf1_ra2,1e-5,0.0038271976385321634,7.92810331568772,3919.8995157230984,7221.8913212780235
RCCD_k10_nc7_rf1_ra2,1e-5,0.0067271212121212155,4.928155378678818,3568.079720031829,4857.15356892028
SCCD_k3_nc7_rf1_ra2,1e-5,2.4300000000000002e-4,17.172350206256834,0.787675555840696,0.5680423309120217
SCCD_k4_nc7_rf1_ra2,1e-5,3.886666666666667e-4,27.611252063270765,0.7332353831048039,0.5238513529782596
SCCD_k5_nc7_rf1_ra2,1e-5,6.185714285714287e-4,45.868249548050706,0.6239028180108748,0.42242372555016744
SCCD_k6_nc7_rf1_ra2,1e-5,6.910714285714287e-4,48.616174047789414,0.7802270265255363,0.5876173652198987
SCCD_k7_nc7_rf1_ra2,1e-5,7.652777777777779e-4,21.984876066706857,3920.9737068797385,18848.65297293394
SCCD_k8_nc7_rf1_ra2,1e-5,8.40666666666667e-4,8.864789991739569,9517.082331215457,24137.96809840813
SCCD_k9_nc7_rf1_ra2,1e-5,9.16909090909091e-4,3.5804482620480407,16360.072620577173,28244.46501806567
SCCD_k10_nc7_rf1_ra2,1e-5,9.937878787878792e-4,1.5176506291804124,24150.661508463247,31626.915467928426
FCCD_k3_nc10_rf1_ra2,1e-5,1.26e-4,9.465996039729719,1.267130653507587,1.8239297026729024
FCCD_k4_nc10_rf1_ra2,1e-5,1.9866666666666668e-4,14.308982673888899,1.4125345194007473,3.110033470555675
FCCD_k5_nc10_rf1_ra2,1e-5,3.533333333333334e-4,23.540876680206345,1.512574440975328,4.817232335163302
FCCD_k6_nc10_rf1_ra2,1e-5,3.4928571428571436e-4,23.984991709655386,1.9360752196217845,6.531925600083206
FCCD_k7_nc10_rf1_ra2,1e-5,3.4611111111111116e-4,9.97339295796522,8669.98995303913,43135.80622581116
FCCD_k8_nc10_rf1_ra2,1e-5,3.4355555555555555e-4,3.6470755331111793,23288.41922228159,61766.44870830905
FCCD_k9_nc10_rf1_ra2,1e-5,3.414545454545455e-4,1.3233418311796628,43932.440892785475,72849.28689138933
FCCD_k10_nc10_rf1_ra2,1e-5,3.396969696969697e-4,0.501007223334027,70654.08044993195,99063.73488340602
RCCD_k3_nc10_rf1_ra2,1e-5,2.3194112549695427e-4,17.085040183255888,0.7461258064130528,0.5810699672593138
RCCD_k4_nc10_rf1_ra2,1e-5,3.906666666666667e-4,28.275632894849657,0.6796702515142441,0.5209692594308226
RCCD_k5_nc10_rf1_ra2,1e-5,6.929224214237371e-4,49.76389403789766,0.5545028759889457,0.4099202833831142
RCCD_k6_nc10_rf1_ra2,1e-5,9.492857142857147e-4,56.95122668084552,0.6849709426624967,0.5662937263049828
RCCD_k7_nc10_rf1_ra2,1e-5,0.00141410662165877,29.48833022293934,2122.181422856393,10286.804839402545
RCCD_k8_nc10_rf1_ra2,1e-5,0.0022635555555555555,14.661184179416557,3534.9277567502536,8763.003594487465
RCCD_k9_nc10_rf1_ra2,1e-5,0.003827743093077618,7.951646811504914,3919.332144125698,6800.031213377583
RCCD_k10_nc10_rf1_ra2,1e-5,0.00672757575757576,4.938241555713434,3567.8326623069024,4667.156104312019
SCCD_k3_nc10_rf1_ra2,1e-5,2.46e-4,17.795878209551937,0.7305370852146374,0.5686060081418354
SCCD_k4_nc10_rf1_ra2,1e-5,3.906666666666667e-4,28.275632894849657,0.6796702515142441,0.5190923667380507
SCCD_k5_nc10_rf1_ra2,1e-5,6.200000000000002e-4,46.653884464185865,0.5724835191142973,0.4263235837726043
SCCD_k6_nc10_rf1_ra2,1e-5,6.921428571428571e-4,49.23936768489441,0.730236811926196,0.5803097484757705
SCCD_k7_nc10_rf1_ra2,1e-5,7.661111111111114e-4,22.20576798922609,3916.6606203688502,18316.72825439174
SCCD_k8_nc10_rf1_ra2,1e-5,8.413333333333336e-4,8.936583846950553,9509.493512415593,22476.756379714214
SCCD_k9_nc10_rf1_ra2,1e-5,9.174545454545455e-4,3.6043246299666287,16350.29890762565,28275.08373915475
SCCD_k10_nc10_rf1_ra2,1e-5,9.942424242424246e-4,1.5261271396350085,24139.57352655712,33135.02419148196
FCCD_k3_nc1_rf2_ra2,1e-5,1.9700000000000002e-4,13.207526129688992,1.1004462580288938,1.667706028055172
FCCD_k4_nc1_rf2_ra2,1e-5,3.526666666666667e-4,22.117488194193083,1.1895011108517046,3.04463215366689
FCCD_k5_nc1_rf2_ra2,1e-5,6.69047619047619e-4,38.431317466966135,1.322138331962485,4.708440341009746
FCCD_k6_nc1_rf2_ra2,1e-5,6.660714285714286e-4,40.23949326106566,1.6426668518806307,5.942843984270576
FCCD_k7_nc1_rf2_ra2,1e-5,6.636111111111112e-4,17.01057297689188,4522.636837474932,19115.22522779167
FCCD_k8_nc1_rf2_ra2,1e-5,6.615555555555555e-4,6.297474584243403,12094.880281126992,32319.891657776618
FCCD_k9_nc1_rf2_ra2,1e-5,6.598181818181819e-4,2.3076974905245025,22735.930228281934,40159.38811123684
FCCD_k10_nc1_rf2_ra2,1e-5,6.583333333333334e-4,0.8809390625949368,36458.28729601665,50711.257812357035
RCCD_k3_nc1_rf2_ra2,1e-5,3.029411254969544e-4,19.254060499001174,1.6904520507826395,0.967012001174183
RCCD_k4_nc1_rf2_ra2,1e-5,5.446666666666667e-4,36.632947399305046,1.5720602364333744,0.9821575464001919
RCCD_k5_nc1_rf2_ra2,1e-5,0.0010086367071380227,71.3903400452169,1.198722866910023,0.7783766612855129
RCCD_k6_nc1_rf2_ra2,1e-5,0.001266071428571429,86.5899874871467,0.7542603092611383,0.3507009998285577
RCCD_k7_nc1_rf2_ra2,1e-5,0.0017316066216587702,44.70392990502882,1733.012616275803,8440.545158915658
RCCD_k8_nc1_rf2_ra2,1e-5,0.0025815555555555557,21.418531363222765,3099.3224144303995,7779.602181513937
RCCD_k9_nc1_rf2_ra2,1e-5,0.004146106729441255,11.011269868332965,3618.190981122293,6227.566249945692
RCCD_k10_nc1_rf2_ra2,1e-5,0.007046212121212124,6.455344790974441,3406.336634463495,4915.030499012357
SCCD_k3_nc1_rf2_ra2,1e-5,3.17e-4,19.91109618527931,1.6948652143258578,0.99893137194275194
SCCD_k4_nc1_rf2_ra2,1e-5,5.446666666666667e-4,36.632947399305046,1.5720602364333744,0.9881791141221232
SCCD_k5_nc1_rf2_ra2,1e-5,9.357142857142859e-4,66.7028905739144,1.4568046278839486,0.9888547046683601
SCCD_k6_nc1_rf2_ra2,1e-5,0.0010089285714285714,73.61284902132861,1.5044626379486241,0.9091077743113193
SCCD_k7_nc1_rf2_ra2,1e-5,0.0010836111111111114,33.34391389430402,2770.0283944195708,13532.602386648974
SCCD_k8_nc1_rf2_ra2,1e-5,0.0011593333333333336,13.265476914744067,6902.008255318584,17267.844886851482
SCCD_k9_nc1_rf2_ra2,1e-5,0.001235818181818182,5.2399292510132,12139.15585364699,22345.224501970246
SCCD_k10_nc1_rf2_ra2,1e-5,0.0013128787878787882,2.161468868416708,18281.815946796803,24292.454353425182
FCCD_k3_nc3_rf2_ra2,1e-5,1.99e-4,13.597394326846095,1.038920502370404,1.6773274461672354
FCCD_k4_nc3_rf2_ra2,1e-5,3.5400000000000004e-4,22.394911252240938,1.1667541397670924,2.99430248485128
FCCD_k5_nc3_rf2_ra2,1e-5,6.7e-4,38.68248755777071,1.3107025175418467,4.731223256573109
FCCD_k6_nc3_rf2_ra2,1e-5,6.667857142857144e-4,40.395349196786036,1.6357224361370586,6.785187978011443
FCCD_k7_nc3_rf2_ra2,1e-5,6.641666666666667e-4,17.054050760294388,4518.850759283149,21807.582115330228
FCCD_k8_nc3_rf2_ra2,1e-5,6.62e-4,6.308879781480038,12086.75834773311,30365.628953149106
FCCD_k9_nc3_rf2_ra2,1e-5,6.601818181818182e-4,2.310821594307773,22723.405855098386,38478.91775509185
FCCD_k10_nc3_rf2_ra2,1e-5,6.586363636363636e-4,0.8818677746456186,36441.512585937926,49057.57326352791
RCCD_k3_nc3_rf2_ra2,1e-5,3.0494112549695433e-4,21.456147458020403,0.8186655585517811,0.3349596585807325
RCCD_k4_nc3_rf2_ra2,1e-5,5.46e-4,39.41548175613935,0.7394835276521068,0.32566057884440563
RCCD_k5_nc3_rf2_ra2,1e-5,0.0010095890880904037,74.71763078055689,0.6129157507994305,0.2907468257897637
RCCD_k6_nc3_rf2_ra2,1e-5,0.0012667857142857147,88.37173944817474,0.5646251027669043,0.3013490068644369
RCCD_k7_nc3_rf2_ra2,1e-5,0.0017321621772143259,45.065687987539754,1732.411029198673,8608.642445349853
RCCD_k8_nc3_rf2_ra2,1e-5,0.002582,21.494614949190638,3098.7757591683217,7948.792528211519
RCCD_k9_nc3_rf2_ra2,1e-5,0.004146470365804891,11.031467298320784,3617.868597113335,6212.344866230317
RCCD_k10_nc3_rf2_ra2,1e-5,0.007046515151515154,6.462396826765089,3406.1875931175487,4730.34603126112
SCCD_k3_nc3_rf2_ra2,1e-5,3.19e-4,22.22261344162171,0.8064782755580789,0.3327176367553125
SCCD_k4_nc3_rf2_ra2,1e-5,5.46e-4,39.41548175613935,0.7394835276521068,0.322313694643751
SCCD_k5_nc3_rf2_ra2,1e-5,9.366666666666668e-4,70.28283281555515,0.6580013237268891,0.3300366926786126
SCCD_k6_nc3_rf2_ra2,1e-5,0.0010096428571428572,76.55640255849434,0.7279042966825706,0.3175717910864848
SCCD_k7_nc3_rf2_ra2,1e-5,0.0010841666666666669,34.377836942594804,2767.8490832431235,12579.183718039258
SCCD_k8_nc3_rf2_ra2,1e-5,0.001159777777777778,13.593984630505272,6898.615174920587,17249.380114943044
SCCD_k9_nc3_rf2_ra2,1e-5,0.0012361818181818183,5.345988030811694,12134.84602806359,22543.380131328813
SCCD_k10_nc3_rf2_ra2,1e-5,0.0013131818181818186,2.1979014416919127,18276.865623093672,23870.348562082392
FCCD_k3_nc5_rf2_ra2,1e-5,2.0100000000000003e-4,13.9069121285087,1.0021950204773789,1.6620144748226304
FCCD_k4_nc5_rf2_ra2,1e-5,3.5533333333333337e-4,22.631241241125274,1.1506351319478516,2.9850660601578274
FCCD_k5_nc5_rf2_ra2,1e-5,6.709523809523811e-4,38.904752802804005,1.3018593944298102,4.830881758593903
FCCD_k6_nc5_rf2_ra2,1e-5,6.675e-4,40.53648906517712,1.6300702253850825,6.702680195240783
FCCD_k7_nc5_rf2_ra2,1e-5,6.647222222222224e-4,17.094153886755638,4515.0717316136925,20495.371709390885
FCCD_k8_nc5_rf2_ra2,1e-5,6.624444444444445e-4,6.319549936419405,12078.647758385063,29928.85716105299
FCCD_k9_nc5_rf2_ra2,1e-5,6.605454545454546e-4,2.3137770514257334,22710.895564253766,40699.88295781465
FCCD_k10_nc5_rf2_ra2,1e-5,6.58939393939394e-4,0.88275414684466,36424.75350770651,50002.75714931779
RCCD_k3_nc5_rf2_ra2,1e-5,3.0694112549695433e-4,22.573495053075106,0.6409824628703543,0.3349328810163245
RCCD_k4_nc5_rf2_ra2,1e-5,5.473333333333334e-4,40.78064999345351,0.5728776050839612,0.291648024418554
RCCD_k5_nc5_rf2_ra2,1e-5,0.0010105414690427846,76.4445400662106,0.473629770611526,0.22531134167350084
RCCD_k6_nc5_rf2_ra2,1e-5,0.0012675000000000004,89.51822120582342,0.4898953230248866,0.30011379104707875
RCCD_k7_nc5_rf2_ra2,1e-5,0.0017327177327698814,45.34824111886911,1731.8282346323977,8709.785564439439
RCCD_k8_nc5_rf2_ra2,1e-5,0.002582444444444445,21.56059806024531,3098.2326660117146,7310.0945859183585
RCCD_k9_nc5_rf2_ra2,1e-5,0.004146834002168528,11.04989218003272,3617.547152143063,6209.179074311835
RCCD_k10_nc5_rf2_ra2,1e-5,0.0070468181818181845,6.468994672046632,3406.038893550119,4660.839517536697
SCCD_k3_nc5_rf2_ra2,1e-5,3.2100000000000005e-4,23.38716602869422,0.6287409762969925,0.3289454517791886
SCCD_k4_nc5_rf2_ra2,1e-5,5.473333333333334e-4,40.78064999345351,0.5728776050839612,0.29144804081607967
SCCD_k5_nc5_rf2_ra2,1e-5,9.376190476190478e-4,72.01291572483694,0.4980972548246956,0.25829931149226265
SCCD_k6_nc5_rf2_ra2,1e-5,0.001010357142857143,77.96546225545745,0.5724464602028887,0.3109689757332251
SCCD_k7_nc5_rf2_ra2,1e-5,0.0010847222222222224,34.87045103509255,2766.279593161171,13063.622776364644
SCCD_k8_nc5_rf2_ra2,1e-5,0.0011602222222222224,13.750061876397648,6895.8229221343945,17312.18252342356
SCCD_k9_nc5_rf2_ra2,1e-5,0.0012365454545454546,5.396286363194022,12131.129649282702,21528.885343210884
SCCD_k10_nc5_rf2_ra2,1e-5,0.0013134848484848487,2.215158116933947,18272.5026152632,24941.20058695965
FCCD_k3_nc7_rf2_ra2,1e-5,2.0300000000000003e-4,14.164615212305346,0.9777899633402433,1.6523873603816055
FCCD_k4_nc7_rf2_ra2,1e-5,3.566666666666667e-4,22.837377883457147,1.1386155724677718,2.9437714670737067
FCCD_k5_nc7_rf2_ra2,1e-5,6.719047619047619e-4,39.10420336125549,1.2948170103234364,4.441329880313898
FCCD_k6_nc7_rf2_ra2,1e-5,6.682142857142858e-4,40.66549269695943,1.6253802335374845,7.122052533868322
FCCD_k7_nc7_rf2_ra2,1e-5,6.652777777777778e-4,17.1313881618953,4511.29957865183,22183.98374204865
FCCD_k8_nc7_rf2_ra2,1e-5,6.62888888888889e-4,6.329581180807089,12070.548404321273,31090.017724282425
FCCD_k9_nc7_rf2_ra2,1e-5,6.60909090909091e-4,2.316583414578069,22698.399283176495,37355.96704164689
FCCD_k10_nc7_rf2_ra2,1e-5,6.592424242424243e-4,0.8836025861441311,36408.01000852404,49082.733666502514
RCCD_k3_nc7_rf2_ra2,1e-5,3.089411254969543e-4,23.342772141935388,0.5644862351562543,0.33489260604661397
RCCD_k4_nc7_rf2_ra2,1e-5,5.486666666666667e-4,41.70565057492916,0.5014658130580449,0.2916529412578506
RCCD_k5_nc7_rf2_ra2,1e-5,0.0010114938499951656,77.62902044327556,0.41121515005680837,0.22526665553449057
RCCD_k6_nc7_rf2_ra2,1e-5,0.0012682142857142861,90.36831429683421,0.4499177763561238,0.30070272614114374
RCCD_k7_nc7_rf2_ra2,1e-5,0.001733273288325437,45.580468440096126,1731.2549864420873,8786.067807139418
RCCD_k8_nc7_rf2_ra2,1e-5,0.0025828888888888893,21.618891049067273,3097.6919875877165,7484.5592052767415
RCCD_k9_nc7_rf2_ra2,1e-5,0.004147197638532164,11.06683658321907,3617.226435179997,6116.5109598939325
RCCD_k10_nc7_rf2_ra2,1e-5,0.0070471212121212155,6.475194465072184,3405.8904762167454,4617.906922888329
SCCD_k3_nc7_rf2_ra2,1e-5,3.23e-4,24.18741121859035,0.5525617155384445,0.329728041874448
SCCD_k4_nc7_rf2_ra2,1e-5,5.486666666666667e-4,41.70565057492916,0.5014658130580449,0.29163377889111275
SCCD_k5_nc7_rf2_ra2,1e-5,9.385714285714287e-4,73.17581234469968,0.4295522903714314,0.26300875183151234
SCCD_k6_nc7_rf2_ra2,1e-5,0.0010110714285714287,78.90782589137793,0.5058067413370279,0.3113839602354132
SCCD_k7_nc7_rf2_ra2,1e-5,0.0010852777777777779,35.199326771695105,2764.798555875593,13585.55262773535
SCCD_k8_nc7_rf2_ra2,1e-5,0.001160666666666667,13.854179016241538,6893.11833178889,17373.52784766707
SCCD_k9_nc7_rf2_ra2,1e-5,0.001236909090909091,5.4298279587550224,12127.499945958576,21894.8877110583
SCCD_k10_nc7_rf2_ra2,1e-5,0.0013137878787878791,2.226663963662515,18268.22528030544,24561.932802168725
FCCD_k3_nc10_rf2_ra2,1e-5,2.0600000000000002e-4,14.486107175842312,0.9534474337781741,1.6943706627515251
FCCD_k4_nc10_rf2_ra2,1e-5,3.586666666666667e-4,23.104730541876986,1.1253996714153647,3.038587899291499
FCCD_k5_nc10_rf2_ra2,1e-5,6.733333333333333e-4,39.369767479976716,1.2865860126564528,4.3481378215550865
FCCD_k6_nc10_rf2_ra2,1e-5,6.692857142857144e-4,40.84039105820452,1.6196727568680236,7.055832200002942
FCCD_k7_nc10_rf2_ra2,1e-5,6.661111111111112e-4,17.18271255326605,4505.653958912995,21998.408221583766
FCCD_k8_nc10_rf2_ra2,1e-5,6.635555555555556e-4,6.343597708690596,12058.420252550479,30927.701434301758
FCCD_k9_nc10_rf2_ra2,1e-5,6.614545454545455e-4,2.320548416487364,22679.680995593742,39188.08083191652
FCCD_k10_nc10_rf2_ra2,1e-5,6.596969696969697e-4,0.8848121788418583,36382.92387011301,49905.33403871159
RCCD_k3_nc10_rf2_ra2,1e-5,3.1194112549695434e-4,24.187902747650124,0.5069769179319487,0.3348692606003536
RCCD_k4_nc10_rf2_ra2,1e-5,5.506666666666668e-4,42.70914453248602,0.4479033189357398,0.2913964365908324
RCCD_k5_nc10_rf2_ra2,1e-5,0.0010129224214237371,78.92002770781103,0.36327250693704816,0.2251761560202238
RCCD_k6_nc10_rf2_ra2,1e-5,0.0012692857142857148,91.33914223605571,0.4157958068400138,0.3021975730856105
RCCD_k7_nc10_rf2_ra2,1e-5,0.00173410662165877,45.86647642146993,1730.4049519154046,8774.636948734917
RCCD_k8_nc10_rf2_ra2,1e-5,0.002583555555555556,21.695357428288904,3096.884080614377,6758.185469065776
RCCD_k9_nc10_rf2_ra2,1e-5,0.004147743093077618,11.089956423539402,3616.7464109275124,6124.042879861034
RCCD_k10_nc10_rf2_ra2,1e-5,0.00704757575757576,6.483846976367395,3405.668281551344,4572.953705143154
SCCD_k3_nc10_rf2_ra2,1e-5,3.2600000000000006e-4,25.065642848391228,0.49542483696845296,0.3273630078799313
SCCD_k4_nc10_rf2_ra2,1e-5,5.506666666666668e-4,42.70914453248602,0.4479033189357398,0.2915738075313568
SCCD_k5_nc10_rf2_ra2,1e-5,9.400000000000002e-4,74.42911400377601,0.37813779561734673,0.2654913252669835
SCCD_k6_nc10_rf2_ra2,1e-5,0.001012142857142857,79.9192710637274,0.45582106942076767,0.31242112510938724
SCCD_k7_nc10_rf2_ra2,1e-5,0.0010861111111111115,35.55202411936222,2762.62866833883,12648.664308142043
SCCD_k8_nc10_rf2_ra2,1e-5,0.0011613333333333337,13.965833434866102,6889.113421878335,17121.769727421695
SCCD_k9_nc10_rf2_ra2,1e-5,0.0012374545454545455,5.465806159700198,12122.106911051671,20294.298952450925
SCCD_k10_nc10_rf2_ra2,1e-5,0.0013142424242424248,2.239009330031772,18261.860034448742,24341.435400277576
FCCD_k3_nc1_rf3_ra2,1e-5,2.77e-4,17.175537060585068,0.9777423956232127,1.6268055681797415
FCCD_k4_nc1_rf3_ra2,1e-5,5.126666666666667e-4,29.47627039107239,1.08747085576492,2.9151804191833777
FCCD_k5_nc1_rf3_ra2,1e-5,9.89047619047619e-4,52.09587142562887,1.2445859855936445,4.426975234915184
FCCD_k6_nc1_rf3_ra2,1e-5,9.860714285714286e-4,55.10239612404858,1.5347957611757306,6.773848674131386
FCCD_k7_nc1_rf3_ra2,1e-5,9.836111111111113e-4,23.467698524561193,3051.7826221013047,13303.36262604042
FCCD_k8_nc1_rf3_ra2,1e-5,9.815555555555556e-4,8.741481600908346,8152.373979963878,22693.799786814845
FCCD_k9_nc1_rf3_ra2,1e-5,9.79818181818182e-4,3.220035019564234,15311.239987382229,26197.114075189016
FCCD_k10_nc1_rf3_ra2,1e-5,9.783333333333334e-4,1.234767395839904,24534.00621457423,33183.821532957954
RCCD_k3_nc1_rf3_ra2,1e-5,3.829411254969544e-4,24.119623834724678,1.5916932320985082,0.9669007954855744
RCCD_k4_nc1_rf3_ra2,1e-5,7.046666666666667e-4,47.41984900486955,1.4871767527880526,0.9581774323725765
RCCD_k5_nc1_rf3_ra2,1e-5,0.0013286367071380228,94.78655588027284,1.1134816930501936,0.7095459428173282
RCCD_k6_nc1_rf3_ra2,1e-5,0.001586071428571429,115.8905086802158,0.6248469044244944,0.32822756854481044
RCCD_k7_nc1_rf3_ra2,1e-5,0.00205160662165877,58.985631075055885,1462.658875448802,6387.553041796265
RCCD_k8_nc1_rf3_ra2,1e-5,0.002901555555555556,27.480751987629876,2757.4415706243553,6694.624185163468
RCCD_k9_nc1_rf3_ra2,1e-5,0.004466106729441255,13.62528795658003,3358.871599548126,5852.000127973933
RCCD_k10_nc1_rf3_ra2,1e-5,0.007366212121212124,7.686008505363268,3258.2998680622027,4474.452698565201
SCCD_k3_nc1_rf3_ra2,1e-5,3.9700000000000005e-4,24.864783975496447,1.6057699951091275,0.9950329330279857
SCCD_k4_nc1_rf3_ra2,1e-5,7.046666666666667e-4,47.41984900486955,1.4871767527880526,0.9784024082741528
SCCD_k5_nc1_rf3_ra2,1e-5,0.0012557142857142858,88.7271509408971,1.3871855457644529,0.9417373422004183
SCCD_k6_nc1_rf3_ra2,1e-5,0.0013289285714285714,98.84810401701428,1.4072181049463526,0.9245584773412278
SCCD_k7_nc1_rf3_ra2,1e-5,0.0014036111111111113,44.59007463581026,2138.7452659944274,11249.134370265294
SCCD_k8_nc1_rf3_ra2,1e-5,0.0014793333333333338,17.57096582810558,5409.2254563895585,13531.637915912403
SCCD_k9_nc1_rf3_ra2,1e-5,0.001555818181818182,6.851081998540996,9642.58074586594,16774.220354468034
SCCD_k10_nc1_rf3_ra2,1e-5,0.0016328787878787882,2.7838429061800873,14699.26893491672,19151.70478834429
FCCD_k3_nc3_rf3_ra2,1e-5,2.79e-4,17.672950872855832,0.920005021437913,1.6306566508127094
FCCD_k4_nc3_rf3_ra2,1e-5,5.14e-4,29.842908272714382,1.0653762897950552,2.966637870805095
FCCD_k5_nc3_rf3_ra2,1e-5,9.9e-4,52.43511984366572,1.2332955673005779,4.5549969447906395
FCCD_k6_nc3_rf3_ra2,1e-5,9.867857142857143e-4,55.31515788209347,1.527928834611269,6.822832429994382
FCCD_k7_nc3_rf3_ra2,1e-5,9.841666666666668e-4,23.526988471812246,3050.056340185169,15372.747671177061
FCCD_k8_nc3_rf3_ra2,1e-5,9.82e-4,8.756936704622126,8148.681947946163,19869.07794728838
FCCD_k9_nc3_rf3_ra2,1e-5,9.801818181818182e-4,3.224227641621675,15305.558096185041,24878.553647306602
FCCD_k10_nc3_rf3_ra2,1e-5,9.786363636363636e-4,1.2359993307217367,24526.408253229325,33899.91396228534
RCCD_k3_nc3_rf3_ra2,1e-5,3.849411254969543e-4,26.871726464215786,0.726591392047578,0.33003137754291306
RCCD_k4_nc3_rf3_ra2,1e-5,7.06e-4,51.02127225104991,0.6548218680197234,0.33070049534997076
RCCD_k5_nc3_rf3_ra2,1e-5,0.0013295890880904038,99.14377215531186,0.5427725592885737,0.2818935411510693
RCCD_k6_nc3_rf3_ra2,1e-5,0.0015867857142857148,118.11328831155403,0.4594199247985167,0.2087489220365463
RCCD_k7_nc3_rf3_ra2,1e-5,0.002052162177214326,59.39824332606381,1462.228433682372,6340.231450539261
RCCD_k8_nc3_rf3_ra2,1e-5,0.002902,27.55942592577044,2757.010664052384,6479.134126065028
RCCD_k9_nc3_rf3_ra2,1e-5,0.004466470365804891,13.644314138169682,3358.5951988602146,5820.151759000341
RCCD_k10_nc3_rf3_ra2,1e-5,0.007366515151515154,7.692135187093227,3258.1644836575592,4312.41602633947
SCCD_k3_nc3_rf3_ra2,1e-5,3.99e-4,27.75118661543284,0.7175093193540827,0.3318197908050528
SCCD_k4_nc3_rf3_ra2,1e-5,7.06e-4,51.02127225104991,0.6548218680197234,0.32795927134276404
SCCD_k5_nc3_rf3_ra2,1e-5,0.0012566666666666668,93.48799664252326,0.5887906616576646,0.31796495818795
SCCD_k6_nc3_rf3_ra2,1e-5,0.0013296428571428574,102.79982613572601,0.6310457696422265,0.29212479278413084
SCCD_k7_nc3_rf3_ra2,1e-5,0.0014041666666666666,45.97195852062828,2137.139352574565,9994.156541346589
SCCD_k8_nc3_rf3_ra2,1e-5,0.001479777777777778,18.005733918652734,5406.85289757779,14173.980605529347
SCCD_k9_nc3_rf3_ra2,1e-5,0.0015561818181818183,6.989605908205413,9639.588822416477,17001.745991836196
SCCD_k10_nc3_rf3_ra2,1e-5,0.0016331818181818186,2.8307092906155176,14695.81020581409,20784.034983095484
FCCD_k3_nc5_rf3_ra2,1e-5,2.8100000000000005e-4,18.069366198069535,0.8852407028464047,1.6059129064314508
FCCD_k4_nc5_rf3_ra2,1e-5,5.153333333333334e-4,30.15562203228393,1.0496780038545301,3.0034050888911827
FCCD_k5_nc5_rf3_ra2,1e-5,9.909523809523812e-4,52.73545135393046,1.2245572640800781,4.082035017638465
FCCD_k6_nc5_rf3_ra2,1e-5,9.875e-4,55.507886709404566,1.5223362996422904,6.695950870035371
FCCD_k7_nc5_rf3_ra2,1e-5,9.847222222222223e-4,23.58164521366242,3048.3327216262987,16516.459230592638
FCCD_k8_nc5_rf3_ra2,1e-5,9.824444444444444e-4,8.771375485463144,8144.993698178619,21859.394897547023
FCCD_k9_nc5_rf3_ra2,1e-5,9.805454545454546e-4,3.2281856797692505,15299.880710374837,27978.517826500993
FCCD_k10_nc5_rf3_ra2,1e-5,9.78939393939394e-4,1.237172066723447,24518.815197754826,33946.53698475447
RCCD_k3_nc5_rf3_ra2,1e-5,3.869411254969544e-4,28.269707891711363,0.5497597999718508,0.3011073088020197
RCCD_k4_nc5_rf3_ra2,1e-5,7.073333333333334e-4,52.78831667387605,0.4882337116671043,0.25595367961871685
RCCD_k5_nc5_rf3_ra2,1e-5,0.0013305414690427848,101.42039996441328,0.40490411151202343,0.19861773670704244
RCCD_k6_nc5_rf3_ra2,1e-5,0.0015875000000000004,119.57929270126085,0.39062136099428263,0.20885349669666028
RCCD_k7_nc5_rf3_ra2,1e-5,0.002052717732769881,59.73036643858214,1461.810738406075,7275.003376035439
RCCD_k8_nc5_rf3_ra2,1e-5,0.002902444444444445,27.629472186144852,2756.5817347834504,6316.774139480275
RCCD_k9_nc5_rf3_ra2,1e-5,0.004466834002168528,13.66204882177961,3358.319243962938,5553.687746435949
RCCD_k10_nc5_rf3_ra2,1e-5,0.0073668181818181844,7.697971351608079,3258.029240320699,4495.467997821332
SCCD_k3_nc5_rf3_ra2,1e-5,4.0100000000000004e-4,29.205416195093257,0.5397821373920225,0.2761404757500231
SCCD_k4_nc5_rf3_ra2,1e-5,7.073333333333334e-4,52.78831667387605,0.4882337116671043,0.2574186434496533
SCCD_k5_nc5_rf3_ra2,1e-5,0.0012576190476190478,95.78906441483234,0.4289193238195948,0.24128087607171694
SCCD_k6_nc5_rf3_ra2,1e-5,0.001330357142857143,104.69172320778821,0.47561887032014083,0.26052017068470223
SCCD_k7_nc5_rf3_ra2,1e-5,0.0014047222222222224,46.630192756125055,2136.1421351983154,11031.864555246422
SCCD_k8_nc5_rf3_ra2,1e-5,0.0014802222222222226,18.212176336323484,5405.079785775259,14046.228640774343
SCCD_k9_nc5_rf3_ra2,1e-5,0.0015565454545454548,7.0552459640483765,9637.18897671304,16782.684484939175
SCCD_k10_nc5_rf3_ra2,1e-5,0.001633484848484849,2.8528854894828513,14692.93754273101,19677.075946080997
FCCD_k3_nc7_rf3_ra2,1e-5,2.8300000000000005e-4,18.400216050555592,0.8620134333322412,1.6252415171675219
FCCD_k4_nc7_rf3_ra2,1e-5,5.166666666666667e-4,30.428627141804068,1.0379496376684065,2.9927976282188116
FCCD_k5_nc7_rf3_ra2,1e-5,9.91904761904762e-4,53.00504231970452,1.2175936007397576,4.655783530382743
FCCD_k6_nc7_rf3_ra2,1e-5,9.882142857142858e-4,55.68408554899382,1.517693510195973,6.564148144934908
FCCD_k7_nc7_rf3_ra2,1e-5,9.852777777777778e-4,23.632361601674933,3046.611605507173,13985.451060605
FCCD_k8_nc7_rf3_ra2,1e-5,9.82888888888889e-4,8.7849305898689245,8141.3091409957815,20357.376646686083
FCCD_k9_nc7_rf3_ra2,1e-5,9.80909090909091e-4,3.2319362812753294,15294.20777538986,25642.467491630596
FCCD_k10_nc7_rf3_ra2,1e-5,9.792424242424244e-4,1.2382917552061714,24511.227012974046,32154.91704922208
RCCD_k3_nc7_rf3_ra2,1e-5,3.8894112549695437e-4,29.232486891994572,0.4735767292325058,0.30020275504847815
RCCD_k4_nc7_rf3_ra2,1e-5,7.086666666666667e-4,53.98563771039003,0.41682681859026005,0.259401909821692
RCCD_k5_nc7_rf3_ra2,1e-5,0.0013314938499951656,102.98510936130683,0.34284920483635445,0.19780608006653402
RCCD_k6_nc7_rf3_ra2,1e-5,0.0015882142857142863,120.67862009357673,0.352925347947205,0.207122489299665
RCCD_k7_nc7_rf3_ra2,1e-5,0.002053273288325437,60.008669202145654,1461.4000219131792,6449.417551522005
RCCD_k8_nc7_rf3_ra2,1e-5,0.0029028888888888893,27.6926288179752,2756.1542475539995,7399.490527603497
RCCD_k9_nc7_rf3_ra2,1e-5,0.004467197638532164,13.67866020105052,3358.0436584248923,6027.345983579069
RCCD_k10_nc7_rf3_ra2,1e-5,0.0073671212121212155,7.7035439941637796,3257.894120217224,4397.49767576132
SCCD_k3_nc7_rf3_ra2,1e-5,4.03e-4,30.204727130605185,0.4636056748548747,0.2748096345727456
SCCD_k4_nc7_rf3_ra2,1e-5,7.086666666666667e-4,53.98563771039003,0.41682681859026005,0.25797147007391924
SCCD_k5_nc7_rf3_ra2,1e-5,0.0012585714285714288,97.33580690233015,0.3603833812951318,0.24209521957207417
SCCD_k6_nc7_rf3_ra2,1e-5,0.0013310714285714286,105.95704452484753,0.40898767921222406,0.25300676913427167
SCCD_k7_nc7_rf3_ra2,1e-5,0.0014052777777777779,47.06949401150321,2135.2325662921685,9877.228739451672
SCCD_k8_nc7_rf3_ra2,1e-5,0.001480666666666667,18.349802683881062,5403.393266391739,13834.588303535484
SCCD_k9_nc7_rf3_ra2,1e-5,0.001556909090909091,7.098979478307414,9634.874739834846,16767.654981936554
SCCD_k10_nc7_rf3_ra2,1e-5,0.001633787878787879,2.867655788723748,14690.14959882611,20317.28335128682
FCCD_k3_nc10_rf3_ra2,1e-5,2.86e-4,18.813768715714527,0.8387451298539468,1.642042506802684
FCCD_k4_nc10_rf3_ra2,1e-5,5.186666666666667e-4,30.782992695689426,1.0250316351794233,3.0342666123841613
FCCD_k5_nc10_rf3_ra2,1e-5,9.933333333333333e-4,53.364109677558965,1.2094492620211301,4.488458539991549
FCCD_k6_nc10_rf3_ra2,1e-5,9.892857142857145e-4,55.92302742133922,1.5120406428151232,5.752400906108562
FCCD_k7_nc10_rf3_ra2,1e-5,9.861111111111112e-4,23.702215933301204,3044.0343735621104,14968.148014685117
FCCD_k8_nc10_rf3_ra2,1e-5,9.835555555555557e-4,8.803837758111621,8135.789082000781,20042.340926062076
FCCD_k9_nc10_rf3_ra2,1e-5,9.814545454545456e-4,3.237221866332456,15285.70662497998,28703.033292968565
FCCD_k10_nc10_rf3_ra2,1e-5,9.796969696969698e-4,1.2398830753759496,24499.853803004527,32492.77377036916
RCCD_k3_nc10_rf3_ra2,1e-5,3.9194112549695433e-4,30.290374059513997,0.4162816532529497,0.29831648410164424
RCCD_k4_nc10_rf3_ra2,1e-5,7.106666666666667e-4,55.28457243966435,0.36326693202098354,0.2562062349610909
RCCD_k5_nc10_rf3_ra2,1e-5,0.0013329224214237371,104.69251282730806,0.2950664507333929,0.20109625961261882
RCCD_k6_nc10_rf3_ra2,1e-5,0.001589285714285715,121.94357534776995,0.3202436634444142,0.2082110435253259
RCCD_k7_nc10_rf3_ra2,1e-5,0.00205410662165877,60.35692634188677,1460.7914957834982,7228.304527497591
RCCD_k8_nc10_rf3_ra2,1e-5,0.002903555555555556,27.777110651478857,2755.514993891823,7549.486464395208
RCCD_k9_nc10_rf3_ra2,1e-5,0.004467743093077618,13.701764680844581,3357.6308490282577,5869.684472545498
RCCD_k10_nc10_rf3_ra2,1e-5,0.00736757575757576,7.711459191665922,3257.691639633686,4378.6599271627865
SCCD_k3_nc10_rf3_ra2,1e-5,4.0600000000000006e-4,31.301429056635346,0.4064702978031354,0.27440811499768386
SCCD_k4_nc10_rf3_ra2,1e-5,7.106666666666667e-4,55.28457243966435,0.36326693202098354,0.2588039312416684
SCCD_k5_nc10_rf3_ra2,1e-5,0.00126,99.00282520646441,0.308973681643676,0.2454767157244908
SCCD_k6_nc10_rf3_ra2,1e-5,0.0013321428571428573,107.31514647892558,0.35900653998588083,0.25621770905135527
SCCD_k7_nc10_rf3_ra2,1e-5,0.0014061111111111112,47.540417421181125,2133.9184087317185,10220.817447344658
SCCD_k8_nc10_rf3_ra2,1e-5,0.0014813333333333336,18.497274128496922,5400.913491165509,13584.683934802173
SCCD_k9_nc10_rf3_ra2,1e-5,0.0015574545454545457,7.145838968323865,9631.452937957436,17334.539196720725
SCCD_k10_nc10_rf3_ra2,1e-5,0.0016342424242424248,2.883483333698993,14686.016683050366,20252.017622515577
FCCD_k3_nc1_rf1_ra3,1e-5,1.35e-4,10.116676641686505,1.179352226936849,1.319242806927687
FCCD_k4_nc1_rf1_ra3,1e-5,2.0866666666666668e-4,15.605865243857624,1.1756353612642727,2.102583984832747
FCCD_k5_nc1_rf1_ra3,1e-5,3.633333333333334e-4,25.601254083161212,1.1814215153924152,3.184379225619475
FCCD_k6_nc1_rf1_ra3,1e-5,3.589285714285715e-4,26.05669165323234,1.5133419607704663,4.719758404153564
FCCD_k7_nc1_rf1_ra3,1e-5,3.552777777777778e-4,10.817781309734702,8445.839424527969,41668.98063009441
FCCD_k8_nc1_rf1_ra3,1e-5,3.5222222222222225e-4,3.946972188568958,22714.8567584458,55570.38683110683
FCCD_k9_nc1_rf1_ra3,1e-5,3.4963636363636365e-4,1.4286033238100362,42903.76175394864,79048.85159559514
FCCD_k10_nc1_rf1_ra3,1e-5,3.4742424242424245e-4,0.5394856542829113,69081.91631622787,97585.63919697558
RCCD_k3_nc1_rf1_ra3,1e-5,2.939116882454314e-4,16.33071104672877,1.8848016277174264,0.9724146259865446
RCCD_k4_nc1_rf1_ra3,1e-5,4.966666666666666e-4,28.332500725105717,1.7617098262046018,0.9766530129826174
RCCD_k5_nc1_rf1_ra3,1e-5,8.727169654689389e-4,51.33864506389928,1.3627330724038016,0.7816017943256995
RCCD_k6_nc1_rf1_ra3,1e-5,0.0012589285714285719,61.28749157970334,1.036373981631203,0.5501537662623696
RCCD_k7_nc1_rf1_ra3,1e-5,0.0019572710435992666,33.367065223377175,1533.5734556066693,7233.6687757004565
RCCD_k8_nc1_rf1_ra3,1e-5,0.0032322222222222227,17.355196150800925,2475.7877412776497,5896.911568243597
RCCD_k9_nc1_rf1_ra3,1e-5,0.005579069185070974,9.80734669495571,2689.2103462671607,4669.370629983241
RCCD_k10_nc1_rf1_ra3,1e-5,0.009929242424242427,6.320910498863076,2417.533568662393,3181.9258565866394
SCCD_k3_nc1_rf1_ra3,1e-5,3.15e-4,17.02679235637457,1.8729966123018158,0.989576896308943
SCCD_k4_nc1_rf1_ra3,1e-5,4.966666666666666e-4,28.332500725105717,1.7617098262046018,0.9631090934402287
SCCD_k5_nc1_rf1_ra3,1e-5,7.633333333333335e-4,47.49560982547348,1.6219298659908927,0.9592087690579266
SCCD_k6_nc1_rf1_ra3,1e-5,8.732142857142858e-4,51.18457655830471,1.7480490221829872,0.9093267792753155
SCCD_k7_nc1_rf1_ra3,1e-5,9.852777777777778e-4,23.844934570270617,3046.600726955022,15932.196403160828
SCCD_k8_nc1_rf1_ra3,1e-5,0.0010988888888888893,9.916427990941031,7281.834691499456,19925.230903555403
SCCD_k9_nc1_rf1_ra3,1e-5,0.0012136363636363638,4.129973545484641,12361.227878174303,21469.959934652976
SCCD_k10_nc1_rf1_ra3,1e-5,0.0013292424242424248,1.8032780560582935,18056.939159653524,25231.721966291498
FCCD_k3_nc3_rf1_ra3,1e-5,1.37e-4,10.36161143211423,1.1318177510217624,1.3027160636276482
FCCD_k4_nc3_rf1_ra3,1e-5,2.1e-4,15.751852702290973,1.162006244195912,2.1450947958829105
FCCD_k5_nc3_rf1_ra3,1e-5,3.6428571428571434e-4,25.720526510022925,1.1754048827529546,2.9931473693087884
FCCD_k6_nc3_rf1_ra3,1e-5,3.596428571428572e-4,26.127745562694752,1.5097908253719534,4.2861667360411
FCCD_k7_nc3_rf1_ra3,1e-5,3.558333333333334e-4,10.83796511058539,8432.653501639366,41454.24273928531
FCCD_k8_nc3_rf1_ra3,1e-5,3.526666666666667e-4,3.9524894839150857,22686.231396109953,60014.88531592878
FCCD_k9_nc3_rf1_ra3,1e-5,3.5000000000000005e-4,1.430195600196704,42859.1873425461,78255.41428107242
FCCD_k10_nc3_rf1_ra3,1e-5,3.4772727272727277e-4,0.53998586563599,69021.71512857478,92451.736029717
RCCD_k3_nc3_rf1_ra3,1e-5,2.959116882454314e-4,18.203091802044906,1.0012851137555847,0.5248725770437459
RCCD_k4_nc3_rf1_ra3,1e-5,4.98e-4,30.484638527043,0.9290666096257317,0.4940308361273999
RCCD_k5_nc3_rf1_ra3,1e-5,8.736693464213197e-4,53.745847839734836,0.775195461813664,0.3988016537769908
RCCD_k6_nc3_rf1_ra3,1e-5,0.0012596428571428576,62.65693786528544,0.8158823004230478,0.5479858353973588
RCCD_k7_nc3_rf1_ra3,1e-5,0.0019578265991548223,33.703930389061654,1533.06806544349,6535.165099600292
RCCD_k8_nc3_rf1_ra3,1e-5,0.0032326666666666667,17.44326961966156,2475.4205974869924,6508.043935355888
RCCD_k9_nc3_rf1_ra3,1e-5,0.00557943282143461,9.835886678119964,2689.0221911810177,4692.422286021481
RCCD_k10_nc3_rf1_ra3,1e-5,0.009929545454545458,6.332695384616423,2417.4522372822644,3161.442112086796
SCCD_k3_nc3_rf1_ra3,1e-5,3.17e-4,19.00346931559933,0.9846065631886046,0.5264541480550833
SCCD_k4_nc3_rf1_ra3,1e-5,4.98e-4,30.484638527043,0.9290666096257317,0.4855573718661128
SCCD_k5_nc3_rf1_ra3,1e-5,7.642857142857145e-4,50.045026422425366,0.8229064560036046,0.4001540543533372
SCCD_k6_nc3_rf1_ra3,1e-5,8.739285714285715e-4,53.231492528685784,0.9713269161441868,0.5620351787918942
SCCD_k7_nc3_rf1_ra3,1e-5,9.858333333333336e-4,24.584470656413753,3044.1240863726252,14262.767043663353
SCCD_k8_nc3_rf1_ra3,1e-5,0.0010993333333333337,10.162047820757591,7278.142695700909,18531.153472287308
SCCD_k9_nc3_rf1_ra3,1e-5,0.0012140000000000002,4.213573709777342,12356.78634067609,21183.810454122024
SCCD_k10_nc3_rf1_ra3,1e-5,0.001329545454545455,1.833670929343511,18052.092063655648,24435.49073712915
FCCD_k3_nc5_rf1_ra3,1e-5,1.3900000000000002e-4,10.56342890458795,1.1009616465425032,1.3095617689702848
FCCD_k4_nc5_rf1_ra3,1e-5,2.1133333333333334e-4,15.881051339803754,1.1515204948662467,2.198132124482816
FCCD_k5_nc5_rf1_ra3,1e-5,3.652380952380953e-4,25.82966908664415,1.1704120557241624,3.355171954557531
FCCD_k6_nc5_rf1_ra3,1e-5,3.603571428571429e-4,26.193937165612887,1.5067254186318673,4.181085516353807
FCCD_k7_nc5_rf1_ra3,1e-5,3.563888888888889e-4,10.857078051850115,8419.508946050622,41736.390868021546
FCCD_k8_nc5_rf1_ra3,1e-5,3.531111111111111e-4,3.9577806771503266,22657.67824763438,53574.21460068579
FCCD_k9_nc5_rf1_ra3,1e-5,3.503636363636364e-4,1.4317372879578412,42814.705556517336,69756.54429386009
FCCD_k10_nc5_rf1_ra3,1e-5,3.480303030303031e-4,0.5404736413351479,68961.61884357098,94094.28754052887
RCCD_k3_nc5_rf1_ra3,1e-5,2.979116882454314e-4,19.15202722617063,0.8217624547466095,0.530582664985491
RCCD_k4_nc5_rf1_ra3,1e-5,4.993333333333333e-4,31.540501404746053,0.762455350413345,0.4852168421107534
RCCD_k5_nc5_rf1_ra3,1e-5,8.746217273737008e-4,54.99155396830176,0.636471126093427,0.3940819758543249
RCCD_k6_nc5_rf1_ra3,1e-5,0.0012603571428571434,63.51168964947686,0.7346176580881684,0.5306808905706756
RCCD_k7_nc5_rf1_ra3,1e-5,0.0019583821547103776,33.95333573051808,1532.595678324034,6262.714322418936
RCCD_k8_nc5_rf1_ra3,1e-5,0.0032331111111111115,17.515430741922383,2475.0626048174786,6308.794842804083
RCCD_k9_nc5_rf1_ra3,1e-5,0.005579796457798246,9.860599327011586,2688.837369521159,4558.493953813468
RCCD_k10_nc5_rf1_ra3,1e-5,0.009929848484848488,6.343221840316094,2417.3724715351486,3226.8212876670286
SCCD_k3_nc5_rf1_ra3,1e-5,3.19e-4,19.99932747805683,0.8068689647518426,0.5125320978793756
SCCD_k4_nc5_rf1_ra3,1e-5,4.993333333333333e-4,31.540501404746053,0.762455350413345,0.49138920261349706
SCCD_k5_nc5_rf1_ra3,1e-5,7.652380952380954e-4,51.27700298178926,0.6629847551535745,0.39978138874751007
SCCD_k6_nc5_rf1_ra3,1e-5,8.746428571428571e-4,54.211286527564404,0.8158559577012234,0.5609816250189218
SCCD_k7_nc5_rf1_ra3,1e-5,9.86388888888889e-4,24.936868229964762,3042.257851193824,16941.87145700874
SCCD_k8_nc5_rf1_ra3,1e-5,0.001099777777777778,10.278762394900214,7275.0519429199,18125.76834540288
SCCD_k9_nc5_rf1_ra3,1e-5,0.0012143636363636365,4.25322408724318,12352.938389356354,21126.298108296647
SCCD_k10_nc5_rf1_ra3,1e-5,0.0013298484848484852,1.848065899281751,18047.832196461866,24504.249659314723
FCCD_k3_nc7_rf1_ra3,1e-5,1.41e-4,10.735564152587179,1.0793161035609802,1.3012218697399034
FCCD_k4_nc7_rf1_ra3,1e-5,2.1266666666666667e-4,15.997025661407049,1.143203079724148,2.13016137583932
FCCD_k5_nc7_rf1_ra3,1e-5,3.661904761904762e-4,25.930302055790385,1.1662021999825916,3.1949178588707694
FCCD_k6_nc7_rf1_ra3,1e-5,3.610714285714286e-4,26.255899588581254,1.5040524593094822,4.42452600916045
FCCD_k7_nc7_rf1_ra3,1e-5,3.5694444444444445e-4,10.87523738913804,8406.405522913423,41625.37960181443
FCCD_k8_nc7_rf1_ra3,1e-5,3.535555555555556e-4,3.962867093843597,22629.197019039064,56349.39140800203
FCCD_k9_nc7_rf1_ra3,1e-5,3.5072727272727274e-4,1.4332325739739942,42770.316097004696,81091.0618672249
FCCD_k10_nc7_rf1_ra3,1e-5,3.4833333333333336e-4,0.5409498979157653,68901.62717847797,91909.51971802709
RCCD_k3_nc7_rf1_ra3,1e-5,2.999116882454314e-4,19.805147449235648,0.7445315078764275,0.5339852081403041
RCCD_k4_nc7_rf1_ra3,1e-5,5.006666666666667e-4,32.25592170603803,0.6910420731890862,0.49116371458422037
RCCD_k5_nc7_rf1_ra3,1e-5,8.755741083260817e-4,55.84522255868687,0.57442855720693,0.3926522142445071
RCCD_k6_nc7_rf1_ra3,1e-5,0.001261071428571429,64.13712751855817,0.6923534692917696,0.5470299298650807
RCCD_k7_nc7_rf1_ra3,1e-5,0.0019589377102659333,34.151845509117535,1532.137759142607,6950.379690950076
RCCD_k8_nc7_rf1_ra3,1e-5,0.003233555555555556,17.576619270998325,2474.7098423381826,6193.936933455036
RCCD_k9_nc7_rf1_ra3,1e-5,0.005580160094161882,9.882402472845213,2688.6547537929864,4728.4899570749685
RCCD_k10_nc7_rf1_ra3,1e-5,0.009930151515151519,6.352735774397381,2417.2938334417577,3254.537435324849
SCCD_k3_nc7_rf1_ra3,1e-5,3.2100000000000005e-4,20.683651102356368,0.7306895745345471,0.5202203865051207
SCCD_k4_nc7_rf1_ra3,1e-5,5.006666666666667e-4,32.25592170603803,0.6910420731890862,0.49260232619098465
SCCD_k5_nc7_rf1_ra3,1e-5,7.661904761904764e-4,52.10507656009782,0.5944349280443819,0.39659509906257395
SCCD_k6_nc7_rf1_ra3,1e-5,8.75357142857143e-4,54.86655299929746,0.7492126180912596,0.5596965008838478
SCCD_k7_nc7_rf1_ra3,1e-5,9.869444444444446e-4,25.17216841955614,3040.480554097627,15706.0455347257
SCCD_k8_nc7_rf1_ra3,1e-5,0.0011002222222222225,10.35663410219938,7272.049208687864,17591.705573730545
SCCD_k9_nc7_rf1_ra3,1e-5,0.0012147272727272727,4.2796671559474655,12349.177232146809,21760.333762692182
SCCD_k10_nc7_rf1_ra3,1e-5,0.0013301515151515153,1.8576630719913512,18043.657930265315,24575.20210069242
FCCD_k3_nc10_rf1_ra3,1e-5,1.44e-4,10.954656797507017,1.0567464294212479,1.2871355647990494
FCCD_k4_nc10_rf1_ra3,1e-5,2.1466666666666666e-4,16.15153438974583,1.1335188418062596,2.119424950752798
FCCD_k5_nc10_rf1_ra3,1e-5,3.676190476190476e-4,26.067974010444317,1.1609949905021153,3.2073623435232888
FCCD_k6_nc10_rf1_ra3,1e-5,3.6214285714285716e-4,26.34201808150863,1.5006284374049075,4.815971267971437
FCCD_k7_nc10_rf1_ra3,1e-5,3.577777777777778e-4,10.900900628598341,8386.827021977733,37044.4027882346
FCCD_k8_nc10_rf1_ra3,1e-5,3.542222222222223e-4,3.97015240646396,22586.60939596291,53149.8290274312
FCCD_k9_nc10_rf1_ra3,1e-5,3.512727272727273e-4,1.4353964415321054,42703.90436908078,70785.84102233463
FCCD_k10_nc10_rf1_ra3,1e-5,3.4878787878787876e-4,0.5416444505357425,68811.83523824303,95697.56408697182
RCCD_k3_nc10_rf1_ra3,1e-5,3.029116882454314e-4,20.52254276834065,0.6864924685068231,0.533264710915874
RCCD_k4_nc10_rf1_ra3,1e-5,5.026666666666667e-4,33.03204899405162,0.6374787684652873,0.4884413487856025
RCCD_k5_nc10_rf1_ra3,1e-5,8.770026797546532e-4,56.77519976796111,0.5268221645939821,0.39429895370409035
RCCD_k6_nc10_rf1_ra3,1e-5,0.0012621428571428575,64.84523522567127,0.6569226634744525,0.5282897848128854
RCCD_k7_nc10_rf1_ra3,1e-5,0.0019597710435992665,34.39023399475624,1531.464286310989,8173.973992446617
RCCD_k8_nc10_rf1_ra3,1e-5,0.0032342222222222225,17.65396203969178,2474.18650652419,5843.6624421724055
RCCD_k9_nc10_rf1_ra3,1e-5,0.0055807055487073366,9.910961384496385,2688.383576562982,4334.823311866881
RCCD_k10_nc10_rf1_ra3,1e-5,0.009930606060606063,6.365489624462714,2417.1773861498255,3353.945590799498
SCCD_k3_nc10_rf1_ra3,1e-5,3.24e-4,21.434664515214628,0.6735525617089704,0.5176991817381078
SCCD_k4_nc10_rf1_ra3,1e-5,5.026666666666667e-4,33.03204899405162,0.6374787684652873,0.4921331581802824
SCCD_k5_nc10_rf1_ra3,1e-5,7.676190476190478e-4,52.99751706853665,0.5430178436747736,0.3985190808967243
SCCD_k6_nc10_rf1_ra3,1e-5,8.764285714285715e-4,55.569849697062054,0.6992250154188548,0.5675523787851111
SCCD_k7_nc10_rf1_ra3,1e-5,9.87777777777778e-4,25.42455913085873,3037.8671744368903,14250.057124110044
SCCD_k8_nc10_rf1_ra3,1e-5,0.001100888888888889,10.44016015016026,7267.597743831354,18915.505195055117
SCCD_k9_nc10_rf1_ra3,1e-5,0.0012152727272727274,4.308033906828768,12343.587236047602,21521.416595098155
SCCD_k10_nc10_rf1_ra3,1e-5,0.001330606060606061,1.867959664721124,18037.447154426725,24816.74447374711
FCCD_k3_nc1_rf2_ra3,1e-5,2.1500000000000002e-4,15.266816789305599,0.8603696255596901,1.1865768158228978
FCCD_k4_nc1_rf2_ra3,1e-5,3.686666666666667e-4,24.94445782969651,0.8953036463783178,1.9983457143205499
FCCD_k5_nc1_rf2_ra3,1e-5,6.833333333333333e-4,42.569567215413656,0.9593338251250408,3.256569165347409
FCCD_k6_nc1_rf2_ra3,1e-5,6.789285714285714e-4,44.13513245239302,1.2024726615365997,4.262134266125738
FCCD_k7_nc1_rf2_ra3,1e-5,6.752777777777778e-4,18.52873505024848,4444.013193997291,20420.504736079394
FCCD_k8_nc1_rf2_ra3,1e-5,6.722222222222224e-4,6.820463983523309,11902.395109036228,30118.340233072675
FCCD_k9_nc1_rf2_ra3,1e-5,6.696363636363638e-4,2.4871960740566537,22401.929486957524,39331.48013166953
FCCD_k10_nc1_rf2_ra3,1e-5,6.674242424242426e-4,0.9454323945476746,35960.96369026182,48153.22678529892
RCCD_k3_nc1_rf2_ra3,1e-5,3.7391168824543145e-4,22.51313526159257,1.6450644860179342,0.967088723261089
RCCD_k4_nc1_rf2_ra3,1e-5,6.566666666666667e-4,41.82252704336045,1.543611281033086,0.9775865852722726
RCCD_k5_nc1_rf2_ra3,1e-5,0.0011927169654689389,80.14527560959841,1.1228817921388374,0.7218023036647473
RCCD_k6_nc1_rf2_ra3,1e-5,0.0015789285714285718,97.34363185344094,0.6779076988927147,0.3136245844310585
RCCD_k7_nc1_rf2_ra3,1e-5,0.002277271043599267,51.29532889743977,1317.8431050901645,6907.994444530352
RCCD_k8_nc1_rf2_ra3,1e-5,0.0035522222222222227,25.344122252181943,2252.502250460719,5761.710214995031
RCCD_k9_nc1_rf2_ra3,1e-5,0.005899069185070974,13.509767428962926,2543.094578124114,4517.063804954334
RCCD_k10_nc1_rf2_ra3,1e-5,0.010249242424242428,8.216750935930966,2341.872224511769,3208.575358948365
SCCD_k3_nc1_rf2_ra3,1e-5,3.95e-4,23.337097436874267,1.6551991910808543,0.9898853990600661
SCCD_k4_nc1_rf2_ra3,1e-5,6.566666666666667e-4,41.82252704336045,1.543611281033086,0.9950300216880443
SCCD_k5_nc1_rf2_ra3,1e-5,0.0010833333333333333,74.41261746599139,1.436673465459201,0.9264254485325638
SCCD_k6_nc1_rf2_ra3,1e-5,0.0011932142857142857,81.71123154963405,1.484228763774615,0.9081190702740145
SCCD_k7_nc1_rf2_ra3,1e-5,0.0013052777777777778,37.39170717685869,2299.8481079986964,9917.70336548868
SCCD_k8_nc1_rf2_ra3,1e-5,0.0014188888888888892,15.10448342311828,5639.6837481809125,13472.677098817685
SCCD_k9_nc1_rf2_ra3,1e-5,0.001533636363636364,6.075532257031494,9782.101301197796,16207.415158048498
SCCD_k10_nc1_rf2_ra3,1e-5,0.0016492424242424248,2.5557442159162176,14553.48979820914,20490.007891132303
FCCD_k3_nc3_rf2_ra3,1e-5,2.1700000000000002e-4,15.607023256792486,0.8238424605506516,1.1574134834159977
FCCD_k4_nc3_rf2_ra3,1e-5,3.7000000000000005e-4,25.169077832192695,0.8833367719532197,2.0755697958970187
FCCD_k5_nc3_rf2_ra3,1e-5,6.842857142857143e-4,42.76463579662228,0.9536580533614449,3.203850896290901
FCCD_k6_nc3_rf2_ra3,1e-5,6.796428571428572e-4,44.25379208867495,1.1990989176939761,4.060305620478054
FCCD_k7_nc3_rf2_ra3,1e-5,6.758333333333333e-4,18.561766421622696,4440.359010778628,20098.911670590187
FCCD_k8_nc3_rf2_ra3,1e-5,6.726666666666667e-4,6.829182342299549,11894.530430835797,28641.945820926077
FCCD_k9_nc3_rf2_ra3,1e-5,6.7e-4,2.489610835262878,22389.770818177196,39139.13067783485
FCCD_k10_nc3_rf2_ra3,1e-5,6.677272727272727e-4,0.9461600980160875,35944.64370095033,51055.34643033652
RCCD_k3_nc3_rf2_ra3,1e-5,3.759116882454315e-4,25.078303952057322,0.7773932943512984,0.3287380560846943
RCCD_k4_nc3_rf2_ra3,1e-5,6.580000000000001e-4,44.998967263111595,0.7111899076592865,0.32601664250403745
RCCD_k5_nc3_rf2_ra3,1e-5,0.0011936693464213196,83.73467090081053,0.5858610178050939,0.28075529654754905
RCCD_k6_nc3_rf2_ra3,1e-5,0.0015796428571428576,99.1350068169646,0.527703165695791,0.2925940110236746
RCCD_k7_nc3_rf2_ra3,1e-5,0.0022778265991548223,51.661334671574245,1317.4863595742206,5736.449358766777
RCCD_k8_nc3_rf2_ra3,1e-5,0.0035526666666666666,25.425389327241433,2252.209756173324,5570.755842119281
RCCD_k9_nc3_rf2_ra3,1e-5,0.00589943282143461,13.532822736146969,2542.933412857079,4358.885445065628
RCCD_k10_nc3_rf2_ra3,1e-5,0.010249545454545457,8.225314233571101,2341.800644997364,3205.303407887216
SCCD_k3_nc3_rf2_ra3,1e-5,3.9700000000000005e-4,26.04616505528735,0.7669354336189587,0.3319802933008253
SCCD_k4_nc3_rf2_ra3,1e-5,6.580000000000001e-4,44.998967263111595,0.7111899076592865,0.324441877615183
SCCD_k5_nc3_rf2_ra3,1e-5,0.0010842857142857145,78.40590024809205,0.6380586393410506,0.31886166348469613
SCCD_k6_nc3_rf2_ra3,1e-5,0.0011939285714285715,84.97818042102165,0.7078927834564275,0.3180836972550775
SCCD_k7_nc3_rf2_ra3,1e-5,0.0013058333333333335,38.55068347172189,2298.109898406884,11454.927985781158
SCCD_k8_nc3_rf2_ra3,1e-5,0.0014193333333333339,15.478272759066948,5637.169813605376,13523.22455109116
SCCD_k9_nc3_rf2_ra3,1e-5,0.0015340000000000002,6.198382677185617,9779.043720678957,17693.347511544915
SCCD_k10_nc3_rf2_ra3,1e-5,0.0016495454545454552,2.598768316544708,14550.084930382285,19840.058217742717
FCCD_k3_nc5_rf2_ra3,1e-5,2.19e-4,15.89126342819201,0.7993789558942812,1.1817331657510577
FCCD_k4_nc5_rf2_ra3,1e-5,3.713333333333334e-4,25.368719292911766,0.8740446300908429,2.0757292313792037
FCCD_k5_nc5_rf2_ra3,1e-5,6.852380952380952e-4,42.9433855724543,0.9489342762927879,3.1317434236617916
FCCD_k6_nc5_rf2_ra3,1e-5,6.803571428571429e-4,44.364437931586274,1.1961808221792871,4.236702588729973
FCCD_k7_nc5_rf2_ra3,1e-5,6.763888888888889e-4,18.59300589051855,4436.711076883292,22009.79618381735
FCCD_k8_nc5_rf2_ra3,1e-5,6.731111111111112e-4,6.83751778152767,11886.676288001287,29861.03525181438
FCCD_k9_nc5_rf2_ra3,1e-5,6.703636363636364e-4,2.4919390534452432,22377.62543674928,38635.83177696116
FCCD_k10_nc5_rf2_ra3,1e-5,6.68030303030303e-4,0.9468663393077995,35928.3385835513,47015.198395583066
RCCD_k3_nc5_rf2_ra3,1e-5,3.7791168824543144e-4,26.382202909236433,0.5997269948576701,0.30550026191114815
RCCD_k4_nc5_rf2_ra3,1e-5,6.593333333333334e-4,46.55746333431573,0.5445964293859517,0.27408433651721376
RCCD_k5_nc5_rf2_ra3,1e-5,0.0011946217273737009,85.63370635180047,0.45223587655553965,0.21477477787682425
RCCD_k6_nc5_rf2_ra3,1e-5,0.0015803571428571431,100.33312199856051,0.46330798237104925,0.29057997704257377
RCCD_k7_nc5_rf2_ra3,1e-5,0.002278382154710378,51.95474498420303,1317.142803030167,6797.627924160626
RCCD_k8_nc5_rf2_ra3,1e-5,0.0035531111111111115,25.496756578077893,2251.919861556506,5736.865272062305
RCCD_k9_nc5_rf2_ra3,1e-5,0.005899796457798246,13.55397175958065,2542.772988703017,4312.887025971744
RCCD_k10_nc5_rf2_ra3,1e-5,0.010249848484848488,8.233345559742952,2341.729359453914,3215.655404492077
SCCD_k3_nc5_rf2_ra3,1e-5,3.99e-4,27.41104860941647,0.589208004462268,0.3025263074378731
SCCD_k4_nc5_rf2_ra3,1e-5,6.593333333333334e-4,46.55746333431573,0.5445964293859517,0.2751339148692238
SCCD_k5_nc5_rf2_ra3,1e-5,0.0010852380952380953,80.33585029654638,0.47816967611882844,0.21828526289333847
SCCD_k6_nc5_rf2_ra3,1e-5,0.0011946428571428572,86.54215865557254,0.5524527689718289,0.29988127593352687
SCCD_k7_nc5_rf2_ra3,1e-5,0.001306388888888889,39.10277200051371,2296.9806522939825,10219.39140513079
SCCD_k8_nc5_rf2_ra3,1e-5,0.001419777777777778,15.65577565050918,5635.255518322335,13397.39632939675
SCCD_k9_nc5_rf2_ra3,1e-5,0.0015343636363636364,6.256598421021034,9776.578286304342,16681.69718291562
SCCD_k10_nc5_rf2_ra3,1e-5,0.0016498484848484851,2.6191256079978595,14547.266082488706,19796.37012961295
FCCD_k3_nc7_rf2_ra3,1e-5,2.2100000000000003e-4,16.136006140284902,0.7818497938539913,1.1648312867282502
FCCD_k4_nc7_rf2_ra3,1e-5,3.726666666666667e-4,25.54852867187196,0.8666206065233897,1.9860622926205411
FCCD_k5_nc7_rf2_ra3,1e-5,6.861904761904763e-4,43.108390665452234,0.9449415062756289,3.221123950471363
FCCD_k6_nc7_rf2_ra3,1e-5,6.810714285714287e-4,44.468100696085564,1.19363190377325,4.428960412378981
FCCD_k7_nc7_rf2_ra3,1e-5,6.769444444444445e-4,18.622647682502798,4433.0693374543835,21130.95632696925
FCCD_k8_nc7_rf2_ra3,1e-5,6.735555555555556e-4,6.84550612889165,11878.832638562284,27973.59220683842
FCCD_k9_nc7_rf2_ra3,1e-5,6.707272727272728e-4,2.4941878472709242,22365.493308919667,40663.58426435859
FCCD_k10_nc7_rf2_ra3,1e-5,6.683333333333334e-4,0.9475526928714405,35912.04831135749,49905.81472121864
RCCD_k3_nc7_rf2_ra3,1e-5,3.799116882454315e-4,27.28035146412198,0.5231518659854933,0.3084179446854816
RCCD_k4_nc7_rf2_ra3,1e-5,6.606666666666667e-4,47.61347005497758,0.4731880684717918,0.2742971197755083
RCCD_k5_nc7_rf2_ra3,1e-5,0.0011955741083260816,86.94395857400897,0.39158006103905324,0.21451195425787678
RCCD_k6_nc7_rf2_ra3,1e-5,0.001581071428571429,101.23751360719585,0.4275272224537725,0.28824487018659173
RCCD_k7_nc7_rf2_ra3,1e-5,0.0022789377102659333,52.19994152086327,1316.8063637953987,6305.8783808248945
RCCD_k8_nc7_rf2_ra3,1e-5,0.003553555555555556,25.5604097144317,2251.631768071385,5637.514490405856
RCCD_k9_nc7_rf2_ra3,1e-5,0.005900160094161882,13.573510916544206,2542.61314255492,4408.969985966681
RCCD_k10_nc7_rf2_ra3,1e-5,0.010250151515151518,8.240908223257058,2341.658317327667,3120.37017834138
SCCD_k3_nc7_rf2_ra3,1e-5,4.0100000000000004e-4,28.348963044351883,0.5130314678653851,0.3035563238457095
SCCD_k4_nc7_rf2_ra3,1e-5,6.606666666666667e-4,47.61347005497758,0.4731880684717918,0.27102638677101776
SCCD_k5_nc7_rf2_ra3,1e-5,0.0010861904761904763,81.6331099625627,0.40962887581646945,0.21858413251002634
SCCD_k6_nc7_rf2_ra3,1e-5,0.001195357142857143,87.58814982189979,0.48581796281374195,0.29961322638325816
SCCD_k7_nc7_rf2_ra3,1e-5,0.0013069444444444448,39.471262681574316,2295.939223777688,12538.792221626223
SCCD_k8_nc7_rf2_ra3,1e-5,0.0014202222222222225,15.774120919126537,5633.427949227562,15477.22823529049
SCCD_k9_nc7_rf2_ra3,1e-5,0.001534727272727273,6.295387301950897,9774.198508739057,17745.106312066087
SCCD_k10_nc7_rf2_ra3,1e-5,0.0016501515151515155,2.6326838561953756,14544.531922809854,20784.73056963196
FCCD_k3_nc10_rf2_ra3,1e-5,2.24e-4,16.450067004941207,0.763239083547026,1.161964409836351
FCCD_k4_nc10_rf2_ra3,1e-5,3.746666666666667e-4,25.788863144883727,0.857916404811183,2.106793592007091
FCCD_k5_nc10_rf2_ra3,1e-5,6.876190476190477e-4,43.33439875979234,0.9399903962651996,2.91014284809013
FCCD_k6_nc10_rf2_ra3,1e-5,6.821428571428572e-4,44.612304910315224,1.1903607568211823,4.194331464963982
FCCD_k7_nc10_rf2_ra3,1e-5,6.777777777777778e-4,18.664467043884382,4427.618242592072,22913.678836675284
FCCD_k8_nc10_rf2_ra3,1e-5,6.742222222222222e-4,6.856904567539987,11867.086757583565,32403.36558282175
FCCD_k9_nc10_rf2_ra3,1e-5,6.712727272727273e-4,2.497425638526432,22347.319901010516,39990.31255862923
FCCD_k10_nc10_rf2_ra3,1e-5,6.687878787878788e-4,0.9485479710684692,35887.64067908264,51706.169812843356
RCCD_k3_nc10_rf2_ra3,1e-5,3.8291168824543145e-4,28.267322391936176,0.4655490481684472,0.3068954039406766
RCCD_k4_nc10_rf2_ra3,1e-5,6.626666666666668e-4,48.75909439870435,0.4196273990588446,0.2717066607084556
RCCD_k5_nc10_rf2_ra3,1e-5,0.0011970026797546531,88.3768620584637,0.34465623588659244,0.21571182208470444
RCCD_k6_nc10_rf2_ra3,1e-5,0.0015821428571428577,102.28284670537901,0.3962157404752944,0.28954849558304846
RCCD_k7_nc10_rf2_ra3,1e-5,0.002279771043599267,52.50606157698534,1316.309296038799,7458.282684797226
RCCD_k8_nc10_rf2_ra3,1e-5,0.0035542222222222225,25.644657718104586,2251.201972553711,5451.200543225361
RCCD_k9_nc10_rf2_ra3,1e-5,0.0059007055487073365,13.600295657389376,2542.374208970136,4487.4116075045595
RCCD_k10_nc10_rf2_ra3,1e-5,0.010250606060606062,8.25148622695233,2341.5521265720613,3232.7264140598904
SCCD_k3_nc10_rf2_ra3,1e-5,4.04e-4,29.378284896355517,0.45589604158509167,0.30379756945161457
SCCD_k4_nc10_rf2_ra3,1e-5,6.626666666666668e-4,48.75909439870435,0.4196273990588446,0.2729248554166997
SCCD_k5_nc10_rf2_ra3,1e-5,0.0010876190476190478,83.03123189330461,0.3582165943954898,0.21869549059869345
SCCD_k6_nc10_rf2_ra3,1e-5,0.0011964285714285716,88.71083064720548,0.43583490181816265,0.2991345337943325
SCCD_k7_nc10_rf2_ra3,1e-5,0.0013077777777777777,39.86632044242698,2294.4275832796848,10137.692819434444
SCCD_k8_nc10_rf2_ra3,1e-5,0.001420888888888889,15.90094763383558,5630.736844046533,12817.406202291939
SCCD_k9_nc10_rf2_ra3,1e-5,0.0015352727272727274,6.336951253369811,9770.678482767387,16799.486943792228
SCCD_k10_nc10_rf2_ra3,1e-5,0.001650606060606061,2.647211827990243,14540.479627546814,20361.177552642876
FCCD_k3_nc1_rf3_ra3,1e-5,2.95e-4,19.69687356695189,0.7433205205808648,1.102630471649743
FCCD_k4_nc1_rf3_ra3,1e-5,5.286666666666668e-4,33.099203872877766,0.796155928343397,1.873168603785618
FCCD_k5_nc1_rf3_ra3,1e-5,0.0010033333333333333,57.57911195484391,0.8829189580597648,3.223433251097971
FCCD_k6_nc1_rf3_ra3,1e-5,9.989285714285714e-4,60.317786466145726,1.0959877375441396,4.248268057681299
FCCD_k7_nc1_rf3_ra3,1e-5,9.952777777777779e-4,25.504433054168892,3015.5123676959824,12983.859450650982
FCCD_k8_nc1_rf3_ra3,1e-5,9.922222222222225e-4,9.443241394854638,8064.156699094436,19958.126077873727
FCCD_k9_nc1_rf3_ra3,1e-5,9.896363636363638e-4,3.4607382271554585,15158.679332468208,26617.46438291676
FCCD_k10_nc1_rf3_ra3,1e-5,9.874242424242426e-4,1.3211697116851817,24307.389736074234,34145.468363237385
RCCD_k3_nc1_rf3_ra3,1e-5,4.539116882454315e-4,27.76576001644168,1.5511006010556287,0.9558875423954553
RCCD_k4_nc1_rf3_ra3,1e-5,8.166666666666668e-4,53.48518935750771,1.4639985892360734,0.9390735791587084
RCCD_k5_nc1_rf3_ra3,1e-5,0.0015127169654689388,105.51225073677975,1.0303299090048814,0.6787925865895882
RCCD_k6_nc1_rf3_ra3,1e-5,0.0018989285714285718,129.25047088375865,0.5455873535770163,0.271286217512902
RCCD_k7_nc1_rf3_ra3,1e-5,0.002597271043599267,66.94855436528553,1155.4107248583541,6147.711146159794
RCCD_k8_nc1_rf3_ra3,1e-5,0.0038722222222222226,32.10694912218606,2066.2759970044617,5507.267440153018
RCCD_k9_nc1_rf3_ra3,1e-5,0.006219069185070974,16.511558708574718,2412.1632152559755,3847.175398614865
RCCD_k10_nc1_rf3_ra3,1e-5,0.010569242424242429,9.681181011786567,2270.9076753896284,2987.067335560309
SCCD_k3_nc1_rf3_ra3,1e-5,4.7500000000000005e-4,28.680481788087043,1.5738853915110431,0.9964184251734695
SCCD_k4_nc1_rf3_ra3,1e-5,8.166666666666668e-4,53.48518935750771,1.4639985892360734,0.9700016141448189
SCCD_k5_nc1_rf3_ra3,1e-5,0.0014033333333333335,98.14364947811974,1.370082665483879,0.9509275649539012
SCCD_k6_nc1_rf3_ra3,1e-5,0.001513214285714286,108.83410828631393,1.3907221797743992,0.8648974728680522
SCCD_k7_nc1_rf3_ra3,1e-5,0.0016252777777777778,49.45620346693522,1847.223095536283,8175.777685736621
SCCD_k8_nc1_rf3_ra3,1e-5,0.0017388888888888892,19.719792319284384,4602.006568902823,11227.621386211578
SCCD_k9_nc1_rf3_ra3,1e-5,0.001853636363636364,7.802155923599,8093.536522962063,14500.487119707484
SCCD_k10_nc1_rf3_ra3,1e-5,0.001969242424242425,3.2223362827716895,12188.711481805978,16313.008805250241
FCCD_k3_nc3_rf3_ra3,1e-5,2.97e-4,20.12276526370782,0.7101600342299,1.0964089934090386
FCCD_k4_nc3_rf3_ra3,1e-5,5.300000000000001e-4,33.39336421395535,0.7847116278228017,1.9992756356616823
FCCD_k5_nc3_rf3_ra3,1e-5,0.0010042857142857143,57.84148472176401,0.8773532932092513,2.7621044965335875
FCCD_k6_nc3_rf3_ra3,1e-5,9.996428571428571e-4,60.4791804537439,1.0926712792314417,4.065931142362915
FCCD_k7_nc3_rf3_ra3,1e-5,9.958333333333334e-4,25.54915570904358,3013.828602574921,12750.466701952055
FCCD_k8_nc3_rf3_ra3,1e-5,9.926666666666667e-4,9.45491386419918,8060.545259219288,19861.282202056376
FCCD_k9_nc3_rf3_ra3,1e-5,9.9e-4,3.463922991084051,15153.110850837613,27130.836094831033
FCCD_k10_nc3_rf3_ra3,1e-5,9.877272727272727e-4,1.3221135243980466,24299.931989063345,33841.618057808024
RCCD_k3_nc3_rf3_ra3,1e-5,4.559116882454315e-4,30.917584559105734,0.692794662794136,0.3259442696937232
RCCD_k4_nc3_rf3_ra3,1e-5,8.18e-4,57.54690285072776,0.6317989683329007,0.328255227850217
RCCD_k5_nc3_rf3_ra3,1e-5,0.0015136693464213198,110.12937138537811,0.5170061814089069,0.2757968939093558
RCCD_k6_nc3_rf3_ra3,1e-5,0.0018996428571428576,131.40262135862912,0.42207665646306386,0.20359772708916996
RCCD_k7_nc3_rf3_ra3,1e-5,0.0025978265991548222,67.34615228405282,1155.1389872660313,5627.653933392463
RCCD_k8_nc3_rf3_ra3,1e-5,0.0038726666666666666,32.187044124004125,2066.032361026248,5161.121532255098
RCCD_k9_nc3_rf3_ra3,1e-5,0.00621943282143461,16.532417589482996,2412.0197701833654,4108.409445496975
RCCD_k10_nc3_rf3_ra3,1e-5,0.010569545454545458,9.688397324819144,2270.841377788643,3188.1814512599385
SCCD_k3_nc3_rf3_ra3,1e-5,4.7700000000000005e-4,32.00960378297078,0.6857478648538549,0.3306675828419157
SCCD_k4_nc3_rf3_ra3,1e-5,8.18e-4,57.54690285072776,0.6317989683329007,0.3209869676668838
SCCD_k5_nc3_rf3_ra3,1e-5,0.0014042857142857143,103.40917724172833,0.5718760989013681,0.3111908323230185
SCCD_k6_nc3_rf3_ra3,1e-5,0.0015139285714285714,113.18446995083085,0.6147720229240349,0.2858372959041609
SCCD_k7_nc3_rf3_ra3,1e-5,0.0016258333333333335,50.98842481563738,1845.8323417801132,9495.053205704344
SCCD_k8_nc3_rf3_ra3,1e-5,0.0017393333333333338,20.207481740912772,4600.0829395347655,11062.871638794897
SCCD_k9_nc3_rf3_ra3,1e-5,0.0018540000000000002,7.959796507406854,8091.210638975885,14543.550124733913
SCCD_k10_nc3_rf3_ra3,1e-5,0.001969545454545455,3.2765347889078686,12186.105128440291,16385.678404459737
FCCD_k3_nc5_rf3_ra3,1e-5,2.99e-4,20.480315467354245,0.6877093677160878,1.1344286696481527
FCCD_k4_nc5_rf3_ra3,1e-5,5.313333333333334e-4,33.65519062307215,0.7757976054287026,1.9919704186457727
FCCD_k5_nc5_rf3_ra3,1e-5,0.0010052380952380953,58.082020322468864,0.8727166079568663,3.2811435681678516
FCCD_k6_nc5_rf3_ra3,1e-5,0.001000357142857143,60.62972293259674,1.089800816075112,4.172907354239176
FCCD_k7_nc5_rf3_ra3,1e-5,9.963888888888889e-4,25.591430616198764,3012.14695812125,13855.125917094027
FCCD_k8_nc5_rf3_ra3,1e-5,9.931111111111113e-4,9.466059500516701,8056.937199032958,20341.346853520718
FCCD_k9_nc5_rf3_ra3,1e-5,9.903636363636364e-4,3.4669879627102067,15147.546553786737,27154.142950428904
FCCD_k10_nc5_rf3_ra3,1e-5,9.88030303030303e-4,1.323027473176798,24292.478882038547,34597.17050785714
RCCD_k3_nc5_rf3_ra3,1e-5,4.579116882454315e-4,32.52253113348278,0.5162336322414333,0.22330467089216285
RCCD_k4_nc5_rf3_ra3,1e-5,8.193333333333335e-4,59.53987841914594,0.46522325310482493,0.1964892338941462
RCCD_k5_nc5_rf3_ra3,1e-5,0.0015146217273737006,112.59910011096818,0.3859315033511991,0.1745564652371622
RCCD_k6_nc5_rf3_ra3,1e-5,0.0019003571428571433,132.8891213495337,0.3653090707818147,0.20319315020688458
RCCD_k7_nc5_rf3_ra3,1e-5,0.002598382154710378,67.67586942435142,1154.8753011820793,6119.660146412704
RCCD_k8_nc5_rf3_ra3,1e-5,0.0038731111111111115,32.25935377847906,2065.7900235859493,4887.123175264438
RCCD_k9_nc5_rf3_ra3,1e-5,0.006219796457798246,16.551978476759647,2411.8766429524444,4215.107548062199
RCCD_k10_nc5_rf3_ra3,1e-5,0.010569848484848487,9.695289528748818,2270.775191953487,3010.7447217737817
SCCD_k3_nc5_rf3_ra3,1e-5,4.7900000000000004e-4,33.68693785297588,0.5080305503596,0.21898998880651463
SCCD_k4_nc5_rf3_ra3,1e-5,8.193333333333335e-4,59.53987841914594,0.46522325310482493,0.19847543587758254
SCCD_k5_nc5_rf3_ra3,1e-5,0.0014052380952380952,105.95432094694152,0.4120198611469981,0.18657931245105425
SCCD_k6_nc5_rf3_ra3,1e-5,0.0015146428571428574,115.2673649280476,0.4593629395171315,0.20765117288228724
SCCD_k7_nc5_rf3_ra3,1e-5,0.001626388888888889,51.7182047653457,1845.0498102663942,9490.57304282119
SCCD_k8_nc5_rf3_ra3,1e-5,0.001739777777777778,20.43898753212938,4598.758114915916,11761.19670014953
SCCD_k9_nc5_rf3_ra3,1e-5,0.0018543636363636366,8.034459043716902,8089.476102855527,14267.47132121563
SCCD_k10_nc5_rf3_ra3,1e-5,0.0019698484848484853,3.3021631410055172,12184.084074914173,15802.040221547815
FCCD_k3_nc7_rf3_ra3,1e-5,3.0100000000000005e-4,20.78921366890043,0.6715014519670693,1.1083100408179296
FCCD_k4_nc7_rf3_ra3,1e-5,5.326666666666667e-4,33.891276064177596,0.7686582378303395,1.9302229906745485
FCCD_k5_nc7_rf3_ra3,1e-5,0.0010061904761904763,58.30414714614208,0.8687942266025451,3.220349234650936
FCCD_k6_nc7_rf3_ra3,1e-5,0.0010010714285714286,60.77080379987869,1.0872920481088195,4.297520975393896
FCCD_k7_nc7_rf3_ra3,1e-5,9.969444444444446e-4,25.631522133827705,3010.4673921158574,13885.54180075246
FCCD_k8_nc7_rf3_ra3,1e-5,9.935555555555557e-4,9.476727444296813,8053.332493705654,20614.379881502766
FCCD_k9_nc7_rf3_ra3,1e-5,9.90727272727273e-4,3.4699429694203983,15141.98642548758,28226.099478669526
FCCD_k10_nc7_rf3_ra3,1e-5,9.883333333333335e-4,1.3239137437693709,24285.030402888096,33514.50036266079
RCCD_k3_nc7_rf3_ra3,1e-5,4.599116882454315e-4,33.62857987786466,0.4400493054775528,0.22322814742165586
RCCD_k4_nc7_rf3_ra3,1e-5,8.206666666666667e-4,60.890302776860054,0.39381979009775187,0.1944109785891824
RCCD_k5_nc7_rf3_ra3,1e-5,0.0015155741083260816,114.30902761615368,0.32598081558776804,0.1502297150190373
RCCD_k6_nc7_rf3_ra3,1e-5,0.001901071428571429,134.02908359357338,0.332692370042313,0.20092802022868583
RCCD_k7_nc7_rf3_ra3,1e-5,0.0025989377102659337,67.95779688829846,1154.616366318708,6080.566119348809
RCCD_k8_nc7_rf3_ra3,1e-5,0.003873555555555556,32.325282417401915,2065.5486601721773,4905.727141866694
RCCD_k9_nc7_rf3_ra3,1e-5,0.006220160094161882,16.570396667992917,2411.733780648991,4218.7088517638595
RCCD_k10_nc7_rf3_ra3,1e-5,0.010570151515151519,9.70188608181241,2270.709103862352,3064.0854949880522
SCCD_k3_nc7_rf3_ra3,1e-5,4.8100000000000004e-4,34.839570437578836,0.431856810340056,0.21898917187414607
SCCD_k4_nc7_rf3_ra3,1e-5,8.206666666666667e-4,60.890302776860054,0.39381979009775187,0.19441087547426839
SCCD_k5_nc7_rf3_ra3,1e-5,0.0014061904761904762,107.66515375033659,0.343488081526949,0.17444032231923048
SCCD_k6_nc7_rf3_ra3,1e-5,0.001515357142857143,116.66045397642235,0.3927366598448468,0.20799712900731793
SCCD_k7_nc7_rf3_ra3,1e-5,0.0016269444444444447,52.20518457772011,1844.354674754666,8217.395109953095
SCCD_k8_nc7_rf3_ra3,1e-5,0.0017402222222222226,20.593269932386207,4597.519491428558,11199.75390210162
SCCD_k9_nc7_rf3_ra3,1e-5,0.0018547272727272729,8.084176944336308,8087.826727121665,14332.551338650572
SCCD_k10_nc7_rf3_ra3,1e-5,0.0019701515151515155,3.3192202034885514,12182.147284785397,16521.21532093695
FCCD_k3_nc10_rf3_ra3,1e-5,3.04e-4,21.18676282795413,0.654181709499514,1.1291393719969443
FCCD_k4_nc10_rf3_ra3,1e-5,5.346666666666667e-4,34.20717939311986,0.7602679700399013,1.9554894228673383
FCCD_k5_nc10_rf3_ra3,1e-5,0.0010076190476190478,58.608517975272626,0.863926290434348,2.9721700155543807
FCCD_k6_nc10_rf3_ra3,1e-5,0.0010021428571428573,60.967118664120015,1.0840704373547843,4.554504252905353
FCCD_k7_nc10_rf3_ra3,1e-5,9.977777777777778e-4,25.68804543652064,3007.951866358904,14159.487376676996
FCCD_k8_nc10_rf3_ra3,1e-5,9.942222222222223e-4,9.491925243180283,8047.9316802804005,20528.308462190907
FCCD_k9_nc10_rf3_ra3,1e-5,9.912727272727274e-4,3.474187970175113,15133.654017659095,25416.67175604661
FCCD_k10_nc10_rf3_ra3,1e-5,9.88787878787879e-4,1.3251954711752627,24273.86634188213,33136.765037672
RCCD_k3_nc10_rf3_ra3,1e-5,4.6291168824543144e-4,34.844333382492046,0.3827064520721019,0.22325091614219694
RCCD_k4_nc10_rf3_ra3,1e-5,0.00082266666666666675,62.35534377253178,0.34026172732941956,0.1943895172211821
RCCD_k5_nc10_rf3_ra3,1e-5,0.001517002679754653,116.18275364340494,0.2794067718014131,0.15011030205367584
RCCD_k6_nc10_rf3_ra3,1e-5,0.0019021428571428577,135.3612637308472,0.3034917351092124,0.20116384340301374
RCCD_k7_nc10_rf3_ra3,1e-5,0.002599771043599267,68.3167546862129,1154.2333773845357,6001.466020038165
RCCD_k8_nc10_rf3_ra3,1e-5,0.0038742222222222225,32.41444963397344,2065.187977165057,5191.512596765875
RCCD_k9_nc10_rf3_ra3,1e-5,0.006220705548707337,16.596157642888233,2411.519896237623,4022.4786076715013
RCCD_k10_nc10_rf3_ra3,1e-5,0.010570606060606063,9.711280107863727,2270.6101299552147,3023.0907547976726
SCCD_k3_nc10_rf3_ra3,1e-5,4.84e-4,36.10454222346639,0.374722883440818,0.21955770006480865
SCCD_k4_nc10_rf3_ra3,1e-5,0.00082266666666666675,62.35534377253178,0.34026172732941956,0.19441261561867015
SCCD_k5_nc10_rf3_ra3,1e-5,0.0014076190476190477,109.50903755347817,0.29208059452116536,0.17589644883354072
SCCD_k6_nc10_rf3_ra3,1e-5,0.0015164285714285716,118.155707691574,0.3427581308848953,0.20776968051623168
SCCD_k7_nc10_rf3_ra3,1e-5,0.001627777777777778,52.72711909413325,1843.3617168758651,8738.71186625457
SCCD_k8_nc10_rf3_ra3,1e-5,0.0017408888888888893,20.75851789764335,4595.710852994591,11111.893915946412
SCCD_k9_nc10_rf3_ra3,1e-5,0.0018552727272727275,8.137412694279726,8085.401404827858,13741.842163209436
SCCD_k10_nc10_rf3_ra3,1e-5,0.001970606060606061,3.3374816476956415,12179.290278046954,16286.654776121954
FCCD_k3_nc1_rf1_ra1,1e-4,9.9e-4,6.708861612378849,2.129801325080235,3.3993071856596817
FCCD_k4_nc1_rf1_ra1,1e-4,0.0017666666666666668,11.133898598886399,2.3527906126201796,6.01626426040819
FCCD_k5_nc1_rf1_ra1,1e-4,0.0033476190476190476,19.287772643739274,2.6289252290531526,8.939350155881156
FCCD_k6_nc1_rf1_ra1,1e-4,0.0033321428571428573,20.16680178458756,3.2741626889071114,13.76300653668728
FCCD_k7_nc1_rf1_ra1,1e-4,0.0033194444444444443,10.321113278040022,907.5900247892188,4026.058823188444
FCCD_k8_nc1_rf1_ra1,1e-4,0.003308888888888889,4.747212045950453,2422.0603084603954,5698.337925108235
FCCD_k9_nc1_rf1_ra1,1e-4,0.0033,2.1641454330531182,4550.235642303998,8152.192800488792
FCCD_k10_nc1_rf1_ra1,1e-4,0.0032924242424242425,1.01832122847978,7294.635094488744,9563.131367401858
RCCD_k3_nc1_rf1_ra1,1e-4,0.0015197056274847715,10.308789762822002,2.0758342592964003,0.9854788309917489
RCCD_k4_nc1_rf1_ra1,1e-4,0.0027266666666666667,19.188243902693394,1.891482147902099,0.9890008305584378
RCCD_k5_nc1_rf1_ra1,1e-4,0.005045564488071066,36.72208430459666,1.5459100277806683,0.8245417302496132
RCCD_k6_nc1_rf1_ra1,1e-4,0.006332142857142859,43.81215306424367,1.2638712360564415,0.6051715500348267
RCCD_k7_nc1_rf1_ra1,1e-4,0.00865942199718274,27.20302478472982,347.4250422858906,1788.9231864416636
RCCD_k8_nc1_rf1_ra1,1e-4,0.012908888888888892,16.15954752265133,620.544497753712,1630.6013256118574
RCCD_k9_nc1_rf1_ra1,1e-4,0.020731442738115363,10.328600636335427,724.211074738175,1316.5006405542097
RCCD_k10_nc1_rf1_ra1,1e-4,0.0352318181818182,7.4622760793325105,681.7019487009071,915.7164244799378
SCCD_k3_nc1_rf1_ra1,1e-4,0.00159,10.673007477056279,2.0545842734080004,0.9884417152652998
SCCD_k4_nc1_rf1_ra1,1e-4,0.0027266666666666667,19.188243902693394,1.891482147902099,0.9704870277314374
SCCD_k5_nc1_rf1_ra1,1e-4,0.004680952380952382,34.48157031967654,1.7095311951716063,0.9227681321771476
SCCD_k6_nc1_rf1_ra1,1e-4,0.0050464285714285715,37.73942599490094,1.8380832756151797,0.8675809389645913
SCCD_k7_nc1_rf1_ra1,1e-4,0.0054194444444444455,20.596516223299776,555.430117535348,2558.5280725101074
SCCD_k8_nc1_rf1_ra1,1e-4,0.005797777777777779,10.145235874493467,1381.6909944239421,3833.24098139091
SCCD_k9_nc1_rf1_ra1,1e-4,0.00618,4.972632062253367,2428.9648230390867,4460.623800385307
SCCD_k10_nc1_rf1_ra1,1e-4,0.006565151515151517,2.523446981838914,3657.315853754835,4917.679395741756
FCCD_k3_nc3_rf1_ra1,1e-4,0.00101,7.0218018466080565,1.9771561536803137,3.347557147086942
FCCD_k4_nc3_rf1_ra1,1e-4,0.0017800000000000001,11.371567114866314,2.287124910467157,6.073317880614677
FCCD_k5_nc3_rf1_ra1,1e-4,0.003357142857142857,19.510795798481944,2.5931874819771976,9.820443424467495
FCCD_k6_nc3_rf1_ra1,1e-4,0.0033392857142857148,20.308277145796666,3.2513986656409712,12.70810893471177
FCCD_k7_nc3_rf1_ra1,1e-4,0.0033250000000000003,10.369782988945477,906.0642899077561,3939.1612038220815
FCCD_k8_nc3_rf1_ra1,1e-4,0.0033133333333333335,4.7633004216944546,2418.8057825097544,6089.636555093498
FCCD_k9_nc3_rf1_ra1,1e-4,0.003303636363636364,2.169689018398056,4545.223709182642,8262.24247377129
FCCD_k10_nc3_rf1_ra1,1e-4,0.0032954545454545454,1.0203705152345481,7287.925330549935,9732.882629309775
RCCD_k3_nc3_rf1_ra1,1e-4,0.0015397056274847713,11.495402769894715,1.1923849923033787,0.6697202001738692
RCCD_k4_nc3_rf1_ra1,1e-4,0.00274,20.64325064453906,1.0619285420963611,0.5832356411078052
RCCD_k5_nc3_rf1_ra1,1e-4,0.005055088297594875,38.548362084781346,0.8741357825149844,0.45048628477760577
RCCD_k6_nc3_rf1_ra1,1e-4,0.006339285714285717,44.99371805658051,0.9339444887710843,0.6077424163500393
RCCD_k7_nc3_rf1_ra1,1e-4,0.008664977552738295,27.548946887691894,347.08910026538723,1499.45493760495
RCCD_k8_nc3_rf1_ra1,1e-4,0.012913333333333334,16.25920923555467,620.2913539248444,1559.5010568396149
RCCD_k9_nc3_rf1_ra1,1e-4,0.020735079101751725,10.363142144288553,724.0672491489237,1232.1488488694756
RCCD_k10_nc3_rf1_ra1,1e-4,0.0352348484848485,7.4775057632914885,681.6344283226223,913.7372233026535
SCCD_k3_nc3_rf1_ra1,1e-4,0.0016100000000000003,11.910737702853531,1.1682135438315937,0.6571200572374759
SCCD_k4_nc3_rf1_ra1,1e-4,0.00274,20.64325064453906,1.0619285420963611,0.5831549786873869
SCCD_k5_nc3_rf1_ra1,1e-4,0.004690476190476191,36.32704907955917,0.9154907807481446,0.5356940598849622
SCCD_k6_nc3_rf1_ra1,1e-4,0.005053571428571429,39.244139667416086,1.0663753305511123,0.6233194028950201
SCCD_k7_nc3_rf1_ra1,1e-4,0.005425000000000001,21.23414040377234,554.1075809880243,2554.52471063849
SCCD_k8_nc3_rf1_ra1,1e-4,0.005802222222222223,10.396382989126655,1379.8905299728585,3283.48092965232
SCCD_k9_nc3_rf1_ra1,1e-4,0.006183636363636364,5.07335179500915,2426.8034797868013,4494.995285459996
SCCD_k10_nc3_rf1_ra1,1e-4,0.00656818181818182,2.56604732630989,3654.9029463039997,4999.933619102228
FCCD_k3_nc5_rf1_ra1,1e-4,0.00103,7.2443338565176525,1.906320065098977,3.2555827302700857
FCCD_k4_nc5_rf1_ra1,1e-4,0.0017933333333333334,11.555162622656386,2.2494993815977873,5.922588406412396
FCCD_k5_nc5_rf1_ra1,1e-4,0.0033666666666666667,19.692189131681488,2.570068905325133,9.445676816794403
FCCD_k6_nc5_rf1_ra1,1e-4,0.003346428571428572,20.427307681737062,3.23550338178252,12.663410349865732
FCCD_k7_nc5_rf1_ra1,1e-4,0.003330555555555556,10.411959065597724,904.5477181809333,4591.0845524977
FCCD_k8_nc5_rf1_ra1,1e-4,0.003317777777777778,4.777577047512759,2415.562607441837,6189.551491505667
FCCD_k9_nc5_rf1_ra1,1e-4,0.0033072727272727273,2.174703178340061,4540.224592112201,7696.139558028487
FCCD_k10_nc5_rf1_ra1,1e-4,0.0032984848484848488,1.0222528862137426,7281.229172204932,9758.974508019312
RCCD_k3_nc5_rf1_ra1,1e-4,0.0015597056274847714,12.095672680078069,1.0137469766389173,0.6697113696058712
RCCD_k4_nc5_rf1_ra1,1e-4,0.0027533333333333338,21.35773228095226,0.8955665006117398,0.5831525080955684
RCCD_k5_nc5_rf1_ra1,1e-4,0.005064612107118685,39.466235876790165,0.7262379960683415,0.4502810424384081
RCCD_k6_nc5_rf1_ra1,1e-4,0.006346428571428573,45.67731759542061,0.8312720317386326,0.6002597681062664
RCCD_k7_nc5_rf1_ra1,1e-4,0.00867053310829385,27.789160589193724,346.814223518844,1535.2828445065797
RCCD_k8_nc5_rf1_ra1,1e-4,0.012917777777777778,16.33800434532201,620.0537619817409,1502.2202068311517
RCCD_k9_nc5_rf1_ra1,1e-4,0.02073871546538809,10.39254615848275,723.928279555336,1167.986092149189
RCCD_k10_nc5_rf1_ra1,1e-4,0.0352378787878788,7.491004892852735,681.5688907454771,884.5108354678025
SCCD_k3_nc5_rf1_ra1,1e-4,0.0016300000000000002,12.534643104932616,0.9906396626141403,0.6566717403994603
SCCD_k4_nc5_rf1_ra1,1e-4,0.0027533333333333338,21.35773228095226,0.8955665006117398,0.5832082875074263
SCCD_k5_nc5_rf1_ra1,1e-4,0.004700000000000001,37.220225388254725,0.7559704833776073,0.5151660896227488
SCCD_k6_nc5_rf1_ra1,1e-4,0.005060714285714286,39.96556061976716,0.9113080590385105,0.6255821507534622
SCCD_k7_nc5_rf1_ra1,1e-4,0.0054305555555555565,21.538938750943846,553.3899786909896,2924.9610101940134
SCCD_k8_nc5_rf1_ra1,1e-4,0.005806666666666668,10.516301196207486,1378.6857260094641,3691.7919556133006
SCCD_k9_nc5_rf1_ra1,1e-4,0.006187272727272728,5.1214274984343,2425.230215135499,4014.4503779367305
SCCD_k10_nc5_rf1_ra1,1e-4,0.0065712121212121236,2.586381225815052,3653.0718171279636,5043.732962503718
FCCD_k3_nc7_rf1_ra1,1e-4,0.0010500000000000002,7.4184228652132305,1.8654216908901506,3.3361860063396107
FCCD_k4_nc7_rf1_ra1,1e-4,0.0018066666666666667,11.705244978986673,2.2251117400453455,5.959368884866056
FCCD_k5_nc7_rf1_ra1,1e-4,0.003376190476190476,19.845304230247987,2.5538873338688566,8.74285567213827
FCCD_k6_nc7_rf1_ra1,1e-4,0.0033535714285714284,20.53013350775457,3.2237746181359195,13.731693701963145
FCCD_k7_nc7_rf1_ra1,1e-4,0.0033361111111111117,10.449232791742963,903.0388452090605,4350.362208514888
FCCD_k8_nc7_rf1_ra1,1e-4,0.0033222222222222225,4.790438526153722,2412.3299147045486,5503.415447915687
FCCD_k9_nc7_rf1_ra1,1e-4,0.003310909090909091,2.179292584755385,4535.237739717616,7633.233517154101
FCCD_k10_nc7_rf1_ra1,1e-4,0.0033015151515151516,1.0239984199862762,7274.546250632209,9882.20717901785
RCCD_k3_nc7_rf1_ra1,1e-4,0.0015797056274847714,12.508616544373519,0.9369859883124647,0.6695616313516033
RCCD_k4_nc7_rf1_ra1,1e-4,0.002766666666666667,21.84196137981586,0.8242220775123874,0.5832303439814037
RCCD_k5_nc7_rf1_ra1,1e-4,0.005074135916642494,40.089888133558205,0.6613209069642685,0.45023790896220733
RCCD_k6_nc7_rf1_ra1,1e-4,0.00635357142857143,46.16267645340436,0.7812036321684646,0.5933903548960708
RCCD_k7_nc7_rf1_ra1,1e-4,0.008676088663849406,27.973937714114353,346.5619853541449,1697.7581790621223
RCCD_k8_nc7_rf1_ra1,1e-4,0.012922222222222224,16.40329485958658,619.8242356552679,1647.4648919000358
RCCD_k9_nc7_rf1_ra1,1e-4,0.020742351829024456,10.418171896667312,723.7923706233435,1313.1366267965413
RCCD_k10_nc7_rf1_ra1,1e-4,0.0352409090909091,7.503134276247383,681.5047475877642,937.2097417289655
SCCD_k3_nc7_rf1_ra1,1e-4,0.00165,12.963437535541239,0.9145052555162382,0.656393802197963
SCCD_k4_nc7_rf1_ra1,1e-4,0.002766666666666667,21.84196137981586,0.8242220775123874,0.5831551019399663
SCCD_k5_nc7_rf1_ra1,1e-4,0.00470952380952381,37.820821109098674,0.6875315511571065,0.5325183736133965
SCCD_k6_nc7_rf1_ra1,1e-4,0.005067857142857143,40.44824043243819,0.8447761691823421,0.6242137149877222
SCCD_k7_nc7_rf1_ra1,1e-4,0.005436111111111112,21.742836739326826,552.7602434516524,2549.4504927009302
SCCD_k8_nc7_rf1_ra1,1e-4,0.005811111111111112,10.59658236933614,1377.5678733425416,3179.8117039176614
SCCD_k9_nc7_rf1_ra1,1e-4,0.006190909090909091,5.153644044220839,2423.742889245965,4124.874298099798
SCCD_k10_nc7_rf1_ra1,1e-4,0.006574242424242425,2.6000201283918316,3651.3256427229644,4784.498540255423
FCCD_k3_nc10_rf1_ra1,1e-4,0.0010800000000000002,7.625587053088018,1.8286792135509335,3.3458014720151312
FCCD_k4_nc10_rf1_ra1,1e-4,0.0018266666666666668,11.889502243859235,2.201256878613985,5.690177141426383
FCCD_k5_nc10_rf1_ra1,1e-4,0.0033904761904761907,20.038158706503086,2.5370446470425647,9.302639879169947
FCCD_k6_nc10_rf1_ra1,1e-4,0.0033642857142857146,20.662246545249133,3.210997446412665,13.869685032301234
FCCD_k7_nc10_rf1_ra1,1e-4,0.0033444444444444446,10.498197785800444,900.7881707588003,4425.03604569652
FCCD_k8_nc10_rf1_ra1,1e-4,0.0033288888888888895,4.8076658753698105,2407.499371147991,6130.595413389716
FCCD_k9_nc10_rf1_ra1,1e-4,0.0033163636363636364,2.185541910092874,4527.779672018941,7623.980725151811
FCCD_k10_nc10_rf1_ra1,1e-4,0.003306060606060606,1.0264081265294198,7264.546133251185,9647.56014448995
RCCD_k3_nc10_rf1_ra1,1e-4,0.0016097056274847713,12.96208246139522,0.8793347688946576,0.6694267260518539
RCCD_k4_nc10_rf1_ra1,1e-4,0.002786666666666667,22.367352858462695,0.7706952398132859,0.5831865396636854
RCCD_k5_nc10_rf1_ra1,1e-4,0.005088421630928209,40.76603592450406,0.6120117067624421,0.45028086091079994
RCCD_k6_nc10_rf1_ra1,1e-4,0.006364285714285716,46.701904719044,0.740847568776047,0.6021081274819596
RCCD_k7_nc10_rf1_ra1,1e-4,0.008684421997182739,28.19045227175919,346.2025842169133,1528.208389983878
RCCD_k8_nc10_rf1_ra1,1e-4,0.012928888888888889,16.48428522293319,619.4882963875201,1539.1238323379878
RCCD_k9_nc10_rf1_ra1,1e-4,0.020747806374479,10.451375206398394,723.5921711226628,1348.0589611392668
RCCD_k10_nc10_rf1_ra1,1e-4,0.03524545454545456,7.5193062921103975,681.4103613956023,911.9567364584673
SCCD_k3_nc10_rf1_ra1,1e-4,0.00168,13.434063562586354,0.8573913905388939,0.6581537253377744
SCCD_k4_nc10_rf1_ra1,1e-4,0.002786666666666667,22.367352858462695,0.7706952398132859,0.5830667186741859
SCCD_k5_nc10_rf1_ra1,1e-4,0.004723809523809524,38.468249098642985,0.6361734638960694,0.5325819825395028
SCCD_k6_nc10_rf1_ra1,1e-4,0.005078571428571429,40.96642359645348,0.7948478118257765,0.6248318523550854
SCCD_k7_nc10_rf1_ra1,1e-4,0.005444444444444445,21.961972817034127,551.8666461323329,2523.8805092464163
SCCD_k8_nc10_rf1_ra1,1e-4,0.005817777777777779,10.683018021177036,1375.9421880603534,3787.183452972959
SCCD_k9_nc10_rf1_ra1,1e-4,0.006196363636363636,5.188392660658919,2421.562508533815,4446.686157493768
SCCD_k10_nc10_rf1_ra1,1e-4,0.00657878787878788,2.614754049415084,3648.7562812714887,5097.580213873205
FCCD_k3_nc1_rf2_ra1,1e-4,0.00179,10.548794970356434,1.7630665270232997,3.1286871124066575
FCCD_k4_nc1_rf2_ra1,1e-4,0.0033666666666666667,18.22972487113479,2.0446167404934195,5.641472662619791
FCCD_k5_nc1_rf2_ra1,1e-4,0.006547619047619049,32.48450538220432,2.3927903651457667,10.006668782733216
FCCD_k6_nc1_rf2_ra1,1e-4,0.006532142857142857,34.55439718388188,2.946120634130788,13.717128990911474
FCCD_k7_nc1_rf2_ra1,1e-4,0.006519444444444445,17.912626946922337,463.6205170957777,1900.3017962505621
FCCD_k8_nc1_rf2_ra1,1e-4,0.00650888888888889,8.326716622394569,1233.0410901879964,2952.4335821354407
FCCD_k9_nc1_rf2_ra1,1e-4,0.006500000000000001,3.8302568235652203,2312.1136738620835,3977.7306730509636
FCCD_k10_nc1_rf2_ra1,1e-4,0.006492424242424242,1.8163609197984723,3701.4784130205517,5101.063312085074
RCCD_k3_nc1_rf2_ra1,1e-4,0.002319705627484772,15.281688925481578,1.7865420990243104,0.9784637710714423
RCCD_k4_nc1_rf2_ra1,1e-4,0.004326666666666667,30.022857185076393,1.6307135311485952,0.9675355410721049
RCCD_k5_nc1_rf2_ra1,1e-4,0.008245564488071065,59.849858368832336,1.3212316071719423,0.7830485766019334
RCCD_k6_nc1_rf2_ra1,1e-4,0.009532142857142859,72.33291084717705,0.9204680222138866,0.4634375904914112
RCCD_k7_nc1_rf2_ra1,1e-4,0.01185942199718274,43.93754855039025,253.57840901196568,1307.1864199337213
RCCD_k8_nc1_rf2_ra1,1e-4,0.01610888888888889,24.932330409249392,497.0920376835615,1335.7870405275357
RCCD_k9_nc1_rf2_ra1,1e-4,0.023931442738115365,14.987663306429955,627.1694558396962,1138.2302936175006
RCCD_k10_nc1_rf2_ra1,1e-4,0.03843181818181819,10.130364438457397,624.7672081340423,848.5688705899438
SCCD_k3_nc1_rf2_ra1,1e-4,0.0023899999999999998,15.745504702488846,1.7791420628057195,0.985520843274107
SCCD_k4_nc1_rf2_ra1,1e-4,0.004326666666666667,30.022857185076393,1.6307135311485952,0.9603141625176835
SCCD_k5_nc1_rf2_ra1,1e-4,0.007880952380952383,56.40195304964507,1.495230519622611,0.9577022468514862
SCCD_k6_nc1_rf2_ra1,1e-4,0.008246428571428571,62.72709748630952,1.540456419323596,0.879620238343489
SCCD_k7_nc1_rf2_ra1,1e-4,0.008619444444444445,34.04903448443667,349.59254200842656,1654.145009052014
SCCD_k8_nc1_rf2_ra1,1e-4,0.00899777777777778,16.534276877215785,890.633555804838,2181.5247650369533
SCCD_k9_nc1_rf2_ra1,1e-4,0.00938,7.943883199308595,1600.6298783835437,2850.468014136096
SCCD_k10_nc1_rf2_ra1,1e-4,0.009765151515151517,3.9374239679010676,2459.1320546220895,3229.027953395043
FCCD_k3_nc3_rf2_ra1,1e-4,0.0018100000000000002,11.029500322853172,1.6228900297143536,3.128471815201028
FCCD_k4_nc3_rf2_ra1,1e-4,0.0033799999999999998,18.61456502884925,1.9815725165542823,5.793578231571602
FCCD_k5_nc3_rf2_ra1,1e-4,0.006557142857142857,32.85815368191397,2.357720075071429,9.548216897251272
FCCD_k6_nc3_rf2_ra1,1e-4,0.0065392857142857145,34.7956979484522,2.923732593127929,13.819636955469232
FCCD_k7_nc3_rf2_ra1,1e-4,0.006525,17.995533482381642,463.2132710620399,2480.2112084120336
FCCD_k8_nc3_rf2_ra1,1e-4,0.0065133333333333345,8.35386150037787,1232.191133041034,3036.220851707933
FCCD_k9_nc3_rf2_ra1,1e-4,0.006503636363636363,3.839472372375504,2310.8148032202635,4069.7104986300515
FCCD_k10_nc3_rf2_ra1,1e-4,0.006495454545454546,1.8197071387066253,3699.74710776549,4904.1252224633945
RCCD_k3_nc3_rf2_ra1,1e-4,0.0023397056274847717,17.036247984583504,0.9117690696185033,0.5473371707040885
RCCD_k4_nc3_rf2_ra1,1e-4,0.00434,32.29656976264712,0.8033608883891421,0.48292635423660424
RCCD_k5_nc3_rf2_ra1,1e-4,0.008255088297594875,62.78564594384154,0.6657841181369568,0.36469920520856874
RCCD_k6_nc3_rf2_ra1,1e-4,0.009539285714285715,74.13868536098464,0.6361820104694689,0.3220145941951422
RCCD_k7_nc3_rf2_ra1,1e-4,0.011864977552738295,44.39929703319845,253.3813047911531,1361.4066473739474
RCCD_k8_nc3_rf2_ra1,1e-4,0.016113333333333334,25.044796460691654,496.9335105201993,1255.689617639251
RCCD_k9_nc3_rf2_ra1,1e-4,0.023935079101751727,15.020643098646683,627.0668917775505,1030.6367062801442
RCCD_k10_nc3_rf2_ra1,1e-4,0.0384348484848485,10.142905946794185,624.714717207231,853.2233144762886
SCCD_k3_nc3_rf2_ra1,1e-4,0.0024100000000000002,17.570228961571782,0.8940284639226469,0.5109056173099893
SCCD_k4_nc3_rf2_ra1,1e-4,0.00434,32.29656976264712,0.8033608883891421,0.46961544187139087
SCCD_k5_nc3_rf2_ra1,1e-4,0.00789047619047619,59.413449986090406,0.7052197905203702,0.45892849962294485
SCCD_k6_nc3_rf2_ra1,1e-4,0.00825357142857143,65.22235469205089,0.7725556574238078,0.4715653878182312
SCCD_k7_nc3_rf2_ra1,1e-4,0.008625,35.09965383958537,348.61635382089173,1507.6118391383159
SCCD_k8_nc3_rf2_ra1,1e-4,0.009002222222222222,16.941870970148138,889.4546125907367,2280.643207909049
SCCD_k9_nc3_rf2_ra1,1e-4,0.009383636363636365,8.103996150124937,1599.2796131675195,2704.5900107801936
SCCD_k10_nc3_rf2_ra1,1e-4,0.00976818181818182,4.003533961778576,2457.6466663832252,3316.613953769879
FCCD_k3_nc5_rf2_ra1,1e-4,0.0018300000000000002,11.373567203230674,1.5568515904590277,3.142738335342012
FCCD_k4_nc5_rf2_ra1,1e-4,0.0033933333333333333,18.912588692571195,1.9452517945532306,5.8735967849929445
FCCD_k5_nc5_rf2_ra1,1e-4,0.006566666666666668,33.16235132794731,2.3349863073573562,9.302647242189197
FCCD_k6_nc5_rf2_ra1,1e-4,0.006546428571428571,34.99886286921147,2.9080762353090406,13.779214975188218
FCCD_k7_nc5_rf2_ra1,1e-4,0.006530555555555556,18.067247675418262,462.8107431446681,2087.568398415472
FCCD_k8_nc5_rf2_ra1,1e-4,0.006517777777777778,8.37784624702558,1231.3449385376687,2990.001695338206
FCCD_k9_nc5_rf2_ra1,1e-4,0.006507272727272728,3.847755081755536,2309.5191615975396,3843.8034863042517
FCCD_k10_nc5_rf2_ra1,1e-4,0.006498484848484849,1.8227566741349142,3698.018682988338,5037.564972268586
RCCD_k3_nc5_rf2_ra1,1e-4,0.0023597056274847717,17.924891041865678,0.7343285437752798,0.5498874221329424
RCCD_k4_nc5_rf2_ra1,1e-4,0.004353333333333333,33.41378304746281,0.637176187464238,0.4819435324607081
RCCD_k5_nc5_rf2_ra1,1e-4,0.008264612107118686,64.27138361232022,0.5190620604583915,0.36605128403283393
RCCD_k6_nc5_rf2_ra1,1e-4,0.009546428571428574,75.2176585856511,0.5410756700996111,0.32169498494277304
RCCD_k7_nc5_rf2_ra1,1e-4,0.01187053310829385,44.73786117982168,253.22178409557168,1260.5576577609759
RCCD_k8_nc5_rf2_ra1,1e-4,0.01611777777777778,25.13904240738669,496.78168008520805,1214.2227280670124
RCCD_k9_nc5_rf2_ra1,1e-4,0.02393871546538809,15.05025014471676,626.9658330404095,1083.2338732557257
RCCD_k10_nc5_rf2_ra1,1e-4,0.0384378787878788,10.154555908289657,624.6626976196193,834.378923309651
SCCD_k3_nc5_rf2_ra1,1e-4,0.0024300000000000003,18.49031574211008,0.7165562487780204,0.5106003663459308
SCCD_k4_nc5_rf2_ra1,1e-4,0.004353333333333333,33.41378304746281,0.637176187464238,0.48218744395455954
SCCD_k5_nc5_rf2_ra1,1e-4,0.007900000000000003,60.87276964865475,0.5460251952238497,0.4398734891560181
SCCD_k6_nc5_rf2_ra1,1e-4,0.008260714285714286,66.4201495680185,0.6177962054899575,0.4831710724808192
SCCD_k7_nc5_rf2_ra1,1e-4,0.008630555555555556,35.60187179380017,348.24087266992115,1554.5013201128422
SCCD_k8_nc5_rf2_ra1,1e-4,0.009006666666666668,17.136277284298664,888.8668953859622,2229.7146972893715
SCCD_k9_nc5_rf2_ra1,1e-4,0.009387272727272728,8.180273065134507,1598.5130612514258,2905.280002091189
SCCD_k10_nc5_rf2_ra1,1e-4,0.009771212121212123,4.035008523380111,2456.7388715168518,3255.974536014014
FCCD_k3_nc7_rf2_ra1,1e-4,0.00185,11.643634740537875,1.5184329030382255,3.161609216912511
FCCD_k4_nc7_rf2_ra1,1e-4,0.0034066666666666672,19.156579002126158,1.921632636729821,5.8365909453486005
FCCD_k5_nc7_rf2_ra1,1e-4,0.006576190476190476,33.419293259317136,2.319052076707145,9.291571768675531
FCCD_k6_nc7_rf2_ra1,1e-4,0.0065535714285714294,35.17445948183812,2.8965113043229826,13.207497671340867
FCCD_k7_nc7_rf2_ra1,1e-4,0.0065361111111111115,18.130503977276735,462.41152221686707,2230.8403889471756
FCCD_k8_nc7_rf2_ra1,1e-4,0.0065222222222222235,8.399360740664545,1230.501686364606,2945.478824887842
FCCD_k9_nc7_rf2_ra1,1e-4,0.0065109090909090915,3.855288920832439,2308.2262403856316,4219.695490859376
FCCD_k10_nc7_rf2_ra1,1e-4,0.006501515151515152,1.8255628652565146,3696.2928067964576,5009.608719428849
RCCD_k3_nc7_rf2_ra1,1e-4,0.002379705627484772,18.53641058952904,0.6580248181310865,0.5525934920748271
RCCD_k4_nc7_rf2_ra1,1e-4,0.004366666666666666,34.171082848902444,0.5658808871056143,0.47386845900110663
RCCD_k5_nc7_rf2_ra1,1e-4,0.008274135916642495,65.282875138375,0.4543804373678076,0.3746906079480773
RCCD_k6_nc7_rf2_ra1,1e-4,0.00955357142857143,75.99322941411133,0.49345765967279814,0.321548948100938
RCCD_k7_nc7_rf2_ra1,1e-4,0.011876088663849406,45.005923195482225,253.0782204226412,1264.1389711941963
RCCD_k8_nc7_rf2_ra1,1e-4,0.016122222222222225,25.220250442646723,496.6339008796468,1240.0768433950527
RCCD_k9_nc7_rf2_ra1,1e-4,0.023942351829024457,15.077126972334154,626.8658747806414,1053.2364915637445
RCCD_k10_nc7_rf2_ra1,1e-4,0.0384409090909091,10.165436239881108,624.6110569212253,831.3018198216608
SCCD_k3_nc7_rf2_ra1,1e-4,0.00245,19.122719338959826,0.6404504983704977,0.5055845432341031
SCCD_k4_nc7_rf2_ra1,1e-4,0.004366666666666666,34.171082848902444,0.5658808871056143,0.4866823785594168
SCCD_k5_nc7_rf2_ra1,1e-4,0.00790952380952381,61.85437875127057,0.47767625406401537,0.44868637584291626
SCCD_k6_nc7_rf2_ra1,1e-4,0.008267857142857143,67.22181603127702,0.5513493790445702,0.48047819768913913
SCCD_k7_nc7_rf2_ra1,1e-4,0.008636111111111112,35.937551430515164,347.9521766255556,1716.6876982926947
SCCD_k8_nc7_rf2_ra1,1e-4,0.009011111111111112,17.266181690846256,888.3647407666949,2209.4545046173434
SCCD_k9_nc7_rf2_ra1,1e-4,0.00939090909090909,8.23125137852232,1597.8310509808657,2942.738148473883
SCCD_k10_nc7_rf2_ra1,1e-4,0.009774242424242425,4.056051514616879,2455.9147526982506,3270.8586615723034
FCCD_k3_nc10_rf2_ra1,1e-4,0.0018800000000000002,11.965776698267705,1.4837353036953156,3.118394526900761
FCCD_k4_nc10_rf2_ra1,1e-4,0.003426666666666667,19.456484487566414,1.8984704653215783,5.960188899922289
FCCD_k5_nc10_rf2_ra1,1e-4,0.00659047619047619,33.74310061700348,2.302447564368359,8.27784672738063
FCCD_k6_nc10_rf2_ra1,1e-4,0.006564285714285714,35.400174132493746,2.883900554499212,13.43800881156669
FCCD_k7_nc10_rf2_ra1,1e-4,0.006544444444444445,18.213395616698776,461.8171750422707,2240.7963950943968
FCCD_k8_nc10_rf2_ra1,1e-4,0.00652888888888889,8.42802574799842,1229.2412556187016,3300.5424995425747
FCCD_k9_nc10_rf2_ra1,1e-4,0.006516363636363636,3.8654699189872157,2306.291258857087,4324.87088383898
FCCD_k10_nc10_rf2_ra1,1e-4,0.006506060606060606,1.8294010343016336,3693.708293326546,5060.9457522363555
RCCD_k3_nc10_rf2_ra1,1e-4,0.002409705627484772,19.208053016809895,0.6006948250900784,0.5491521243531328
RCCD_k4_nc10_rf2_ra1,1e-4,0.004386666666666667,34.992830009034925,0.5123804400294892,0.49485740443617265
RCCD_k5_nc10_rf2_ra1,1e-4,0.008288421630928208,66.38071995694088,0.4051351222865326,0.3799695365442676
RCCD_k6_nc10_rf2_ra1,1e-4,0.009564285714285716,76.86145006141219,0.45446524614153616,0.32140525648731205
RCCD_k7_nc10_rf2_ra1,1e-4,0.011884421997182738,45.326645110520005,252.87726870328552,1176.160354094083
RCCD_k8_nc10_rf2_ra1,1e-4,0.01612888888888889,25.32439481722264,496.4169317773364,1174.47134589716
RCCD_k9_nc10_rf2_ra1,1e-4,0.023947806374479,15.113328620237287,626.7174355052549,1113.9185540656558
RCCD_k10_nc10_rf2_ra1,1e-4,0.03844545454545456,10.180524067078823,624.5341590673896,820.9771623040212
SCCD_k3_nc10_rf2_ra1,1e-4,0.00248,19.816845770855252,0.58335271397164,0.5046456069613322
SCCD_k4_nc10_rf2_ra1,1e-4,0.004386666666666667,34.992830009034925,0.5123804400294892,0.476898057290233
SCCD_k5_nc10_rf2_ra1,1e-4,0.007923809523809526,62.91271917635033,0.4263661093569403,0.45855455893981184
SCCD_k6_nc10_rf2_ra1,1e-4,0.00827857142857143,68.08260001966316,0.5014663504637052,0.4700250926445926
SCCD_k7_nc10_rf2_ra1,1e-4,0.008644444444444444,36.29787304231171,347.5684377389138,1544.6931881503829
SCCD_k8_nc10_rf2_ra1,1e-4,0.009017777777777779,17.40570095458195,887.6603171104293,2372.1877485772866
SCCD_k9_nc10_rf2_ra1,1e-4,0.009396363636363637,8.286049723089429,1596.8563332912595,2754.3657129517915
SCCD_k10_nc10_rf2_ra1,1e-4,0.00977878787878788,4.078691629582839,2454.7263785568985,3416.5918899363305
FCCD_k3_nc1_rf3_ra1,1e-4,0.00259,13.849476768311503,1.6334194408309317,3.095637552038835
FCCD_k4_nc1_rf3_ra1,1e-4,0.004966666666666667,24.41588917836359,1.9382335875824535,5.464421118347534
FCCD_k5_nc1_rf3_ra1,1e-4,0.009747619047619048,44.14970622902942,2.3109380153666765,8.896769575159203
FCCD_k6_nc1_rf3_ra1,1e-4,0.009732142857142858,47.42886060953127,2.8329339573089927,13.671178273824639
FCCD_k7_nc1_rf3_ra1,1e-4,0.009719444444444445,24.7770223076402,311.9917669350735,1497.8524552791632
FCCD_k8_nc1_rf3_ra1,1e-4,0.00970888888888889,11.591872894568276,827.8087066505035,2054.027072157806
FCCD_k9_nc1_rf3_ra1,1e-4,0.0097,5.361368326223349,1550.687225352759,2822.5409268050767
FCCD_k10_nc1_rf3_ra1,1e-4,0.009692424242424242,2.5544006323189343,2480.912571296774,3426.634682774424
RCCD_k3_nc1_rf3_ra1,1e-4,0.003119705627484772,19.58359775026547,1.6765748989258393,0.9707885504606164
RCCD_k4_nc1_rf3_ra1,1e-4,0.005926666666666667,39.50548726714142,1.53539698812042,0.9476837888339479
RCCD_k5_nc1_rf3_ra1,1e-4,0.011445564488071066,80.34430267260467,1.2396093067545062,0.7797334835286174
RCCD_k6_nc1_rf3_ra1,1e-4,0.012732142857142859,97.8665013754796,0.797323365578504,0.4295370543513497
RCCD_k7_nc1_rf3_ra1,1e-4,0.015059421997182739,58.96949934124793,199.69517637011774,952.0104097968057
RCCD_k8_nc1_rf3_ra1,1e-4,0.019308888888888893,32.73037627369169,414.665690437141,1076.6151840354516
RCCD_k9_nc1_rf3_ra1,1e-4,0.027131442738115363,19.018261591279273,553.1372704611165,939.2880172131928
RCCD_k10_nc1_rf3_ra1,1e-4,0.04163181818181819,12.346693758164042,576.6877846790602,805.8441790743846
SCCD_k3_nc1_rf3_ra1,1e-4,0.00319,20.133112872076513,1.6748376586748155,0.9880405859281857
SCCD_k4_nc1_rf3_ra1,1e-4,0.005926666666666667,39.50548726714142,1.53539698812042,0.9761924312682558
SCCD_k5_nc1_rf3_ra1,1e-4,0.011080952380952382,75.82662808176471,1.4174331749241713,0.9744067506051746
SCCD_k6_nc1_rf3_ra1,1e-4,0.011446428571428571,85.11391210306768,1.434043976500117,0.9388010986817217
SCCD_k7_nc1_rf3_ra1,1e-4,0.011819444444444445,46.21656603834171,255.24465750006755,1210.1960103870515
SCCD_k8_nc1_rf3_ra1,1e-4,0.012197777777777778,22.356289820273997,657.2642754051462,1813.6652438441963
SCCD_k9_nc1_rf3_ra1,1e-4,0.012580000000000001,10.667873599427203,1193.7423456877377,2110.832177575978
SCCD_k10_nc1_rf3_ra1,1e-4,0.01296515151515152,5.240706225565799,1852.4388752270258,2470.8812408076974
FCCD_k3_nc3_rf3_ra1,1e-4,0.0026100000000000003,14.475421560340193,1.4973486178464626,2.983108093176332
FCCD_k4_nc3_rf3_ra1,1e-4,0.00498,24.929285511798813,1.8760733237510383,5.859587101737961
FCCD_k5_nc3_rf3_ra1,1e-4,0.009757142857142857,44.65648271205366,2.276109296020565,9.441406477009386
FCCD_k6_nc3_rf3_ra1,1e-4,0.009739285714285714,47.759479156741435,2.810680661444296,13.21903650475061
FCCD_k7_nc3_rf3_ra1,1e-4,0.009725000000000001,24.890943209686586,311.80007065730683,1397.4711320306878
FCCD_k8_nc3_rf3_ra1,1e-4,0.009713333333333334,11.629146959776781,827.4204608597802,2035.039461260985
FCCD_k9_nc3_rf3_ra1,1e-4,0.009703636363636364,5.37398238157256,1550.0991882191654,2603.360524267936
FCCD_k10_nc3_rf3_ra1,1e-4,0.009695454545454545,2.5589583762714287,2480.131941733881,3316.3028784835446
RCCD_k3_nc3_rf3_ra1,1e-4,0.003139705627484772,21.828661717201854,0.8063707484338979,0.5071039978797146
RCCD_k4_nc3_rf3_ra1,1e-4,0.00594,42.493596371663365,0.7102358566808512,0.4499613182725721
RCCD_k5_nc3_rf3_ra1,1e-4,0.011455088297594876,84.25845195982033,0.5923834859453819,0.33584703008595407
RCCD_k6_nc3_rf3_ra1,1e-4,0.012739285714285715,100.2285350555294,0.530831615040701,0.2904815639351466
RCCD_k7_nc3_rf3_ra1,1e-4,0.015064977552738296,59.537959812745754,199.555020161599,1017.7227269223243
RCCD_k8_nc3_rf3_ra1,1e-4,0.019313333333333335,32.85745164199446,414.5542324397381,1047.4328165479078
RCCD_k9_nc3_rf3_ra1,1e-4,0.027135079101751728,19.052079949235488,553.0583673796251,930.5995644014408
RCCD_k10_nc3_rf3_ra1,1e-4,0.041634848484848504,12.358389214624347,576.6439291037062,783.4101607662212
SCCD_k3_nc3_rf3_ra1,1e-4,0.00321,22.464716560291674,0.7909779644093011,0.46355110050349596
SCCD_k4_nc3_rf3_ra1,1e-4,0.00594,42.493596371663365,0.7102358566808512,0.45596422808716486
SCCD_k5_nc3_rf3_ra1,1e-4,0.01109047619047619,79.86568279810153,0.6314191123032505,0.43749062813745576
SCCD_k6_nc3_rf3_ra1,1e-4,0.01145357142857143,88.49195764926164,0.6699200498576239,0.43881973661614865
SCCD_k7_nc3_rf3_ra1,1e-4,0.011825,47.638757513341666,254.37703120962158,1246.5496932646429
SCCD_k8_nc3_rf3_ra1,1e-4,0.012202222222222224,22.90567479836809,656.2889138963125,1653.4289992209226
SCCD_k9_nc3_rf3_ra1,1e-4,0.012583636363636365,10.882135805862875,1192.6706398547865,2041.4430739273337
SCCD_k10_nc3_rf3_ra1,1e-4,0.012968181818181821,5.328363811222345,1851.2867210522827,2547.8053823263976
FCCD_k3_nc5_rf3_ra1,1e-4,0.0026300000000000004,14.924464418556333,1.4329066243080788,3.1085479396489464
FCCD_k4_nc5_rf3_ra1,1e-4,0.004993333333333333,25.327214892317997,1.840192659428397,5.416147054930486
FCCD_k5_nc5_rf3_ra1,1e-4,0.009766666666666668,45.06922105955969,2.25351378577659,8.815436320550234
FCCD_k6_nc5_rf3_ra1,1e-4,0.00974642857142857,48.03792332126809,2.795109448740621,13.004106471227718
FCCD_k7_nc5_rf3_ra1,1e-4,0.009730555555555557,24.989423487609287,311.61260065436653,1584.711401663353
FCCD_k8_nc5_rf3_ra1,1e-4,0.009717777777777778,11.662030945026983,827.0351633221237,2007.544393478981
FCCD_k9_nc5_rf3_ra1,1e-4,0.009707272727272728,5.3852928542322704,1549.5133626152472,2500.388819196305
FCCD_k10_nc5_rf3_ra1,1e-4,0.009698484848484849,2.563099415459165,2479.3530616348894,3440.8884827977395
RCCD_k3_nc5_rf3_ra1,1e-4,0.0031597056274847717,22.96655259683037,0.6295249303530268,0.5009117439463516
RCCD_k4_nc5_rf3_ra1,1e-4,0.005953333333333333,43.96276594219054,0.5442280239721037,0.44237990879332006
RCCD_k5_nc5_rf3_ra1,1e-4,0.011464612107118686,86.24611432305565,0.4463057003354516,0.3319814878222902
RCCD_k6_nc5_rf3_ra1,1e-4,0.012746428571428573,101.65924286604496,0.4389292354644468,0.28526263134726987
RCCD_k7_nc5_rf3_ra1,1e-4,0.01507053310829385,59.964059211472076,199.44500485720164,1112.8817946786464
RCCD_k8_nc5_rf3_ra1,1e-4,0.019317777777777777,32.96638303543165,414.44722684131443,1017.8261017230486
RCCD_k9_nc5_rf3_ra1,1e-4,0.02713871546538809,19.083055962934687,552.9802893643065,986.8678567905266
RCCD_k10_nc5_rf3_ra1,1e-4,0.0416378787878788,12.369443644134101,576.6002908485059,783.7267569592875
SCCD_k3_nc5_rf3_ra1,1e-4,0.00323,23.64076881950706,0.6136066993098536,0.46201915869217747
SCCD_k4_nc5_rf3_ra1,1e-4,0.005953333333333333,43.96276594219054,0.5442280239721037,0.43678045236537394
SCCD_k5_nc5_rf3_ra1,1e-4,0.0111,81.82536677804666,0.4725491630074988,0.4152065976339222
SCCD_k6_nc5_rf3_ra1,1e-4,0.011460714285714286,90.11549926714825,0.5154674352543698,0.4549396346149478
SCCD_k7_nc5_rf3_ra1,1e-4,0.011830555555555556,48.31903653371072,254.10660695570232,1370.8219775594025
SCCD_k8_nc5_rf3_ra1,1e-4,0.012206666666666666,23.16773631406166,655.9012957221712,1576.627728254603
SCCD_k9_nc5_rf3_ra1,1e-4,0.012587272727272728,10.984172030230761,1192.1792239448826,2035.0624730619072
SCCD_k10_nc5_rf3_ra1,1e-4,0.012971212121212125,5.370066380487872,1850.7088117247897,2495.9418839062328
FCCD_k3_nc7_rf3_ra1,1e-4,0.00265,15.277344643198822,1.3953165539301715,3.005575284121618
FCCD_k4_nc7_rf3_ra1,1e-4,0.005006666666666667,25.653172035770247,1.816832460129861,5.735943519256448
FCCD_k5_nc7_rf3_ra1,1e-4,0.009776190476190477,45.417931567107864,2.2376678570438275,9.026581663819895
FCCD_k6_nc7_rf3_ra1,1e-4,0.00975357142857143,48.278632210474555,2.783602609687275,12.739377881865138
FCCD_k7_nc7_rf3_ra1,1e-4,0.009736111111111112,25.076230989224857,311.4279579276834,1565.5333166013738
FCCD_k8_nc7_rf3_ra1,1e-4,0.009722222222222224,11.691482156781833,826.6520012362699,2016.4616552682432
FCCD_k9_nc7_rf3_ra1,1e-4,0.009710909090909091,5.3955565558924965,1548.929245020959,2768.107274260066
FCCD_k10_nc7_rf3_ra1,1e-4,0.009701515151515152,2.566898591189633,2478.5756028499086,3325.739510597044
RCCD_k3_nc7_rf3_ra1,1e-4,0.0031797056274847717,23.749742668962494,0.553442532741626,0.4987644545091878
RCCD_k4_nc7_rf3_ra1,1e-4,0.005966666666666667,44.958805492752795,0.47298158297258713,0.45753844379144326
RCCD_k5_nc7_rf3_ra1,1e-4,0.011474135916642494,87.60065934657375,0.38176789961773283,0.3303363972916517
RCCD_k6_nc7_rf3_ra1,1e-4,0.012753571428571432,102.69322820029068,0.39237957374142857,0.2851696929557383
RCCD_k7_nc7_rf3_ra1,1e-4,0.015076088663849407,60.30566976018888,199.3485181593555,832.0536989228475
RCCD_k8_nc7_rf3_ra1,1e-4,0.019322222222222223,33.0617943949843,414.34308216450097,1014.7416518224707
RCCD_k9_nc7_rf3_ra1,1e-4,0.027142351829024455,19.111643049490745,552.9028499713185,971.3100784400306
RCCD_k10_nc7_rf3_ra1,1e-4,0.0416409090909091,12.379926036742399,576.5568365070228,819.9385286138539
SCCD_k3_nc7_rf3_ra1,1e-4,0.0032500000000000003,24.449173741784872,0.5375289197607078,0.45763647124630136
SCCD_k4_nc7_rf3_ra1,1e-4,0.005966666666666667,44.958805492752795,0.47298158297258713,0.4508997327950553
SCCD_k5_nc7_rf3_ra1,1e-4,0.01110952380952381,83.14398064161306,0.4042899769169728,0.4067921825459599
SCCD_k6_nc7_rf3_ra1,1e-4,0.011467857142857144,91.20246525138938,0.4491054446007361,0.45637518815930495
SCCD_k7_nc7_rf3_ra1,1e-4,0.011836111111111111,48.773632453960595,253.9225785859483,1278.9851825538647
SCCD_k8_nc7_rf3_ra1,1e-4,0.012211111111111112,23.34272005696293,655.5987749780525,1714.75340551288
SCCD_k9_nc7_rf3_ra1,1e-4,0.012590909090909092,11.05228636572156,1191.7718678083043,2139.321436522868
SCCD_k10_nc7_rf3_ra1,1e-4,0.012974242424242428,5.39790529874554,1850.2141107794644,2536.003669930579
FCCD_k3_nc10_rf3_ra1,1e-4,0.00268,15.698620540303493,1.3613038204212637,3.0526949520853166
FCCD_k4_nc10_rf3_ra1,1e-4,0.005026666666666667,26.053998642536044,1.7939033841533585,5.714068151731427
FCCD_k5_nc10_rf3_ra1,1e-4,0.00979047619047619,45.857484585786096,2.221147815301276,9.038825651601083
FCCD_k6_nc10_rf3_ra1,1e-4,0.009764285714285715,48.58809848996187,2.7710505554179576,12.889748888086057
FCCD_k7_nc10_rf3_ra1,1e-4,0.009744444444444444,25.189885443051548,311.15459338308824,1561.2571046085875
FCCD_k8_nc10_rf3_ra1,1e-4,0.00972888888888889,11.730645509592911,826.0802035368243,1933.2106790194857
FCCD_k9_nc10_rf3_ra1,1e-4,0.009716363636363636,5.4093865363798015,1548.0555789580317,2574.0378996413024
FCCD_k10_nc10_rf3_ra1,1e-4,0.009706060606060607,2.5720758807548587,2477.4116082652627,3575.8687649882404
RCCD_k3_nc10_rf3_ra1,1e-4,0.003209705627484772,24.610023228751707,0.49626530852153294,0.5065041536836314
RCCD_k4_nc10_rf3_ra1,1e-4,0.005986666666666667,46.03970773749613,0.41950717200293897,0.4456597227575808
RCCD_k5_nc10_rf3_ra1,1e-4,0.01148842163092821,89.07166023703154,0.33257441372096286,0.33572892947129424
RCCD_k6_nc10_rf3_ra1,1e-4,0.012764285714285716,103.85467212191345,0.35399177989115416,0.2864523266111649
RCCD_k7_nc10_rf3_ra1,1e-4,0.01508442199718274,60.71823672173218,199.21640035071522,895.9233198607042
RCCD_k8_nc10_rf3_ra1,1e-4,0.01932888888888889,33.185969370475355,414.1903448766981,1118.9989005542025
RCCD_k9_nc10_rf3_ra1,1e-4,0.027147806374479003,19.15079538496199,552.7876073981066,990.7367460079579
RCCD_k10_nc10_rf3_ra1,1e-4,0.041645454545454555,12.394702423072632,576.4919428210417,811.924726524732
SCCD_k3_nc10_rf3_ra1,1e-4,0.00328,25.336519052832006,0.4804461807453486,0.4551871778893863
SCCD_k4_nc10_rf3_ra1,1e-4,0.005986666666666667,46.03970773749613,0.41950717200293897,0.445609146129813
SCCD_k5_nc10_rf3_ra1,1e-4,0.011123809523809525,84.56592517949521,0.3530276112912367,0.42900819514823996
SCCD_k6_nc10_rf3_ra1,1e-4,0.01147857142857143,92.36979456581176,0.3992675790681119,0.4385163012865192
SCCD_k7_nc10_rf3_ra1,1e-4,0.011844444444444446,49.26136758606211,253.69543289042758,1196.399754605826
SCCD_k8_nc10_rf3_ra1,1e-4,0.012217777777777779,23.530449389204623,655.1932415362038,1564.048471085173
SCCD_k9_nc10_rf3_ra1,1e-4,0.012596363636363638,11.125386796886502,1191.2085315283953,2046.5009998920075
SCCD_k10_nc10_rf3_ra1,1e-4,0.012978787878787881,5.427796686736695,1849.5192839737488,2503.112211308685
FCCD_k3_nc1_rf1_ra2,1e-4,0.00117,8.599613723059974,1.4387767499630277,1.838442253634921
FCCD_k4_nc1_rf1_ra2,1e-4,0.0019266666666666666,13.688095574819192,1.4813654124662001,3.087814815550645
FCCD_k5_nc1_rf1_ra2,1e-4,0.0034904761904761905,22.980088207175413,1.5485403224383034,4.843208834073787
FCCD_k6_nc1_rf1_ra2,1e-4,0.0034607142857142857,23.634456081402796,1.9587516652715926,6.871367853013388
FCCD_k7_nc1_rf1_ra2,1e-4,0.0034361111111111116,11.960014289415517,875.3484922250816,3628.781506034949
FCCD_k8_nc1_rf1_ra2,1e-4,0.0034155555555555562,5.449941555890798,2344.755937549511,5573.263212965275
FCCD_k9_nc1_rf1_ra2,1e-4,0.0033981818181818184,2.4647090234300855,4416.861300517953,7850.664247870436
FCCD_k10_nc1_rf1_ra2,1e-4,0.0033833333333333337,1.1516379531585725,7096.477769157479,9734.912235213429
RCCD_k3_nc1_rf1_ra2,1e-4,0.002229411254969543,13.59715620696771,1.9409702160012363,0.9754473980594245
RCCD_k4_nc1_rf1_ra2,1e-4,0.003846666666666667,24.26267226831838,1.7985827166353399,0.9732216747434401
RCCD_k5_nc1_rf1_ra2,1e-4,0.006886367071380226,44.94957213364763,1.4220001293418574,0.7773691151050852
RCCD_k6_nc1_rf1_ra2,1e-4,0.00946071428571429,53.71354886353758,1.1053343555096928,0.5625778905219593
RCCD_k7_nc1_rf1_ra2,1e-4,0.014116066216587701,34.618806091486285,213.3962327640239,1067.648923764897
RCCD_k8_nc1_rf1_ra2,1e-4,0.02261555555555556,21.69430653236721,354.4806141912202,995.0265420353213
RCCD_k9_nc1_rf1_ra2,1e-4,0.038261067294412546,14.744748772216433,392.65747715079357,694.8959516947563
RCCD_k10_nc1_rf1_ra2,1e-4,0.06726212121212125,11.331029413459122,357.2634350243058,494.169952482123
SCCD_k3_nc1_rf1_ra2,1e-4,0.00237,14.141976239301966,1.926196137714944,0.9870951737053987
SCCD_k4_nc1_rf1_ra2,1e-4,0.003846666666666667,24.26267226831838,1.7985827166353399,0.9922990544254436
SCCD_k5_nc1_rf1_ra2,1e-4,0.006157142857142858,41.82840204719701,1.6436153202971546,0.8979186822234845
SCCD_k6_nc1_rf1_ra2,1e-4,0.006889285714285714,45.37117943436083,1.770833070572081,0.9386243475995698
SCCD_k7_nc1_rf1_ra2,1e-4,0.0076361111111111135,25.238408075827255,394.6682505602545,1864.4977917933202
SCCD_k8_nc1_rf1_ra2,1e-4,0.008393333333333336,12.784435737647883,954.9164596477932,2391.250524315812
SCCD_k9_nc1_rf1_ra2,1e-4,0.009158181818181819,6.475545322797682,1639.583478950581,2771.452371674942
SCCD_k10_nc1_rf1_ra2,1e-4,0.00992878787878788,3.403751774496855,2418.7830624418084,3331.3578484213485
FCCD_k3_nc3_rf1_ra2,1e-4,0.00119,8.867424934738025,1.3652791434170883,1.8188726157439747
FCCD_k4_nc3_rf1_ra2,1e-4,0.0019399999999999999,13.864029003850824,1.4565939993109707,3.1601251125873224
FCCD_k5_nc3_rf1_ra2,1e-4,0.0035,23.13186204206703,1.5366641921756217,4.44103136233638
FCCD_k6_nc3_rf1_ra2,1e-4,0.003467857142857143,23.726835007464423,1.9515710180616825,6.697306104184767
FCCD_k7_nc3_rf1_ra2,1e-4,0.0034416666666666667,11.991600804478228,873.9343901484276,3572.9025036943963
FCCD_k8_nc3_rf1_ra2,1e-4,0.0034200000000000003,5.460488408762782,2341.7087240074416,5703.5685612638945
FCCD_k9_nc3_rf1_ra2,1e-4,0.0034018181818181816,2.468413971069288,4412.140313209461,7369.497445149622
FCCD_k10_nc3_rf1_ra2,1e-4,0.003386363636363637,1.1530404680150186,7090.128085498654,9532.369672711271
RCCD_k3_nc3_rf1_ra2,1e-4,0.0022494112549695426,15.15632890658168,1.0598535566223215,0.579818329712564
RCCD_k4_nc3_rf1_ra2,1e-4,0.00386,26.10084556357277,0.9705715043356838,0.5237570007429904
RCCD_k5_nc3_rf1_ra2,1e-4,0.006895890880904037,47.09894680868236,0.8073956227510221,0.4155627705493692
RCCD_k6_nc3_rf1_ra2,1e-4,0.009467857142857146,54.9885432803465,0.8543516022729811,0.5634711223106058
RCCD_k7_nc3_rf1_ra2,1e-4,0.014121621772143258,34.99271546220532,213.2315676927326,1036.1433745111567
RCCD_k8_nc3_rf1_ra2,1e-4,0.02262,21.810380289316246,354.38123522543293,992.176700163297
RCCD_k9_nc3_rf1_ra2,1e-4,0.038264703658048904,14.789191780200314,392.6063915409632,652.1611711069988
RCCD_k10_nc3_rf1_ra2,1e-4,0.06726515151515154,11.35259406057846,357.2395104094773,479.2720209316161
SCCD_k3_nc3_rf1_ra2,1e-4,0.0023899999999999998,15.780902433294097,1.041051959065017,0.5734466662658598
SCCD_k4_nc3_rf1_ra2,1e-4,0.00386,26.10084556357277,0.9705715043356838,0.521780234533658
SCCD_k5_nc3_rf1_ra2,1e-4,0.006166666666666668,44.064630578704,0.8514384415096096,0.42056621823854257
SCCD_k6_nc3_rf1_ra2,1e-4,0.006896428571428572,47.177786124930016,1.0013217815836157,0.5857991299832347
SCCD_k7_nc3_rf1_ra2,1e-4,0.007641666666666669,26.017881807772568,393.6295108642597,1759.7345160597001
SCCD_k8_nc3_rf1_ra2,1e-4,0.00839777777777778,13.099804155581772,953.6713695125962,2383.616186041819
SCCD_k9_nc3_rf1_ra2,1e-4,0.009161818181818182,6.606099661483278,1638.2025990829345,2823.9695420952976
SCCD_k10_nc3_rf1_ra2,1e-4,0.009931818181818184,3.4608887125856587,2417.322767027982,3471.1317694245454
FCCD_k3_nc5_rf1_ra2,1e-4,0.00121,9.077710973466429,1.3224897892537926,1.845002811350215
FCCD_k4_nc5_rf1_ra2,1e-4,0.0019533333333333334,14.013364768329927,1.4391760455276308,3.099835869596692
FCCD_k5_nc5_rf1_ra2,1e-4,0.0035095238095238096,23.266010430055953,1.5275032654447471,4.58739284942946
FCCD_k6_nc5_rf1_ra2,1e-4,0.0034750000000000002,23.81042132598227,1.9457364699320272,6.204941082672548
FCCD_k7_nc5_rf1_ra2,1e-4,0.003447222222222222,12.020780226169594,872.5255872977282,4097.612636143353
FCCD_k8_nc5_rf1_ra2,1e-4,0.003424444444444445,5.470391396303081,2338.669876132509,6021.7053409730515
FCCD_k9_nc5_rf1_ra2,1e-4,0.0034054545454545457,2.4719369552069606,4407.429707516599,7468.3749585879805
FCCD_k10_nc5_rf1_ra2,1e-4,0.0033893939393939395,1.154387159611575,7083.789962545421,9630.178504538097
RCCD_k3_nc5_rf1_ra2,1e-4,0.0022694112549695427,15.946493106046857,0.8808444178849439,0.5765260716215279
RCCD_k4_nc5_rf1_ra2,1e-4,0.0038733333333333337,27.003882012345816,0.8043336685418048,0.5249823891212442
RCCD_k5_nc5_rf1_ra2,1e-4,0.0069054146904278454,48.20057551851801,0.6655748861383262,0.41418594283863785
RCCD_k6_nc5_rf1_ra2,1e-4,0.009475000000000003,55.76594071421144,0.7665175981352329,0.563533291959417
RCCD_k7_nc5_rf1_ra2,1e-4,0.014127177327698812,35.2647291186162,213.10626191309242,1044.3419679633544
RCCD_k8_nc5_rf1_ra2,1e-4,0.022624444444444444,21.904628873927493,354.2923444399875,901.2691546877027
RCCD_k9_nc5_rf1_ra2,1e-4,0.03826834002168527,14.827520545722917,392.5589486553681,680.26440278543
RCCD_k10_nc5_rf1_ra2,1e-4,0.06726818181818184,11.371825444226634,357.21723149827284,515.4218811456253
SCCD_k3_nc5_rf1_ra2,1e-4,0.0024100000000000002,16.60729969463308,0.8635768752492454,0.5717200123297292
SCCD_k4_nc5_rf1_ra2,1e-4,0.0038733333333333337,27.003882012345816,0.8043336685418048,0.5260425026080526
SCCD_k5_nc5_rf1_ra2,1e-4,0.0061761904761904775,45.14754414398017,0.6920685983665511,0.4180524123006618
SCCD_k6_nc5_rf1_ra2,1e-4,0.00690357142857143,48.04455962064732,0.8464319429665502,0.5808562226359569
SCCD_k7_nc5_rf1_ra2,1e-4,0.007647222222222223,26.390447130238286,393.1926325683691,1941.2986708430847
SCCD_k8_nc5_rf1_ra2,1e-4,0.008402222222222224,13.250233681333327,953.0182173512246,2251.8740887013973
SCCD_k9_nc5_rf1_ra2,1e-4,0.009165454545454546,6.668299102069481,1637.4056867400427,2786.481186321856
SCCD_k10_nc5_rf1_ra2,1e-4,0.009934848484848487,3.4880894459179013,2416.4398837865638,3175.7105413171557
FCCD_k3_nc7_rf1_ra2,1e-4,0.0012300000000000002,9.25160379358538,1.294488267721448,1.8331503725903753
FCCD_k4_nc7_rf1_ra2,1e-4,0.001966666666666667,14.14328408413222,1.4262601014402398,3.1491135923888103
FCCD_k5_nc7_rf1_ra2,1e-4,0.003519047619047619,23.38627757571915,1.5202217545457286,4.9213925483177405
FCCD_k6_nc7_rf1_ra2,1e-4,0.0034821428571428573,23.886767909603655,1.9409018408267298,6.478070055395306
FCCD_k7_nc7_rf1_ra2,1e-4,0.003452777777777778,12.047915639575555,871.1218949213194,4279.192610195101
FCCD_k8_nc7_rf1_ra2,1e-4,0.0034288888888888893,5.479735175629503,2335.6392736118205,6041.4153503576745
FCCD_k9_nc7_rf1_ra2,1e-4,0.0034090909090909094,2.475299166237613,4402.7293990471335,8047.243768397071
FCCD_k10_nc7_rf1_ra2,1e-4,0.0033924242424242424,1.155683860012876,7077.463337506222,9287.3062339061
RCCD_k3_nc7_rf1_ra2,1e-4,0.0022894112549695428,16.490334773616624,0.8038365725696581,0.5790159339406533
RCCD_k4_nc7_rf1_ra2,1e-4,0.0038866666666666667,27.615973046371757,0.73302357511295,0.5249700739720161
RCCD_k5_nc7_rf1_ra2,1e-4,0.006914938499951656,48.953348693214075,0.6025447287873991,0.4144520071799025
RCCD_k6_nc7_rf1_ra2,1e-4,0.00948214285714286,56.329277936998125,0.7217739169108365,0.5701231424589503
RCCD_k7_nc7_rf1_ra2,1e-4,0.01413273288325437,35.47913625503633,212.99731735157505,988.8035728001282
RCCD_k8_nc7_rf1_ra2,1e-4,0.02262888888888889,21.98407066106655,354.2092660861693,854.6842309689504
RCCD_k9_nc7_rf1_ra2,1e-4,0.038271976385321635,14.861238152117034,392.51388134083425,640.645490157285
RCCD_k10_nc7_rf1_ra2,1e-4,0.06727121212121215,11.389186118556868,357.19613066558463,456.927130018671
SCCD_k3_nc7_rf1_ra2,1e-4,0.0024300000000000003,17.175308263607434,0.7874699168218513,0.5676540677078729
SCCD_k4_nc7_rf1_ra2,1e-4,0.0038866666666666667,27.615973046371757,0.73302357511295,0.5237069317679997
SCCD_k5_nc7_rf1_ra2,1e-4,0.0061857142857142874,45.87583527947126,0.623671224396308,0.4212796667347543
SCCD_k6_nc7_rf1_ra2,1e-4,0.0069107142857142865,48.62459903838247,0.7799490581835445,0.5783942852104177
SCCD_k7_nc7_rf1_ra2,1e-4,0.007652777777777779,26.639506978240195,392.84273095355763,2030.198927002657
SCCD_k8_nc7_rf1_ra2,1e-4,0.00840666666666667,13.350775322454586,952.450767023727,2572.1470320835515
SCCD_k9_nc7_rf1_ra2,1e-4,0.00916909090909091,6.7098739652152455,1636.6933656460646,2885.4349582300924
SCCD_k10_nc7_rf1_ra2,1e-4,0.00993787878787879,3.5062731670216687,2415.6406435019358,3253.355622001026
FCCD_k3_nc10_rf1_ra2,1e-4,0.00126,9.467356204594287,1.266894828467555,1.8395125908033405
FCCD_k4_nc10_rf1_ra2,1e-4,0.001986666666666667,14.31139179291964,1.4121288085358583,3.029965663257376
FCCD_k5_nc10_rf1_ra2,1e-4,0.0035333333333333336,23.546267752872225,1.51172667980129,4.741274114714762
FCCD_k6_nc10_rf1_ra2,1e-4,0.003492857142857143,23.990204336067347,1.935026316575204,6.72792807996356
FCCD_k7_nc10_rf1_ra2,1e-4,0.0034611111111111114,12.085396759975401,869.0256346664137,4791.627674279972
FCCD_k8_nc10_rf1_ra2,1e-4,0.0034355555555555554,5.492849720654694,2331.1086187805913,6158.572234092579
FCCD_k9_nc10_rf1_ra2,1e-4,0.003414545454545455,2.4800789272615202,4395.698086259009,7816.204200990529
FCCD_k10_nc10_rf1_ra2,1e-4,0.003396969696969697,1.1575458298294605,7067.994836725681,9423.838151689983
RCCD_k3_nc10_rf1_ra2,1e-4,0.002319411254969543,17.087701125799782,0.7459655159489768,0.5766950764284744
RCCD_k4_nc10_rf1_ra2,1e-4,0.003906666666666667,28.280137463466936,0.6795150649797002,0.5277146919538984
RCCD_k5_nc10_rf1_ra2,1e-4,0.0069292242142373695,49.77208811725191,0.5543456724505287,0.41226993158738967
RCCD_k6_nc10_rf1_ra2,1e-4,0.009492857142857147,56.963128972275804,0.6847456067371995,0.5591139122780303
RCCD_k7_nc10_rf1_ra2,1e-4,0.0141410662165877,35.73477623641838,212.8484374991434,1152.7156408172068
RCCD_k8_nc10_rf1_ra2,1e-4,0.022635555555555558,22.08399006024052,354.09092361088784,864.3979672330144
RCCD_k9_nc10_rf1_ra2,1e-4,0.03827743093077618,14.90528860184632,392.4491967596041,664.7472972595128
RCCD_k10_nc10_rf1_ra2,1e-4,0.0672757575757576,11.41243326193946,357.166047436763,490.36693993945545
SCCD_k3_nc10_rf1_ra2,1e-4,0.0024600000000000004,17.798756436417502,0.7303709006154854,0.567038618263531
SCCD_k4_nc10_rf1_ra2,1e-4,0.003906666666666667,28.280137463466936,0.6795150649797002,0.5265262250684509
SCCD_k5_nc10_rf1_ra2,1e-4,0.0062000000000000015,46.660980936029254,0.5723352637896633,0.42027369922133895
SCCD_k6_nc10_rf1_ra2,1e-4,0.006921428571428571,49.2473666750471,0.7300467811406249,0.5785699916486147
SCCD_k7_nc10_rf1_ra2,1e-4,0.007661111111111113,26.9069185920578,392.3674434641355,1708.1685712801086
SCCD_k8_nc10_rf1_ra2,1e-4,0.008413333333333335,13.458792549782858,951.6486017030285,2344.2381151904224
SCCD_k9_nc10_rf1_ra2,1e-4,0.009174545454545456,6.754571275176934,1635.6732536223922,2727.3198049504986
SCCD_k10_nc10_rf1_ra2,1e-4,0.009942424242424246,3.525834336773806,2414.489540415396,3319.951553876913
FCCD_k3_nc1_rf2_ra2,1e-4,0.00197,13.210102860508627,1.100079630917814,1.6497943858871966
FCCD_k4_nc1_rf2_ra2,1e-4,0.0035266666666666667,22.123054237576408,1.188820074588532,2.9672435249394282
FCCD_k5_nc1_rf2_ra2,1e-4,0.00669047619047619,38.445880981809914,1.3205657286897203,5.019832173224636
FCCD_k6_nc1_rf2_ra2,1e-4,0.006660714285714286,40.25363909685083,1.6407394018276826,6.728455970275763
FCCD_k7_nc1_rf2_ra2,1e-4,0.006636111111111112,20.61533066748949,453.98658217532295,2342.54497617255
FCCD_k8_nc1_rf2_ra2,1e-4,0.006615555555555555,9.485686973392742,1211.437932746833,3106.05796020837
FCCD_k9_nc1_rf2_ra2,1e-4,0.006598181818181819,4.325321314053868,2275.74535977811,3865.593576419849
FCCD_k10_nc1_rf2_ra2,1e-4,0.006583333333333333,2.0355566207478284,3648.1573599756666,4819.89104104967
RCCD_k3_nc1_rf2_ra2,1e-4,0.0030294112549695434,19.262924078797333,1.6856601072756803,0.9643719977413162
RCCD_k4_nc1_rf2_ra2,1e-4,0.005446666666666667,36.65172644135839,1.5644042598131804,0.9707245799144084
RCCD_k5_nc1_rf2_ra2,1e-4,0.010086367071380227,71.42721569148351,1.1905420666633781,0.7402468254456187
RCCD_k6_nc1_rf2_ra2,1e-4,0.012660714285714289,86.61653112129154,0.7520501419907188,0.3638619799661303
RCCD_k7_nc1_rf2_ra2,1e-4,0.0173160662165877,54.1721754684071,173.76642998168037,690.0907528196781
RCCD_k8_nc1_rf2_ra2,1e-4,0.025815555555555557,32.259722991660304,310.30603312747724,835.6339632638319
RCCD_k9_nc1_rf2_ra2,1e-4,0.04146106729441255,20.63785534199867,362.1240715101548,608.007150761716
RCCD_k10_nc1_rf2_ra2,1e-4,0.07046212121212124,14.916283204108554,340.85962023648534,469.120417091184
SCCD_k3_nc1_rf2_ra2,1e-4,0.00317,19.920711857167127,1.6897450624405768,0.994054108590338
SCCD_k4_nc1_rf2_ra2,1e-4,0.005446666666666667,36.65172644135839,1.5644042598131804,0.9716725119595444
SCCD_k5_nc1_rf2_ra2,1e-4,0.009357142857142859,66.74170899921032,1.4447880631052772,0.8957325106946634
SCCD_k6_nc1_rf2_ra2,1e-4,0.010089285714285714,73.64862632573521,1.4922132857528414,0.885730656611958
SCCD_k7_nc1_rf2_ra2,1e-4,0.010836111111111114,40.41350559624605,278.3469736322419,1183.6541597940948
SCCD_k8_nc1_rf2_ra2,1e-4,0.011593333333333336,19.982512722866776,691.5294011055945,1667.6764506704378
SCCD_k9_nc1_rf2_ra2,1e-4,0.012358181818181819,9.82153281480501,1215.2052522638241,2122.2712148289515
SCCD_k10_nc1_rf2_ra2,1e-4,0.013128787878787882,4.994498563213891,1829.4071537794207,2483.0398931686946
FCCD_k3_nc3_rf2_ra2,1e-4,0.00199,13.599924246039508,1.0385983667529077,1.6825037210055345
FCCD_k4_nc3_rf2_ra2,1e-4,0.00354,22.400460231065125,1.1660884565355703,2.9414499901926
FCCD_k5_nc3_rf2_ra2,1e-4,0.0067,38.69704010569253,1.309139294291853,4.591655571975406
FCCD_k6_nc3_rf2_ra2,1e-4,0.006667857142857144,40.40950492421426,1.6337983053983511,6.827835570012188
FCCD_k7_nc3_rf2_ra2,1e-4,0.006641666666666667,20.668011556986787,453.60380746328104,1938.8645860838378
FCCD_k8_nc3_rf2_ra2,1e-4,0.006620000000000001,9.502863946721435,1210.6227734814931,2992.5837958391635
FCCD_k9_nc3_rf2_ra2,1e-4,0.006601818181818182,4.331176293173921,2274.4907087272045,3996.0864358129957
FCCD_k10_nc3_rf2_ra2,1e-4,0.006586363636363636,2.037702434602406,3646.478176043001,4989.543085276703
RCCD_k3_nc3_rf2_ra2,1e-4,0.0030494112549695434,21.460966997246267,0.8180625875631254,0.334969090779301
RCCD_k4_nc3_rf2_ra2,1e-4,0.0054600000000000004,39.42502571072957,0.7385872334168574,0.328673388327624
RCCD_k5_nc3_rf2_ra2,1e-4,0.010095890880904037,74.7374281911689,0.6116733156923607,0.28755156765274936
RCCD_k6_nc3_rf2_ra2,1e-4,0.012667857142857147,88.39204548119365,0.5638822800326004,0.30502622818108466
RCCD_k7_nc3_rf2_ra2,1e-4,0.017321621772143258,54.609474112617505,173.665167057461,884.5397462551159
RCCD_k8_nc3_rf2_ra2,1e-4,0.02582,32.374097369719145,310.2395077709998,808.742777199552
RCCD_k9_nc3_rf2_ra2,1e-4,0.041464703658048906,20.675639262530012,362.08725693532784,608.6417142186865
RCCD_k10_nc3_rf2_ra2,1e-4,0.07046515151515154,14.93254168727347,340.8424192170645,469.4823863198772
SCCD_k3_nc3_rf2_ra2,1e-4,0.00319,22.227757469835694,0.8058550118541163,0.3296743013557476
SCCD_k4_nc3_rf2_ra2,1e-4,0.0054600000000000004,39.42502571072957,0.7385872334168574,0.32408998850310033
SCCD_k5_nc3_rf2_ra2,1e-4,0.009366666666666667,70.30138037654922,0.6566254319227478,0.3167277523385243
SCCD_k6_nc3_rf2_ra2,1e-4,0.010096428571428572,76.5744716852437,0.7264915386793575,0.3121724531166345
SCCD_k7_nc3_rf2_ra2,1e-4,0.01084166666666667,41.65812400178591,277.4556189009767,1360.1041732674278
SCCD_k8_nc3_rf2_ra2,1e-4,0.011597777777777782,20.473836228447926,690.5278252637413,1579.2535631515811
SCCD_k9_nc3_rf2_ra2,1e-4,0.012361818181818184,10.018840026986137,1214.1208319366722,2021.5263734497146
SCCD_k10_nc3_rf2_ra2,1e-4,0.013131818181818185,5.078023580181318,1828.2658846665859,2400.2481987239807
FCCD_k3_nc5_rf2_ra2,1e-4,0.00201,13.90943325858707,1.0018921955967746,1.6277551128732008
FCCD_k4_nc5_rf2_ra2,1e-4,0.0035533333333333333,22.636792127528306,1.1499776926634437,2.911134282208857
FCCD_k5_nc5_rf2_ra2,1e-4,0.00670952380952381,38.91931084254396,1.3003018659011,4.7241456570031035
FCCD_k6_nc5_rf2_ra2,1e-4,0.006675,40.55066030435929,1.6281479955843887,6.472407386225442
FCCD_k7_nc5_rf2_ra2,1e-4,0.006647222222222223,20.716605091630843,453.2223937253916,2240.189744672613
FCCD_k8_nc5_rf2_ra2,1e-4,0.006624444444444444,9.518934302650763,1209.809152962579,3007.5466695962095
FCCD_k9_nc5_rf2_ra2,1e-4,0.0066054545454545454,4.336715313527122,2273.237731991739,3997.633165009343
FCCD_k10_nc5_rf2_ra2,1e-4,0.006589393939393939,2.0397504520772953,3644.800739213372,4817.803266684597
RCCD_k3_nc5_rf2_ra2,1e-4,0.0030694112549695435,22.577491694067767,0.6407291299217762,0.33489750534683144
RCCD_k4_nc5_rf2_ra2,1e-4,0.0054733333333333335,40.78832054895713,0.572526483070156,0.2916203067215745
RCCD_k5_nc5_rf2_ra2,1e-4,0.010105414690427845,76.4602140572745,0.4731334782953858,0.22529175651523262
RCCD_k6_nc5_rf2_ra2,1e-4,0.012675000000000004,89.53608273639394,0.48950795280638026,0.30182971210029325
RCCD_k7_nc5_rf2_ra2,1e-4,0.01732717732769881,54.951215451638475,173.5822531853381,987.3671804312086
RCCD_k8_nc5_rf2_ra2,1e-4,0.02582444444444445,32.473313908993916,310.1763608809882,749.6991426534224
RCCD_k9_nc5_rf2_ra2,1e-4,0.04146834002168527,20.71011311774712,362.0513264573017,642.9100961088692
RCCD_k10_nc5_rf2_ra2,1e-4,0.07046818181818183,14.947755313082812,340.82554646163055,451.65050337224864
SCCD_k3_nc5_rf2_ra2,1e-4,0.00321,23.39141365847298,0.6284813818467916,0.32949180115560955
SCCD_k4_nc5_rf2_ra2,1e-4,0.0054733333333333335,40.78832054895713,0.572526483070156,0.2914792167979296
SCCD_k5_nc5_rf2_ra2,1e-4,0.009376190476190477,72.02732334547045,0.49758079164445723,0.2583572776101609
SCCD_k6_nc5_rf2_ra2,1e-4,0.01010357142857143,77.9799510683562,0.5719089582652095,0.3111404074859025
SCCD_k7_nc5_rf2_ra2,1e-4,0.010847222222222223,42.2533249524608,277.1625191828471,1352.5335313575786
SCCD_k8_nc5_rf2_ra2,1e-4,0.011602222222222224,20.708186751940627,690.114628075179,1878.9718169463647
SCCD_k9_nc5_rf2_ra2,1e-4,0.012365454545454546,10.1128019038112,1213.616929286874,2033.4149843005148
SCCD_k10_nc5_rf2_ra2,1e-4,0.013134848484848487,5.117759600636774,1827.6986960636139,2410.188534309306
FCCD_k3_nc7_rf2_ra2,1e-4,0.00203,14.167145456938046,0.97749653526538,1.670610500587009
FCCD_k4_nc7_rf2_ra2,1e-4,0.0035666666666666668,22.842941605877645,1.137962629157965,2.998846763735606
FCCD_k5_nc7_rf2_ra2,1e-4,0.006719047619047619,39.11877749847466,1.293262909747559,4.392745654110317
FCCD_k6_nc7_rf2_ra2,1e-4,0.006682142857142857,40.67968327641393,1.6234589471407161,6.581622391852105
FCCD_k7_nc7_rf2_ra2,1e-4,0.006652777777777777,20.761723739903534,452.84217975039536,2262.1109578548244
FCCD_k8_nc7_rf2_ra2,1e-4,0.00662888888888889,9.534042736947631,1208.9969829053653,2836.581721308583
FCCD_k9_nc7_rf2_ra2,1e-4,0.00660909090909091,4.341975000003928,2271.986376972054,3936.938966837473
FCCD_k10_nc7_rf2_ra2,1e-4,0.0065924242424242425,2.0417108505951993,3643.1250160833824,5154.308971005113
RCCD_k3_nc7_rf2_ra2,1e-4,0.0030894112549695435,23.34643565879863,0.5643305447117832,0.33484104355904143
RCCD_k4_nc7_rf2_ra2,1e-4,0.005486666666666667,41.71253464211464,0.5012654365746868,0.29161128725193025
RCCD_k5_nc7_rf2_ra2,1e-4,0.010114938499951657,77.64285524240364,0.410939760011343,0.22519665608913805
RCCD_k6_nc7_rf2_ra2,1e-4,0.01268214285714286,90.38488519194648,0.4496686587518477,0.2983463498095457
RCCD_k7_nc7_rf2_ra2,1e-4,0.01733273288325437,55.232185543885016,173.50851711725977,804.184282875768
RCCD_k8_nc7_rf2_ra2,1e-4,0.02582888888888889,32.56098447579086,310.11545303537065,818.5514440531455
RCCD_k9_nc7_rf2_ra2,1e-4,0.04147197638532163,20.741821448181753,362.0160705710546,619.8792701211808
RCCD_k10_nc7_rf2_ra2,1e-4,0.07047121212121216,14.962052967875351,340.8089429327428,457.9982320726666
SCCD_k3_nc7_rf2_ra2,1e-4,0.00323,24.191296188684706,0.5524029463208494,0.32845459115645115
SCCD_k4_nc7_rf2_ra2,1e-4,0.005486666666666667,41.71253464211464,0.5012654365746868,0.2916203850699147
SCCD_k5_nc7_rf2_ra2,1e-4,0.009385714285714287,73.18845302736791,0.42927330924218954,0.26052791989015556
SCCD_k6_nc7_rf2_ra2,1e-4,0.010110714285714287,78.92079409035686,0.5055110286651925,0.31171139949189086
SCCD_k7_nc7_rf2_ra2,1e-4,0.010852777777777779,42.651080772683216,276.9559139518536,1231.693128693744
SCCD_k8_nc7_rf2_ra2,1e-4,0.01160666666666667,20.864682158632874,689.7865958118359,1674.9571493606275
SCCD_k9_nc7_rf2_ra2,1e-4,0.01236909090909091,10.17552976693465,1213.1971112105364,2016.17281877567
SCCD_k10_nc7_rf2_ra2,1e-4,0.01313787878787879,5.144284305996048,1827.2146982995594,2416.8385126687635
FCCD_k3_nc10_rf2_ra2,1e-4,0.00206,14.488667713035303,0.9531600325494884,1.675614143509232
FCCD_k4_nc10_rf2_ra2,1e-4,0.003586666666666667,23.110325245312776,1.1247496907988936,2.9743064435760287
FCCD_k5_nc10_rf2_ra2,1e-4,0.006733333333333333,39.384378263362976,1.2850344526625668,4.67521357062126
FCCD_k6_nc10_rf2_ra2,1e-4,0.006692857142857144,40.854615363474146,1.6177516908912597,6.664258335957822
FCCD_k7_nc10_rf2_ra2,1e-4,0.006661111111111112,20.823918131194517,452.27385909070676,2405.8580017804475
FCCD_k8_nc10_rf2_ra2,1e-4,0.006635555555555556,9.55515409502302,1207.7813037226938,2954.6919398086893
FCCD_k9_nc10_rf2_ra2,1e-4,0.0066145454545454545,4.34940635668127,2270.1122960539083,3833.8066762059943
FCCD_k10_nc10_rf2_ra2,1e-4,0.0065969696969696975,2.0445057724289204,3640.614586095444,4875.93601002943
RCCD_k3_nc10_rf2_ra2,1e-4,0.0031194112549695436,24.191345360156138,0.5068734883194587,0.3348235858970291
RCCD_k4_nc10_rf2_ra2,1e-4,0.0055066666666666675,42.715464561904525,0.44778325030587024,0.2912483556180223
RCCD_k5_nc10_rf2_ra2,1e-4,0.01012922421423737,78.93247175358037,0.36311899803417075,0.2251852051031396
RCCD_k6_nc10_rf2_ra2,1e-4,0.012692857142857146,91.35463519084118,0.4156360158693163,0.3016992895188789
RCCD_k7_nc10_rf2_ra2,1e-4,0.0173410662165877,55.578321178388364,173.40711175938657,817.2386858810345
RCCD_k8_nc10_rf2_ra2,1e-4,0.025835555555555556,32.67600869064328,310.0268809909095,726.2920079488729
RCCD_k9_nc10_rf2_ra2,1e-4,0.04147743093077618,20.785092316965066,361.9641397776959,606.6730292909633
RCCD_k10_nc10_rf2_ra2,1e-4,0.0704757575757576,14.98200978570619,340.7844453726935,468.11199178258096
SCCD_k3_nc10_rf2_ra2,1e-4,0.0032600000000000003,25.069286209865236,0.4953198313070702,0.32843131880744136
SCCD_k4_nc10_rf2_ra2,1e-4,0.0055066666666666675,42.715464561904525,0.44778325030587024,0.29159537491005494
SCCD_k5_nc10_rf2_ra2,1e-4,0.009400000000000002,74.44045077650942,0.3779852416888039,0.25964137058957454
SCCD_k6_nc10_rf2_ra2,1e-4,0.010121428571428571,79.93112123953433,0.45565402951925515,0.3116084515630103
SCCD_k7_nc10_rf2_ra2,1e-4,0.010861111111111113,43.07787750188769,276.69498934549483,1325.0603675158873
SCCD_k8_nc10_rf2_ra2,1e-4,0.011613333333333337,21.032602392417076,689.3428630043458,1657.7221203799918
SCCD_k9_nc10_rf2_ra2,1e-4,0.012374545454545456,10.242854996867155,1212.615107568376,2097.9556110677427
SCCD_k10_nc10_rf2_ra2,1e-4,0.013142424242424247,5.172762451630558,1826.535908563539,2414.3311155260703
FCCD_k3_nc1_rf3_ra2,1e-4,0.00277,17.179723114295307,0.9772689860459677,1.5635901710130284
FCCD_k4_nc1_rf3_ra2,1e-4,0.0051266666666666665,29.48612766287253,1.086508057650603,3.0286386608819464
FCCD_k5_nc1_rf3_ra2,1e-4,0.00989047619047619,52.12333649156564,1.242282123825897,4.6430661217659095
FCCD_k6_nc1_rf3_ra2,1e-4,0.009860714285714287,55.129182821816556,1.5319698615452078,6.430464888473768
FCCD_k7_nc1_rf3_ra2,1e-4,0.009836111111111111,28.444318705437183,306.79197251841913,1537.9185390862651
FCCD_k8_nc1_rf3_ra2,1e-4,0.009815555555555555,13.168523091521509,817.0746371865295,1953.4995852903003
FCCD_k9_nc1_rf3_ra2,1e-4,0.009798181818181819,6.035959061561151,1533.1691268918908,2647.6406130222476
FCCD_k10_nc1_rf3_ra2,1e-4,0.009783333333333333,2.8534196165819634,2455.6366859437885,3199.572927211324
RCCD_k3_nc1_rf3_ra2,1e-4,0.0038294112549695438,24.132834083080198,1.5857532151246478,0.9648772271889001
RCCD_k4_nc1_rf3_ra2,1e-4,0.007046666666666667,47.44957585235333,1.477322890382861,0.9710930660314575
RCCD_k5_nc1_rf3_ra2,1e-4,0.013286367071380227,94.84639236496146,1.103133545171731,0.7200010112199495
RCCD_k6_nc1_rf3_ra2,1e-4,0.01586071428571429,115.9273632643759,0.6225334203558431,0.32398744617738234
RCCD_k7_nc1_rf3_ra2,1e-4,0.020516066216587702,71.47701985280399,146.61662174360922,732.3846652425676
RCCD_k8_nc1_rf3_ra2,1e-4,0.02901555555555556,41.388713402329884,276.0137978560874,677.5719466725316
RCCD_k9_nc1_rf3_ra2,1e-4,0.04466106729441255,25.535809319959522,336.1044834231816,598.7131703974462
RCCD_k10_nc1_rf3_ra2,1e-4,0.07366212121212123,17.758891292087796,325.9921413088009,440.3347341242817
SCCD_k3_nc1_rf3_ra2,1e-4,0.0039700000000000004,24.87902567417089,1.599400225859509,0.9922595019457643
SCCD_k4_nc1_rf3_ra2,1e-4,0.007046666666666667,47.44957585235333,1.477322890382861,0.9609516597508153
SCCD_k5_nc1_rf3_ra2,1e-4,0.012557142857142857,88.79302847436861,1.3711485799457124,0.9196442822458274
SCCD_k6_nc1_rf3_ra2,1e-4,0.013289285714285715,98.90719921396725,1.3911793389425984,0.8946947540993451
SCCD_k7_nc1_rf3_ra2,1e-4,0.014036111111111112,54.04852068339227,215.11928273795803,981.9894750591698
SCCD_k8_nc1_rf3_ra2,1e-4,0.014793333333333337,26.469771194574566,542.151644091187,1394.4155536230983
SCCD_k9_nc1_rf3_ra2,1e-4,0.01555818181818182,12.842066282115068,965.4572918456577,1681.5527566669386
SCCD_k10_nc1_rf3_ra2,1e-4,0.01632878787878788,6.432888928842918,1471.0803739311489,1981.627547881814
FCCD_k3_nc3_rf3_ra2,1e-4,0.00279,17.677033105434237,0.9195882907501247,1.5528083687661893
FCCD_k4_nc3_rf3_ra2,1e-4,0.0051400000000000005,29.852710799034263,1.0644356265262795,2.981548944020742
FCCD_k5_nc3_rf3_ra2,1e-4,0.0099,52.462539234823005,1.2310062375579898,4.7974562721289535
FCCD_k6_nc3_rf3_ra2,1e-4,0.009867857142857143,55.34194700442581,1.5251086877353588,6.155717160941081
FCCD_k7_nc3_rf3_ra2,1e-4,0.009841666666666667,28.516156778568256,306.6152200843347,1390.8060913311022
FCCD_k8_nc3_rf3_ra2,1e-4,0.00982,13.191799223270346,816.702495265632,1926.2670251589057
FCCD_k9_nc3_rf3_ra2,1e-4,0.009801818181818182,6.043816589708722,1532.5987424853224,2605.52989952584
FCCD_k10_nc3_rf3_ra2,1e-4,0.009786363636363636,2.856266064262899,2454.8751898856985,3302.6866307351443
RCCD_k3_nc3_rf3_ra2,1e-4,0.0038494112549695434,26.878488236851478,0.725866797480435,0.32833413627140523
RCCD_k4_nc3_rf3_ra2,1e-4,0.0070599999999999994,51.03541438648286,0.6536906867328739,0.33126810309464194
RCCD_k5_nc3_rf3_ra2,1e-4,0.013295890880904037,99.17439535886096,0.5411752536461353,0.29867562778025464
RCCD_k6_nc3_rf3_ra2,1e-4,0.01586785714285715,118.14094332215836,0.4585995329689406,0.21007742945157
RCCD_k7_nc3_rf3_ra2,1e-4,0.02052162177214326,71.97574123051531,146.54263187183983,634.3164993325274
RCCD_k8_nc3_rf3_ra2,1e-4,0.02902,41.5069972399853,275.9629552082154,689.4825818302631
RCCD_k9_nc3_rf3_ra2,1e-4,0.04466470365804891,25.571412359821956,336.0741897063779,572.5709309317134
RCCD_k10_nc3_rf3_ra2,1e-4,0.07366515151515154,17.77302321716813,325.9773855693607,441.96915401992345
SCCD_k3_nc3_rf3_ra2,1e-4,0.00399,27.758334109879204,0.7167611403098221,0.3289882656128088
SCCD_k4_nc3_rf3_ra2,1e-4,0.0070599999999999994,51.03541438648286,0.6536906867328739,0.3229341472738022
SCCD_k5_nc3_rf3_ra2,1e-4,0.012566666666666667,93.51760094875907,0.5869674091030042,0.3128511318752286
SCCD_k6_nc3_rf3_ra2,1e-4,0.013296428571428574,102.82751470404986,0.6292170193843942,0.2998072545923394
SCCD_k7_nc3_rf3_ra2,1e-4,0.014041666666666666,55.708811973144854,214.28883386869464,999.2865269943061
SCCD_k8_nc3_rf3_ra2,1e-4,0.01479777777777778,27.118783121795964,541.2555712491524,1495.277147573769
SCCD_k9_nc3_rf3_ra2,1e-4,0.015561818181818184,13.09928441253449,964.5080230718593,1549.392336749569
SCCD_k10_nc3_rf3_ra2,1e-4,0.016331818181818183,6.540133543171386,1470.0915538293505,2058.5540293058766
FCCD_k3_nc5_rf3_ra2,1e-4,0.0028100000000000004,18.073411078526902,0.8848493085290217,1.6185017944040878
FCCD_k4_nc5_rf3_ra2,1e-4,0.0051533333333333336,30.165406611881913,1.0487497054031572,2.818668074043502
FCCD_k5_nc5_rf3_ra2,1e-4,0.00990952380952381,52.762858624522146,1.2222771522940012,4.488440737217641
FCCD_k6_nc5_rf3_ra2,1e-4,0.009875,55.534690085056546,1.5195198509797576,6.102786528377056
FCCD_k7_nc5_rf3_ra2,1e-4,0.009847222222222222,28.582384031203524,306.43938155599466,1424.066504882795
FCCD_k8_nc5_rf3_ra2,1e-4,0.009824444444444445,13.213545451305574,816.3311313309632,2044.3073993410699
FCCD_k9_nc5_rf3_ra2,1e-4,0.009805454545454546,6.051234668728348,1532.0290718875633,2502.2626133162426
FCCD_k10_nc5_rf3_ra2,1e-4,0.00978939393939394,2.8589757855413205,2454.1143665993436,3271.132257204244
RCCD_k3_nc5_rf3_ra2,1e-4,0.0038694112549695434,28.275119291687513,0.5494722411534801,0.2968912935354397
RCCD_k4_nc5_rf3_ra2,1e-4,0.007073333333333333,52.799251095574604,0.4878065792097673,0.2621256364547597
RCCD_k5_nc5_rf3_ra2,1e-4,0.013305414690427847,101.44380131726815,0.4042741531826405,0.1978131554581985
RCCD_k6_nc5_rf3_ra2,1e-4,0.015875000000000004,119.60311677318685,0.39019465303035283,0.20930227189633666
RCCD_k7_nc5_rf3_ra2,1e-4,0.020527177327698813,72.37737727261656,146.48110871850017,696.4351687523472
RCCD_k8_nc5_rf3_ra2,1e-4,0.02902444444444445,41.612330359462796,275.9139642034645,702.8628499814415
RCCD_k9_nc5_rf3_ra2,1e-4,0.04466834002168527,25.604602282652774,336.04429990278913,576.0315313771873
RCCD_k10_nc5_rf3_ra2,1e-4,0.07366818181818184,17.78648616734218,325.9627603068149,438.53649940208254
SCCD_k3_nc5_rf3_ra2,1e-4,0.0040100000000000005,29.211104630547997,0.5394883267836571,0.2745542062738608
SCCD_k4_nc5_rf3_ra2,1e-4,0.007073333333333333,52.799251095574604,0.4878065792097673,0.2534693756813473
SCCD_k5_nc5_rf3_ra2,1e-4,0.012576190476190477,95.81119399555948,0.42824693331310526,0.2395175670029232
SCCD_k6_nc5_rf3_ra2,1e-4,0.013303571428571428,104.71300255417377,0.47494072853164526,0.2504240761924058
SCCD_k7_nc5_rf3_ra2,1e-4,0.014047222222222223,56.50345554823357,214.05325223674637,970.4905003705358
SCCD_k8_nc5_rf3_ra2,1e-4,0.014802222222222225,27.428499463200183,540.9445698037806,1422.3975804471934
SCCD_k9_nc5_rf3_ra2,1e-4,0.015565454545454546,13.221805115329254,964.1360483061893,1595.4229411090728
SCCD_k10_nc5_rf3_ra2,1e-4,0.016334848484848487,6.59115587459338,1469.6736686651727,2017.4016923929214
FCCD_k3_nc7_rf3_ra2,1e-4,0.00283,18.40425546282067,0.8616348855941539,1.58246140729445
FCCD_k4_nc7_rf3_ra2,1e-4,0.005166666666666667,30.43841521838851,1.0370285339557253,2.9416665251135723
FCCD_k5_nc7_rf3_ra2,1e-4,0.009919047619047619,53.03245925860824,1.2153194341760263,4.780437071731478
FCCD_k6_nc7_rf3_ra2,1e-4,0.009882142857142857,55.710911321945396,1.5148793715256335,6.571283965786037
FCCD_k7_nc7_rf3_ra2,1e-4,0.009852777777777778,28.64383918601227,306.2642993681377,1213.4445140840107
FCCD_k8_nc7_rf3_ra2,1e-4,0.00982888888888889,13.23396138719525,815.960460003334,2092.6117364603942
FCCD_k9_nc7_rf3_ra2,1e-4,0.00980909090909091,6.05826413942604,1531.460064945592,2537.6407065287535
FCCD_k10_nc7_rf3_ra2,1e-4,0.009792424242424243,2.861562984089027,2453.35418471904,3336.395932390455
RCCD_k3_nc7_rf3_ra2,1e-4,0.003889411254969544,29.23733243682028,0.4734113111397444,0.2989369090886615
RCCD_k4_nc7_rf3_ra2,1e-4,0.0070866666666666665,53.99520402047608,0.4165943428813847,0.25849784371142814
RCCD_k5_nc7_rf3_ra2,1e-4,0.013314938499951655,103.00524966125253,0.3425076903320431,0.20109979411363546
RCCD_k6_nc7_rf3_ra2,1e-4,0.015882142857142862,120.70035615997806,0.3526575056917794,0.20833971473871973
RCCD_k7_nc7_rf3_ra2,1e-4,0.02053273288325437,72.71404034529708,146.42633361985784,789.3247730661597
RCCD_k8_nc7_rf3_ra2,1e-4,0.029028888888888892,41.70731799544048,275.8662930353041,686.7368112734749
RCCD_k9_nc7_rf3_ra2,1e-4,0.04467197638532163,25.63569292249668,336.01473800821225,604.7575873392003
RCCD_k10_nc7_rf3_ra2,1e-4,0.07367121212121215,17.7993422065068,325.9482478123882,442.6357831770117
SCCD_k3_nc7_rf3_ra2,1e-4,0.00403,30.209805555975173,0.46343781046358146,0.2763852803427771
SCCD_k4_nc7_rf3_ra2,1e-4,0.0070866666666666665,53.99520402047608,0.4165943428813847,0.2533933911124738
SCCD_k5_nc7_rf3_ra2,1e-4,0.012585714285714287,97.35472018961933,0.36002911701041673,0.2338822204765087
SCCD_k6_nc7_rf3_ra2,1e-4,0.013310714285714287,105.97557866772429,0.40862753472836316,0.24891904188756203
SCCD_k7_nc7_rf3_ra2,1e-4,0.014052777777777779,57.034471677807304,213.9038743132761,976.950840583301
SCCD_k8_nc7_rf3_ra2,1e-4,0.01480666666666667,27.635248750770526,540.7184225820517,1531.218233789257
SCCD_k9_nc7_rf3_ra2,1e-4,0.01556909090909091,13.303549292001271,963.847852879423,1663.6265682913486
SCCD_k10_nc7_rf3_ra2,1e-4,0.01633787878787879,6.625188043468438,1469.3386844592446,1966.3705410263674
FCCD_k3_nc10_rf3_ra2,1e-4,0.00286,18.817830020012977,0.8383756138048888,1.620790990092898
FCCD_k4_nc10_rf3_ra2,1e-4,0.005186666666666667,30.79280933574148,1.0241160935071916,2.7749952034858802
FCCD_k5_nc10_rf3_ra2,1e-4,0.009933333333333334,53.39156705019096,1.2071802536704601,4.5797939010968
FCCD_k6_nc10_rf3_ra2,1e-4,0.009892857142857144,55.949896964842885,1.5092282357876945,6.328082295966581
FCCD_k7_nc10_rf3_ra2,1e-4,0.009861111111111112,28.72848818387571,306.0028511827134,1529.5444554206392
FCCD_k8_nc10_rf3_ra2,1e-4,0.009835555555555556,13.262439247319255,815.4056135029603,2046.1535272698102
FCCD_k9_nc10_rf3_ra2,1e-4,0.009814545454545454,6.068170776927996,1530.6077146766665,2630.3924394828537
FCCD_k10_nc10_rf3_ra2,1e-4,0.009796969696969698,2.8652400330284893,2452.215060302633,3280.2760809147585
RCCD_k3_nc10_rf3_ra2,1e-4,0.003919411254969543,30.294821754566325,0.41618173186599333,0.29479140908742585
RCCD_k4_nc10_rf3_ra2,1e-4,0.0071066666666666665,55.29313500012453,0.3631381642973032,0.264311151829592
RCCD_k5_nc10_rf3_ra2,1e-4,0.013329224214237372,104.71015557763738,0.294884678435927,0.1976893594273943
RCCD_k6_nc10_rf3_ra2,1e-4,0.01589285714285715,121.96352112818523,0.3200809179751194,0.20730771295234665
RCCD_k7_nc10_rf3_ra2,1e-4,0.0205410662165877,73.13544554679737,146.35132537658455,672.0677273399596
RCCD_k8_nc10_rf3_ra2,1e-4,0.029035555555555558,41.8343983746429,275.7965385750287,692.4685650746903
RCCD_k9_nc10_rf3_ra2,1e-4,0.04467743093077618,25.678940743526113,335.97088706329623,596.7979573808559
RCCD_k10_nc10_rf3_ra2,1e-4,0.0736757575757576,17.81760406576765,325.9266592172352,429.38108311679053
SCCD_k3_nc10_rf3_ra2,1e-4,0.00406,31.30607784754386,0.40636968661951767,0.27397668599373975
SCCD_k4_nc10_rf3_ra2,1e-4,0.0071066666666666665,55.29313500012453,0.3631381642973032,0.26029026305834035
SCCD_k5_nc10_rf3_ra2,1e-4,0.0126,99.01933984384208,0.30878879150803806,0.24009501690105658
SCCD_k6_nc10_rf3_ra2,1e-4,0.013321428571428573,107.33164011907394,0.3588156578826355,0.25099325234331726
SCCD_k7_nc10_rf3_ra2,1e-4,0.014061111111111113,57.604108617202414,213.72856555468277,1013.8737618625598
SCCD_k8_nc10_rf3_ra2,1e-4,0.014813333333333336,27.856948859654484,540.4272447616926,1395.1284766236233
SCCD_k9_nc10_rf3_ra2,1e-4,0.015574545454545455,13.391202720841193,963.4630130155358,1626.2224797607926
SCCD_k10_nc10_rf3_ra2,1e-4,0.01634242424242425,6.661684986557026,1468.8831673752995,2007.4348025449556
FCCD_k3_nc1_rf1_ra3,1e-4,0.00135,10.118126246842673,1.1791400786367894,1.3059150000565651
FCCD_k4_nc1_rf1_ra3,1e-4,0.002086666666666667,15.6081622001362,1.1753968952259821,2.110852939263394
FCCD_k5_nc1_rf1_ra3,1e-4,0.003633333333333334,25.60596339201677,1.1810008407875898,3.1710038834801386
FCCD_k6_nc1_rf1_ra3,1e-4,0.0035892857142857146,26.061240617835665,1.5128249353879641,4.553172319800949
FCCD_k7_nc1_rf1_ra3,1e-4,0.003552777777777778,13.108069431757121,846.1515666024236,4065.699451108079
FCCD_k8_nc1_rf1_ra3,1e-4,0.003522222222222222,5.9442992578666285,2273.2156976284236,6289.238806618635
FCCD_k9_nc1_rf1_ra3,1e-4,0.0034963636363636364,2.677255068976136,4292.216537429608,7744.218389575841
FCCD_k10_nc1_rf1_ra3,1e-4,0.0034742424242424244,1.2464062913719522,6910.088196578815,9407.20304601027
RCCD_k3_nc1_rf1_ra3,1e-4,0.002939116882454314,16.33884455047544,1.879944716006199,0.9733904753356261
RCCD_k4_nc1_rf1_ra3,1e-4,0.004966666666666667,28.34734898687741,1.754641492626687,0.9637313972357372
RCCD_k5_nc1_rf1_ra3,1e-4,0.008727169654689388,51.36474985347782,1.3555930677177936,0.7537375640523332
RCCD_k6_nc1_rf1_ra3,1e-4,0.01258928571428572,61.3131651802644,1.0336214652505276,0.5434185850678922
RCCD_k7_nc1_rf1_ra3,1e-4,0.019572710435992666,40.44147473935718,154.10052940756893,709.6100610966554
RCCD_k8_nc1_rf1_ra3,1e-4,0.032322222222222224,26.14608171056644,248.2171925561377,613.3425680703111
RCCD_k9_nc1_rf1_ra3,1e-4,0.055790691850709735,18.38706716913418,269.4509161723391,506.07321294115553
RCCD_k10_nc1_rf1_ra3,1e-4,0.09929242424242427,14.61063332957378,242.1401770703495,316.98624938047186
SCCD_k3_nc1_rf1_ra3,1e-4,0.00315,17.035823345765298,1.8678079135907304,0.9864391092121034
SCCD_k4_nc1_rf1_ra3,1e-4,0.004966666666666667,28.34734898687741,1.754641492626687,0.9680270621852121
SCCD_k5_nc1_rf1_ra3,1e-4,0.007633333333333335,47.520740808123215,1.6120498012423095,0.9281986366907091
SCCD_k6_nc1_rf1_ra3,1e-4,0.008732142857142857,51.20961848179847,1.7373383131757314,0.8656634197849242
SCCD_k7_nc1_rf1_ra3,1e-4,0.00985277777777778,28.901383467330707,306.24518101070123,1498.0919517301784
SCCD_k8_nc1_rf1_ra3,1e-4,0.010988888888888892,14.938253966699495,729.7493840925708,1798.5658870663924
SCCD_k9_nc1_rf1_ra3,1e-4,0.012136363636363636,7.741384307900347,1237.6189503587052,2156.1799094362323
SCCD_k10_nc1_rf1_ra3,1e-4,0.013292424242424248,4.166965220715371,1807.0673204246796,2494.7353225177067
FCCD_k3_nc3_rf1_ra3,1e-4,0.00137,10.363057406688108,1.1316273973282684,1.2878126452794518
FCCD_k4_nc3_rf1_ra3,1e-4,0.0021000000000000003,15.754158910775171,1.161771497157101,2.0882451317554986
FCCD_k5_nc3_rf1_ra3,1e-4,0.0036428571428571434,25.72524599991903,1.1749855883812637,3.2170929060352274
FCCD_k6_nc3_rf1_ra3,1e-4,0.0035964285714285716,26.132305282536066,1.509273863554048,4.338312517311529
FCCD_k7_nc3_rf1_ra3,1e-4,0.003558333333333334,13.13252691476046,844.83088498897,4182.349440062558
FCCD_k8_nc3_rf1_ra3,1e-4,0.0035266666666666667,5.952608861145054,2270.3516964408996,5640.124089531386
FCCD_k9_nc3_rf1_ra3,1e-4,0.0035,2.6802391952970868,4287.758015523467,7001.919938704609
FCCD_k10_nc3_rf1_ra3,1e-4,0.0034772727272727277,1.2475620141033623,6904.067249204219,9246.61561412516
RCCD_k3_nc3_rf1_ra3,1e-4,0.002959116882454314,18.207944864274356,1.0005957681337312,0.5333325854243567
RCCD_k4_nc3_rf1_ra3,1e-4,0.00498,30.493098295866307,0.9281677560542549,0.4906437904310987
RCCD_k5_nc3_rf1_ra3,1e-4,0.008736693464213198,53.761438853058245,0.7740720056353197,0.3936534478272174
RCCD_k6_nc3_rf1_ra3,1e-4,0.012596428571428576,62.67762752226837,0.8149553129996312,0.5368058008019224
RCCD_k7_nc3_rf1_ra3,1e-4,0.019578265991548223,40.8483621781085,153.98706740603367,727.8537346827707
RCCD_k8_nc3_rf1_ra3,1e-4,0.03232666666666666,26.278313756400514,248.15649192829517,614.4426472092737
RCCD_k9_nc3_rf1_ra3,1e-4,0.055794328214346094,18.44035858152926,269.4205726278557,471.0306442881947
RCCD_k10_nc3_rf1_ra3,1e-4,0.09929545454545458,14.637724936452967,242.12531753129682,336.85897376949345
SCCD_k3_nc3_rf1_ra3,1e-4,0.00317,19.00880634495375,0.9838870097480433,0.5229577355688605
SCCD_k4_nc3_rf1_ra3,1e-4,0.00498,30.493098295866307,0.9281677560542549,0.48479859665838776
SCCD_k5_nc3_rf1_ra3,1e-4,0.007642857142857145,50.05850791004175,0.8217292345043854,0.4043497399419223
SCCD_k6_nc3_rf1_ra3,1e-4,0.008739285714285715,53.24600895390838,0.9700134288901737,0.5634261302938998
SCCD_k7_nc3_rf1_ra3,1e-4,0.009858333333333335,29.79220054727404,305.32299213997106,1465.3852470131533
SCCD_k8_nc3_rf1_ra3,1e-4,0.010993333333333336,15.305760250261278,728.7172621410641,1941.3498024391827
SCCD_k9_nc3_rf1_ra3,1e-4,0.012140000000000001,7.896937768973471,1236.5211251149724,2087.017773944027
SCCD_k10_nc3_rf1_ra3,1e-4,0.01329545454545455,4.236639162866748,1805.9365431397566,2653.338503641543
FCCD_k3_nc5_rf1_ra3,1e-4,0.0013900000000000002,10.564883790257658,1.100781914287944,1.3061460857886187
FCCD_k4_nc5_rf1_ra3,1e-4,0.0021133333333333334,15.88337011154645,1.1512878359668803,2.1931516869956256
FCCD_k5_nc5_rf1_ra3,1e-4,0.0036523809523809525,25.834400806494827,1.1699935504906154,3.1737860890481646
FCCD_k6_nc5_rf1_ra3,1e-4,0.0036035714285714286,26.198508214404082,1.5062083093228782,4.467709668841615
FCCD_k7_nc5_rf1_ra3,1e-4,0.0035638888888888886,13.155687124544643,843.514578377676,3997.6347296046624
FCCD_k8_nc5_rf1_ra3,1e-4,0.003531111111111111,5.960578011660809,2267.495059768851,5715.100356022646
FCCD_k9_nc5_rf1_ra3,1e-4,0.003503636363636364,2.6831285323642815,4283.308848528153,7207.156367020903
FCCD_k10_nc5_rf1_ra3,1e-4,0.0034803030303030306,1.2486890101300385,6898.0568549397785,9336.555992964457
RCCD_k3_nc5_rf1_ra3,1e-4,0.002979116882454314,19.156246601021795,0.8214188493116623,0.5337211937187595
RCCD_k4_nc5_rf1_ra3,1e-4,0.004993333333333333,31.547705177868178,0.7620538940029391,0.4835833431131335
RCCD_k5_nc5_rf1_ra3,1e-4,0.008746217273737008,55.00467006550387,0.6359868510100367,0.3944404499854562
RCCD_k6_nc5_rf1_ra3,1e-4,0.012603571428571433,63.53058701453827,0.7340886143731165,0.5424687990309172
RCCD_k7_nc5_rf1_ra3,1e-4,0.019583821547103777,41.14988222138822,153.90608860017082,676.8005539948117
RCCD_k8_nc5_rf1_ra3,1e-4,0.032331111111111116,26.38672335977111,248.10477295085263,626.8382568391747
RCCD_k9_nc5_rf1_ra3,1e-4,0.05579796457798245,18.486528858249184,269.39350425509184,501.98862106245
RCCD_k10_nc5_rf1_ra3,1e-4,0.09929848484848487,14.661937961137857,242.11199525294356,318.06990216719083
SCCD_k3_nc5_rf1_ra3,1e-4,0.00319,20.00395987065339,0.8065103957418565,0.5154174716092039
SCCD_k4_nc5_rf1_ra3,1e-4,0.004993333333333333,31.547705177868178,0.7620538940029391,0.4895127157147768
SCCD_k5_nc5_rf1_ra3,1e-4,0.007652380952380954,51.28814945405076,0.6625095911539798,0.3984730426859915
SCCD_k6_nc5_rf1_ra3,1e-4,0.008746428571428572,54.22371793602003,0.8153006826046469,0.5540515040704503
SCCD_k7_nc5_rf1_ra3,1e-4,0.00986388888888889,30.218118993591986,305.00012839076834,1561.099232530691
SCCD_k8_nc5_rf1_ra3,1e-4,0.010997777777777782,15.481044560046099,728.2741616659094,1885.1672265578513
SCCD_k9_nc5_rf1_ra3,1e-4,0.012143636363636365,7.971015876085626,1236.0040461819697,2072.0482234156025
SCCD_k10_nc5_rf1_ra3,1e-4,0.013298484848484851,4.269785352609185,1805.3796824129736,2401.0240209906665
FCCD_k3_nc7_rf1_ra3,1e-4,0.00141,10.737034533425634,1.0791418796389098,1.3133426473541507
FCCD_k4_nc7_rf1_ra3,1e-4,0.0021266666666666665,15.999359124750452,1.1429715103310987,2.1464731384875897
FCCD_k5_nc7_rf1_ra3,1e-4,0.003661904761904762,25.935047463728434,1.1657840697798074,3.130245950582278
FCCD_k6_nc7_rf1_ra3,1e-4,0.0036107142857142857,26.26048238608523,1.5035350434601762,4.119327177904146
FCCD_k7_nc7_rf1_ra3,1e-4,0.0035694444444444445,13.177692093920294,842.2025847113255,4183.6301469146665
FCCD_k8_nc7_rf1_ra3,1e-4,0.0035355555555555557,5.968238817648935,2264.645738196677,5326.693607566204
FCCD_k9_nc7_rf1_ra3,1e-4,0.0035072727272727274,2.685930924713478,4278.868995044009,7504.287585338417
FCCD_k10_nc7_rf1_ra3,1e-4,0.003483333333333334,1.2497893965375906,6892.056978698335,9303.810261131712
RCCD_k3_nc7_rf1_ra3,1e-4,0.002999116882454314,19.809127315507855,0.7442839579982193,0.5326235400233396
RCCD_k4_nc7_rf1_ra3,1e-4,0.005006666666666667,32.262617097171095,0.6907780403999368,0.4893955349155621
RCCD_k5_nc7_rf1_ra3,1e-4,0.008755741083260816,55.857258308547436,0.574132900398532,0.4005303209495945
RCCD_k6_nc7_rf1_ra3,1e-4,0.01261071428571429,64.15512463636537,0.6919726043845981,0.5400713897563538
RCCD_k7_nc7_rf1_ra3,1e-4,0.01958937710265933,41.389996112538356,153.83925915906946,697.1841863057448
RCCD_k8_nc7_rf1_ra3,1e-4,0.032335555555555555,26.478688167525053,248.05816011232176,644.4988122934462
RCCD_k9_nc7_rf1_ra3,1e-4,0.05580160094161882,18.527280404593274,269.3685996422446,448.3067589290663
RCCD_k10_nc7_rf1_ra3,1e-4,0.09930151515151518,14.683832404535043,242.09978089256663,346.78532304322846
SCCD_k3_nc7_rf1_ra3,1e-4,0.00321,20.688017029936432,0.7304306674087687,0.5119193608118954
SCCD_k4_nc7_rf1_ra3,1e-4,0.005006666666666667,32.262617097171095,0.6907780403999368,0.49462973143258715
SCCD_k5_nc7_rf1_ra3,1e-4,0.007661904761904764,52.11524569309949,0.594153713537901,0.40369284151202506
SCCD_k6_nc7_rf1_ra3,1e-4,0.00875357142857143,54.87811752939128,0.74886673069776,0.5578433885887505
SCCD_k7_nc7_rf1_ra3,1e-4,0.009869444444444446,30.502765380415163,304.7638723896085,1393.99497037868
SCCD_k8_nc7_rf1_ra3,1e-4,0.011002222222222224,15.598109708569059,727.9163002598144,1805.3587913422587
SCCD_k9_nc7_rf1_ra3,1e-4,0.012147272727272727,8.020472543840077,1235.5710774279432,2186.404119359643
SCCD_k10_nc7_rf1_ra3,1e-4,0.013301515151515154,4.291910051274231,1804.9059953385358,2487.6909363382974
FCCD_k3_nc10_rf1_ra3,1e-4,0.00144,10.956157066879983,1.0565758256967381,1.2788074620933505
FCCD_k4_nc10_rf1_ra3,1e-4,0.0021466666666666665,16.153892400706905,1.1332877637744139,2.18160689916492
FCCD_k5_nc10_rf1_ra3,1e-4,0.003676190476190476,26.072741835796492,1.1605768878787777,3.2277786219789495
FCCD_k6_nc10_rf1_ra3,1e-4,0.003621428571428572,26.34661905311317,1.500110341373236,4.289372760741353
FCCD_k7_nc10_rf1_ra3,1e-4,0.003577777777777778,13.208790566834027,840.2425665850457,4370.243210229779
FCCD_k8_nc10_rf1_ra3,1e-4,0.0035422222222222226,5.9792115697388795,2260.3853734566005,6361.35460088194
FCCD_k9_nc10_rf1_ra3,1e-4,0.003512727272727273,2.6899863717257793,4272.226592231445,7526.452435929856
FCCD_k10_nc10_rf1_ra3,1e-4,0.0034878787878787876,1.2513941626516791,6883.076812009091,9414.06085475674
RCCD_k3_nc10_rf1_ra3,1e-4,0.003029116882454314,20.52638341081005,0.6862957328082308,0.5333691246468532
RCCD_k4_nc10_rf1_ra3,1e-4,0.005026666666666667,33.03839951341712,0.6372877652390184,0.4860864654351329
RCCD_k5_nc10_rf1_ra3,1e-4,0.00877002679754653,56.786440918202075,0.5266303580111901,0.3956006485041243
RCCD_k6_nc10_rf1_ra3,1e-4,0.012621428571428575,64.86251539620983,0.6566349276471671,0.5392142372947477
RCCD_k7_nc10_rf1_ra3,1e-4,0.019597710435992666,41.67846064262095,153.75193615424084,705.8260877557427
RCCD_k8_nc10_rf1_ra3,1e-4,0.032342222222222224,26.594975817080854,247.9938543890169,610.8136400376325
RCCD_k9_nc10_rf1_ra3,1e-4,0.05580705548707337,18.580679961715035,269.3339272031268,467.6411485893932
RCCD_k10_nc10_rf1_ra3,1e-4,0.09930606060606063,14.713196739744811,242.0829428470243,332.7295696258246
SCCD_k3_nc10_rf1_ra3,1e-4,0.00324,21.438874221613297,0.6733462111497133,0.5169574445337913
SCCD_k4_nc10_rf1_ra3,1e-4,0.005026666666666667,33.03839951341712,0.6372877652390184,0.49590635247995296
SCCD_k5_nc10_rf1_ra3,1e-4,0.007676190476190478,53.00698393313253,0.5428398372358167,0.4034794820145712
SCCD_k6_nc10_rf1_ra3,1e-4,0.008764285714285714,55.58079498270848,0.6989904939200615,0.5623196449836129
SCCD_k7_nc10_rf1_ra3,1e-4,0.009877777777777779,30.8082367699868,304.4585853247075,1388.0603963225622
SCCD_k8_nc10_rf1_ra3,1e-4,0.011008888888888891,15.723743166537817,727.4279040666366,1745.2056486845445
SCCD_k9_nc10_rf1_ra3,1e-4,0.012152727272727273,8.073558535896298,1234.969374831663,2165.7406347140795
SCCD_k10_nc10_rf1_ra3,1e-4,0.01330606060606061,4.315662423496191,1804.242654616862,2458.7853852109033
FCCD_k3_nc1_rf2_ra3,1e-4,0.00215,15.26935832887052,0.8601564768609002,1.1793523167765403
FCCD_k4_nc1_rf2_ra3,1e-4,0.003686666666666667,24.94939742034033,0.8949673675266419,1.9042253617506808
FCCD_k5_nc1_rf2_ra3,1e-4,0.006833333333333334,42.58152418029849,0.9586059321841317,3.268058802555183
FCCD_k6_nc1_rf2_ra3,1e-4,0.006789285714285714,44.14671126939618,1.2015816681118479,4.401371250004835
FCCD_k7_nc1_rf2_ra3,1e-4,0.006752777777777778,22.453367742816468,445.6575551659914,2332.305529924759
FCCD_k8_nc1_rf2_ra3,1e-4,0.006722222222222223,10.272668038795102,1191.6500950975558,2928.349337785902
FCCD_k9_nc1_rf2_ra3,1e-4,0.0066963636363636374,4.661425507960619,2241.732624864974,3784.991578281526
FCCD_k10_nc1_rf2_ra3,1e-4,0.006674242424242425,2.1844343695082866,3597.738557951842,4793.410846793455
RCCD_k3_nc1_rf2_ra3,1e-4,0.0037391168824543147,22.5255796756665,1.639199426668729,0.9603528786989011
RCCD_k4_nc1_rf2_ra3,1e-4,0.006566666666666668,41.84789441929189,1.5344023852821964,0.9863314524265119
RCCD_k5_nc1_rf2_ra3,1e-4,0.011927169654689389,80.1911153291835,1.1143680003335015,0.7292122966224084
RCCD_k6_nc1_rf2_ra3,1e-4,0.015789285714285718,97.37707750270461,0.6758522466633206,0.30196421762837783
RCCD_k7_nc1_rf2_ra3,1e-4,0.022772710435992667,62.162573175369204,132.21289254882524,558.2968454792396
RCCD_k8_nc1_rf2_ra3,1e-4,0.035522222222222226,38.174696176956665,225.60169988565957,572.47701981614955
RCCD_k9_nc1_rf2_ra3,1e-4,0.05899069185070974,25.322668036777817,254.59765216236858,456.08182877130537
RCCD_k10_nc1_rf2_ra3,1e-4,0.10249242424242427,18.988012186429923,234.39914366415528,317.3770622486151
SCCD_k3_nc1_rf2_ra3,1e-4,0.00395,23.350807129680337,1.6488389248520394,0.9865344062148852
SCCD_k4_nc1_rf2_ra3,1e-4,0.006566666666666668,41.84789441929189,1.5344023852821964,0.9808082062912129
SCCD_k5_nc1_rf2_ra3,1e-4,0.010833333333333334,74.46202837306706,1.4227924217742687,0.9071724409565071
SCCD_k6_nc1_rf2_ra3,1e-4,0.011932142857142858,81.75753151585893,1.469779841220409,0.8682454497026594
SCCD_k7_nc1_rf2_ra3,1e-4,0.013052777777777778,45.322958362636044,231.30773649843846,1058.0832584995462
SCCD_k8_nc1_rf2_ra3,1e-4,0.014188888888888892,22.754313347282594,565.2746988079019,1404.2412655215703
SCCD_k9_nc1_rf2_ra3,1e-4,0.015336363636363638,11.38848764764007,979.4763451157046,1859.866854222218
SCCD_k10_nc1_rf2_ra3,1e-4,0.016492424242424246,5.905886749863991,1456.549789025338,1913.247743242626
FCCD_k3_nc3_rf2_ra3,1e-4,0.00217,15.609534282746793,0.8236519374901058,1.1816814186243016
FCCD_k4_nc3_rf2_ra3,1e-4,0.0037,25.174013068571984,0.883006522486844,2.070017253463177
FCCD_k5_nc3_rf2_ra3,1e-4,0.006842857142857144,42.77659311379037,0.9529333208752038,2.880012700080727
FCCD_k6_nc3_rf2_ra3,1e-4,0.006796428571428571,44.26538163228308,1.1982088573196472,4.5788797333896
FCCD_k7_nc3_rf2_ra3,1e-4,0.006758333333333333,22.493391533347538,445.2901411312836,2327.1108928635076
FCCD_k8_nc3_rf2_ra3,1e-4,0.006726666666666667,10.285798500754144,1190.862221522126,3118.886350183409
FCCD_k9_nc3_rf2_ra3,1e-4,0.0067,4.665951061928567,2240.5157169648064,3753.0869291300114
FCCD_k10_nc3_rf2_ra3,1e-4,0.006677272727272727,2.186115726142177,3596.1057584300574,5008.7887198674525
RCCD_k3_nc3_rf2_ra3,1e-4,0.0037591168824543148,25.084897496574342,0.7766583583477449,0.3268646267772094
RCCD_k4_nc3_rf2_ra3,1e-4,0.00658,45.01159419921793,0.7101161990034816,0.33042191528156506
RCCD_k5_nc3_rf2_ra3,1e-4,0.011936693464213197,83.75974099966066,0.5844710473881342,0.28964716368035176
RCCD_k6_nc3_rf2_ra3,1e-4,0.015796428571428576,99.16155266746645,0.5269226344836049,0.29251102468635864
RCCD_k7_nc3_rf2_ra3,1e-4,0.02277826599154822,62.60486376624588,132.14552077395786,590.3895492010203
RCCD_k8_nc3_rf2_ra3,1e-4,0.035526666666666665,38.29681453942451,225.56282568609578,594.0412478562181
RCCD_k9_nc3_rf2_ra3,1e-4,0.058994328214346095,25.365775098893106,254.57757038389602,429.9824095687056
RCCD_k10_nc3_rf2_ra3,1e-4,0.10249545454545458,19.00773902284415,234.38988698287073,315.7642152484036
SCCD_k3_nc3_rf2_ra3,1e-4,0.0039700000000000004,26.053299792985985,0.7661693372376773,0.33168754964624225
SCCD_k4_nc3_rf2_ra3,1e-4,0.00658,45.01159419921793,0.7101161990034816,0.33110490570432716
SCCD_k5_nc3_rf2_ra3,1e-4,0.010842857142857144,78.42912222525096,0.6364708154994437,0.3200721793639706
SCCD_k6_nc3_rf2_ra3,1e-4,0.011939285714285715,85.00124176923251,0.706227030159008,0.30094440539627304
SCCD_k7_nc3_rf2_ra3,1e-4,0.013058333333333335,46.71628230590005,230.46296539428536,1204.616720149338
SCCD_k8_nc3_rf2_ra3,1e-4,0.014193333333333337,23.312509075511166,564.3638388117081,1388.6485218954788
SCCD_k9_nc3_rf2_ra3,1e-4,0.015340000000000001,11.616636244412648,978.5202786362756,1731.2009649429604
SCCD_k10_nc3_rf2_ra3,1e-4,0.01649545454545455,6.004330889180381,1455.5665227565287,2001.2568509325163
FCCD_k3_nc5_rf2_ra3,1e-4,0.00219,15.89376713490369,0.799200371830562,1.1825906028126771
FCCD_k4_nc5_rf2_ra3,1e-4,0.0037133333333333337,25.373659082985096,0.8737181774485715,2.0720759311936563
FCCD_k5_nc5_rf2_ra3,1e-4,0.006852380952380952,42.95535000728624,0.9482117122026852,3.249336074585914
FCCD_k6_nc5_rf2_ra3,1e-4,0.00680357142857143,44.37604034868511,1.1952913337209476,4.63484347980991
FCCD_k7_nc5_rf2_ra3,1e-4,0.006763888888888889,22.531244798029363,444.92357705934904,1778.0042134271744
FCCD_k8_nc5_rf2_ra3,1e-4,0.006731111111111112,10.29835243190371,1190.0755373983225,2936.3745837420433
FCCD_k9_nc5_rf2_ra3,1e-4,0.006703636363636364,4.6703144689421565,2239.3002258982465,3776.2146869134026
FCCD_k10_nc5_rf2_ra3,1e-4,0.00668030303030303,2.187747507272631,3594.474506309239,4963.178382369076
RCCD_k3_nc5_rf2_ra3,1e-4,0.0037791168824543144,26.3875835222824,0.5994232823596344,0.30768212295096775
RCCD_k4_nc5_rf2_ra3,1e-4,0.006593333333333334,46.567491019274065,0.5441792046331194,0.27077148679571206
RCCD_k5_nc5_rf2_ra3,1e-4,0.011946217273737007,85.65352356598392,0.45167204090182145,0.2151131731279133
RCCD_k6_nc5_rf2_ra3,1e-4,0.01580357142857143,100.35672700308496,0.4628798842264857,0.2893545702509119
RCCD_k7_nc5_rf2_ra3,1e-4,0.022783821547103778,62.95962977200837,132.0910963251631,647.710681921205
RCCD_k8_nc5_rf2_ra3,1e-4,0.03553111111111112,38.404088336302856,225.52647065723312,592.7961032057384
RCCD_k9_nc5_rf2_ra3,1e-4,0.058997964577982454,25.405326317526246,254.55820708548222,441.8789147487585
RCCD_k10_nc5_rf2_ra3,1e-4,0.10249848484848488,19.02624407997894,234.38091791856888,323.39001095302166
SCCD_k3_nc5_rf2_ra3,1e-4,0.00399,27.416847432754206,0.5888940610336262,0.3038759899463744
SCCD_k4_nc5_rf2_ra3,1e-4,0.006593333333333334,46.567491019274065,0.5441792046331194,0.274000676154456
SCCD_k5_nc5_rf2_ra3,1e-4,0.010852380952380952,80.35370768726635,0.4775758932098445,0.2183725620876123
SCCD_k6_nc5_rf2_ra3,1e-4,0.011946428571428571,86.56050894412999,0.5518209963218601,0.2979168829588775
SCCD_k7_nc5_rf2_ra3,1e-4,0.013063888888888889,47.38296814613422,230.21409165480375,1081.0284375650965
SCCD_k8_nc5_rf2_ra3,1e-4,0.01419777777777778,23.578855876782512,564.0386659183342,1311.8901192047758
SCCD_k9_nc5_rf2_ra3,1e-4,0.015343636363636365,11.725307190721821,978.1417260423859,1715.5229074804308
SCCD_k10_nc5_rf2_ra3,1e-4,0.01649848484848485,6.0511669847098695,1455.1540328822487,2037.298383595495
FCCD_k3_nc7_rf2_ra3,1e-4,0.00221,16.13851536877503,0.7816780186729819,1.1840462549369426
FCCD_k4_nc7_rf2_ra3,1e-4,0.0037266666666666668,25.553478926747907,0.8662965645503525,1.9404992698091623
FCCD_k5_nc7_rf2_ra3,1e-4,0.006861904761904763,43.12036714465251,0.9442204125332534,3.004438558631459
FCCD_k6_nc7_rf2_ra3,1e-4,0.006810714285714286,44.47971761651044,1.1927427142850449,4.554802162536786
FCCD_k7_nc7_rf2_ra3,1e-4,0.006769444444444444,22.56716275684663,444.55782141906155,2103.2677971074045
FCCD_k8_nc7_rf2_ra3,1e-4,0.006735555555555555,10.310383766350782,1189.290019757492,2957.9998177713665
FCCD_k9_nc7_rf2_ra3,1e-4,0.006707272727272728,4.674529064667339,2238.086137597185,3745.573212726214
FCCD_k10_nc7_rf2_ra3,1e-4,0.006683333333333333,2.1893333492940963,3592.8447923085364,4958.776209111469
RCCD_k3_nc7_rf2_ra3,1e-4,0.003799116882454315,27.285230856035927,0.5229687218105934,0.3073608011094623
RCCD_k4_nc7_rf2_ra3,1e-4,0.006606666666666667,47.622399608973396,0.4729523483435963,0.2744678451377201
RCCD_k5_nc7_rf2_ra3,1e-4,0.011955741083260816,86.96139786568297,0.3912657836461238,0.2138701667192273
RCCD_k6_nc7_rf2_ra3,1e-4,0.01581071428571429,101.25950458995955,0.42724440766403154,0.29160948405053305
RCCD_k7_nc7_rf2_ra3,1e-4,0.022789377102659335,63.256210936939596,132.04360486948332,663.809978692967
RCCD_k8_nc7_rf2_ra3,1e-4,0.035535555555555556,38.49978884966372,225.49184304584443,551.720296886011
RCCD_k9_nc7_rf2_ra3,1e-4,0.05900160094161882,25.44187342662536,254.5394006916956,445.424582670441
RCCD_k10_nc7_rf2_ra3,1e-4,0.10250151515151518,19.04367235237412,234.37218652230473,317.44003907899634
SCCD_k3_nc7_rf2_ra3,1e-4,0.0040100000000000005,28.354211461999114,0.5128428057402297,0.3036258415315374
SCCD_k4_nc7_rf2_ra3,1e-4,0.006606666666666667,47.622399608973396,0.4729523483435963,0.2709077885346191
SCCD_k5_nc7_rf2_ra3,1e-4,0.010861904761904762,81.6486717058924,0.40930981689467505,0.2186519102341282
SCCD_k6_nc7_rf2_ra3,1e-4,0.01195357142857143,87.6044948928548,0.48547189963053505,0.2988527636065626
SCCD_k7_nc7_rf2_ra3,1e-4,0.013069444444444446,47.828474574283945,230.05150306880628,985.5761099658465
SCCD_k8_nc7_rf2_ra3,1e-4,0.014202222222222225,23.756662066474036,563.7983990274032,1430.6998296435295
SCCD_k9_nc7_rf2_ra3,1e-4,0.015347272727272728,11.7978131529861,977.846971278857,1663.2423604502035
SCCD_k10_nc7_rf2_ra3,1e-4,0.016501515151515152,6.082406028407517,1454.8244309366148,1928.9981460234299
FCCD_k3_nc10_rf2_ra3,1e-4,0.00224,16.452598079079202,0.7630727038591354,1.1722937030079812
FCCD_k4_nc10_rf2_ra3,1e-4,0.0037466666666666672,25.793836320754888,0.857594374176366,2.099798385990806
FCCD_k5_nc10_rf2_ra3,1e-4,0.006876190476190476,43.34639986018963,0.9392706027425034,3.1698258750764023
FCCD_k6_nc10_rf2_ra3,1e-4,0.006821428571428571,44.623945834313176,1.1894716365643334,4.1413720651291674
FCCD_k7_nc10_rf2_ra3,1e-4,0.0067777777777777775,22.617837692139002,444.01063242265377,2312.646741371906
FCCD_k8_nc10_rf2_ra3,1e-4,0.006742222222222222,10.327551332881713,1188.1138890856441,3007.4869426603213
FCCD_k9_nc10_rf2_ra3,1e-4,0.006712727272727273,4.680597267483313,2236.2676090553437,3872.019271907395
FCCD_k10_nc10_rf2_ra3,1e-4,0.006687878787878788,2.1916329916886554,3590.4030874267423,5034.925919544259
RCCD_k3_nc10_rf2_ra3,1e-4,0.0038291168824543145,28.271857323956876,0.46543050738392644,0.3063922968285258
RCCD_k4_nc10_rf2_ra3,1e-4,0.006626666666666667,48.76722888441944,0.4194883634063555,0.27475049369009363
RCCD_k5_nc10_rf2_ra3,1e-4,0.011970026797546532,88.39248529700671,0.3444811297762073,0.2146431737539486
RCCD_k6_nc10_rf2_ra3,1e-4,0.015821428571428577,102.30345332778181,0.3960303739861494,0.2894241246282426
RCCD_k7_nc10_rf2_ra3,1e-4,0.022797710435992668,63.62659955601471,131.97965726787405,583.9602806393517
RCCD_k8_nc10_rf2_ra3,1e-4,0.035542222222222225,38.62648110942264,225.44211590649184,586.1150650479655
RCCD_k9_nc10_rf2_ra3,1e-4,0.05900705548707337,25.49198238059691,254.5119892859935,446.20686874274367
RCCD_k10_nc10_rf2_ra3,1e-4,0.10250606060606063,19.068054172471626,234.35945201512786,323.7147484476872
SCCD_k3_nc10_rf2_ra3,1e-4,0.00404,29.38315450517308,0.4557741902769868,0.30428418337997815
SCCD_k4_nc10_rf2_ra3,1e-4,0.006626666666666667,48.76722888441944,0.4194883634063555,0.27422647012729073
SCCD_k5_nc10_rf2_ra3,1e-4,0.010876190476190477,83.04509366219565,0.35804379371767875,0.21929291535608914
SCCD_k6_nc10_rf2_ra3,1e-4,0.011964285714285714,88.72569717652777,0.4356408985868172,0.3005154432434252
SCCD_k7_nc10_rf2_ra3,1e-4,0.013077777777777778,48.306410623066746,229.85643286095262,1053.7394095591242
SCCD_k8_nc10_rf2_ra3,1e-4,0.01420888888888889,23.947344021243413,563.4860803742376,1421.7334431904542
SCCD_k9_nc10_rf2_ra3,1e-4,0.015352727272727273,11.875564453161324,977.4523062072356,1727.1273485068964
SCCD_k10_nc10_rf2_ra3,1e-4,0.01650606060606061,6.1159060616468714,1454.3769779340091,1995.2586080778135
FCCD_k3_nc1_rf3_ra3,1e-4,0.00295,19.700760498764577,0.7430677091124344,1.1322958803479997
FCCD_k4_nc1_rf3_ra3,1e-4,0.005286666666666667,33.10756142571222,0.7956994398192712,1.8939854387043737
FCCD_k5_nc1_rf3_ra3,1e-4,0.010033333333333333,57.60096330440915,0.8818691671691994,2.9000012652625418
FCCD_k6_nc1_rf3_ra3,1e-4,0.009989285714285714,60.33900383323692,1.094702278232942,4.110426166567618
FCCD_k7_nc1_rf3_ra3,1e-4,0.009952777777777777,30.909151212049238,302.70034997790043,1377.7515407855153
FCCD_k8_nc1_rf3_ra3,1e-4,0.009922222222222223,14.224056790837922,807.7159666376957,2037.8862281874817
FCCD_k9_nc1_rf3_ra3,1e-4,0.009896363636363637,6.486467675349539,1517.3030903545298,2622.1545887200164
FCCD_k10_nc1_rf3_ra3,1e-4,0.009874242424242426,3.052782992554033,2432.29159773046,3257.514945257282
RCCD_k3_nc1_rf3_ra3,1e-4,0.004539116882454315,27.78332001526357,1.5441474820922607,0.9543757652171735
RCCD_k4_nc1_rf3_ra3,1e-4,0.008166666666666668,53.5234213207156,1.4526020227912342,0.9456765435168087
RCCD_k5_nc1_rf3_ra3,1e-4,0.015127169654689389,105.58240623999143,1.020227615824741,0.6766038794601519
RCCD_k6_nc1_rf3_ra3,1e-4,0.01898928571428572,129.29344362160924,0.5436612798298073,0.27368261566012003
RCCD_k7_nc1_rf3_ra3,1e-4,0.02597271043599267,81.12856621646316,115.85763812385058,538.7708952619416
RCCD_k8_nc1_rf3_ra3,1e-4,0.03872222222222223,48.358250161003795,206.87838250408524,500.7844471989176
RCCD_k9_nc1_rf3_ra3,1e-4,0.06219069185070973,30.94678304753835,241.420208590366,404.50577832652584
RCCD_k10_nc1_rf3_ra3,1e-4,0.10569242424242428,22.370191906296753,227.2416827392484,309.828024291899
SCCD_k3_nc1_rf3_ra3,1e-4,0.00475,28.69973881608,1.5662828872878662,0.988254106183691
SCCD_k4_nc1_rf3_ra3,1e-4,0.008166666666666668,53.5234213207156,1.4526020227912342,0.9685368573963745
SCCD_k5_nc1_rf3_ra3,1e-4,0.014033333333333335,98.22402296655565,1.35219897785797,0.9520050647638798
SCCD_k6_nc1_rf3_ra3,1e-4,0.01513214285714286,108.90726723772708,1.3725050804030892,0.9269344892864179
SCCD_k7_nc1_rf3_ra3,1e-4,0.01625277777777778,59.95105148604131,185.9498513931609,854.3419477493277
SCCD_k8_nc1_rf3_ra3,1e-4,0.01738888888888889,29.70880597358256,461.4120651091758,1153.2137078989606
SCCD_k9_nc1_rf3_ra3,1e-4,0.01853636363636364,14.625689591705738,810.5345003983724,1467.6298421097456
SCCD_k10_nc1_rf3_ra3,1e-4,0.019692424242424247,7.446559995092644,1220.0054359554108,1640.0094092318077
FCCD_k3_nc3_rf3_ra3,1e-4,0.00297,20.126584837136544,0.7099337750267447,1.1104864541627852
FCCD_k4_nc3_rf3_ra3,1e-4,0.0053,33.401695796659205,0.7842635375400594,1.8755109639544445
FCCD_k5_nc3_rf3_ra3,1e-4,0.010042857142857143,57.863317931217864,0.876308409684383,2.8760179120458536
FCCD_k6_nc3_rf3_ra3,1e-4,0.009996428571428571,60.5004053537627,1.091387562969036,4.784203394746373
FCCD_k7_nc3_rf3_ra3,1e-4,0.009958333333333333,30.96333983412098,302.53000826296545,1624.7656809282196
FCCD_k8_nc3_rf3_ra3,1e-4,0.009926666666666667,14.24163613785193,807.3534361532849,2077.1583504883047
FCCD_k9_nc3_rf3_ra3,1e-4,0.0099,6.492436299156367,1516.745214103888,2880.3556319878558
FCCD_k10_nc3_rf3_ra3,1e-4,0.009877272727272728,3.0549636854365243,2431.545031502404,3267.503580831371
RCCD_k3_nc3_rf3_ra3,1e-4,0.004559116882454315,30.926369288466002,0.6919447530988022,0.32763058690071933
RCCD_k4_nc3_rf3_ra3,1e-4,0.00818,57.564731708080224,0.6304940493007001,0.322458856950304
RCCD_k5_nc3_rf3_ra3,1e-4,0.015136693464213199,110.16625291378993,0.5153033425935565,0.28540457380258
RCCD_k6_nc3_rf3_ra3,1e-4,0.018996428571428577,131.43645919273098,0.421290412018814,0.2010077308689755
RCCD_k7_nc3_rf3_ra3,1e-4,0.025978265991548222,81.60907435418993,115.80834742862233,519.3578776738567
RCCD_k8_nc3_rf3_ra3,1e-4,0.038726666666666666,48.47864256795689,206.84816591783448,558.3242044564213
RCCD_k9_nc3_rf3_ra3,1e-4,0.0621943282143461,30.985801909004874,241.40369157943155,427.5216237543921
RCCD_k10_nc3_rf3_ra3,1e-4,0.10569545454545458,22.38682823799551,227.2339829003586,309.3718836247637
SCCD_k3_nc3_rf3_ra3,1e-4,0.004770000000000001,32.01902243116885,0.6848614244693335,0.32655715832960713
SCCD_k4_nc3_rf3_ra3,1e-4,0.00818,57.564731708080224,0.6304940493007001,0.32903448949031994
SCCD_k5_nc3_rf3_ra3,1e-4,0.014042857142857142,103.44471095902958,0.5698437317238704,0.31467801840556747
SCCD_k6_nc3_rf3_ra3,1e-4,0.015139285714285714,113.21827798470291,0.6126944252050593,0.2873938343048524
SCCD_k7_nc3_rf3_ra3,1e-4,0.016258333333333336,61.78954866990382,185.14337251162135,902.1607615358782
SCCD_k8_nc3_rf3_ra3,1e-4,0.017393333333333337,30.43570762347971,460.56366480803956,1105.3157733565422
SCCD_k9_nc3_rf3_ra3,1e-4,0.01854,14.917896186759751,809.6549410130988,1362.61596436717
SCCD_k10_nc3_rf3_ra3,1e-4,0.01969545454545455,7.570340945515772,1219.1052845853735,1635.3787557270896
FCCD_k3_nc5_rf3_ra3,1e-4,0.00299,20.484105374299208,0.6874974951631512,1.123934426472299
FCCD_k4_nc5_rf3_ra3,1e-4,0.005313333333333334,33.66351302245593,0.7753549781845686,2.01597885984753
FCCD_k5_nc5_rf3_ra3,1e-4,0.010052380952380952,58.103849098674054,0.8716752295981325,2.8507645018282486
FCCD_k6_nc5_rf3_ra3,1e-4,0.01000357142857143,60.65095990373901,1.0885183289099465,4.446957825998974
FCCD_k7_nc5_rf3_ra3,1e-4,0.009963888888888888,31.014563838610812,302.3600993432771,1404.2408521607408
FCCD_k8_nc5_rf3_ra3,1e-4,0.009931111111111113,14.258422343722074,806.9913772635875,2161.5630978069285
FCCD_k9_nc5_rf3_ra3,1e-4,0.009903636363636364,6.49818049560721,1516.1878430506106,2623.2028102429654
FCCD_k10_nc5_rf3_ra3,1e-4,0.009880303030303031,3.0570753994626343,2430.798988598492,3213.0811161289503
RCCD_k3_nc5_rf3_ra3,1e-4,0.004579116882454315,32.52944881952958,0.515900477096421,0.22331398200327413
RCCD_k4_nc5_rf3_ra3,1e-4,0.008193333333333334,59.55348979640389,0.464733485035453,0.19719713209528725
RCCD_k5_nc5_rf3_ra3,1e-4,0.015146217273737005,112.62728658499766,0.38524618242693004,0.17598273734359762
RCCD_k6_nc5_rf3_ra3,1e-4,0.019003571428571432,132.91876004637916,0.36487398045404446,0.20201415502981823
RCCD_k7_nc5_rf3_ra3,1e-4,0.025983821547103776,82.0077326616885,115.76695383133956,555.0426007393016
RCCD_k8_nc5_rf3_ra3,1e-4,0.03873111111111111,48.58735452360426,206.81919165907914,551.1451188651996
RCCD_k9_nc5_rf3_ra3,1e-4,0.062197964577982455,31.022397305405676,241.38747583318388,402.60308845505216
RCCD_k10_nc5_rf3_ra3,1e-4,0.10569848484848487,22.402719074240323,227.22639072475513,305.80182533322863
SCCD_k3_nc5_rf3_ra3,1e-4,0.00479,33.69431400655467,0.5076868615795217,0.21813334837082796
SCCD_k4_nc5_rf3_ra3,1e-4,0.008193333333333334,59.55348979640389,0.464733485035453,0.1975719025726251
SCCD_k5_nc5_rf3_ra3,1e-4,0.014052380952380953,105.98059150735841,0.4112724985951187,0.1883898194051466
SCCD_k6_nc5_rf3_ra3,1e-4,0.015146428571428573,115.29312467636701,0.45859413941849103,0.20853000193259513
SCCD_k7_nc5_rf3_ra3,1e-4,0.01626388888888889,62.67006490398935,184.92946043487694,995.7049238575297
SCCD_k8_nc5_rf3_ra3,1e-4,0.01739777777777778,30.7827966335234,460.2977199464999,1161.1902732721203
SCCD_k9_nc5_rf3_ra3,1e-4,0.018543636363636366,15.057153089915786,809.3497520859579,1435.9633837229092
SCCD_k10_nc5_rf3_ra3,1e-4,0.01969848484848485,7.6292560254995605,1218.7728422891983,1630.8138490691063
FCCD_k3_nc7_rf3_ra3,1e-4,0.00301,20.79299520041865,0.6712980296191151,1.135779496310481
FCCD_k4_nc7_rf3_ra3,1e-4,0.005326666666666667,33.899600546649836,0.7682192426906004,2.0105998465274886
FCCD_k5_nc7_rf3_ra3,1e-4,0.010061904761904763,58.325981544958665,0.867755365308823,3.176046397098331
FCCD_k6_nc7_rf3_ra3,1e-4,0.010010714285714286,60.79205632325619,1.0860104012079455,4.526506205729341
FCCD_k7_nc7_rf3_ra3,1e-4,0.009969444444444444,31.06314331637158,302.1905837612636,1246.9171236104476
FCCD_k8_nc7_rf3_ra3,1e-4,0.009935555555555555,14.274489371428167,806.6297690420787,2052.822241134945
FCCD_k9_nc7_rf3_ra3,1e-4,0.009907272727272728,6.503718672309046,1515.6309650385433,2617.187276860584
FCCD_k10_nc7_rf3_ra3,1e-4,0.009883333333333333,3.0591231822654072,2430.053461459763,3302.010550874571
RCCD_k3_nc7_rf3_ra3,1e-4,0.004599116882454315,33.63470441600604,0.4398608540985682,0.2232755457751344
RCCD_k4_nc7_rf3_ra3,1e-4,0.008206666666666666,60.9021076124605,0.39355539667412187,0.1943888977525505
RCCD_k5_nc7_rf3_ra3,1e-4,0.015155741083260817,114.33321948283412,0.32560658055829483,0.15021541981457356
RCCD_k6_nc7_rf3_ra3,1e-4,0.01901071428571429,134.05632216001615,0.33240965187853677,0.20205505283272393
RCCD_k7_nc7_rf3_ra3,1e-4,0.025989377102659337,82.34872016104376,115.73018751219855,534.1061952348555
RCCD_k8_nc7_rf3_ra3,1e-4,0.03873555555555556,48.68648943076146,206.79113763148595,547.9900511054313
RCCD_k9_nc7_rf3_ra3,1e-4,0.06220160094161881,31.056858686288976,241.37150884966064,429.31078909085403
RCCD_k10_nc7_rf3_ra3,1e-4,0.10570151515151517,22.417929733202897,227.2188923240774,308.6483407175095
SCCD_k3_nc7_rf3_ra3,1e-4,0.00481,34.846082874061,0.4316634955624337,0.21899595791762916
SCCD_k4_nc7_rf3_ra3,1e-4,0.008206666666666666,60.9021076124605,0.39355539667412187,0.1943538527517839
SCCD_k5_nc7_rf3_ra3,1e-4,0.014061904761904763,107.68743045885242,0.3430960020163098,0.17470435385868574
SCCD_k6_nc7_rf3_ra3,1e-4,0.015153571428571428,116.68276096071277,0.3923296810676685,0.2078183204010392
SCCD_k7_nc7_rf3_ra3,1e-4,0.016269444444444447,63.25849738802208,184.8015815062357,853.5818900868404
SCCD_k8_nc7_rf3_ra3,1e-4,0.017402222222222225,31.01446853279464,460.1164254452588,1155.574942776311
SCCD_k9_nc7_rf3_ra3,1e-4,0.018547272727272728,15.150037596508039,809.1281133837288,1380.9863924295364
SCCD_k10_nc7_rf3_ra3,1e-4,0.019701515151515154,7.668535499909697,1218.5230516179752,1733.0861144636488
FCCD_k3_nc10_rf3_ra3,1e-4,0.00304,21.190554691970394,0.653985321850458,1.0938850515923129
FCCD_k4_nc10_rf3_ra3,1e-4,0.005346666666666667,34.2155209435476,0.7598322952790482,2.0024470521763287
FCCD_k5_nc10_rf3_ra3,1e-4,0.010076190476190476,58.63037430745952,0.8628899215598645,3.1201289626395523
FCCD_k6_nc10_rf3_ra3,1e-4,0.010021428571428572,60.988399382738635,1.082789510108473,4.274640065534589
FCCD_k7_nc10_rf3_ra3,1e-4,0.009977777777777778,31.13163512759609,301.93698056820944,1499.2069103979616
FCCD_k8_nc10_rf3_ra3,1e-4,0.009942222222222222,14.297379264264867,806.0881646208867,2039.8453726523746
FCCD_k9_nc10_rf3_ra3,1e-4,0.009912727272727273,6.511674631028646,1514.7965502741265,2731.6428800330605
FCCD_k10_nc10_rf3_ra3,1e-4,0.009887878787878788,3.0620847269184983,2428.93612366388,3357.022581914775
RCCD_k3_nc10_rf3_ra3,1e-4,0.0046291168824543144,34.84988871876151,0.3825956791942317,0.2232461730463255
RCCD_k4_nc10_rf3_ra3,1e-4,0.008226666666666667,62.365815208790565,0.34011739832554105,0.1943713098846864
RCCD_k5_nc10_rf3_ra3,1e-4,0.01517002679754653,116.20385315193165,0.27920714092262117,0.15013402665280817
RCCD_k6_nc10_rf3_ra3,1e-4,0.019021428571428575,135.38637579885614,0.3033147849788856,0.20097209149287198
RCCD_k7_nc10_rf3_ra3,1e-4,0.02599771043599267,82.78299956036237,115.68024598221086,545.5812552243801
RCCD_k8_nc10_rf3_ra3,1e-4,0.038742222222222227,48.82058974646076,206.75032095029545,491.151187472704
RCCD_k9_nc10_rf3_ra3,1e-4,0.062207055487073365,31.10506454107453,241.3479377114096,426.50703118045834
RCCD_k10_nc10_rf3_ra3,1e-4,0.10570606060606062,22.439593320329895,227.20779571007714,313.47920846029075
SCCD_k3_nc10_rf3_ra3,1e-4,0.00484,36.11043513402621,0.3746098447960293,0.21952548373132075
SCCD_k4_nc10_rf3_ra3,1e-4,0.008226666666666667,62.365815208790565,0.34011739832554105,0.19441517277762604
SCCD_k5_nc10_rf3_ra3,1e-4,0.014076190476190477,109.52832826811809,0.29187768609030706,0.17517599225267266
SCCD_k6_nc10_rf3_ra3,1e-4,0.015164285714285715,118.1754432438157,0.34254376375545953,0.2077308196763316
SCCD_k7_nc10_rf3_ra3,1e-4,0.016277777777777776,63.88967530529579,184.6584223722324,904.6408945894979
SCCD_k8_nc10_rf3_ra3,1e-4,0.01740888888888889,31.26281826590324,459.8923949318953,1102.404843293349
SCCD_k9_nc10_rf3_ra3,1e-4,0.018552727272727273,15.249583970082638,808.8429591041065,1450.8297443301283
SCCD_k10_nc10_rf3_ra3,1e-4,0.01970606060606061,7.710628456222821,1218.1951670694518,1643.333913886893
FCCD_k3_nc1_rf1_ra1,0.001,0.0099,6.7215845264508305,2.1230429314226704,3.3190582366369092
FCCD_k4_nc1_rf1_ra1,0.001,0.017666666666666667,11.161621652460322,2.339455870533527,5.687632511997498
FCCD_k5_nc1_rf1_ra1,0.001,0.03347619047619047,19.360227223702516,2.5980739756761495,9.464688893115435
FCCD_k6_nc1_rf1_ra1,0.001,0.03332142857142857,20.237233689913786,3.2362609756523146,12.17463393444141
FCCD_k7_nc1_rf1_ra1,0.001,0.03319444444444444,12.543826566876957,94.1559329022242,440.0595352318805
FCCD_k8_nc1_rf1_ra1,0.001,0.03308888888888889,7.168915266803749,246.05125245840995,600.3147840629779
FCCD_k9_nc1_rf1_ra1,0.001,0.033,4.065631521178094,459.26749479434034,867.2805837448132
FCCD_k10_nc1_rf1_ra1,0.001,0.032924242424242425,2.3578894928458487,734.0536657978274,1003.0130515980474
RCCD_k3_nc1_rf1_ra1,0.001,0.015197056274847714,10.33792212409263,2.0508232791891277,0.9639812131676243
RCCD_k4_nc1_rf1_ra1,0.001,0.027266666666666665,19.24711072659326,1.85358850068135,0.9347411123788241
RCCD_k5_nc1_rf1_ra1,0.001,0.05045564488071066,36.84308235911045,1.4973567245107264,0.8287293203155647
RCCD_k6_nc1_rf1_ra1,0.001,0.0633214285714286,43.92397310215216,1.2411447546244256,0.6025230934068462
RCCD_k7_nc1_rf1_ra1,0.001,0.08659421997182738,33.02700838287851,35.61711909210553,180.8547185251289
RCCD_k8_nc1_rf1_ra1,0.001,0.1290888888888889,24.384824188619312,62.78425475674706,168.50450377121328
RCCD_k9_nc1_rf1_ra1,0.001,0.20731442738115363,19.3979728158594,73.0220913074407,123.99565398464895
RCCD_k10_nc1_rf1_ra1,0.001,0.3523181818181819,17.280100377046356,68.61626359216153,96.0133216370682
SCCD_k3_nc1_rf1_ra1,0.001,0.0159,10.70423263817484,2.0285213942406015,0.9765684239953965
SCCD_k4_nc1_rf1_ra1,0.001,0.027266666666666665,19.24711072659326,1.85358850068135,0.9552768353659614
SCCD_k5_nc1_rf1_ra1,0.001,0.04680952380952382,34.597990816077356,1.6517416935763947,0.8843749978231918
SCCD_k6_nc1_rf1_ra1,0.001,0.05046428571428572,37.85027378543716,1.779142126438276,0.8371674634845488
SCCD_k7_nc1_rf1_ra1,0.001,0.05419444444444445,25.01543222257467,57.16346801405271,239.37593505665572
SCCD_k8_nc1_rf1_ra1,0.001,0.05797777777777779,15.30934152923365,139.77330536625428,335.44631330440626
SCCD_k9_nc1_rf1_ra1,0.001,0.0618,9.334284569420468,244.43414572883552,433.96994874121776
SCCD_k10_nc1_rf1_ra1,0.001,0.06565151515151517,5.837929416065921,367.14987181646313,485.6115746438704
FCCD_k3_nc3_rf1_ra1,0.001,0.0101,7.034414066231977,1.9712350177917286,3.301548672849142
FCCD_k4_nc3_rf1_ra1,0.001,0.0178,11.399298549493416,2.274135046415017,5.823793901168764
FCCD_k5_nc3_rf1_ra1,0.001,0.03357142857142857,19.58329341002205,2.5625712970560017,8.630155559090912
FCCD_k6_nc3_rf1_ra1,0.001,0.03339285714285715,20.37885838821124,3.2135769113842687,13.770050827043349
FCCD_k7_nc3_rf1_ra1,0.001,0.03325,12.602879912238219,93.98926010938753,478.0866608972932
FCCD_k8_nc3_rf1_ra1,0.001,0.033133333333333334,7.193183848923552,245.7155017825504,603.4052883022736
FCCD_k9_nc3_rf1_ra1,0.001,0.03303636363636364,4.076038238998479,458.758460807277,769.9511072263217
FCCD_k10_nc3_rf1_ra1,0.001,0.03295454545454545,2.362632317893621,733.3765249342127,973.0070928618607
RCCD_k3_nc3_rf1_ra1,0.001,0.015397056274847713,11.514382066263485,1.18855586328235,0.6689115450899925
RCCD_k4_nc3_rf1_ra1,0.001,0.0274,20.67923450077126,1.0568356765307185,0.582419556764363
RCCD_k5_nc3_rf1_ra1,0.001,0.05055088297594875,38.62113634349666,0.8670677597420856,0.4498878294649827
RCCD_k6_nc3_rf1_ra1,0.001,0.06339285714285717,45.079147214777095,0.9279461077558429,0.6038818735299046
RCCD_k7_nc3_rf1_ra1,0.001,0.08664977552738294,33.43895069444011,35.48548712048361,182.29777795732014
RCCD_k8_nc3_rf1_ra1,0.001,0.12913333333333332,24.532749117039668,62.72439697976102,155.2208168471453
RCCD_k9_nc3_rf1_ra1,0.001,0.20735079101751724,19.461753202191076,72.99304293649251,128.20202579963626
RCCD_k10_nc3_rf1_ra1,0.001,0.35234848484848497,17.314642960612307,68.60184059578393,101.61213760764387
SCCD_k3_nc3_rf1_ra1,0.001,0.016100000000000003,11.930882698582169,1.1643011757827684,0.658930382563034
SCCD_k4_nc3_rf1_ra1,0.001,0.0274,20.67923450077126,1.0568356765307185,0.582482865747546
SCCD_k5_nc3_rf1_ra1,0.001,0.046904761904761914,36.39369783797249,0.9082477927462059,0.5231247149173288
SCCD_k6_nc3_rf1_ra1,0.001,0.05053571428571429,39.311932506309034,1.0587737813893336,0.6206862716130543
SCCD_k7_nc3_rf1_ra1,0.001,0.05425000000000001,25.76444408618893,56.40384470124854,278.86209135347
SCCD_k8_nc3_rf1_ra1,0.001,0.05802222222222223,15.675327388054544,138.9785318922729,364.83526606260494
SCCD_k9_nc3_rf1_ra1,0.001,0.06183636363636364,9.516565449848127,243.61379015135591,413.6390505518872
SCCD_k10_nc3_rf1_ra1,0.001,0.0656818181818182,5.932786370520763,366.31335973519964,486.8428945378927
FCCD_k3_nc5_rf1_ra1,0.001,0.0103,7.25712778681748,1.900597212698293,3.305930566898517
FCCD_k4_nc5_rf1_ra1,0.001,0.017933333333333332,11.583084782432639,2.2366076057149207,6.011243346525545
FCCD_k5_nc5_rf1_ra1,0.001,0.033666666666666664,19.764910586458843,2.5395351149120047,8.842580055996171
FCCD_k6_nc5_rf1_ra1,0.001,0.03346428571428572,20.49810441538084,3.1976956328488866,12.060750114331487
FCCD_k7_nc5_rf1_ra1,0.001,0.03330555555555556,12.65408312976871,93.82718380216339,458.99507818935945
FCCD_k8_nc5_rf1_ra1,0.001,0.03317777777777778,7.214728843042566,245.38326409300714,580.6589895064352
FCCD_k9_nc5_rf1_ra1,0.001,0.033072727272727274,4.085454282721042,458.25233023863814,736.1968596669435
FCCD_k10_nc5_rf1_ra1,0.001,0.032984848484848485,2.366990002817733,732.7018986433028,1014.2928264708567
RCCD_k3_nc5_rf1_ra1,0.001,0.015597056274847714,12.11287991451815,1.011684561386723,0.668861833691322
RCCD_k4_nc5_rf1_ra1,0.001,0.027533333333333337,21.389311637634002,0.8931771192273423,0.5825577754142987
RCCD_k5_nc5_rf1_ra1,0.001,0.05064612107118685,39.52836609059156,0.7231970031708437,0.4498218669757497
RCCD_k6_nc5_rf1_ra1,0.001,0.06346428571428574,45.754691551013,0.8281047343473548,0.6024808099841581
RCCD_k7_nc5_rf1_ra1,0.001,0.0867053310829385,33.72673656131543,35.411659338367166,147.6081653888013
RCCD_k8_nc5_rf1_ra1,0.001,0.12917777777777778,24.650119912149517,62.67927389463037,157.8277309707971
RCCD_k9_nc5_rf1_ra1,0.001,0.20738715465388088,19.516189504332242,72.96858380731463,124.99490328541502
RCCD_k10_nc5_rf1_ra1,0.001,0.352378787878788,17.345335027006552,68.58927647041905,94.1875615646021
SCCD_k3_nc5_rf1_ra1,0.001,0.016300000000000002,12.55285325343406,0.9885460689727705,0.6536940073290369
SCCD_k4_nc5_rf1_ra1,0.001,0.027533333333333337,21.389311637634002,0.8931771192273423,0.5825709364470708
SCCD_k5_nc5_rf1_ra1,0.001,0.04700000000000001,37.276831494265366,0.7529473428425052,0.5254788774056318
SCCD_k6_nc5_rf1_ra1,0.001,0.05060714285714286,40.02474089778088,0.9079973097892048,0.6237633867555821
SCCD_k7_nc5_rf1_ra1,0.001,0.054305555555555565,26.129002027996727,56.199807557948404,269.0618986320821
SCCD_k8_nc5_rf1_ra1,0.001,0.058066666666666676,15.853441781957809,138.72808727299625,354.70164319981234
SCCD_k9_nc5_rf1_ra1,0.001,0.061872727272727274,9.605339204098078,243.32835795461034,432.6343926303868
SCCD_k10_nc5_rf1_ra1,0.001,0.06571212121212124,5.979031786304473,366.00368110737935,529.1374298161999
FCCD_k3_nc7_rf1_ra1,0.001,0.0105,7.431491758162721,1.8597307153497202,3.247958378826235
FCCD_k4_nc7_rf1_ra1,0.001,0.01806666666666667,11.733430207732297,2.2122275906667803,5.966505708434005
FCCD_k5_nc7_rf1_ra1,0.001,0.03376190476190476,19.918332646614893,2.5233672969030296,9.053666096839567
FCCD_k6_nc7_rf1_ra1,0.001,0.03353571428571429,20.601178064785653,3.1859470257898415,12.538943930136504
FCCD_k7_nc7_rf1_ra1,0.001,0.03336111111111111,12.699355841952247,93.66827648980936,450.3933428224078
FCCD_k8_nc7_rf1_ra1,0.001,0.03322222222222222,7.234145357847036,245.05370929319878,568.518968739132
FCCD_k9_nc7_rf1_ra1,0.001,0.03310909090909091,4.094075196641061,457.7485881819646,814.2332115541253
FCCD_k10_nc7_rf1_ra1,0.001,0.03301515151515152,2.371031848840608,732.0294508073199,1031.4197710011122
RCCD_k3_nc7_rf1_ra1,0.001,0.015797056274847714,12.525276930170172,0.935412474242566,0.6689279086167962
RCCD_k4_nc7_rf1_ra1,0.001,0.02766666666666667,21.871836413770698,0.8225832338678801,0.5825436203127343
RCCD_k5_nc7_rf1_ra1,0.001,0.05074135916642494,40.14750182644959,0.6594418645296084,0.4497921868325068
RCCD_k6_nc7_rf1_ra1,0.001,0.0635357142857143,46.236278279313446,0.7789964697165598,0.5997445710625842
RCCD_k7_nc7_rf1_ra1,0.001,0.08676088663849406,33.94879563209131,35.35943314285055,170.66775993959243
RCCD_k8_nc7_rf1_ra1,0.001,0.12922222222222224,24.747598549146733,62.64180256328272,163.36353877913808
RCCD_k9_nc7_rf1_ra1,0.001,0.20742351829024455,19.563722374088634,72.94702340611713,127.29802718362895
RCCD_k10_nc7_rf1_ra1,0.001,0.352409090909091,17.37296598483063,68.57802582715843,93.00070054701384
SCCD_k3_nc7_rf1_ra1,0.001,0.0165,12.981039011666613,0.9129133504549097,0.6557400814219846
SCCD_k4_nc7_rf1_ra1,0.001,0.02766666666666667,21.871836413770698,0.8225832338678801,0.5825373369150423
SCCD_k5_nc7_rf1_ra1,0.001,0.0470952380952381,37.87327040682477,0.6856835709617138,0.5282275415917194
SCCD_k6_nc7_rf1_ra1,0.001,0.050678571428571434,40.50386970668935,0.8426600134351503,0.6249748907936115
SCCD_k7_nc7_rf1_ra1,0.001,0.05436111111111112,26.374073115708203,56.07941236184645,246.49222392373292
SCCD_k8_nc7_rf1_ra1,0.001,0.05811111111111112,15.973301200684249,138.55984641307774,347.396987587634
SCCD_k9_nc7_rf1_ra1,0.001,0.06190909090909091,9.66515340786862,243.12393808157742,425.2618375650691
SCCD_k10_nc7_rf1_ra1,0.001,0.06574242424242425,6.010229132333125,365.77400611589655,484.3154220867826
FCCD_k3_nc10_rf1_ra1,0.001,0.0108,7.639132032838519,1.8229304997504163,3.342738917555768
FCCD_k4_nc10_rf1_ra1,0.001,0.018266666666666667,11.918136468784686,2.1883140873158182,6.00296889177496
FCCD_k5_nc10_rf1_ra1,0.001,0.0339047619047619,20.111716570439736,2.5064840086694233,9.411871411985562
FCCD_k6_nc10_rf1_ra1,0.001,0.03364285714285715,20.7336899168861,3.1731066827846224,12.372164012442868
FCCD_k7_nc10_rf1_ra1,0.001,0.03344444444444444,12.758857732431492,93.43412136213898,420.6342491120291
FCCD_k8_nc10_rf1_ra1,0.001,0.03328888888888889,7.260163009127691,244.5633250299482,615.5048588612469
FCCD_k9_nc10_rf1_ra1,0.001,0.03316363636363637,4.1058178303323425,456.99674385627657,816.0426473574418
FCCD_k10_nc10_rf1_ra1,0.001,0.03306060606060606,2.376613010170726,731.0243790653648,1008.6064071096279
RCCD_k3_nc10_rf1_ra1,0.001,0.016097056274847713,12.978593260996433,0.8780144758810635,0.6687216754761733
RCCD_k4_nc10_rf1_ra1,0.001,0.027866666666666668,22.396170828097784,0.7694551200085543,0.5825099388328934
RCCD_k5_nc10_rf1_ra1,0.001,0.05088421630928209,40.82042490790739,0.6107648292312474,0.44974014064882284
RCCD_k6_nc10_rf1_ra1,0.001,0.06364285714285717,46.77265788376184,0.7392109717918323,0.5953686896548934
RCCD_k7_nc10_rf1_ra1,0.001,0.08684421997182738,34.209576467352726,35.29908070944892,147.47374387167542
RCCD_k8_nc10_rf1_ra1,0.001,0.1292888888888889,24.868747650667455,62.593462904223244,153.2951968612122
RCCD_k9_nc10_rf1_ra1,0.001,0.20747806374478997,19.625419619597203,72.91814683913842,128.1504339193514
RCCD_k10_nc10_rf1_ra1,0.001,0.3524545454545456,17.409875676394115,68.56287770077044,90.49927148145512
SCCD_k3_nc10_rf1_ra1,0.001,0.016800000000000002,13.451476896592425,0.8560593106189812,0.6561071985354769
SCCD_k4_nc10_rf1_ra1,0.001,0.027866666666666668,22.396170828097784,0.7694551200085543,0.5826456245798171
SCCD_k5_nc10_rf1_ra1,0.001,0.04723809523809524,38.517777675873944,0.6349532561566031,0.5339945265634737
SCCD_k6_nc10_rf1_ra1,0.001,0.05078571428571429,41.01956281004732,0.7933694518327584,0.6213599457624914
SCCD_k7_nc10_rf1_ra1,0.001,0.05444444444444445,26.63817359329726,55.946693594868385,284.61004347792874
SCCD_k8_nc10_rf1_ra1,0.001,0.058177777777777794,16.102718029519412,138.3546333010912,340.5429350154426
SCCD_k9_nc10_rf1_ra1,0.001,0.06196363636363636,9.729862749565646,242.86382028355922,455.54160651396063
SCCD_k10_nc10_rf1_ra1,0.001,0.0657878787878788,6.044037693459728,365.47545030285215,496.31889934843406
FCCD_k3_nc1_rf2_ra1,0.001,0.0179,10.57870685263408,1.752243541543282,3.168057962285107
FCCD_k4_nc1_rf2_ra1,0.001,0.033666666666666664,18.3047207739829,2.0203463811260947,5.667761261467755
FCCD_k5_nc1_rf2_ra1,0.001,0.06547619047619048,32.70063790191392,2.334119818091384,8.795047189855069
FCCD_k6_nc1_rf2_ra1,0.001,0.06532142857142857,34.76614467747174,2.8739552879199195,12.607707527498087
FCCD_k7_nc1_rf2_ra1,0.001,0.06519444444444444,21.82277962412394,49.38890834406266,218.2090047486388
FCCD_k8_nc1_rf2_ra1,0.001,0.06508888888888889,12.602530778998647,126.76179826299558,306.0757042607761
FCCD_k9_nc1_rf2_ra1,0.001,0.065,7.210594289743177,235.07705095036596,387.95987843561835
FCCD_k10_nc1_rf2_ra1,0.001,0.06492424242424243,4.213891235890097,374.39654581616776,490.43158474131604
RCCD_k3_nc1_rf2_ra1,0.001,0.023197056274847718,15.338209318787863,1.7503865759332113,0.950518614190468
RCCD_k4_nc1_rf2_ra1,0.001,0.04326666666666667,30.1479194911731,1.572750066262375,0.9380247318083715
RCCD_k5_nc1_rf2_ra1,0.001,0.08245564488071065,60.121895556020704,1.2472323530286482,0.7536080008503939
RCCD_k6_nc1_rf2_ra1,0.001,0.09532142857142858,72.53414336248606,0.8934400268481693,0.4226932041947306
RCCD_k7_nc1_rf2_ra1,0.001,0.11859421997182738,53.3281368654466,25.90422288054323,135.24844354608453
RCCD_k8_nc1_rf2_ra1,0.001,0.1610888888888889,37.60096126882919,50.131180924318485,120.27914894415389
RCCD_k9_nc1_rf2_ra1,0.001,0.23931442738115363,28.125765589154366,63.056383640119336,109.52724830667734
RCCD_k10_nc1_rf2_ra1,0.001,0.38431818181818195,23.437316228191644,62.73165876133463,88.35427943481957
SCCD_k3_nc1_rf2_ra1,0.001,0.023899999999999998,15.805230866862415,1.741472190984251,0.965906770529662
SCCD_k4_nc1_rf2_ra1,0.001,0.04326666666666667,30.1479194911731,1.572750066262375,0.9352764754984425
SCCD_k5_nc1_rf2_ra1,0.001,0.07880952380952383,56.67838806444307,1.402374793178901,0.8761304713684837
SCCD_k6_nc1_rf2_ra1,0.001,0.08246428571428571,62.97588128114479,1.4487147983024649,0.7910525781690704
SCCD_k7_nc1_rf2_ra1,0.001,0.08619444444444445,41.38446064668303,36.255488332820036,169.5843743855846
SCCD_k8_nc1_rf2_ra1,0.001,0.0899777777777778,24.964203566063496,90.34338814499459,228.41208359603078
SCCD_k9_nc1_rf2_ra1,0.001,0.0938,14.91819732334517,161.30366937137035,286.36245477319807
SCCD_k10_nc1_rf2_ra1,0.001,0.09765151515151517,9.112493884992638,247.08953166804721,348.4412978294787
FCCD_k3_nc3_rf2_ra1,0.001,0.0181,11.05861195539825,1.6134210016768096,3.1501459640266005
FCCD_k4_nc3_rf2_ra1,0.001,0.0338,18.689071390334163,1.9579845122324386,5.903892700546932
FCCD_k5_nc3_rf2_ra1,0.001,0.06557142857142857,33.073855707533745,2.2995685083388517,9.427211696611172
FCCD_k6_nc3_rf2_ra1,0.001,0.06539285714285714,35.00751885476555,2.8517925107158972,12.95046206970331
FCCD_k7_nc3_rf2_ra1,0.001,0.06525,21.923337003756274,49.33437677618647,220.32492360429347
FCCD_k8_nc3_rf2_ra1,0.001,0.06513333333333333,12.643473167946158,126.66669445927346,311.6618571868114
FCCD_k9_nc3_rf2_ra1,0.001,0.06503636363636363,7.227895716502466,234.93945361867327,410.07608167717433
FCCD_k10_nc3_rf2_ra1,0.001,0.06495454545454546,4.221637507838821,374.21734421146317,493.03117908111204
RCCD_k3_nc3_rf2_ra1,0.001,0.023397056274847717,17.068902287574925,0.9070104489554331,0.5514257859619034
RCCD_k4_nc3_rf2_ra1,0.001,0.0434,32.363901372486126,0.7962307782013974,0.47704987913663643
RCCD_k5_nc3_rf2_ra1,0.001,0.08255088297594876,62.93251150529955,0.6551121683413984,0.37079030385023665
RCCD_k6_nc3_rf2_ra1,0.001,0.09539285714285715,74.28261061344695,0.628902903291594,0.321595467626954
RCCD_k7_nc3_rf2_ra1,0.001,0.11864977552738294,53.87632520927014,25.81716491270144,139.23306963034952
RCCD_k8_nc3_rf2_ra1,0.001,0.16113333333333332,37.76800712635309,50.09659414142915,127.12962179692241
RCCD_k9_nc3_rf2_ra1,0.001,0.23935079101751724,28.186862147224666,63.03971463102845,111.51932476415851
RCCD_k10_nc3_rf2_ra1,0.001,0.384348484848485,23.46593988031624,62.72357003027391,81.65797268295508
SCCD_k3_nc3_rf2_ra1,0.001,0.024100000000000003,17.60424074866387,0.8891955364214548,0.5112612122392548
SCCD_k4_nc3_rf2_ra1,0.001,0.0434,32.363901372486126,0.7962307782013974,0.4856016992287608
SCCD_k5_nc3_rf2_ra1,0.001,0.07890476190476191,59.554154066772156,0.6938636491207386,0.4484389979372808
SCCD_k6_nc3_rf2_ra1,0.001,0.0825357142857143,65.35518004224426,0.7612680187172397,0.4548892163761997
SCCD_k7_nc3_rf2_ra1,0.001,0.08625000000000001,42.596200282919426,35.56155554424619,172.90852465296942
SCCD_k8_nc3_rf2_ra1,0.001,0.09002222222222223,25.54750930549197,89.64067588932714,212.96840933291716
SCCD_k9_nc3_rf2_ra1,0.001,0.09383636363636365,15.20282253153121,160.5934062860178,296.45701146112395
SCCD_k10_nc3_rf2_ra1,0.001,0.0976818181818182,9.257113906899699,246.3739856573947,351.4174627044595
FCCD_k3_nc5_rf2_ra1,0.001,0.0183,11.402682390393167,1.547759597935335,3.1188593598247363
FCCD_k4_nc5_rf2_ra1,0.001,0.03393333333333333,18.987187819775816,1.9219132610392051,5.594677848803333
FCCD_k5_nc5_rf2_ra1,0.001,0.06566666666666668,33.37824286971092,2.2770677475523877,8.882400643471057
FCCD_k6_nc5_rf2_ra1,0.001,0.06546428571428571,35.21099766220292,2.836236892113024,13.439128742957058
FCCD_k7_nc5_rf2_ra1,0.001,0.06530555555555556,22.010398836609856,49.28390118374036,239.81736450710358
FCCD_k8_nc5_rf2_ra1,0.001,0.06517777777777778,12.679674617855316,126.57428957713032,319.19836916588713
FCCD_k9_nc5_rf2_ra1,0.001,0.06507272727272728,7.243454466772657,234.8037670461874,397.3960963177772
FCCD_k10_nc5_rf2_ra1,0.001,0.06498484848484849,4.228700147751882,374.03956267198674,497.1598005844972
RCCD_k3_nc5_rf2_ra1,0.001,0.023597056274847716,17.952826705897778,0.7322147432306171,0.5508515267819071
RCCD_k4_nc5_rf2_ra1,0.001,0.043533333333333334,33.46931349949356,0.6342891875583021,0.4766016701659456
RCCD_k5_nc5_rf2_ra1,0.001,0.08264612107118685,64.38916864265043,0.5148141962173299,0.37165025847317995
RCCD_k6_nc5_rf2_ra1,0.001,0.09546428571428574,75.34223826023428,0.5375714143262658,0.3213399015563795
RCCD_k7_nc5_rf2_ra1,0.001,0.1187053310829385,54.280667469846875,25.76545296757875,124.46412236933784
RCCD_k8_nc5_rf2_ra1,0.001,0.16117777777777778,37.9083462508764,50.068358155109806,119.64698866383699
RCCD_k9_nc5_rf2_ra1,0.001,0.23938715465388088,28.24178636621039,63.02447027017588,112.13179064399282
RCCD_k10_nc5_rf2_ra1,0.001,0.384378787878788,23.492555858278628,62.715927232071586,85.06093374748315
SCCD_k3_nc5_rf2_ra1,0.001,0.024300000000000002,18.519271811622946,0.7144373019657734,0.5024191949349192
SCCD_k4_nc5_rf2_ra1,0.001,0.043533333333333334,33.46931349949356,0.6342891875583021,0.4834075046408042
SCCD_k5_nc5_rf2_ra1,0.001,0.07900000000000001,60.984953913185684,0.5416464716638149,0.44524479252519017
SCCD_k6_nc5_rf2_ra1,0.001,0.08260714285714287,66.5288037610684,0.6134011201779646,0.46562257009625757
SCCD_k7_nc5_rf2_ra1,0.001,0.08630555555555555,43.19192542489604,35.39448702683261,182.3327529455769
SCCD_k8_nc5_rf2_ra1,0.001,0.09006666666666668,25.83390297804486,89.45460446466386,236.60392174679455
SCCD_k9_nc5_rf2_ra1,0.001,0.09387272727272727,15.34253421227494,160.39123765974512,291.7500240006226
SCCD_k10_nc5_rf2_ra1,0.001,0.09771212121212124,9.32812585753656,246.15917416060068,327.44031320301855
FCCD_k3_nc7_rf2_ra1,0.001,0.0185,11.673021881497457,1.509459012928196,3.047852109326707
FCCD_k4_nc7_rf2_ra1,0.001,0.03406666666666667,19.2315112957794,1.8983837257588976,5.436907813192116
FCCD_k5_nc7_rf2_ra1,0.001,0.06576190476190476,33.63566841069035,2.261237448651621,8.470521252483817
FCCD_k6_nc7_rf2_ra1,0.001,0.0655357142857143,35.387031154100086,2.8247086114923188,12.21461959640425
FCCD_k7_nc7_rf2_ra1,0.001,0.06536111111111112,22.087248601404884,49.23609899106718,216.14242668747673
FCCD_k8_nc7_rf2_ra1,0.001,0.06522222222222222,12.712166353562777,126.48377888492107,304.7911992020282
FCCD_k9_nc7_rf2_ra1,0.001,0.06510909090909091,7.257613113574797,234.6694920910634,404.7672772135233
FCCD_k10_nc7_rf2_ra1,0.001,0.06501515151515151,4.235201706081963,373.8628756059067,524.7203270933408
RCCD_k3_nc7_rf2_ra1,0.001,0.023797056274847714,18.562525306502778,0.6566508920030595,0.5560624757559489
RCCD_k4_nc7_rf2_ra1,0.001,0.043666666666666666,34.22170619261688,0.5641764907957512,0.4721929635446735
RCCD_k5_nc7_rf2_ra1,0.001,0.08274135916642494,65.38787137793173,0.4520066425482117,0.3785319618612584
RCCD_k6_nc7_rf2_ra1,0.001,0.09553571428571431,76.10821555268156,0.49129057854963615,0.3212022055783843
RCCD_k7_nc7_rf2_ra1,0.001,0.11876088663849406,54.60188938371072,25.72892311939653,106.09521305027708
RCCD_k8_nc7_rf2_ra1,0.001,0.16122222222222224,38.0294903253287,50.04396445906331,120.87853335158657
RCCD_k9_nc7_rf2_ra1,0.001,0.23942351829024455,28.29170154943012,63.01026465662318,108.63685090410414
RCCD_k10_nc7_rf2_ra1,0.001,0.384409090909091,23.517435401705963,62.7086426229345,83.4685358719547
SCCD_k3_nc7_rf2_ra1,0.001,0.0245,19.149714589060466,0.6390875927144282,0.5089676435905416
SCCD_k4_nc7_rf2_ra1,0.001,0.043666666666666666,34.22170619261688,0.5641764907957512,0.48015987519228503
SCCD_k5_nc7_rf2_ra1,0.001,0.07909523809523811,61.95436054020851,0.47525160017741674,0.4517342875809506
SCCD_k6_nc7_rf2_ra1,0.001,0.08267857142857143,67.32016204599005,0.548884366406744,0.4824256135554248
SCCD_k7_nc7_rf2_ra1,0.001,0.08636111111111111,43.59317346805692,35.308973812646855,166.1315531684048
SCCD_k8_nc7_rf2_ra1,0.001,0.09011111111111111,26.02679691881733,89.34868605139309,225.84907015402223
SCCD_k9_nc7_rf2_ra1,0.001,0.09390909090909091,15.436675173265476,160.26808214795403,283.23416631971554
SCCD_k10_nc7_rf2_ra1,0.001,0.09774242424242426,9.376005193556406,246.0224215312335,333.18396099883955
FCCD_k3_nc10_rf2_ra1,0.001,0.0188,11.99576309127916,1.474773415354283,3.169604332298539
FCCD_k4_nc10_rf2_ra1,0.001,0.03426666666666667,19.53210757553809,1.875231699734853,5.509854415910972
FCCD_k5_nc10_rf2_ra1,0.001,0.0659047619047619,33.96045749780237,2.244673399889639,8.87652220206048
FCCD_k6_nc10_rf2_ra1,0.001,0.06564285714285714,35.613512685090605,2.8120894583831832,12.043887806064378
FCCD_k7_nc10_rf2_ra1,0.001,0.06544444444444444,22.188026567462934,49.167723672306636,249.36515966039704
FCCD_k8_nc10_rf2_ra1,0.001,0.0652888888888889,12.755482680504226,126.35051512822162,292.9221255529662
FCCD_k9_nc10_rf2_ra1,0.001,0.06516363636363635,7.276756049525405,234.47003968269817,397.01749336062824
FCCD_k10_nc10_rf2_ra1,0.001,0.06506060606060607,4.244097847819629,373.59942920733135,500.5136266628443
RCCD_k3_nc10_rf2_ra1,0.001,0.024097056274847716,19.23307214823914,0.5997160596695259,0.5493304337641239
RCCD_k4_nc10_rf2_ra1,0.001,0.043866666666666665,35.04000317241059,0.511308451714232,0.4925993609460371
RCCD_k5_nc10_rf2_ra1,0.001,0.08288421630928208,66.47615860426811,0.40378738677669157,0.37452719348697106
RCCD_k6_nc10_rf2_ra1,0.001,0.09564285714285715,76.96875055732656,0.4531140395725636,0.32099960168692226
RCCD_k7_nc10_rf2_ra1,0.001,0.11884421997182738,54.98719464051876,25.687860755314794,122.24172326332908
RCCD_k8_nc10_rf2_ra1,0.001,0.1612888888888889,38.1851025874367,50.01180852527344,126.42614184325997
RCCD_k9_nc10_rf2_ra1,0.001,0.23947806374478997,28.359009816098403,62.990362347202435,110.070524408458
RCCD_k10_nc10_rf2_ra1,0.001,0.38445454545454555,23.551968345552684,62.69824703203284,87.04300991899413
SCCD_k3_nc10_rf2_ra1,0.001,0.024800000000000003,19.842643698809056,0.582392959283497,0.5053558082263843
SCCD_k4_nc10_rf2_ra1,0.001,0.043866666666666665,35.04000317241059,0.511308451714232,0.4884229607577141
SCCD_k5_nc10_rf2_ra1,0.001,0.07923809523809526,63.00372910566991,0.42498890099050146,0.45513756294142094
SCCD_k6_nc10_rf2_ra1,0.001,0.0827857142857143,68.17337912019018,0.5000356369404099,0.47154949179874844
SCCD_k7_nc10_rf2_ra1,0.001,0.08644444444444445,44.025705681202396,35.22765993770582,158.50352236112928
SCCD_k8_nc10_rf2_ra1,0.001,0.09017777777777779,26.23487534600731,89.23600449116024,218.87496099370557
SCCD_k9_nc10_rf2_ra1,0.001,0.09396363636363637,15.538327986555604,160.12892537285035,272.8902148133099
SCCD_k10_nc10_rf2_ra1,0.001,0.0977878787878788,9.427758814190511,245.8623505717735,334.42738914186117
FCCD_k3_nc1_rf3_ra1,0.001,0.0259,13.902063059897232,1.6182844063039683,3.0530828220020214
FCCD_k4_nc1_rf3_ra1,0.001,0.049666666666666665,24.55602409084661,1.9030135340360965,5.591268109420131
FCCD_k5_nc1_rf3_ra1,0.001,0.09747619047619048,44.56990318893396,2.2252321344587465,8.550044113321212
FCCD_k6_nc1_rf3_ra1,0.001,0.09732142857142857,47.843036355408074,2.7274582734405217,11.630866474298202
FCCD_k7_nc1_rf3_ra1,0.001,0.09719444444444444,30.25739619730144,34.07246854050518,166.95460391104734
FCCD_k8_nc1_rf3_ra1,0.001,0.09708888888888889,17.58294721583387,86.07426571670922,189.01536046407458
FCCD_k9_nc1_rf3_ra1,0.001,0.097,10.113601090895848,158.7682731575918,264.1146678290691
FCCD_k10_nc1_rf3_ra1,0.001,0.09692424242424243,5.937431389714806,252.18114654975955,366.3052345816083
RCCD_k3_nc1_rf3_ra1,0.001,0.03119705627484772,19.67467676540792,1.6291482096623637,0.9384229197595335
RCCD_k4_nc1_rf3_ra1,0.001,0.05926666666666667,39.716182970522595,1.4579028979269533,0.9033731071956662
RCCD_k5_nc1_rf3_ra1,0.001,0.11445564488071065,80.81423256587918,1.1414920860388234,0.7290422573102525
RCCD_k6_nc1_rf3_ra1,0.001,0.12732142857142859,98.17968939903704,0.7647562635293977,0.3837952021310392
RCCD_k7_nc1_rf3_ra1,0.001,0.1505942199718274,71.5725928205093,20.39821661342487,102.10103794334937
RCCD_k8_nc1_rf3_ra1,0.001,0.1930888888888889,49.352807661335376,41.778301118904395,97.85172500137351
RCCD_k9_nc1_rf3_ra1,0.001,0.27131442738115363,35.67991460266884,55.558527205181406,95.83650956128935
RCCD_k10_nc1_rf3_ra1,0.001,0.4163181818181819,28.555721033042108,57.853115602449925,76.70816027163085
SCCD_k3_nc1_rf3_ra1,0.001,0.0319,20.22870368613523,1.6254635854574235,0.9549064620066027
SCCD_k4_nc1_rf3_ra1,0.001,0.05926666666666667,39.716182970522595,1.4579028979269533,0.9118850325381941
SCCD_k5_nc1_rf3_ra1,0.001,0.11080952380952382,76.31518349317281,1.2919689050231444,0.8338681340035635
SCCD_k6_nc1_rf3_ra1,0.001,0.11446428571428571,85.5441854490154,1.3116115100089658,0.8140246118253704
SCCD_k7_nc1_rf3_ra1,0.001,0.11819444444444445,56.21857582577488,26.686410051053443,107.83647287835936
SCCD_k8_nc1_rf3_ra1,0.001,0.12197777777777778,33.7755056252424,66.8719868756579,162.9500682458197
SCCD_k9_nc1_rf3_ra1,0.001,0.1258,20.04364851436578,120.48917635323902,203.6620520171842
SCCD_k10_nc1_rf3_ra1,0.001,0.12965151515151518,12.133697779746079,186.3124113796737,255.26023236125488
FCCD_k3_nc3_rf3_ra1,0.001,0.0261,14.526198317103272,1.4840983909405556,3.0731177891882404
FCCD_k4_nc3_rf3_ra1,0.001,0.0498,25.06813405357883,1.8418703244111116,5.642895932646785
FCCD_k5_nc3_rf3_ra1,0.001,0.09757142857142857,45.075430437992146,2.1912017456030566,8.418885345230624
FCCD_k6_nc3_rf3_ra1,0.001,0.09739285714285714,48.17352120460018,2.7055731914115935,12.641566931004746
FCCD_k7_nc3_rf3_ra1,0.001,0.09725,30.395523874680677,34.03964872623529,156.87725264807838
FCCD_k8_nc3_rf3_ra1,0.001,0.09713333333333334,17.63916157183647,86.02543368376988,210.71810321569114
FCCD_k9_nc3_rf3_ra1,0.001,0.09703636363636363,10.137284339892384,158.70182770643137,264.1634890312771
FCCD_k10_nc3_rf3_ra1,0.001,0.09695454545454546,5.947984125794126,252.0970613757611,334.62453070933486
RCCD_k3_nc3_rf3_ra1,0.001,0.03139705627484772,21.878269650969667,0.8003334093406316,0.5083236591981982
RCCD_k4_nc3_rf3_ra1,0.001,0.0594,42.60057432960406,0.7007984366449205,0.4562787429545195
RCCD_k5_nc3_rf3_ra1,0.001,0.11455088297594876,84.50082346721878,0.5779764134198777,0.32141627539427503
RCCD_k6_nc3_rf3_ra1,0.001,0.12739285714285717,100.44475579529033,0.5218003843094187,0.27995661612998995
RCCD_k7_nc3_rf3_ra1,0.001,0.15064977552738296,72.24491416618,20.327577726622053,100.36925181385199
RCCD_k8_nc3_rf3_ra1,0.001,0.19313333333333332,49.54140041603983,41.753164405593026,102.4875224739598
RCCD_k9_nc3_rf3_ra1,0.001,0.2713507910175173,35.74261184183079,55.546420480840816,97.97224932189094
RCCD_k10_nc3_rf3_ra1,0.001,0.41634848484848497,28.582468611566455,57.84706587058205,76.7190902775343
SCCD_k3_nc3_rf3_ra1,0.001,0.032100000000000004,22.515910460014826,0.7848619546369981,0.4463957544462561
SCCD_k4_nc3_rf3_ra1,0.001,0.0594,42.60057432960406,0.7007984366449205,0.44232311046904493
SCCD_k5_nc3_rf3_ra1,0.001,0.1109047619047619,80.10273370017828,0.6158591712618483,0.41949010696720074
SCCD_k6_nc3_rf3_ra1,0.001,0.1145357142857143,88.7079630138992,0.6547249638737442,0.4407262798321501
SCCD_k7_nc3_rf3_ra1,0.001,0.11825000000000001,57.830038755778666,26.03218667816205,119.01671572294714
SCCD_k8_nc3_rf3_ra1,0.001,0.12202222222222223,34.548054456517775,66.21745712385939,162.4465565303069
SCCD_k9_nc3_rf3_ra1,0.001,0.12583636363636364,20.417973269921543,119.83376230980647,190.888976610612
SCCD_k10_nc3_rf3_ra1,0.001,0.12968181818181823,12.3221826041957,185.65648779433735,261.09032409967625
FCCD_k3_nc5_rf3_ra1,0.001,0.0263,14.97494367185231,1.4202106293895642,3.0284919541731607
FCCD_k4_nc5_rf3_ra1,0.001,0.04993333333333333,25.46593603564393,1.806388086800952,5.596976014536482
FCCD_k5_nc5_rf3_ra1,0.001,0.09766666666666668,45.48818946646376,2.1689874748756486,8.716215499524816
FCCD_k6_nc5_rf3_ra1,0.001,0.09746428571428571,48.45233645413111,2.6901878593986317,12.2619907668996
FCCD_k7_nc5_rf3_ra1,0.001,0.09730555555555556,30.515081915561492,34.01078262798093,138.78632497316997
FCCD_k8_nc5_rf3_ra1,0.001,0.09717777777777778,17.68880335610265,85.97918901133644,217.4605566669634
FCCD_k9_nc5_rf3_ra1,0.001,0.09707272727272728,10.158536395602425,158.63717294291706,284.47975589619693
FCCD_k10_nc5_rf3_ra1,0.001,0.0969848484848485,5.957578008387673,252.0142714018135,341.4436998648521
RCCD_k3_nc5_rf3_ra1,0.001,0.03159705627484772,23.007621367131815,0.6269986064641064,0.48324245604085037
RCCD_k4_nc5_rf3_ra1,0.001,0.059533333333333334,44.048020967277985,0.5405446310842076,0.44415889803651054
RCCD_k5_nc5_rf3_ra1,0.001,0.11464612107118685,86.43423839140922,0.4406458346302628,0.3584826975957872
RCCD_k6_nc5_rf3_ra1,0.001,0.12746428571428575,101.84132435756759,0.4346485148260032,0.27700822735684755
RCCD_k7_nc5_rf3_ra1,0.001,0.15070533108293852,72.7521539715056,20.285019280590642,93.34607331009575
RCCD_k8_nc5_rf3_ra1,0.001,0.19317777777777778,49.7034411229707,41.73224654202243,107.07061043127398
RCCD_k9_nc5_rf3_ra1,0.001,0.2713871546538809,35.80009976499609,55.53509319324664,94.09725273553241
RCCD_k10_nc5_rf3_ra1,0.001,0.416378787878788,28.607766757856133,57.84122091687097,81.6433344978692
SCCD_k3_nc5_rf3_ra1,0.001,0.032299999999999995,23.682888813877508,0.6110858339763227,0.46122922742404104
SCCD_k4_nc5_rf3_ra1,0.001,0.059533333333333334,44.048020967277985,0.5405446310842076,0.4367266990400317
SCCD_k5_nc5_rf3_ra1,0.001,0.111,82.00835295205208,0.4666322246524912,0.4293308438668286
SCCD_k6_nc5_rf3_ra1,0.001,0.11460714285714287,90.28581101327677,0.509682163495917,0.4487551906424135
SCCD_k7_nc5_rf3_ra1,0.001,0.11830555555555555,58.63048400455131,25.878300371210177,118.9062984571354
SCCD_k8_nc5_rf3_ra1,0.001,0.12206666666666667,34.93103841741015,66.05398414172325,162.01735491286473
SCCD_k9_nc5_rf3_ra1,0.001,0.12587272727272728,20.603390428905414,119.66162673688018,196.53314686029896
SCCD_k10_nc5_rf3_ra1,0.001,0.12971212121212125,12.415533958382177,185.47712824326828,236.10476821006444
FCCD_k3_nc7_rf3_ra1,0.001,0.0265,15.32804044918756,1.3828197148132022,3.05930915086274
FCCD_k4_nc7_rf3_ra1,0.001,0.05006666666666667,25.792251234052976,1.7831970989675399,5.591995932079145
FCCD_k5_nc7_rf3_ra1,0.001,0.09776190476190476,45.837530321941145,2.153334071526384,8.721320643217723
FCCD_k6_nc7_rf3_ra1,0.001,0.0975357142857143,48.6936786867231,2.678772900138319,13.436923270875388
FCCD_k7_nc7_rf3_ra1,0.001,0.09736111111111112,30.62057375809574,33.98451118134871,144.14252630564295
FCCD_k8_nc7_rf3_ra1,0.001,0.09722222222222222,17.733298051216654,85.93473914339971,210.1062797585277
FCCD_k9_nc7_rf3_ra1,0.001,0.09710909090909091,10.177833914164658,158.57381656614646,267.45563443335925
FCCD_k10_nc7_rf3_ra1,0.001,0.09701515151515151,5.966384505874194,251.93245513663535,331.91269701535424
RCCD_k3_nc7_rf3_ra1,0.001,0.03179705627484772,23.78733488062773,0.5519000967416173,0.5037056088349658
RCCD_k4_nc7_rf3_ra1,0.001,0.059666666666666666,45.03482979849298,0.4709061073541786,0.4475184497039652
RCCD_k5_nc7_rf3_ra1,0.001,0.11474135916642494,87.76459986632257,0.3786790761914909,0.3604928831197273
RCCD_k6_nc7_rf3_ra1,0.001,0.1275357142857143,102.85800076083655,0.389816288657983,0.28204209873361613
RCCD_k7_nc7_rf3_ra1,0.001,0.15076088663849407,73.16037451785148,20.255252095846974,91.86757196521066
RCCD_k8_nc7_rf3_ra1,0.001,0.19322222222222224,49.84561532721475,41.71404310090837,105.80007312332619
RCCD_k9_nc7_rf3_ra1,0.001,0.2714235182902445,35.85320088232685,55.52436709524126,93.27183055630344
RCCD_k10_nc7_rf3_ra1,0.001,0.416409090909091,28.63176985468738,57.83554877442904,76.15187043214955
SCCD_k3_nc7_rf3_ra1,0.001,0.0325,24.487590287515978,0.5360109479134132,0.4521931704247888
SCCD_k4_nc7_rf3_ra1,0.001,0.059666666666666666,45.03482979849298,0.4709061073541786,0.4370836252931422
SCCD_k5_nc7_rf3_ra1,0.001,0.11109523809523811,83.30354179221362,0.4010888322807473,0.41030357535487705
SCCD_k6_nc7_rf3_ra1,0.001,0.11467857142857144,91.3530404162028,0.4459698519040395,0.4552144945531483
SCCD_k7_nc7_rf3_ra1,0.001,0.11836111111111111,59.17098471907877,25.804016978976037,107.71396491224353
SCCD_k8_nc7_rf3_ra1,0.001,0.12211111111111111,35.189500094072955,65.96876758002085,163.95785979885844
SCCD_k9_nc7_rf3_ra1,0.001,0.12590909090909091,20.728519021258364,119.5666559384177,199.96206077803774
SCCD_k10_nc7_rf3_ra1,0.001,0.12974242424242427,12.478548225056919,185.37402127472507,246.93757681934522
FCCD_k3_nc10_rf3_ra1,0.001,0.0268,15.750014207717891,1.3488787261085053,3.0864678024873626
FCCD_k4_nc10_rf3_ra1,0.001,0.05026666666666667,26.194008150545933,1.7603432867061901,5.696228570877116
FCCD_k5_nc10_rf3_ra1,0.001,0.0979047619047619,46.27856953231297,2.136933763038197,8.756501981171795
FCCD_k6_nc10_rf3_ra1,0.001,0.09764285714285714,49.004338913775705,2.6662655867307268,11.049100819460769
FCCD_k7_nc10_rf3_ra1,0.001,0.09744444444444444,30.75882598041445,33.94830975725632,152.17503378052317
FCCD_k8_nc10_rf3_ra1,0.001,0.0972888888888889,17.792512908346712,85.87039468588324,203.48221606350202
FCCD_k9_nc10_rf3_ra1,0.001,0.09716363636363635,10.203853812208799,158.4805384285776,283.2101253610526
FCCD_k10_nc10_rf3_ra1,0.001,0.09706060606060607,5.978392126577391,251.81109405421748,347.0577789104891
RCCD_k3_nc10_rf3_ra1,0.001,0.03209705627484772,24.645292781600094,0.4952504173250324,0.5009098119093165
RCCD_k4_nc10_rf3_ra1,0.001,0.059866666666666665,46.1090351526415,0.4182929357374723,0.43875413747757724
RCCD_k5_nc10_rf3_ra1,0.001,0.11488421630928208,89.21726225677027,0.3308987526155521,0.3403298240107237
RCCD_k6_nc10_rf3_ra1,0.001,0.12764285714285717,104.00529442341313,0.35248931143680473,0.2829388870467069
RCCD_k7_nc10_rf3_ra1,0.001,0.1508442199718274,73.65485153042091,20.22261324370592,95.89748293185254
RCCD_k8_nc10_rf3_ra1,0.001,0.1932888888888889,50.03094677143846,41.69003179820619,108.08145297599165
RCCD_k9_nc10_rf3_ra1,0.001,0.27147806374479,35.92599355435897,55.50913556558715,91.40967444257369
RCCD_k10_nc10_rf3_ra1,0.001,0.4164545454545456,28.665627371706567,57.82730988489709,77.26150868978176
SCCD_k3_nc10_rf3_ra1,0.001,0.032799999999999996,25.372441969130836,0.4794648959552391,0.4643258002982402
SCCD_k4_nc10_rf3_ra1,0.001,0.059866666666666665,46.1090351526415,0.4182929357374723,0.43541191405485646
SCCD_k5_nc10_rf3_ra1,0.001,0.11123809523809525,84.70801712036885,0.3512863227398641,0.40428692676545414
SCCD_k6_nc10_rf3_ra1,0.001,0.1147857142857143,92.50567302208422,0.39755598034350936,0.434088064158436
SCCD_k7_nc10_rf3_ra1,0.001,0.11844444444444445,59.75423736985341,25.7387750698464,107.43386528255773
SCCD_k8_nc10_rf3_ra1,0.001,0.12217777777777777,35.468422939594795,65.88637450545444,166.99441327105043
SCCD_k9_nc10_rf3_ra1,0.001,0.12596363636363636,20.86361637256485,119.46902652957772,205.05030759683424
SCCD_k10_nc10_rf3_ra1,0.001,0.1297878787878788,12.546625116337497,185.26368606359765,239.8823145421054
FCCD_k3_nc1_rf1_ra2,0.001,0.0117,8.612639014833377,1.4358522570054917,1.8347136533110564
FCCD_k4_nc1_rf1_ra2,0.001,0.019266666666666665,13.711522745205663,1.477180716073884,3.1175915165737145
FCCD_k5_nc1_rf1_ra2,0.001,0.034904761904761904,23.033236617547438,1.5400610494333633,4.848360807751521
FCCD_k6_nc1_rf1_ra2,0.001,0.03460714285714286,23.6858711499686,1.9483563737062968,6.4358148158879365
FCCD_k7_nc1_rf1_ra2,0.001,0.03436111111111111,14.518075215915543,89.56423548028205,440.23821538951006
FCCD_k8_nc1_rf1_ra2,0.001,0.03415555555555556,8.22088099361302,236.7393173077215,560.8528673158739
FCCD_k9_nc1_rf1_ra2,0.001,0.03398181818181818,4.6254264645263525,444.13287948396135,764.4572616550216
FCCD_k10_nc1_rf1_ra2,0.001,0.03383333333333333,2.6639617669941753,712.2239251060776,967.9303009586902
RCCD_k3_nc1_rf1_ra2,0.001,0.022294112549695426,13.649716685483053,1.904993976279879,0.9477332049312082
RCCD_k4_nc1_rf1_ra2,0.001,0.03846666666666667,24.36210374093175,1.746120756741203,0.9324084770346743
RCCD_k5_nc1_rf1_ra2,0.001,0.06886367071380227,45.13472188995438,1.3647320407561412,0.7362028008636057
RCCD_k6_nc1_rf1_ra2,0.001,0.09460714285714289,53.89244214274205,1.0817903128748876,0.5652623189106676
RCCD_k7_nc1_rf1_ra2,0.001,0.141160662165877,42.07022261948379,22.114811550910055,102.31576234480396
RCCD_k8_nc1_rf1_ra2,0.001,0.22615555555555558,32.77734677448951,36.108690150498376,93.72820798408578
RCCD_k9_nc1_rf1_ra2,0.001,0.38261067294412543,27.734808245051575,39.811718564764654,68.08256033726971
RCCD_k10_nc1_rf1_ra2,0.001,0.6726212121212124,26.28380913682437,36.12592378994505,46.51927443913246
SCCD_k3_nc1_rf1_ra2,0.001,0.0237,14.199617488656042,1.8881333168695746,0.9607284904256256
SCCD_k4_nc1_rf1_ra2,0.001,0.03846666666666667,24.36210374093175,1.746120756741203,0.9424396024568407
SCCD_k5_nc1_rf1_ra2,0.001,0.06157142857142858,42.005994772102646,1.5691128299158275,0.883710805117134
SCCD_k6_nc1_rf1_ra2,0.001,0.06889285714285714,45.54539174159685,1.6922464713035965,0.7851317170864462
SCCD_k7_nc1_rf1_ra2,0.001,0.07636111111111113,30.679677036698255,41.002045641027614,201.27454652315586
SCCD_k8_nc1_rf1_ra2,0.001,0.08393333333333336,19.307385880110672,97.00498816802926,228.60218886581742
SCCD_k9_nc1_rf1_ra2,0.001,0.09158181818181818,12.164143824102464,165.39924849872492,285.49658979614185
SCCD_k10_nc1_rf1_ra2,0.001,0.09928787878787881,7.879301942017154,243.19385900777579,330.98267583630263
FCCD_k3_nc3_rf1_ra2,0.001,0.0119,8.880388233585544,1.3627033675646492,1.7998803674877606
FCCD_k4_nc3_rf1_ra2,0.001,0.0194,13.887521895040635,1.4524955190957733,3.0750038131364232
FCCD_k5_nc3_rf1_ra2,0.001,0.035,23.18509532165924,1.5282269652267693,4.627457517052054
FCCD_k6_nc3_rf1_ra2,0.001,0.034678571428571434,23.778367478442455,1.941184232534399,6.552730907312112
FCCD_k7_nc3_rf1_ra2,0.001,0.034416666666666665,14.556403542533186,89.41852675633807,444.42888009202136
FCCD_k8_nc3_rf1_ra2,0.001,0.0342,8.23678960786259,236.4315395627577,599.2248467813117
FCCD_k9_nc3_rf1_ra2,0.001,0.034018181818181815,4.632380405287755,443.6585010222645,739.2352119418308
FCCD_k10_nc3_rf1_ra2,0.001,0.03386363636363637,2.6672068173723127,711.5871932454994,953.3539334382216
RCCD_k3_nc3_rf1_ra2,0.001,0.022494112549695428,15.18880235388531,1.0545648340492468,0.5775139529120281
RCCD_k4_nc3_rf1_ra2,0.001,0.0386,26.159370889764975,0.9636260817696635,0.5236627530549322
RCCD_k5_nc3_rf1_ra2,0.001,0.06895890880904036,47.21083468298118,0.7983986327880984,0.4166467166522768
RCCD_k6_nc3_rf1_ra2,0.001,0.09467857142857146,55.13106875528063,0.8468821689541999,0.5695169694982894
RCCD_k7_nc3_rf1_ra2,0.001,0.14121621772143259,42.51281710163666,22.029603569953355,110.46787387778997
RCCD_k8_nc3_rf1_ra2,0.001,0.22619999999999998,32.948398811668675,36.07333696910118,87.25260666148478
RCCD_k9_nc3_rf1_ra2,0.001,0.38264703658048904,27.816074782694425,39.79493397187298,65.67465312088326
RCCD_k10_nc3_rf1_ra2,0.001,0.6726515151515153,26.332009738023608,36.11703367932801,48.05774142267841
SCCD_k3_nc3_rf1_ra2,0.001,0.023899999999999998,15.816186726555976,1.0355687174300232,0.5702432987317924
SCCD_k4_nc3_rf1_ra2,0.001,0.0386,26.159370889764975,0.9636260817696635,0.521016207864967
SCCD_k5_nc3_rf1_ra2,0.001,0.06166666666666668,44.1633490721623,0.8420998597235,0.4222964315727644
SCCD_k6_nc3_rf1_ra2,0.001,0.06896428571428571,47.28208287507072,0.9911438134568364,0.5818518398368622
SCCD_k7_nc3_rf1_ra2,0.001,0.07641666666666669,31.584043947388533,40.29256250003285,195.5761641151272
SCCD_k8_nc3_rf1_ra2,0.001,0.0839777777777778,19.760402021515723,96.29018045031067,228.49627862793025
SCCD_k9_nc3_rf1_ra2,0.001,0.09161818181818182,12.396582453881514,164.6839836731029,274.87621828715953
SCCD_k10_nc3_rf1_ra2,0.001,0.09931818181818185,8.00420954136911,242.48221420635602,328.47019452300026
FCCD_k3_nc5_rf1_ra2,0.001,0.0121,9.090781962647373,1.320052975443077,1.839390913781983
FCCD_k4_nc5_rf1_ra2,0.001,0.019533333333333337,14.036987835607865,1.4351181385729377,3.090304953379283
FCCD_k5_nc5_rf1_ra2,0.001,0.035095238095238096,23.319377345946503,1.5190875023110908,4.510853523435487
FCCD_k6_nc5_rf1_ra2,0.001,0.03475,23.862086470096433,1.9353503601356556,6.099478681660831
FCCD_k7_nc5_rf1_ra2,0.001,0.034472222222222224,14.591819167042676,89.27402540444609,432.73447884514627
FCCD_k8_nc5_rf1_ra2,0.001,0.034244444444444445,8.251729562703334,236.12501484226436,621.4283778437201
FCCD_k9_nc5_rf1_ra2,0.001,0.034054545454545455,4.638993637577049,443.1854340313716,743.6316615784283
FCCD_k10_nc5_rf1_ra2,0.001,0.03389393939393939,2.6703229943068143,710.9518060574593,971.2591197535963
RCCD_k3_nc5_rf1_ra2,0.001,0.022694112549695427,15.975164126302202,0.8781442367941017,0.5766905127960232
RCCD_k4_nc5_rf1_ra2,0.001,0.038733333333333335,27.054307211072192,0.8011726159595515,0.5233862694969259
RCCD_k5_nc5_rf1_ra2,0.001,0.06905414690427845,48.295332443497514,0.661679620654444,0.41033581634479205
RCCD_k6_nc5_rf1_ra2,0.001,0.09475000000000003,55.89591901722603,0.7623396123310733,0.5676622589886731
RCCD_k7_nc5_rf1_ra2,0.001,0.14127177327698812,42.83713508541831,21.9810475055867,110.80879287069493
RCCD_k8_nc5_rf1_ra2,0.001,0.22624444444444444,33.08795043588223,36.047749934530934,87.58312110001899
RCCD_k9_nc5_rf1_ra2,0.001,0.3826834002168527,27.886438088505084,39.781505404005415,68.72709505306852
RCCD_k10_nc5_rf1_ra2,0.001,0.6726818181818184,26.375169023783766,36.109621630178005,49.92575047581725
SCCD_k3_nc5_rf1_ra2,0.001,0.024100000000000003,16.638385451339996,0.8607823577024578,0.5667882605572293
SCCD_k4_nc5_rf1_ra2,0.001,0.038733333333333335,27.054307211072192,0.8011726159595515,0.5152680449338327
SCCD_k5_nc5_rf1_ra2,0.001,0.061761904761904775,45.23009367914694,0.688234239566199,0.42530935859726404
SCCD_k6_nc5_rf1_ra2,0.001,0.0690357142857143,48.13464878043882,0.8420539486495461,0.5768957602153986
SCCD_k7_nc5_rf1_ra2,0.001,0.07647222222222223,32.02726262048112,40.11851614339805,189.61154453798136
SCCD_k8_nc5_rf1_ra2,0.001,0.08402222222222225,19.982434404803453,96.09706839670412,239.34616642094554
SCCD_k9_nc5_rf1_ra2,0.001,0.09165454545454546,12.510609840213874,164.47860200036584,283.03791029016656
SCCD_k10_nc5_rf1_ra2,0.001,0.09934848484848488,8.065568267343453,242.2700219309828,358.1759533734743
FCCD_k3_nc7_rf1_ra2,0.001,0.0123,9.264858630015688,1.2921106238397269,1.793168557258996
FCCD_k4_nc7_rf1_ra2,0.001,0.01966666666666667,14.167073266281117,1.4222189521052984,3.081874354050274
FCCD_k5_nc7_rf1_ra2,0.001,0.03519047619047619,23.439808839291977,1.511814833861329,4.487508623352523
FCCD_k6_nc7_rf1_ra2,0.001,0.03482142857142857,23.938575768786414,1.9305111320847972,6.359999384107791
FCCD_k7_nc7_rf1_ra2,0.001,0.03452777777777778,14.624760849282985,89.13056340949663,444.20845363026734
FCCD_k8_nc7_rf1_ra2,0.001,0.03428888888888889,8.265828074924691,235.8196509395184,568.6484759320429
FCCD_k9_nc7_rf1_ra2,0.001,0.034090909090909095,4.64530579920495,442.71362334625803,779.7037460634474
FCCD_k10_nc7_rf1_ra2,0.001,0.033924242424242426,2.6733237500226057,710.3177282812852,925.735073351196
RCCD_k3_nc7_rf1_ra2,0.001,0.02289411254969543,16.51763632757897,0.8018576411761298,0.5754223514175166
RCCD_k4_nc7_rf1_ra2,0.001,0.03886666666666667,27.663152369935162,0.7309154550556017,0.5239461391884673
RCCD_k5_nc7_rf1_ra2,0.001,0.06914938499951656,49.04066701619934,0.6001532973792988,0.41951185015176695
RCCD_k6_nc7_rf1_ra2,0.001,0.0948214285714286,56.453072865234496,0.7187920150352521,0.5592508487879957
RCCD_k7_nc7_rf1_ra2,0.001,0.14132732883254367,43.09380602982137,21.94797759343405,107.06372768711526
RCCD_k8_nc7_rf1_ra2,0.001,0.2262888888888889,33.20595763402884,36.027633075872835,90.049628118348
RCCD_k9_nc7_rf1_ra2,0.001,0.3827197638532163,27.948520890545204,39.770286890857385,66.55917039725566
RCCD_k10_nc7_rf1_ra2,0.001,0.6727121212121215,26.414256628842395,36.10327919380686,46.4795944367432
SCCD_k3_nc7_rf1_ra2,0.001,0.024300000000000002,17.2048744143314,0.785420696044203,0.5695881114943598
SCCD_k4_nc7_rf1_ra2,0.001,0.03886666666666667,27.663152369935162,0.7309154550556017,0.5229592018630158
SCCD_k5_nc7_rf1_ra2,0.001,0.06185714285714287,45.951607242686926,0.6213736306569027,0.42073152752272186
SCCD_k6_nc7_rf1_ra2,0.001,0.06910714285714287,48.708764696381685,0.7771910724866923,0.5745369208527094
SCCD_k7_nc7_rf1_ra2,0.001,0.07652777777777779,32.32558638846386,40.026644741874655,177.2607919592631
SCCD_k8_nc7_rf1_ra2,0.001,0.08406666666666669,20.13193735391811,95.984479224395,233.89128475824697
SCCD_k9_nc7_rf1_ra2,0.001,0.09169090909090909,12.587439394756395,164.3523650242837,300.50401602080376
SCCD_k10_nc7_rf1_ra2,0.001,0.0993787878787879,8.106940509553162,242.1357935688723,323.1580325940269
FCCD_k3_nc10_rf1_ra2,0.001,0.0126,9.480954683770515,1.2645423138944352,1.8230978599175003
FCCD_k4_nc10_rf1_ra2,0.001,0.019866666666666668,14.335467276159632,1.4080889461584596,3.0050125319312952
FCCD_k5_nc10_rf1_ra2,0.001,0.035333333333333335,23.600080668367145,1.503318573382952,4.550769116299224
FCCD_k6_nc10_rf1_ra2,0.001,0.034928571428571434,24.04223803275436,1.9246221406080162,6.681519062577724
FCCD_k7_nc10_rf1_ra2,0.001,0.03461111111111111,14.67027276443677,88.91705963394836,442.94309649393864
FCCD_k8_nc10_rf1_ra2,0.001,0.034355555555555556,8.2856196879309,235.36363132343197,599.9546910735304
FCCD_k9_nc10_rf1_ra2,0.001,0.03414545454545455,4.654280431718385,442.00816909658283,793.9974945686816
FCCD_k10_nc10_rf1_ra2,0.001,0.03396969696969697,2.6776330443282097,709.3690047458149,967.3533478554517
RCCD_k3_nc10_rf1_ra2,0.001,0.023194112549695427,17.11430191464192,0.7443669689199167,0.5824588135999524
RCCD_k4_nc10_rf1_ra2,0.001,0.03906666666666667,28.325166082671466,0.6779681148694946,0.5214445713854772
RCCD_k5_nc10_rf1_ra2,0.001,0.0692922421423737,49.85397556939242,0.5527817507094891,0.41636370411450974
RCCD_k6_nc10_rf1_ra2,0.001,0.09492857142857146,57.08207365650216,0.6825042774962419,0.5594502489501325
RCCD_k7_nc10_rf1_ra2,0.001,0.141410662165877,43.40077053361445,21.912233863524136,90.25622205680888
RCCD_k8_nc10_rf1_ra2,0.001,0.22635555555555556,33.35479464204758,36.00340085269458,87.18604295529076
RCCD_k9_nc10_rf1_ra2,0.001,0.3827743093077618,28.029855882119616,39.756193099018134,72.00690154556676
RCCD_k10_nc10_rf1_ra2,0.001,0.672757575757576,26.46676619857231,36.095203007444745,47.527695844292175
SCCD_k3_nc10_rf1_ra2,0.001,0.0246,17.82752831042283,0.7287138383387668,0.5718782583545279
SCCD_k4_nc10_rf1_ra2,0.001,0.03906666666666667,28.325166082671466,0.6779681148694946,0.5242333409158693
SCCD_k5_nc10_rf1_ra2,0.001,0.06200000000000001,46.73190411000949,0.570859855754653,0.4192451922596124
SCCD_k6_nc10_rf1_ra2,0.001,0.06921428571428571,49.32731372534403,0.7281553683865961,0.5773938281770572
SCCD_k7_nc10_rf1_ra2,0.001,0.07661111111111113,32.64710463891921,39.93604744976719,201.44340662669796
SCCD_k8_nc10_rf1_ra2,0.001,0.08413333333333335,20.293215396311652,95.86194698551873,221.47443503803746
SCCD_k9_nc10_rf1_ra2,0.001,0.09174545454545455,12.670404594824255,164.20864140139466,274.802847389332
SCCD_k10_nc10_rf1_ra2,0.001,0.09942424242424246,8.151658063977855,241.9794693121179,330.72674177745563
FCCD_k3_nc1_rf2_ra2,0.001,0.0197,13.235850649172235,1.0964298636607246,1.6577538848785933
FCCD_k4_nc1_rf2_ra2,0.001,0.03526666666666667,22.178616880495277,1.1820641759025063,2.7346835478482254
FCCD_k5_nc1_rf2_ra2,0.001,0.0669047619047619,38.59087255850701,1.3050875214390498,4.663388519906487
FCCD_k6_nc1_rf2_ra2,0.001,0.06660714285714286,40.39446370352701,1.6217696543141067,6.255916508950005
FCCD_k7_nc1_rf2_ra2,0.001,0.06636111111111112,25.055032378927372,47.099293859587355,234.02461799018266
FCCD_k8_nc1_rf2_ra2,0.001,0.06615555555555555,14.324655045729594,123.0679429591271,293.84736547775657
FCCD_k9_nc1_rf2_ra2,0.001,0.06598181818181818,8.125689761464992,229.6976469280881,391.63925037359957
FCCD_k10_nc1_rf2_ra2,0.001,0.06583333333333333,4.713266416516211,367.11169927036644,492.16705120769655
RCCD_k3_nc1_rf2_ra2,0.001,0.030294112549695437,19.35042778824065,1.639549616941721,0.9363556010806741
RCCD_k4_nc1_rf2_ra2,0.001,0.05446666666666667,36.835183791648426,1.492654435903811,0.919325755097894
RCCD_k5_nc1_rf2_ra2,0.001,0.10086367071380227,71.78384309986129,1.115807261145028,0.677303412175203
RCCD_k6_nc1_rf2_ra2,0.001,0.1266071428571429,86.87825807495373,0.7310698818425727,0.3409375353077227
RCCD_k7_nc1_rf2_ra2,0.001,0.173160662165877,65.77729596218308,17.836134067396042,80.02131806858463
RCCD_k8_nc1_rf2_ra2,0.001,0.2581555555555556,48.68179891074642,31.40162766541717,76.33680346665875
RCCD_k9_nc1_rf2_ra2,0.001,0.41461067294412546,38.76029703152716,36.51520017208994,65.91726338540651
RCCD_k10_nc1_rf2_ra2,0.001,0.7046212121212123,34.541479649878916,34.31012675315763,46.06191045810885
SCCD_k3_nc1_rf2_ra2,0.001,0.0317,20.015557377128022,1.6405846811546256,0.9527035147965203
SCCD_k4_nc1_rf2_ra2,0.001,0.05446666666666667,36.835183791648426,1.492654435903811,0.8992451676768062
SCCD_k5_nc1_rf2_ra2,0.001,0.09357142857142858,67.11450497554236,1.3366059347623889,0.8852143029414502
SCCD_k6_nc1_rf2_ra2,0.001,0.10089285714285715,73.99228648149506,1.38244977863561,0.7630368920860405
SCCD_k7_nc1_rf2_ra2,0.001,0.10836111111111113,49.15301502089933,29.06763075986775,145.47071487638812
SCCD_k8_nc1_rf2_ra2,0.001,0.11593333333333336,30.189464449944094,70.36700641982895,166.1651847868116
SCCD_k9_nc1_rf2_ra2,0.001,0.12358181818181818,18.454907670714213,122.69201923871162,209.7939322911896
SCCD_k10_nc1_rf2_ra2,0.001,0.13128787878787881,11.564805432118758,184.0442534413223,239.14849320381165
FCCD_k3_nc3_rf2_ra2,0.001,0.019899999999999998,13.625206223454835,1.0353907240980922,1.697714815994165
FCCD_k4_nc3_rf2_ra2,0.001,0.0354,22.455851965645564,1.1594853353495,2.7710336175266006
FCCD_k5_nc3_rf2_ra2,0.001,0.067,38.84191780575806,1.2937546184317577,4.539855498897396
FCCD_k6_nc3_rf2_ra2,0.001,0.06667857142857143,40.55042488665361,1.6148620561882154,6.69859390760419
FCCD_k7_nc3_rf2_ra2,0.001,0.06641666666666668,25.11893208685565,47.05685959318327,195.19596938664262
FCCD_k8_nc3_rf2_ra2,0.001,0.06620000000000001,14.3505594271483,122.98346094612326,297.84859158760395
FCCD_k9_nc3_rf2_ra2,0.001,0.06601818181818182,8.136678981640202,229.56996306152777,401.99637025613595
FCCD_k10_nc3_rf2_ra2,0.001,0.06586363636363636,4.718231911440368,366.9420603921331,522.9125196168594
RCCD_k3_nc3_rf2_ra2,0.001,0.030494112549695435,21.50902775856354,0.8121078763223233,0.3345913707903686
RCCD_k4_nc3_rf2_ra2,0.001,0.0546,39.519962850518624,0.7298137164325984,0.32244242549879354
RCCD_k5_nc3_rf2_ra2,0.001,0.10095890880904036,74.9335244364361,0.5996769004858072,0.2822564996846922
RCCD_k6_nc3_rf2_ra2,0.001,0.12667857142857147,88.5939153714364,0.5566629952543338,0.3001583574805031
RCCD_k7_nc3_rf2_ra2,0.001,0.17321621772143259,66.29552095914353,17.78707011920464,79.50177211750483
RCCD_k8_nc3_rf2_ra2,0.001,0.2582,48.85115204752593,31.383607954075146,76.48845529187656
RCCD_k9_nc3_rf2_ra2,0.001,0.41464703658048907,38.82995236008576,36.5071296609705,61.56013323514141
RCCD_k10_nc3_rf2_ra2,0.001,0.7046515151515154,34.57830337361447,34.30622138354818,47.506901215864474
SCCD_k3_nc3_rf2_ra2,0.001,0.0319,22.279045838727278,0.7997031742103757,0.3286220536676879
SCCD_k4_nc3_rf2_ra2,0.001,0.0546,39.519962850518624,0.7298137164325984,0.3221687463404705
SCCD_k5_nc3_rf2_ra2,0.001,0.09366666666666668,70.48503235647465,0.6433485767341273,0.2944058180287529
SCCD_k6_nc3_rf2_ra2,0.001,0.10096428571428571,76.75350738276887,0.7128774207571794,0.31218866658089195
SCCD_k7_nc3_rf2_ra2,0.001,0.10841666666666669,50.57106606924948,28.402391262967598,135.30566451318737
SCCD_k8_nc3_rf2_ra2,0.001,0.1159777777777778,30.882722694033124,69.70475149676807,173.8351843709212
SCCD_k9_nc3_rf2_ra2,0.001,0.12361818181818182,18.800060828843808,122.0335244651714,214.76989919119254
SCCD_k10_nc3_rf2_ra2,0.001,0.13131818181818183,11.744262675290193,183.39071651504872,246.16585601176007
FCCD_k3_nc5_rf2_ra2,0.001,0.020100000000000003,13.934627839538267,0.9988767916932364,1.6806393969037838
FCCD_k4_nc5_rf2_ra2,0.001,0.03553333333333333,22.69220189927537,1.143456823851125,3.0149671135292357
FCCD_k5_nc5_rf2_ra2,0.001,0.0670952380952381,39.064238695916956,1.2849742535215605,4.353486647750872
FCCD_k6_nc5_rf2_ra2,0.001,0.06675,40.691731803975706,1.6092311758162667,6.485600636936926
FCCD_k7_nc5_rf2_ra2,0.001,0.06647222222222222,25.177893634786223,47.015210976499766,218.97977920252853
FCCD_k8_nc5_rf2_ra2,0.001,0.06624444444444444,14.374800991666227,122.89953389666077,300.5870427459448
FCCD_k9_nc5_rf2_ra2,0.001,0.06605454545454545,8.147077176566324,229.44271080020079,380.2838916833934
FCCD_k10_nc5_rf2_ra2,0.001,0.0658939393939394,4.722971813499893,366.7727790702702,495.94694127224227
RCCD_k3_nc5_rf2_ra2,0.001,0.030694112549695434,22.617410371714787,0.6382133317476332,0.3344731797307957
RCCD_k4_nc5_rf2_ra2,0.001,0.054733333333333335,40.864848326627175,0.5690574811028392,0.29120142504726665
RCCD_k5_nc5_rf2_ra2,0.001,0.10105414690427846,76.61623720137243,0.4682742120954166,0.22505119598947712
RCCD_k6_nc5_rf2_ra2,0.001,0.12675000000000003,89.71412473565316,0.48570647608413636,0.2996603847858299
RCCD_k7_nc5_rf2_ra2,0.001,0.17327177327698812,66.70267221707796,17.75515398584354,78.49897831018902
RCCD_k8_nc5_rf2_ra2,0.001,0.2582444444444445,48.998438049694634,31.368773570989024,84.57547342441127
RCCD_k9_nc5_rf2_ra2,0.001,0.41468340021685274,38.89361210859846,36.49989175505061,64.6532345890167
RCCD_k10_nc5_rf2_ra2,0.001,0.7046818181818184,34.61281105689265,34.30262237835179,48.241128662963746
SCCD_k3_nc5_rf2_ra2,0.001,0.032100000000000004,23.433836192816877,0.6259041215161203,0.32856389910873834
SCCD_k4_nc5_rf2_ra2,0.001,0.054733333333333335,40.864848326627175,0.5690574811028392,0.29128443760854483
SCCD_k5_nc5_rf2_ra2,0.001,0.09376190476190477,72.17074527173041,0.49252271981386625,0.2629476404873484
SCCD_k6_nc5_rf2_ra2,0.001,0.1010357142857143,78.12424746362898,0.5666475386310573,0.3127327377250191
SCCD_k7_nc5_rf2_ra2,0.001,0.10847222222222223,51.27321889730851,28.245423621752366,119.37311673153626
SCCD_k8_nc5_rf2_ra2,0.001,0.11602222222222225,31.22576851806839,69.53823768649458,165.62314529198736
SCCD_k9_nc5_rf2_ra2,0.001,0.12365454545454546,18.970918613035735,121.85996819317826,222.03612719685952
SCCD_k10_nc5_rf2_ra2,0.001,0.13134848484848488,11.833183557776351,183.2125534869076,251.9006139507388
FCCD_k3_nc7_rf2_ra2,0.001,0.020300000000000002,14.192431043223456,0.9745748334262782,1.6573573467628109
FCCD_k4_nc7_rf2_ra2,0.001,0.035666666666666666,22.898478376874372,1.1314867883664737,2.981074182329426
FCCD_k5_nc7_rf2_ra2,0.001,0.06719047619047619,39.26386137419923,1.2779699035693783,4.540166734765074
FCCD_k6_nc7_rf2_ra2,0.001,0.06682142857142857,40.82094464366445,1.604552052110663,6.677411171596194
FCCD_k7_nc7_rf2_ra2,0.001,0.06652777777777777,25.232655066882927,46.97419003011638,236.7264464061495
FCCD_k8_nc7_rf2_ra2,0.001,0.0662888888888889,14.39759668178789,122.81607632268938,306.22158573053383
FCCD_k9_nc7_rf2_ra2,0.001,0.06609090909090909,8.156952724550377,229.31584002073154,417.51065211475975
FCCD_k10_nc7_rf2_ra2,0.001,0.06592424242424243,4.727509559779604,366.60382403343453,509.033355016014
RCCD_k3_nc7_rf2_ra2,0.001,0.030894112549695433,23.383046954781395,0.5627807579153369,0.33442441088162095
RCCD_k4_nc7_rf2_ra2,0.001,0.05486666666666667,41.78128703016895,0.4992776697479856,0.2912934049211669
RCCD_k5_nc7_rf2_ra2,0.001,0.10114938499951656,77.78083294912308,0.40822588449814007,0.2249640441553826
RCCD_k6_nc7_rf2_ra2,0.001,0.1268214285714286,90.55025994108775,0.44721088022268524,0.29918744425473315
RCCD_k7_nc7_rf2_ra2,0.001,0.17332732883254368,67.03855209140823,17.731919942274367,85.9972961463397
RCCD_k8_nc7_rf2_ra2,0.001,0.2582888888888889,49.1288383410068,31.356059735728888,75.34208772265134
RCCD_k9_nc7_rf2_ra2,0.001,0.4147197638532163,38.95224709450557,36.49329102202358,60.939943114010276
RCCD_k10_nc7_rf2_ra2,0.001,0.7047121212121215,34.645282779244894,34.29927550075548,44.61981366201095
SCCD_k3_nc7_rf2_ra2,0.001,0.032299999999999995,24.230118904750558,0.5508227991237774,0.32693916061281175
SCCD_k4_nc7_rf2_ra2,0.001,0.05486666666666667,41.78128703016895,0.4992776697479856,0.29123875412167627
SCCD_k5_nc7_rf2_ra2,0.001,0.09385714285714286,73.31453160756281,0.42652301377144697,0.2634475356361403
SCCD_k6_nc7_rf2_ra2,0.001,0.10110714285714287,79.05017933518175,0.5025961131349781,0.3109276025381395
SCCD_k7_nc7_rf2_ra2,0.001,0.10852777777777779,51.746967020630414,28.16864972871287,140.39595532448033
SCCD_k8_nc7_rf2_ra2,0.001,0.11606666666666669,31.45718195660974,69.45033165050943,167.84319376995344
SCCD_k9_nc7_rf2_ra2,0.001,0.12369090909090909,19.086207238119805,121.76370188253476,215.0246332862958
SCCD_k10_nc7_rf2_ra2,0.001,0.1313787878787879,11.893212125210379,183.11055262161213,244.95259857625115
FCCD_k3_nc10_rf2_ra2,0.001,0.0206,14.514255573634955,0.9502986063491465,1.6300980173912745
FCCD_k4_nc10_rf2_ra2,0.001,0.035866666666666665,23.166169564865267,1.1183038028574608,2.934214707539633
FCCD_k5_nc10_rf2_ra2,0.001,0.06733333333333333,39.52982117291767,1.2697675574560028,4.6295992497012515
FCCD_k6_nc10_rf2_ra2,0.001,0.06692857142857143,40.99620883076167,1.598847816424444,6.480020493650688
FCCD_k7_nc10_rf2_ra2,0.001,0.06661111111111112,25.308166259537646,46.913591901076884,217.454165679037
FCCD_k8_nc10_rf2_ra2,0.001,0.06635555555555556,14.429457686085385,122.69163204649169,297.91742259843386
FCCD_k9_nc10_rf2_ra2,0.001,0.06614545454545455,8.170908565441868,229.12616511934107,396.0019402977631
FCCD_k10_nc10_rf2_ra2,0.001,0.06596969696969697,4.7339800056355505,366.35094932163383,474.4101490441389
RCCD_k3_nc10_rf2_ra2,0.001,0.031194112549695435,24.225759829036313,0.5058422806933616,0.3342962320100474
RCCD_k4_nc10_rf2_ra2,0.001,0.055066666666666673,42.77862327526801,0.4465885596136713,0.29132047230361374
RCCD_k5_nc10_rf2_ra2,0.001,0.1012922421423737,79.0567321811832,0.3615985015854214,0.22497336785263924
RCCD_k6_nc10_rf2_ra2,0.001,0.12692857142857147,91.50938310202606,0.41405236717367716,0.2975957245716871
RCCD_k7_nc10_rf2_ra2,0.001,0.173410662165877,67.45347312263071,17.705829669183938,87.90480605131128
RCCD_k8_nc10_rf2_ra2,0.001,0.25835555555555556,49.300239824299254,31.339636947314393,77.35503285264612
RCCD_k9_nc10_rf2_ra2,0.001,0.41477430930776177,39.03237900866459,36.48429190365704,61.702343889102835
RCCD_k10_nc10_rf2_ra2,0.001,0.704757575757576,34.69067005401317,34.29463823520937,46.374725350077796
SCCD_k3_nc10_rf2_ra2,0.001,0.032600000000000004,25.10570650686811,0.4942730344863854,0.32723173205631895
SCCD_k4_nc10_rf2_ra2,0.001,0.055066666666666673,42.77862327526801,0.4465885596136713,0.2912614816392436
SCCD_k5_nc10_rf2_ra2,0.001,0.09400000000000001,74.55366298853073,0.3764736714212525,0.26705720684376927
SCCD_k6_nc10_rf2_ra2,0.001,0.10121428571428571,80.04948179556173,0.45399865489460245,0.3117106650514133
SCCD_k7_nc10_rf2_ra2,0.001,0.10861111111111113,52.25800405599345,28.0999037789742,117.33955185798632
SCCD_k8_nc10_rf2_ra2,0.001,0.11613333333333335,31.70688356391593,69.36404363649424,179.45438298169157
SCCD_k9_nc10_rf2_ra2,0.001,0.12374545454545455,19.210678408195875,121.66417897731141,215.623063446416
SCCD_k10_nc10_rf2_ra2,0.001,0.13142424242424247,11.958063572608948,183.00184055368968,253.7669021765688
FCCD_k3_nc1_rf3_ra2,0.001,0.0277,17.221528475060673,0.9725653067949882,1.6219139660015884
FCCD_k4_nc1_rf3_ra2,0.001,0.05126666666666667,29.584403605572664,1.0769938104077625,2.9893641248536764
FCCD_k5_nc1_rf3_ra2,0.001,0.0989047619047619,52.39601243519461,1.219779885907534,4.8390626357532645
FCCD_k6_nc1_rf3_ra2,0.001,0.09860714285714287,55.39507899003466,1.5043724644553538,6.9082480394063595
FCCD_k7_nc1_rf3_ra2,0.001,0.09836111111111112,34.611981712257446,32.26045321847538,147.1886894932464
FCCD_k8_nc1_rf3_ra2,0.001,0.09815555555555555,19.908535150562226,83.50707398868023,193.56496356769043
FCCD_k9_nc1_rf3_ra2,0.001,0.09798181818181818,11.351180547182075,155.3192372512062,259.8924160855129
FCCD_k10_nc1_rf3_ra2,0.001,0.09783333333333333,6.613444069911802,247.75176764038622,333.01650513258215
RCCD_k3_nc1_rf3_ra2,0.001,0.03829411254969543,24.262686004200535,1.5291525623175186,0.9252687351728753
RCCD_k4_nc1_rf3_ra2,0.001,0.07046666666666666,47.73749916234528,1.3866643924629236,0.8837890546742406
RCCD_k5_nc1_rf3_ra2,0.001,0.13286367071380226,95.41812018259348,1.0109581677711141,0.660952962205129
RCCD_k6_nc1_rf3_ra2,0.001,0.1586071428571429,116.28929555296983,0.6007523767789043,0.3024743966052319
RCCD_k7_nc1_rf3_ra2,0.001,0.205160662165877,86.76860764063935,15.007700056080504,74.35097182916054
RCCD_k8_nc1_rf3_ra2,0.001,0.29015555555555556,62.432756399150854,27.869207935841757,70.96470788909542
RCCD_k9_nc1_rf3_ra2,0.001,0.44661067294412543,47.933746687164515,33.82654686851159,56.91358566282333
RCCD_k10_nc1_rf3_ra2,0.001,0.7366212121212123,41.099461228553956,32.760412160529874,43.15641386417533
SCCD_k3_nc1_rf3_ra2,0.001,0.039700000000000006,25.018860209302247,1.5388622145351334,0.9436728245698658
SCCD_k4_nc1_rf3_ra2,0.001,0.07046666666666666,47.73749916234528,1.3866643924629236,0.913259170519897
SCCD_k5_nc1_rf3_ra2,0.001,0.12557142857142858,89.41566056791473,1.231547152729203,0.8629937840438657
SCCD_k6_nc1_rf3_ra2,0.001,0.13289285714285715,99.46588361081858,1.2520724264571998,0.7526891856998051
SCCD_k7_nc1_rf3_ra2,0.001,0.14036111111111113,65.78335420344168,22.618041226525158,96.54027926803906
SCCD_k8_nc1_rf3_ra2,0.001,0.14793333333333336,40.011924691847426,55.30350737699325,135.28420076178932
SCCD_k9_nc1_rf3_ra2,0.001,0.15558181818181818,24.140901215642906,97.60148960326138,180.35060005878705
SCCD_k10_nc1_rf3_ra2,0.001,0.16328787878787882,14.900761614510829,148.1149945022289,197.03208599456266
FCCD_k3_nc3_rf3_ra2,0.001,0.027899999999999998,17.717805759004897,0.9154466771856795,1.6265441576588553
FCCD_k4_nc3_rf3_ra2,0.001,0.0514,29.950439083112663,1.0551410592592536,2.879826798352992
FCCD_k5_nc3_rf3_ra2,0.001,0.099,52.73474782136308,1.2086483071317766,4.350763733585704
FCCD_k6_nc3_rf3_ra2,0.001,0.09867857142857143,55.607858100089096,1.4975690389253804,6.5657695201282085
FCCD_k7_nc3_rf3_ra2,0.001,0.09841666666666668,34.69909202256558,32.23867707816533,140.1819140956961
FCCD_k8_nc3_rf3_ra2,0.001,0.09820000000000001,19.94363275565462,83.4669290144975,211.8945683633009
FCCD_k9_nc3_rf3_ra2,0.001,0.09801818181818182,11.365928114683326,155.26000375538567,266.935931473253
FCCD_k10_nc3_rf3_ra2,0.001,0.09786363636363636,6.620031381639192,247.67391423269476,339.3015702785307
RCCD_k3_nc3_rf3_ra2,0.001,0.03849411254969543,26.945831389167097,0.7187371040544098,0.32204213252466335
RCCD_k4_nc3_rf3_ra2,0.001,0.0706,51.175726726055665,0.6426920509633071,0.3188445035301955
RCCD_k5_nc3_rf3_ra2,0.001,0.13295890880904038,99.47631284962219,0.5259232286384575,0.28293332817405925
RCCD_k6_nc3_rf3_ra2,0.001,0.15867857142857147,118.41518491236911,0.45067844030996373,0.20846569641973098
RCCD_k7_nc3_rf3_ra2,0.001,0.2052162177214326,87.35903517688031,14.97103308096079,75.75808323391337
RCCD_k8_nc3_rf3_ra2,0.001,0.2902,62.60812142445051,27.856665879290343,70.03524748856833
RCCD_k9_nc3_rf3_ra2,0.001,0.44664703658048904,47.999565954802826,33.82095349844841,57.69220593180728
RCCD_k10_nc3_rf3_ra2,0.001,0.7366515151515154,41.131620343148626,32.75776471592095,42.5889153263641
SCCD_k3_nc3_rf3_ra2,0.001,0.0399,27.82950351763996,0.7094038677116518,0.3253637904534358
SCCD_k4_nc3_rf3_ra2,0.001,0.0706,51.175726726055665,0.6426920509633071,0.317670908081051
SCCD_k5_nc3_rf3_ra2,0.001,0.12566666666666668,93.80924649448141,0.5695896685939255,0.29845662260419364
SCCD_k6_nc3_rf3_ra2,0.001,0.13296428571428573,103.10051578812842,0.6118071057054002,0.2900634779775041
SCCD_k7_nc3_rf3_ra2,0.001,0.14041666666666666,67.64220474323432,21.986345423427437,103.94952571533176
SCCD_k8_nc3_rf3_ra2,0.001,0.1479777777777778,40.91202409226858,54.678081880245145,129.31022018216407
SCCD_k9_nc3_rf3_ra2,0.001,0.15561818181818182,24.583265402660032,96.98181674841302,168.0420859901228
SCCD_k10_nc3_rf3_ra2,0.001,0.16331818181818183,15.127342634432498,147.50117814847343,194.71277397777723
FCCD_k3_nc5_rf3_ra2,0.001,0.028100000000000003,18.113811491068525,0.8809595236503649,1.6116367389826909
FCCD_k4_nc5_rf3_ra2,0.001,0.051533333333333334,30.262953100182898,1.0395782172941435,2.8625255476473574
FCCD_k5_nc5_rf3_ra2,0.001,0.0990952380952381,53.03493372742731,1.2000111968716192,4.663944575605164
FCCD_k6_nc5_rf3_ra2,0.001,0.09875,55.80073431552388,1.492017647674333,6.1213281189636986
FCCD_k7_nc5_rf3_ra2,0.001,0.09847222222222222,34.77943426246126,32.217630656293586,147.6098399025301
FCCD_k8_nc5_rf3_ra2,0.001,0.09824444444444444,19.97643433343059,83.42725680157147,218.3237289605791
FCCD_k9_nc5_rf3_ra2,0.001,0.09805454545454545,11.379854469501467,155.2011021989778,282.5563494526687
FCCD_k10_nc5_rf3_ra2,0.001,0.0978939393939394,6.626303553611323,247.59630867950662,341.1442264876179
RCCD_k3_nc5_rf3_ra2,0.001,0.03869411254969543,28.32913518195606,0.5466231463002295,0.2949998234330727
RCCD_k4_nc5_rf3_ra2,0.001,0.07073333333333334,52.90819792719865,0.4836045722322874,0.25829170362375437
RCCD_k5_nc5_rf3_ra2,0.001,0.13305414690427847,101.67613923593554,0.3981510724610318,0.19888815513725705
RCCD_k6_nc5_rf3_ra2,0.001,0.15875000000000003,119.84020551751286,0.38602953815914676,0.20834688230091433
RCCD_k7_nc5_rf3_ra2,0.001,0.20527177327698812,87.83685488411788,14.945987076420483,84.4740169966699
RCCD_k8_nc5_rf3_ra2,0.001,0.29024444444444447,62.76458808702442,27.845874484601342,71.02386957601645
RCCD_k9_nc5_rf3_ra2,0.001,0.4466834002168527,48.06098994003617,33.81574237890603,61.44627633331658
RCCD_k10_nc5_rf3_ra2,0.001,0.7366818181818183,41.16228254436498,32.755240379164526,43.74549002492556
SCCD_k3_nc5_rf3_ra2,0.001,0.040100000000000004,29.26788030674068,0.5365782560354844,0.27532006384577473
SCCD_k4_nc5_rf3_ra2,0.001,0.07073333333333334,52.90819792719865,0.4836045722322874,0.25581341588908735
SCCD_k5_nc5_rf3_ra2,0.001,0.12576190476190477,96.03089160675393,0.4217124388947562,0.23966472426412752
SCCD_k6_nc5_rf3_ra2,0.001,0.13303571428571428,104.9243913472724,0.46835378667897287,0.2600131408403314
SCCD_k7_nc5_rf3_ra2,0.001,0.14047222222222222,68.57207979863101,21.837752677251252,89.86973942689437
SCCD_k8_nc5_rf3_ra2,0.001,0.14802222222222225,41.361779089708605,54.524316805081,137.70348485093496
SCCD_k9_nc5_rf3_ra2,0.001,0.15565454545454546,24.804299279345994,96.82390742656666,177.85927380222793
SCCD_k10_nc5_rf3_ra2,0.001,0.16334848484848488,15.240631185328796,147.34033769659607,204.16002157058043
FCCD_k3_nc7_rf3_ra2,0.001,0.028300000000000002,18.444600969589168,0.8578730423978007,1.5858414522167854
FCCD_k4_nc7_rf3_ra2,0.001,0.051666666666666666,30.53599345929253,1.0279289216172687,2.9062155655284143
FCCD_k5_nc7_rf3_ra2,0.001,0.09919047619047619,53.30461819282687,1.193113168170713,4.590249801868786
FCCD_k6_nc7_rf3_ra2,0.001,0.09882142857142857,55.977170247425725,1.4874008805303625,6.488060239104204
FCCD_k7_nc7_rf3_ra2,0.001,0.09852777777777777,34.85401627833447,32.1971592984664,130.97506424065176
FCCD_k8_nc7_rf3_ra2,0.001,0.0982888888888889,20.007238476474967,83.387973568822,205.36186598130632
FCCD_k9_nc7_rf3_ra2,0.001,0.09809090909090909,11.393054349218618,155.1424834451496,273.365219937595
FCCD_k10_nc7_rf3_ra2,0.001,0.09792424242424243,6.632293241303731,247.5189203335686,338.1573326764516
RCCD_k3_nc7_rf3_ra2,0.001,0.038894112549695437,29.285739183450357,0.4717673699071239,0.2944682595767403
RCCD_k4_nc7_rf3_ra2,0.001,0.07086666666666666,54.090668415359126,0.4142954096937798,0.26388804250581066
RCCD_k5_nc7_rf3_ra2,0.001,0.13314938499951653,103.20577733260508,0.3391607540202038,0.1988124678984769
RCCD_k6_nc7_rf3_ra2,0.001,0.1588214285714286,120.91703332577559,0.35002697606680416,0.20779382643455446
RCCD_k7_nc7_rf3_ra2,0.001,0.20532732883254368,88.23868402151172,14.927304822784201,65.464624302307
RCCD_k8_nc7_rf3_ra2,0.001,0.2902888888888889,62.90590502619858,27.836334468594238,73.16315511301325
RCCD_k9_nc7_rf3_ra2,0.001,0.4467197638532163,48.11858255385558,33.81084181233867,58.56470873203627
RCCD_k10_nc7_rf3_ra2,0.001,0.7367121212121215,41.191584549075856,32.752822570020186,42.80001135885596
SCCD_k3_nc7_rf3_ra2,0.001,0.040299999999999996,30.26053587759674,0.46176992968751457,0.27512046908779814
SCCD_k4_nc7_rf3_ra2,0.001,0.07086666666666666,54.090668415359126,0.4142954096937798,0.2592870782302337
SCCD_k5_nc7_rf3_ra2,0.001,0.12585714285714286,97.54304311604346,0.3565565206814397,0.2402795978087915
SCCD_k6_nc7_rf3_ra2,0.001,0.13310714285714287,106.16021031302238,0.4050980175839964,0.2560669904772749
SCCD_k7_nc7_rf3_ra2,0.001,0.14052777777777778,69.20115164200473,21.76745468836541,84.50898600410892
SCCD_k8_nc7_rf3_ra2,0.001,0.1480666666666667,41.66588124966684,54.447326746295275,129.21659096139263
SCCD_k9_nc7_rf3_ra2,0.001,0.1556909090909091,24.953750440178368,96.74151057974308,174.4046135735898
SCCD_k10_nc7_rf3_ra2,0.001,0.1633787878787879,15.317251237550327,147.25392885213526,201.05438889519732
FCCD_k3_nc10_rf3_ra2,0.001,0.0286,18.85839306063881,0.8347039843658902,1.621233931131779
FCCD_k4_nc10_rf3_ra2,0.001,0.051866666666666665,30.890667777312718,1.015072429010546,2.969974081224531
FCCD_k5_nc10_rf3_ra2,0.001,0.09933333333333333,53.66411102144645,1.185026376860077,4.46260260174333
FCCD_k6_nc10_rf3_ra2,0.001,0.09892857142857144,56.216580093407664,1.481768148799398,5.753321202595501
FCCD_k7_nc10_rf3_ra2,0.001,0.09861111111111112,34.95678970084437,32.1672918035023,142.23831000183387
FCCD_k8_nc10_rf3_ra2,0.001,0.09835555555555556,20.05022083989458,83.32964259326623,199.18197629435014
FCCD_k9_nc10_rf3_ra2,0.001,0.09814545454545455,11.411661832244429,155.05500323620143,247.6353483561213
FCCD_k10_nc10_rf3_ra2,0.001,0.09796969696969697,6.6408078755142315,247.40319225680057,341.89942868455455
RCCD_k3_nc10_rf3_ra2,0.001,0.03919411254969543,30.339275973437037,0.4151864773109682,0.2974476290935183
RCCD_k4_nc10_rf3_ra2,0.001,0.07106666666666667,55.37866710736065,0.36185972191679366,0.25729837022242796
RCCD_k5_nc10_rf3_ra2,0.001,0.1332922421423737,104.88615285700429,0.2930915926963996,0.19967732421567017
RCCD_k6_nc10_rf3_ra2,0.001,0.15892857142857147,122.16260432458098,0.31847383362234055,0.20768656905715285
RCCD_k7_nc10_rf3_ra2,0.001,0.205410662165877,88.74304846818183,14.906078543718943,71.47358962168242
RCCD_k8_nc10_rf3_ra2,0.001,0.29035555555555553,63.09525557391522,27.823687780307445,75.27150119894664
RCCD_k9_nc10_rf3_ra2,0.001,0.4467743093077618,48.19877543632965,33.80395679683863,62.02099727336212
RCCD_k10_nc10_rf3_ra2,0.001,0.7367575757575759,41.23324282966183,32.749366196919944,42.91826600097219
SCCD_k3_nc10_rf3_ra2,0.001,0.040600000000000004,31.352540518277852,0.40536770415608026,0.27289110798846106
SCCD_k4_nc10_rf3_ra2,0.001,0.07106666666666667,55.37866710736065,0.36185972191679366,0.2606016538256714
SCCD_k5_nc10_rf3_ra2,0.001,0.126,99.1840977670272,0.3069643652258705,0.22987085276178035
SCCD_k6_nc10_rf3_ra2,0.001,0.13321428571428573,107.49623684163106,0.3569319945213154,0.25192891628194125
SCCD_k7_nc10_rf3_ra2,0.001,0.1406111111111111,69.88058606788942,21.707679125445978,104.98899280661817
SCCD_k8_nc10_rf3_ra2,0.001,0.14813333333333337,41.99429554002729,54.37668942146242,138.47146269962374
SCCD_k9_nc10_rf3_ra2,0.001,0.15574545454545455,25.115193586107818,96.6620885728151,160.96012767452962
SCCD_k10_nc10_rf3_ra2,0.001,0.16342424242424247,15.400054588660142,147.167919927887,204.7488075297141
FCCD_k3_nc1_rf1_ra3,0.001,0.0135,10.132619383357667,1.1770233999038284,1.3110102542188404
FCCD_k4_nc1_rf1_ra3,0.001,0.02086666666666667,15.6311247430415,1.1730188173081821,2.134647217974817
FCCD_k5_nc1_rf1_ra3,0.001,0.036333333333333336,25.65301204361542,1.1768165347152466,3.260382630287282
FCCD_k6_nc1_rf1_ra3,0.001,0.03589285714285715,26.106688603837057,1.5076818654211486,4.631412874840027
FCCD_k7_nc1_rf1_ra3,0.001,0.035527777777777776,15.905334800743091,86.17685102759937,381.01092743047263
FCCD_k8_nc1_rf1_ra3,0.001,0.035222222222222224,8.963250040218185,229.04487492318404,623.941014770524
FCCD_k9_nc1_rf1_ra3,0.001,0.03496363636363636,5.022549201205123,431.05458373640613,738.7313576847799
FCCD_k10_nc1_rf1_ra3,0.001,0.03474242424242424,2.882230790829235,692.8973110373788,970.4796169705304
RCCD_k3_nc1_rf1_ra3,0.001,0.029391168824543137,16.419269659157543,1.833147902202227,0.9371937721155272
RCCD_k4_nc1_rf1_ra3,0.001,0.049666666666666665,28.493080619981583,1.687987760216011,0.9165059874017115
RCCD_k5_nc1_rf1_ra3,0.001,0.08727169654689387,51.61931555822674,1.2895515061366964,0.7216811154281625
RCCD_k6_nc1_rf1_ra3,0.001,0.1258928571428572,61.56685034990309,1.0075512290241773,0.5503223121182684
RCCD_k7_nc1_rf1_ra3,0.001,0.19572710435992666,49.19292302381296,16.1414532368523,75.48871495732628
RCCD_k8_nc1_rf1_ra3,0.001,0.32322222222222224,39.55152766220097,25.45110540941566,59.0870791654739
RCCD_k9_nc1_rf1_ra3,0.001,0.5579069185070973,34.638263392055165,27.465877737625494,45.546118942838866
RCCD_k10_nc1_rf1_ra3,0.001,0.9929242424242426,33.94760925993903,24.59280960046924,32.27198893795075
SCCD_k3_nc1_rf1_ra3,0.001,0.0315,17.125046245302403,1.817942515123667,0.9585175409306534
SCCD_k4_nc1_rf1_ra3,0.001,0.049666666666666665,28.493080619981583,1.687987760216011,0.916708520590243
SCCD_k5_nc1_rf1_ra3,0.001,0.07633333333333335,47.76474615978208,1.5213978037445577,0.8654707683211516
SCCD_k6_nc1_rf1_ra3,0.001,0.08732142857142858,51.45270574185241,1.6399252949807321,0.8291784740663629
SCCD_k7_nc1_rf1_ra3,0.001,0.09852777777777778,35.16250420948363,32.10632621052793,155.0692789415231
SCCD_k8_nc1_rf1_ra3,0.001,0.10988888888888891,22.577952971689214,74.43049929778867,175.01642651559956
SCCD_k9_nc1_rf1_ra3,0.001,0.12136363636363637,14.552176176745617,125.14081788050962,220.9616581814961
SCCD_k10_nc1_rf1_ra3,0.001,0.13292424242424247,9.651781685633482,181.95634718422863,242.69456230131289
FCCD_k3_nc3_rf1_ra3,0.001,0.0137,10.377514876509354,1.1297277215431816,1.3167992644118611
FCCD_k4_nc3_rf1_ra3,0.001,0.021,15.777213953385749,1.15943052662933,2.1949901195112727
FCCD_k5_nc3_rf1_ra3,0.001,0.03642857142857143,25.772396080881908,1.1708151175961432,3.21780190956553
FCCD_k6_nc3_rf1_ra3,0.001,0.03596428571428572,26.17786051677693,1.5041315094837657,4.5084431551321655
FCCD_k7_nc3_rf1_ra3,0.001,0.035583333333333335,15.935017067618395,86.04268988366869,401.829077092544
FCCD_k8_nc3_rf1_ra3,0.001,0.03526666666666667,8.97578485756225,228.75700461259706,593.7536667848682
FCCD_k9_nc3_rf1_ra3,0.001,0.035,5.028150083917395,430.60764512096574,736.3440921557985
FCCD_k10_nc3_rf1_ra3,0.001,0.034772727272727275,2.884904566191903,692.2943821026768,974.7715675146178
RCCD_k3_nc3_rf1_ra3,0.001,0.02959116882454314,18.256363677024183,0.9937791680062927,0.5248151840673151
RCCD_k4_nc3_rf1_ra3,0.001,0.0498,30.577378702286342,0.9193402487071463,0.48959498178318894
RCCD_k5_nc3_rf1_ra3,0.001,0.08736693464213197,53.91637318707024,0.763155769473502,0.3896096825777653
RCCD_k6_nc3_rf1_ra3,0.001,0.12596428571428575,62.88362365444556,0.8059254446706966,0.5419345852724682
RCCD_k7_nc3_rf1_ra3,0.001,0.19578265991548222,49.67147252253806,16.071740337966833,68.60008423211075
RCCD_k8_nc3_rf1_ra3,0.001,0.32326666666666665,39.74495585555865,25.422778458159378,61.848768510396035
RCCD_k9_nc3_rf1_ra3,0.001,0.5579432821434609,34.734761097609905,27.452289200106698,46.389581807082045
RCCD_k10_nc3_rf1_ra3,0.001,0.9929545454545458,34.00729623203014,24.585349699619893,33.132812557221776
SCCD_k3_nc3_rf1_ra3,0.001,0.0317,19.06204553141097,0.9767759708083505,0.5184065168553201
SCCD_k4_nc3_rf1_ra3,0.001,0.0498,30.577378702286342,0.9193402487071463,0.4880699802895324
SCCD_k5_nc3_rf1_ra3,0.001,0.07642857142857144,50.19247704164042,0.8102821450427595,0.4015897127723388
SCCD_k6_nc3_rf1_ra3,0.001,0.08739285714285715,53.39032827234712,0.9572684601812397,0.5520748311790452
SCCD_k7_nc3_rf1_ra3,0.001,0.09858333333333334,36.183580302226034,31.429167012601123,168.04347561153187
SCCD_k8_nc3_rf1_ra3,0.001,0.10993333333333336,23.098496987619804,73.76001791067684,180.89040565275053
SCCD_k9_nc3_rf1_ra3,0.001,0.12140000000000001,14.824735371764122,124.47916491938147,213.41425331720404
SCCD_k10_nc3_rf1_ra3,0.001,0.1329545454545455,9.801395745398787,181.3051533455889,234.42459770133905
FCCD_k3_nc5_rf1_ra3,0.001,0.013900000000000001,10.579430605508891,1.0989880821332902,1.298958205328052
FCCD_k4_nc5_rf1_ra3,0.001,0.021133333333333334,15.906550694364277,1.1489677283465198,2.1330761473786253
FCCD_k5_nc5_rf1_ra3,0.001,0.03652380952380953,25.881672773645125,1.165831029667594,3.216391688394434
FCCD_k6_nc5_rf1_ra3,0.001,0.03603571428571428,26.24417643309106,1.5010645676083365,4.417941400006313
FCCD_k7_nc5_rf1_ra3,0.001,0.03563888888888889,15.963128898539539,85.90920361420251,379.46130960311336
FCCD_k8_nc5_rf1_ra3,0.001,0.03531111111111111,8.987807310677193,228.47001344222787,540.1331845075649
FCCD_k9_nc5_rf1_ra3,0.001,0.035036363636363636,5.033573435414836,430.1617340480694,716.768929473458
FCCD_k10_nc5_rf1_ra3,0.001,0.03480303030303031,2.8875120085760164,691.6925711460669,921.3869831125942
RCCD_k3_nc5_rf1_ra3,0.001,0.02979116882454314,19.198394610864593,0.8180038612162783,0.525586735574593
RCCD_k4_nc5_rf1_ra3,0.001,0.04993333333333333,31.61962556158779,0.7580774805318327,0.4839326240826864
RCCD_k5_nc5_rf1_ra3,0.001,0.08746217273737007,55.13545842849653,0.6312222241882088,0.39019159955339017
RCCD_k6_nc5_rf1_ra3,0.001,0.12603571428571433,63.71912655881438,0.7288805466618133,0.5335733493789063
RCCD_k7_nc5_rf1_ra3,0.001,0.19583821547103775,50.029209261220714,16.031703002247014,75.951241633267
RCCD_k8_nc5_rf1_ra3,0.001,0.32331111111111116,39.90450253913235,25.402628507253,63.634779182393224
RCCD_k9_nc5_rf1_ra3,0.001,0.5579796457798245,34.81880807656022,27.441626574958725,46.03605346087818
RCCD_k10_nc5_rf1_ra3,0.001,0.9929848484848487,34.06094110666104,24.57920914175591,32.92126509150904
SCCD_k3_nc5_rf1_ra3,0.001,0.0319,20.050229794516753,0.8029478370112714,0.5192923929713934
SCCD_k4_nc5_rf1_ra3,0.001,0.04993333333333333,31.61962556158779,0.7580774805318327,0.4840485786229955
SCCD_k5_nc5_rf1_ra3,0.001,0.07652380952380954,51.39931130574394,0.6578308175760511,0.4050235809323936
SCCD_k6_nc5_rf1_ra3,0.001,0.08746428571428572,54.34772703402493,0.8098362264793133,0.5529284665913454
SCCD_k7_nc5_rf1_ra3,0.001,0.0986388888888889,36.687576777094726,31.268401576817126,151.87463908363026
SCCD_k8_nc5_rf1_ra3,0.001,0.1099777777777778,23.355609260710043,73.59002801047622,191.55610495410053
SCCD_k9_nc5_rf1_ra3,0.001,0.12143636363636363,14.95957222397343,124.30411853805299,212.88180759872304
SCCD_k10_nc5_rf1_ra3,0.001,0.1329848484848485,9.875563610798803,181.12814737061015,237.95554002728164
FCCD_k3_nc7_rf1_ra3,0.001,0.0141,10.75173636461065,1.0774029792903443,1.271700234294676
FCCD_k4_nc7_rf1_ra3,0.001,0.021266666666666666,16.022686494402862,1.1406623144762176,2.046960858327866
FCCD_k5_nc7_rf1_ra3,0.001,0.03661904761904762,25.98245588195132,1.1616253744199494,3.1204744556647053
FCCD_k6_nc7_rf1_ra3,0.001,0.03610714285714285,26.306267788174456,1.4983883286084085,4.579110053823463
FCCD_k7_nc7_rf1_ra3,0.001,0.035694444444444445,15.989842060330377,85.77634762132175,409.6596996076657
FCCD_k8_nc7_rf1_ra3,0.001,0.03535555555555556,8.999365680284065,228.18387653904693,556.8325409179351
FCCD_k9_nc7_rf1_ra3,0.001,0.03507272727272727,5.038833937259097,429.71683507014444,759.7949776332482
FCCD_k10_nc7_rf1_ra3,0.001,0.034833333333333334,2.8900580035115975,691.0918677982817,949.4722267480217
RCCD_k3_nc7_rf1_ra3,0.001,0.029991168824543137,19.84889725253454,0.7418194615744167,0.5271396883055592
RCCD_k4_nc7_rf1_ra3,0.001,0.05006666666666667,32.32950701462829,0.6881539858148459,0.4918087367155204
RCCD_k5_nc7_rf1_ra3,0.001,0.08755741083260815,55.97741930109526,0.5712075960951873,0.3972970759993149
RCCD_k6_nc7_rf1_ra3,0.001,0.1261071428571429,64.33483121021416,0.6882040981294765,0.5337630565389803
RCCD_k7_nc7_rf1_ra3,0.001,0.1958937710265933,50.315534166776146,16.00487300157071,78.48981731953062
RCCD_k8_nc7_rf1_ra3,0.001,0.32335555555555556,40.0404156765733,25.387199266312457,62.060601266111036
RCCD_k9_nc7_rf1_ra3,0.001,0.5580160094161881,34.893291089421425,27.43292439585608,45.76703993558038
RCCD_k10_nc7_rf1_ra3,0.001,0.9930151515151517,34.109669312980806,24.574034240844355,33.95378234596047
SCCD_k3_nc7_rf1_ra3,0.001,0.032100000000000004,20.731641991085695,0.7278537624539457,0.5089874754826288
SCCD_k4_nc7_rf1_ra3,0.001,0.05006666666666667,32.32950701462829,0.6881539858148459,0.487650364074579
SCCD_k5_nc7_rf1_ra3,0.001,0.07661904761904764,52.2167827259201,0.591369496271087,0.3991161773514231
SCCD_k6_nc7_rf1_ra3,0.001,0.0875357142857143,54.99360449470084,0.7454424074016996,0.5575421249887387
SCCD_k7_nc7_rf1_ra3,0.001,0.09869444444444446,37.02736537544247,31.18842801324766,152.0495063742478
SCCD_k8_nc7_rf1_ra3,0.001,0.11002222222222224,23.5289858557773,73.49899993635984,189.84369360000372
SCCD_k9_nc7_rf1_ra3,0.001,0.12147272727272727,15.050544519003422,124.20648758938036,208.72116043500247
SCCD_k10_nc7_rf1_ra3,0.001,0.13301515151515153,9.925637146153134,181.02721327018043,243.3374690892506
FCCD_k3_nc10_rf1_ra3,0.001,0.014400000000000001,10.971157740590538,1.0548730711267578,1.3113349211670289
FCCD_k4_nc10_rf1_ra3,0.001,0.021466666666666665,16.17746501857463,1.130983542966628,2.153198567311725
FCCD_k5_nc10_rf1_ra3,0.001,0.03676190476190476,26.12037377155173,1.1564186008493682,3.2844510707061185
FCCD_k6_nc10_rf1_ra3,0.001,0.03621428571428571,26.392585745707596,1.4949569696646967,4.460048553065962
FCCD_k7_nc10_rf1_ra3,0.001,0.035777777777777776,16.02760027643845,85.57816882901916,445.57133584856547
FCCD_k8_nc10_rf1_ra3,0.001,0.03542222222222222,9.015922844585424,227.75622805191531,557.439000391634
FCCD_k9_nc10_rf1_ra3,0.001,0.03512727272727273,5.046447198491952,429.05135529318994,733.5478192417203
FCCD_k10_nc10_rf1_ra3,0.001,0.03487878787878788,2.8937711969888715,690.1928694851216,895.5190505762956
RCCD_k3_nc10_rf1_ra3,0.001,0.03029116882454314,20.564768865884854,0.684335541739194,0.5339513648499358
RCCD_k4_nc10_rf1_ra3,0.001,0.05026666666666667,33.10186729464272,0.6353856719036928,0.4875505307885162
RCCD_k5_nc10_rf1_ra3,0.001,0.0877002679754653,56.898750242397426,0.5247248819544917,0.38955364690147176
RCCD_k6_nc10_rf1_ra3,0.001,0.12621428571428575,65.03515488879738,0.6537776384459729,0.5323409182938307
RCCD_k7_nc10_rf1_ra3,0.001,0.19597710435992666,50.66085207033703,15.976842804935368,70.6652494508757
RCCD_k8_nc10_rf1_ra3,0.001,0.3234222222222222,40.21290330008537,25.369303773248323,63.22777534731338
RCCD_k9_nc10_rf1_ra3,0.001,0.5580705548707336,34.991264665524206,27.422332353752328,48.708464858110894
RCCD_k10_nc10_rf1_ra3,0.001,0.9930606060606062,34.17531821261848,24.567583156579058,34.682864681770425
SCCD_k3_nc10_rf1_ra3,0.001,0.0324,21.480945870519896,0.671290715409056,0.5213679330712235
SCCD_k4_nc10_rf1_ra3,0.001,0.05026666666666667,33.10186729464272,0.6353856719036928,0.48991896333315044
SCCD_k5_nc10_rf1_ra3,0.001,0.07676190476190478,53.10157526825982,0.541070591013464,0.40260964718468406
SCCD_k6_nc10_rf1_ra3,0.001,0.08764285714285715,55.69016489546315,0.6966593806404914,0.554329258608177
SCCD_k7_nc10_rf1_ra3,0.001,0.09877777777777778,37.393783563906275,31.11511841564276,173.48745457779538
SCCD_k8_nc10_rf1_ra3,0.001,0.1100888888888889,23.716045954491477,73.40816985703438,180.08277060048002
SCCD_k9_nc10_rf1_ra3,0.001,0.12152727272727273,15.148761856516282,124.10496767810888,224.12181450873732
SCCD_k10_nc10_rf1_ra3,0.001,0.1330606060606061,9.979734202108594,180.9200654131797,260.494290695326
FCCD_k3_nc1_rf2_ra3,0.001,0.021500000000000002,15.294762385000755,0.8580320745638051,1.1871261542798948
FCCD_k4_nc1_rf2_ra3,0.001,0.036866666666666666,24.99874523415132,0.891622696710095,2.0231308286150194
FCCD_k5_nc1_rf2_ra3,0.001,0.06833333333333333,42.70078145569926,0.9514043206917006,2.9813756669713305
FCCD_k6_nc1_rf2_ra3,0.001,0.06789285714285714,44.262196503005754,1.192766354947024,4.160329922792288
FCCD_k7_nc1_rf2_ra3,0.001,0.06752777777777777,27.26681780020691,45.81168609886246,204.18375605650374
FCCD_k8_nc1_rf2_ra3,0.001,0.06722222222222222,15.501464491513373,120.56372210055409,287.7716061796522
FCCD_k9_nc1_rf2_ra3,0.001,0.06696363636363636,8.750985878463041,225.69953033700057,398.2508156216662
FCCD_k10_nc1_rf2_ra3,0.001,0.06674242424242426,5.054679934978617,361.4011337445195,488.6007895028797
RCCD_k3_nc1_rf2_ra3,0.001,0.037391168824543144,22.64801706071367,1.5832526377447347,0.9214342454064224
RCCD_k4_nc1_rf2_ra3,0.001,0.06566666666666668,42.094422261926496,1.4492013389065588,0.8944782487535701
RCCD_k5_nc1_rf2_ra3,0.001,0.11927169654689387,80.63284990878746,1.037321006633541,0.6512324006099623
RCCD_k6_nc1_rf2_ra3,0.001,0.15789285714285717,97.70675574031141,0.6564065914487753,0.3013852247749634
RCCD_k7_nc1_rf2_ra3,0.001,0.22772710435992669,75.51491085767276,13.644172537168684,64.49889657642991
RCCD_k8_nc1_rf2_ra3,0.001,0.3552222222222222,57.64390255386515,22.908425089265492,60.639394820628155
RCCD_k9_nc1_rf2_ra3,0.001,0.5899069185070973,47.596316123696354,25.745162160492544,46.4499441025693
RCCD_k10_nc1_rf2_ra3,0.001,1.0249242424242428,44.00864079832489,23.649463315328806,33.070190921665784
SCCD_k3_nc1_rf2_ra3,0.001,0.0395,23.48551958702261,1.5883667117578673,0.9399208366313071
SCCD_k4_nc1_rf2_ra3,0.001,0.06566666666666668,42.094422261926496,1.4492013389065588,0.9058574938407218
SCCD_k5_nc1_rf2_ra3,0.001,0.10833333333333334,74.93335687112912,1.2997608406172234,0.845853618673268
SCCD_k6_nc1_rf2_ra3,0.001,0.11932142857142858,82.198901477594,1.3427174186347182,0.8057378377131437
SCCD_k7_nc1_rf2_ra3,0.001,0.13052777777777777,55.161953092401674,24.32308994419864,110.87634334306786
SCCD_k8_nc1_rf2_ra3,0.001,0.14188888888888893,34.39884984063565,57.69763485316561,141.74637295402542
SCCD_k9_nc1_rf2_ra3,0.001,0.15336363636363637,21.411486342304972,99.07188419662555,162.44940063946183
SCCD_k10_nc1_rf2_ra3,0.001,0.16492424242424247,13.682009174920308,146.7079370385449,195.7466896679243
FCCD_k3_nc3_rf2_ra3,0.001,0.0217,15.634634839233998,0.8217525535196334,1.1692866930251828
FCCD_k4_nc3_rf2_ra3,0.001,0.037,25.223317329861334,0.8797219149819357,2.08573688580811
FCCD_k5_nc3_rf2_ra3,0.001,0.06842857142857144,42.895852296180884,0.945763275966185,2.9970218142726406
FCCD_k6_nc3_rf2_ra3,0.001,0.06796428571428571,44.38097273631986,1.1894029874069312,4.542951419097809
FCCD_k7_nc3_rf2_ra3,0.001,0.06758333333333333,27.315372157230552,45.77295026042438,190.60729691744592
FCCD_k8_nc3_rf2_ra3,0.001,0.06726666666666667,15.521267273536672,120.4835268379526,287.89054184334134
FCCD_k9_nc3_rf2_ra3,0.001,0.067,8.75947954658276,225.57679489476385,408.5031508764112
FCCD_k10_nc3_rf2_ra3,0.001,0.06677272727272726,5.058570207814488,361.23704888028107,468.9386572554475
RCCD_k3_nc3_rf2_ra3,0.001,0.03759116882454315,25.15058780698649,0.7694224162266725,0.322749061167673
RCCD_k4_nc3_rf2_ra3,0.001,0.0658,45.13702339774499,0.6996524556052903,0.3197509319403263
RCCD_k5_nc3_rf2_ra3,0.001,0.11936693464213197,84.00765299544236,0.5711198398792496,0.2759195766060089
RCCD_k6_nc3_rf2_ra3,0.001,0.15796428571428575,99.42527927345934,0.5193644407729173,0.28928460862469674
RCCD_k7_nc3_rf2_ra3,0.001,0.22778265991548222,76.03741636512342,13.607645664310573,69.89731270026475
RCCD_k8_nc3_rf2_ra3,0.001,0.3552666666666667,57.82402834162758,22.89540338028829,54.55738174586728
RCCD_k9_nc3_rf2_ra3,0.001,0.5899432821434609,47.67536999483793,25.739401125654346,44.435211387341575
RCCD_k10_nc3_rf2_ra3,0.001,1.0249545454545457,44.05297344369862,23.64657878270016,32.76301594340577
SCCD_k3_nc3_rf2_ra3,0.001,0.039700000000000006,26.124365517306387,0.758632469514017,0.3257705401093291
SCCD_k4_nc3_rf2_ra3,0.001,0.0658,45.13702339774499,0.6996524556052903,0.3212560599854464
SCCD_k5_nc3_rf2_ra3,0.001,0.10842857142857143,78.65861135151512,0.6212342315921882,0.30775178882898263
SCCD_k6_nc3_rf2_ra3,0.001,0.11939285714285715,85.22928553679401,0.6902818040144196,0.300313557763299
SCCD_k7_nc3_rf2_ra3,0.001,0.13058333333333336,56.730542987105515,23.681733772173395,99.86264343012449
SCCD_k8_nc3_rf2_ra3,0.001,0.14193333333333336,35.17565154746347,57.06590701844862,149.55648966942294
SCCD_k9_nc3_rf2_ra3,0.001,0.1534,21.804383105590176,98.44983376741614,169.37237199794862
SCCD_k10_nc3_rf2_ra3,0.001,0.1649545454545455,13.889847118527806,146.0958853241879,200.6099420184332
FCCD_k3_nc5_rf2_ra3,0.001,0.0219,15.918795148457882,0.7974198518299712,1.1575487064658372
FCCD_k4_nc5_rf2_ra3,0.001,0.03713333333333333,25.423008569875226,0.8704714463420303,2.037476293415154
FCCD_k5_nc5_rf2_ra3,0.001,0.06852380952380951,43.07467855611101,0.9410633895981888,2.917033357266139
FCCD_k6_nc5_rf2_ra3,0.001,0.0680357142857143,44.49175877846372,1.1864913169773792,4.0507792403150935
FCCD_k7_nc5_rf2_ra3,0.001,0.06763888888888889,27.361301878327232,45.734522881290374,196.0526251793716
FCCD_k8_nc5_rf2_ra3,0.001,0.06731111111111111,15.540203152094518,120.40358569370498,297.9785860896552
FCCD_k9_nc5_rf2_ra3,0.001,0.06703636363636363,8.767669735999474,225.454288786869,381.74185078863644
FCCD_k10_nc5_rf2_ra3,0.001,0.0668030303030303,5.062346068842906,361.07317868370666,487.61747016981957
RCCD_k3_nc5_rf2_ra3,0.001,0.03779116882454314,26.44130065207623,0.5964125320363288,0.30731196909629466
RCCD_k4_nc5_rf2_ra3,0.001,0.06593333333333334,46.66746703550451,0.5400678425580514,0.27302239327676037
RCCD_k5_nc5_rf2_ra3,0.001,0.11946217273737007,85.85060620370193,0.4461703116067168,0.213729278234749
RCCD_k6_nc5_rf2_ra3,0.001,0.1580357142857143,100.5918961408703,0.45869097226845884,0.29145672481243573
RCCD_k7_nc5_rf2_ra3,0.001,0.2278382154710378,76.458846269497,13.583100984788015,60.55994708953639
RCCD_k8_nc5_rf2_ra3,0.001,0.35531111111111113,57.98271517389066,22.884731895268494,53.349708625847626
RCCD_k9_nc5_rf2_ra3,0.001,0.5899796457798245,47.74805269580602,25.734307163347506,43.79961691880451
RCCD_k10_nc5_rf2_ra3,0.001,1.0249848484848487,44.094640787651926,23.643956550524067,31.106508865163057
SCCD_k3_nc5_rf2_ra3,0.001,0.0399,27.47473380795054,0.5857831315090142,0.3042949578098566
SCCD_k4_nc5_rf2_ra3,0.001,0.06593333333333334,46.66746703550451,0.5400678425580514,0.27588982555099706
SCCD_k5_nc5_rf2_ra3,0.001,0.10852380952380952,80.53129557139121,0.4717801419888333,0.21896174812047087
SCCD_k6_nc5_rf2_ra3,0.001,0.11946428571428572,86.74308710403756,0.5456612368390066,0.2985077157442589
SCCD_k7_nc5_rf2_ra3,0.001,0.1306388888888889,57.51277405959957,23.531014155583936,125.88561637899129
SCCD_k8_nc5_rf2_ra3,0.001,0.14197777777777779,35.56308728303321,56.910252856503575,152.21315644083782
SCCD_k9_nc5_rf2_ra3,0.001,0.15343636363636365,22.000572967211546,98.29109903475313,168.98019080068318
SCCD_k10_nc5_rf2_ra3,0.001,0.1649848484848485,13.993812729289079,145.93570524005494,200.53503665948122
FCCD_k3_nc7_rf2_ra3,0.001,0.0221,16.163598808166945,0.7799653484798063,1.174902362052225
FCCD_k4_nc7_rf2_ra3,0.001,0.03726666666666666,25.602932586899325,0.8630739251780799,2.0367390942230843
FCCD_k5_nc7_rf2_ra3,0.001,0.06861904761904762,43.23981422413395,0.937086881096662,2.999181459873361
FCCD_k6_nc7_rf2_ra3,0.001,0.06810714285714287,44.595579671877196,1.1839458363120503,4.386265942395329
FCCD_k7_nc7_rf2_ra3,0.001,0.06769444444444445,27.404890854366986,45.696364087611926,249.07021122188092
FCCD_k8_nc7_rf2_ra3,0.001,0.06735555555555556,15.558353095713496,120.32387768629475,291.46592458948857
FCCD_k9_nc7_rf2_ra3,0.001,0.06707272727272728,8.775581371730215,225.3319999405863,400.89203776798036
FCCD_k10_nc7_rf2_ra3,0.001,0.06683333333333333,5.066015900112029,360.90951571582553,482.37724280778974
RCCD_k3_nc7_rf2_ra3,0.001,0.03799116882454315,27.33397900603659,0.5211478714760174,0.30873918020635943
RCCD_k4_nc7_rf2_ra3,0.001,0.06606666666666666,47.71154363634924,0.470618152687455,0.2732314426038391
RCCD_k5_nc7_rf2_ra3,0.001,0.11955741083260815,87.13521992978828,0.3881764119962721,0.21351526720062483
RCCD_k6_nc7_rf2_ra3,0.001,0.1581071428571429,101.47888317475507,0.4244606400896396,0.29271085996714996
RCCD_k7_nc7_rf2_ra3,0.001,0.22789377102659333,76.81244976576698,13.565060594712094,66.9746084567966
RCCD_k8_nc7_rf2_ra3,0.001,0.35535555555555554,58.12460064715095,22.875682937727117,54.14771479241469
RCCD_k9_nc7_rf2_ra3,0.001,0.5900160094161881,47.81533211629379,25.729732915785405,44.76747282087891
RCCD_k10_nc7_rf2_ra3,0.001,1.0250151515151518,44.133950525526316,23.64155221230074,32.429182448471074
SCCD_k3_nc7_rf2_ra3,0.001,0.040100000000000004,28.406643140736797,0.510967574956006,0.29961771178780067
SCCD_k4_nc7_rf2_ra3,0.001,0.06606666666666666,47.71154363634924,0.470618152687455,0.27501500797805956
SCCD_k5_nc7_rf2_ra3,0.001,0.10861904761904763,81.80379119618564,0.4061719119952072,0.21704592789547536
SCCD_k6_nc7_rf2_ra3,0.001,0.1195357142857143,87.76747856734815,0.482069988756295,0.2983905216915609
SCCD_k7_nc7_rf2_ra3,0.001,0.13069444444444445,58.04152326894502,23.459165255187845,104.74297816160967
SCCD_k8_nc7_rf2_ra3,0.001,0.14202222222222224,35.82493315341167,56.831714534311566,152.9111893464774
SCCD_k9_nc7_rf2_ra3,0.001,0.15347272727272726,22.133206033669524,98.20799774218948,174.86318358238051
SCCD_k10_nc7_rf2_ra3,0.001,0.16501515151515153,14.064134895681326,145.8498697206365,197.28568642978232
FCCD_k3_nc10_rf2_ra3,0.001,0.0224,16.477899908511716,0.7614138607016929,1.1519022185054397
FCCD_k4_nc10_rf2_ra3,0.001,0.03746666666666667,25.843518321853026,0.8543919054943616,2.0193890659374287
FCCD_k5_nc10_rf2_ra3,0.001,0.06876190476190476,43.46609020114447,0.9321502637751247,3.0301354495447725
FCCD_k6_nc10_rf2_ra3,0.001,0.06821428571428571,44.74004583529883,1.1806756940831267,4.437836399574679
FCCD_k7_nc10_rf2_ra3,0.001,0.06777777777777777,27.466400596003183,45.63956157027903,206.83576072399543
FCCD_k8_nc10_rf2_ra3,0.001,0.06742222222222222,15.584255198907078,120.20471572636795,304.5422788923866
FCCD_k9_nc10_rf2_ra3,0.001,0.06712727272727273,8.786973890353705,225.1489520924374,396.3632004804289
FCCD_k10_nc10_rf2_ra3,0.001,0.06687878787878787,5.071338014047314,360.66439599258746,483.76643213069116
RCCD_k3_nc10_rf2_ra3,0.001,0.03829116882454314,28.317183207529897,0.4642495910225111,0.30709881750867335
RCCD_k4_nc10_rf2_ra3,0.001,0.06626666666666667,48.848500480191035,0.41810656396227686,0.27245023519257416
RCCD_k5_nc10_rf2_ra3,0.001,0.1197002679754653,88.54843531107004,0.3427497010129255,0.21347670686738654
RCCD_k6_nc10_rf2_ra3,0.001,0.15821428571428575,102.50922014301189,0.39419636968423105,0.28906864868880777
RCCD_k7_nc10_rf2_ra3,0.001,0.22797710435992669,77.25541698280733,13.544901813234057,65.45963466460502
RCCD_k8_nc10_rf2_ra3,0.001,0.35542222222222225,58.312842310866,22.864200274393973,57.896904274834796
RCCD_k9_nc10_rf2_ra3,0.001,0.5900705548707337,47.907745262006145,25.723619875738823,42.4086545837354
RCCD_k10_nc10_rf2_ra3,0.001,1.0250606060606062,44.189046083172855,23.638279863007362,32.53650139489194
SCCD_k3_nc10_rf2_ra3,0.001,0.0404,29.431823471212027,0.4545604990868387,0.3001630417442431
SCCD_k4_nc10_rf2_ra3,0.001,0.06626666666666667,48.848500480191035,0.41810656396227686,0.27357394994457507
SCCD_k5_nc10_rf2_ra3,0.001,0.10876190476190477,83.18347271757733,0.3563343777015968,0.21769545575732127
SCCD_k6_nc10_rf2_ra3,0.001,0.11964285714285715,88.87413738474285,0.4337217442517593,0.2974539491269888
SCCD_k7_nc10_rf2_ra3,0.001,0.13077777777777777,58.61237447063684,23.3972885266952,108.37999417071097
SCCD_k8_nc10_rf2_ra3,0.001,0.1420888888888889,36.10766089066865,56.7588888955713,146.9099179609472
SCCD_k9_nc10_rf2_ra3,0.001,0.15352727272727273,22.276474560795553,98.12756675760578,163.41818433446673
SCCD_k10_nc10_rf2_ra3,0.001,0.1650606060606061,14.140134546658809,145.76468636515827,193.8291961541945
FCCD_k3_nc1_rf3_ra3,0.001,0.029500000000000002,19.739599369975434,0.740551217321328,1.0955879219984608
FCCD_k4_nc1_rf3_ra3,0.001,0.052866666666666666,33.1909901231023,0.7911710151243159,1.9037323095349425
FCCD_k5_nc1_rf3_ra3,0.001,0.10033333333333333,57.81851234271069,0.8715365445982195,3.0008255521298186
FCCD_k6_nc1_rf3_ra3,0.001,0.09989285714285714,60.55022775264401,1.082050830635343,4.106296767881778
FCCD_k7_nc1_rf3_ra3,0.001,0.09952777777777777,37.56575895806064,31.404304689191505,127.76833456266837
FCCD_k8_nc1_rf3_ra3,0.001,0.09922222222222223,21.48023693639012,82.05472317715541,206.6556074669053
FCCD_k9_nc1_rf3_ra3,0.001,0.09896363636363636,12.185692796306972,153.14598254611576,274.0873008491702
FCCD_k10_nc1_rf3_ra3,0.001,0.09874242424242426,7.0686225360731205,244.760006529552,323.79860650688636
RCCD_k3_nc1_rf3_ra3,0.001,0.045391168824543145,27.955319624874587,1.4784507180860849,0.9027296914940672
RCCD_k4_nc1_rf3_ra3,0.001,0.08166666666666668,53.89167902677685,1.3490678385696648,0.8590055672939643
RCCD_k5_nc1_rf3_ra3,0.001,0.15127169654689387,106.2511226189111,0.9307746084387692,0.6130294628535929
RCCD_k6_nc1_rf3_ra3,0.001,0.18989285714285717,129.71588435596283,0.5255185500487615,0.24785700027756147
RCCD_k7_nc1_rf3_ra3,0.001,0.2597271043599267,98.51290979968225,11.898146738995917,61.15815603558238
RCCD_k8_nc1_rf3_ra3,0.001,0.38722222222222225,72.97638566513861,20.936704133500122,56.712309712466464
RCCD_k9_nc1_rf3_ra3,0.001,0.6219069185070973,58.12203078417842,24.344429634185342,41.55591492968906
RCCD_k10_nc1_rf3_ra3,0.001,1.0569242424242427,51.802641343102735,22.873874744972067,33.22314164384268
SCCD_k3_nc1_rf3_ra3,0.001,0.0475,28.888053426093528,1.4947282871369645,0.9367290268528021
SCCD_k4_nc1_rf3_ra3,0.001,0.08166666666666668,53.89167902677685,1.3490678385696648,0.8596350734723994
SCCD_k5_nc1_rf3_ra3,0.001,0.14033333333333334,98.97832514164458,1.1988564927762926,0.8228794562605016
SCCD_k6_nc1_rf3_ra3,0.001,0.15132142857142858,109.59338073151797,1.2173576230280372,0.749651142916402
SCCD_k7_nc1_rf3_ra3,0.001,0.16252777777777777,73.01190923642665,19.665870021539806,77.31753294660746
SCCD_k8_nc1_rf3_ra3,0.001,0.17388888888888893,44.93344787211602,47.191732343211704,129.36571134675222
SCCD_k9_nc1_rf3_ra3,0.001,0.18536363636363637,27.507962437348265,82.06868423983346,137.18207445042725
SCCD_k10_nc1_rf3_ra3,0.001,0.19692424242424247,17.256710810276743,122.96420671226296,174.07483859688313
FCCD_k3_nc3_rf3_ra3,0.001,0.0297,20.164753579352492,0.7076809771408901,1.0801385060891036
FCCD_k4_nc3_rf3_ra3,0.001,0.053,33.48486495738095,0.7798186235111759,1.9351540672546892
FCCD_k5_nc3_rf3_ra3,0.001,0.10042857142857144,58.08068167110749,0.8660246585587179,3.0746521058741
FCCD_k6_nc3_rf3_ra3,0.001,0.09996428571428571,60.711701069741345,1.0787536585507713,4.002662980775671
FCCD_k7_nc3_rf3_ra3,0.001,0.09958333333333333,37.63147970063039,31.385310967412366,137.0306622739289
FCCD_k8_nc3_rf3_ra3,0.001,0.09926666666666667,21.50674580041109,82.01708415280645,211.6119555810172
FCCD_k9_nc3_rf3_ra3,0.001,0.099,12.196894563534933,153.08916493141732,271.7091858475205
FCCD_k10_nc3_rf3_ra3,0.001,0.09877272727272726,7.073668478537258,244.68455526596958,337.2429628683885
RCCD_k3_nc3_rf3_ra3,0.001,0.04559116882454315,31.01376637227787,0.6836077597297119,0.31946464873722014
RCCD_k4_nc3_rf3_ra3,0.001,0.0818,57.74133217977977,0.617862833560455,0.3168617492534521
RCCD_k5_nc3_rf3_ra3,0.001,0.151366934642132,110.52924707733138,0.4991189081702397,0.2760150042839405
RCCD_k6_nc3_rf3_ra3,0.001,0.18996428571428575,131.77191930645648,0.41371491820814077,0.2026894904330366
RCCD_k7_nc3_rf3_ra3,0.001,0.2597826599154822,99.08102514863539,11.872373030702008,62.37038353399242
RCCD_k8_nc3_rf3_ra3,0.001,0.38726666666666665,73.15447256585776,20.92808491891586,53.11866755000258
RCCD_k9_nc3_rf3_ra3,0.001,0.621943282143461,58.19391844757799,24.34069710248057,42.94388594867483
RCCD_k10_nc3_rf3_ra3,0.001,1.0569545454545457,51.84030113113879,22.872087864054176,30.82946570072124
SCCD_k3_nc3_rf3_ra3,0.001,0.047700000000000006,32.11269791452453,0.6761737980801998,0.3243390534602218
SCCD_k4_nc3_rf3_ra3,0.001,0.0818,57.74133217977977,0.617862833560455,0.31408065192211226
SCCD_k5_nc3_rf3_ra3,0.001,0.14042857142857143,103.7939724482321,0.5505805645254659,0.293593121390135
SCCD_k6_nc3_rf3_ra3,0.001,0.15139285714285713,113.55082135631147,0.5930473754794245,0.2687906619617388
SCCD_k7_nc3_rf3_ra3,0.001,0.16258333333333336,75.0462966677241,19.054489338017166,98.44845452123629
SCCD_k8_nc3_rf3_ra3,0.001,0.17393333333333336,45.928024587700946,46.59110178875144,109.63750619098519
SCCD_k9_nc3_rf3_ra3,0.001,0.1854,28.002853708261974,81.47804857627261,145.08815699235404
SCCD_k10_nc3_rf3_ra3,0.001,0.1969545454545455,17.513788248197525,122.3832906054922,163.5619110491549
FCCD_k3_nc5_rf3_ra3,0.001,0.0299,20.521978858896322,0.6853877658468155,1.0897680032873163
FCCD_k4_nc5_rf3_ra3,0.001,0.05313333333333333,33.74658973066347,0.7709644743157765,1.8586983290854193
FCCD_k5_nc5_rf3_ra3,0.001,0.10052380952380952,58.321164038421934,0.8614264830916856,2.893924413797098
FCCD_k6_nc5_rf3_ra3,0.001,0.1000357142857143,60.86237275078974,1.0758968717490331,4.480285440634637
FCCD_k7_nc5_rf3_ra3,0.001,0.09963888888888889,37.693619603612724,31.36657901410122,155.0650439713768
FCCD_k8_nc5_rf3_ra3,0.001,0.09931111111111111,21.532063091544458,81.97962478582619,197.38870288699806
FCCD_k9_nc5_rf3_ra3,0.001,0.09903636363636363,12.207676577950167,153.03248392561932,272.54999993060477
FCCD_k10_nc5_rf3_ra3,0.001,0.0988030303030303,7.078555319752913,244.60921529270783,318.7088026288203
RCCD_k3_nc5_rf3_ra3,0.001,0.04579116882454314,32.59846223154884,0.5126058238772901,0.2230013632937443
RCCD_k4_nc5_rf3_ra3,0.001,0.08193333333333334,59.68899395249612,0.45992835573214186,0.19414769903194037
RCCD_k5_nc5_rf3_ra3,0.001,0.15146217273737006,112.90683240639967,0.3786067515738375,0.17330103852293977
RCCD_k6_nc5_rf3_ra3,0.001,0.1900357142857143,133.2135961150546,0.3606364137986513,0.20105923396188333
RCCD_k7_nc5_rf3_ra3,0.001,0.25983821547103775,99.55451289529668,11.853924918295732,60.456255269748866
RCCD_k8_nc5_rf3_ra3,0.001,0.38731111111111116,73.31559844227696,20.920633664517403,54.279257559238864
RCCD_k9_nc5_rf3_ra3,0.001,0.6219796457798246,58.261423799755164,24.33724779062101,42.157889230965694
RCCD_k10_nc5_rf3_ra3,0.001,1.0569848484848487,51.876310865888726,22.870401277694373,31.168936940863993
SCCD_k3_nc5_rf3_ra3,0.001,0.0479,33.76789128052484,0.5042896242108019,0.21807539599393883
SCCD_k4_nc5_rf3_ra3,0.001,0.08193333333333334,59.68899395249612,0.45992835573214186,0.19420507193946737
SCCD_k5_nc5_rf3_ra3,0.001,0.14052380952380952,106.24107871310417,0.4040343287141276,0.18069253464948262
SCCD_k6_nc5_rf3_ra3,0.001,0.15146428571428572,115.54871008079448,0.45115696138194167,0.20775438782321323
SCCD_k7_nc5_rf3_ra3,0.001,0.1626388888888889,76.07108923609326,18.9098370064235,96.4446973250572
SCCD_k8_nc5_rf3_ra3,0.001,0.1739777777777778,46.42889489790266,46.443842067689914,111.71134013758862
SCCD_k9_nc5_rf3_ra3,0.001,0.18543636363636365,28.25229034822823,81.32904137029603,140.1347016381504
SCCD_k10_nc5_rf3_ra3,0.001,0.1969848484848485,17.643555441874597,122.2334391203628,169.55716081806332
FCCD_k3_nc7_rf3_ra3,0.001,0.030100000000000002,20.830785402837563,0.6692724269976803,1.0912258242233988
FCCD_k4_nc7_rf3_ra3,0.001,0.053266666666666664,33.98269703761107,0.7638649795615634,2.019457260974159
FCCD_k5_nc7_rf3_ra3,0.001,0.10061904761904762,58.543347937937426,0.857531842810064,2.9884715614090798
FCCD_k6_nc7_rf3_ra3,0.001,0.10010714285714287,61.0036211108769,1.0733975338203194,4.115273078997166
FCCD_k7_nc7_rf3_ra3,0.001,0.09969444444444445,37.75256421173292,31.34807011987264,155.53251898928968
FCCD_k8_nc7_rf3_ra3,0.001,0.09935555555555556,21.55629966589964,81.94232474514065,211.10833494522473
FCCD_k9_nc7_rf3_ra3,0.001,0.09907272727272728,12.218073197755272,152.9759278765379,253.99410580998256
FCCD_k10_nc7_rf3_ra3,0.001,0.09883333333333333,7.083294681388859,244.53397946936323,339.6805777802959
RCCD_k3_nc7_rf3_ra3,0.001,0.04599116882454315,33.69586730917644,0.4379905065639482,0.22297354516374163
RCCD_k4_nc7_rf3_ra3,0.001,0.08206666666666666,61.01984862624747,0.3909458923694649,0.19407417694224624
RCCD_k5_nc7_rf3_ra3,0.001,0.15155741083260815,114.57391011752432,0.32194812057740885,0.15003954964287558
RCCD_k6_nc7_rf3_ra3,0.001,0.1901071428571429,134.32775231989163,0.3296385274350131,0.20185281227694116
RCCD_k7_nc7_rf3_ra3,0.001,0.25989377102659333,99.96079940337228,11.83981811991423,55.47944228362305
RCCD_k8_nc7_rf3_ra3,0.001,0.38735555555555556,73.46276724577845,20.91405113910391,50.78981553619307
RCCD_k9_nc7_rf3_ra3,0.001,0.6220160094161882,58.32506130087595,24.334032920293776,40.952661405245095
RCCD_k10_nc7_rf3_ra3,0.001,1.0570151515151518,51.91081210049827,22.868802272812037,31.430579867143827
SCCD_k3_nc7_rf3_ra3,0.001,0.048100000000000004,34.9111143450725,0.42974546453445683,0.21863071961791783
SCCD_k4_nc7_rf3_ra3,0.001,0.08206666666666666,61.01984862624747,0.3909458923694649,0.19420945008660173
SCCD_k5_nc7_rf3_ra3,0.001,0.14061904761904762,107.90906876882805,0.3392623121042633,0.17686497999676606
SCCD_k6_nc7_rf3_ra3,0.001,0.15153571428571427,116.9048095620453,0.3883527349816407,0.20771809163921864
SCCD_k7_nc7_rf3_ra3,0.001,0.16269444444444445,76.76569791292268,18.842202554447855,84.99495814949418
SCCD_k8_nc7_rf3_ra3,0.001,0.17402222222222224,46.768247324858024,46.371917702222376,118.08316108856346
SCCD_k9_nc7_rf3_ra3,0.001,0.18547272727272726,28.421308644529272,81.25394706847555,137.63519485848707
SCCD_k10_nc7_rf3_ra3,0.001,0.19701515151515153,17.7315201490728,122.15626252789563,162.54149416968568
FCCD_k3_nc10_rf3_ra3,0.001,0.0304,21.22844811319383,0.6520298461459975,1.1172350813512744
FCCD_k4_nc10_rf3_ra3,0.001,0.05346666666666667,34.29878612710272,0.7555112608067898,1.902372085807103
FCCD_k5_nc10_rf3_ra3,0.001,0.10076190476190476,58.84795262900821,0.8526915227383973,3.006155157841938
FCCD_k6_nc10_rf3_ra3,0.001,0.10021428571428571,61.20024080472751,1.0701841599620612,3.8555139256264943
FCCD_k7_nc10_rf3_ra3,0.001,0.09977777777777777,37.83569022506708,31.32065904788671,140.86484618508598
FCCD_k8_nc10_rf3_ra3,0.001,0.09942222222222222,21.590834814254325,81.88663752232091,198.0601533114698
FCCD_k9_nc10_rf3_ra3,0.001,0.09912727272727273,12.233010823878221,152.89130696203875,260.9934431327894
FCCD_k10_nc10_rf3_ra3,0.001,0.09887878787878787,7.09014963354018,244.42130778856048,345.20399779107714
RCCD_k3_nc10_rf3_ra3,0.001,0.04629116882454314,34.90540249349482,0.381493331251429,0.22282813087749595
RCCD_k4_nc10_rf3_ra3,0.001,0.08226666666666667,62.470382887910624,0.3386863632582932,0.19426042881018124
RCCD_k5_nc10_rf3_ra3,0.001,0.1517002679754653,116.41423623889587,0.2772414750736017,0.14997183080222157
RCCD_k6_nc10_rf3_ra3,0.001,0.19021428571428575,135.6369530413623,0.301570248221759,0.2008531774450606
RCCD_k7_nc10_rf3_ra3,0.001,0.25997710435992666,100.47970371174283,11.823584236676496,46.18608716287009
RCCD_k8_nc10_rf3_ra3,0.001,0.3874222222222222,73.66216837718015,20.905374727371893,51.6063110640503
RCCD_k9_nc10_rf3_ra3,0.001,0.6220705548707337,58.41418410809698,24.329568883821906,43.02140868862262
RCCD_k10_nc10_rf3_ra3,0.001,1.0570606060606063,51.960002774810754,22.866545145144645,31.254472993046154
SCCD_k3_nc10_rf3_ra3,0.001,0.0484,36.16931952818616,0.37348516628135525,0.2191110711959481
SCCD_k4_nc10_rf3_ra3,0.001,0.08226666666666667,62.470382887910624,0.3386863632582932,0.19421949703045452
SCCD_k5_nc10_rf3_ra3,0.001,0.14076190476190475,109.72069079759098,0.28987900953374895,0.1790843260035767
SCCD_k6_nc10_rf3_ra3,0.001,0.15164285714285713,118.37230647840249,0.34043255956605256,0.20765006456756502
SCCD_k7_nc10_rf3_ra3,0.001,0.16277777777777777,77.51663593463593,18.78592195757916,91.20338065325835
SCCD_k8_nc10_rf3_ra3,0.001,0.1740888888888889,47.135060275607714,46.30831187260968,111.41635654716877
SCCD_k9_nc10_rf3_ra3,0.001,0.18552727272727274,28.604041867909288,81.18484707092354,132.0734938647291
SCCD_k10_nc10_rf3_ra3,0.001,0.1970606060606061,17.826658295752992,122.08340686722997,167.93945587150083
FCCD_k3_nc1_rf1_ra1,0.01,0.099,6.847940526947445,2.0582659432333155,3.21329329697691
FCCD_k4_nc1_rf1_ra1,0.01,0.1766666666666667,11.434214980667601,2.2160500924987327,5.56146447625145
FCCD_k5_nc1_rf1_ra1,0.01,0.33476190476190476,20.055471498240454,2.332040773630537,8.391609335159544
FCCD_k6_nc1_rf1_ra1,0.01,0.3332142857142857,20.912737130952735,2.9095510175450485,10.952845083649333
FCCD_k7_nc1_rf1_ra1,0.01,0.33194444444444443,15.655063554241107,12.429502058158718,52.57222941530776
FCCD_k8_nc1_rf1_ra1,0.01,0.3308888888888889,11.088022442725936,28.007225272831437,64.76272672865171
FCCD_k9_nc1_rf1_ra1,0.01,0.33,7.803800359454314,49.6679094036191,81.5583398695207
FCCD_k10_nc1_rf1_ra1,0.01,0.3292424242424242,5.565953221603489,77.43369707072925,107.18900585134892
RCCD_k3_nc1_rf1_ra1,0.01,0.15197056274847714,10.61596686087703,1.841145694784357,0.8153709188412759
RCCD_k4_nc1_rf1_ra1,0.01,0.27266666666666667,19.78956025110319,1.5681914710029314,0.7238284903511589
RCCD_k5_nc1_rf1_ra1,0.01,0.5045564488071066,37.90790001940628,1.177042429929219,0.5675890625328138
RCCD_k6_nc1_rf1_ra1,0.01,0.633214285714286,44.9647339176939,1.0754642057760382,0.5964729467394924
RCCD_k7_nc1_rf1_ra1,0.01,0.8659421997182739,40.830919801198895,4.36504497713886,18.715429205962135
RCCD_k8_nc1_rf1_ra1,0.01,1.290888888888889,37.474742455689054,6.964553603081691,16.35772165609276
RCCD_k9_nc1_rf1_ra1,0.01,2.073144273811536,37.15717817405254,7.866031691853042,12.820844629561432
RCCD_k10_nc1_rf1_ra1,0.01,3.5231818181818193,40.850573314037476,7.277168175192121,9.226918357358795
SCCD_k3_nc1_rf1_ra1,0.01,0.159,11.001486475087336,1.8116499869410267,0.8228245266215958
SCCD_k4_nc1_rf1_ra1,0.01,0.27266666666666667,19.78956025110319,1.5681914710029314,0.7419304306431806
SCCD_k5_nc1_rf1_ra1,0.01,0.4680952380952382,35.612609027617104,1.2776591694503736,0.6223237474498976
SCCD_k6_nc1_rf1_ra1,0.01,0.5046428571428572,38.82425283970924,1.4030358365738174,0.6156985314800446
SCCD_k7_nc1_rf1_ra1,0.01,0.5419444444444446,30.967413197969318,6.962942285267439,24.422342844325254
SCCD_k8_nc1_rf1_ra1,0.01,0.579777777777778,23.476823299624257,15.2030986845527,36.32869124657706
SCCD_k9_nc1_rf1_ra1,0.01,0.618,17.756709516757994,25.598424059287034,39.85779072995915
SCCD_k10_nc1_rf1_ra1,0.01,0.6565151515151517,13.651176038315088,37.74750765108329,49.76701614278223
FCCD_k3_nc3_rf1_ra1,0.01,0.10099999999999999,7.159724873843853,1.914442592188555,3.2196559671307585
FCCD_k4_nc3_rf1_ra1,0.01,0.17800000000000002,11.67188880559219,2.1540821155759766,5.469480580229923
FCCD_k5_nc3_rf1_ra1,0.01,0.3357142857142857,20.278567089695905,2.2988852072938966,7.66143513439533
FCCD_k6_nc3_rf1_ra1,0.01,0.33392857142857146,21.055544676662368,2.887784226573387,11.789099285318684
FCCD_k7_nc3_rf1_ra1,0.01,0.3325,15.72751455928752,12.399043816651627,47.4990223944142
FCCD_k8_nc3_rf1_ra1,0.01,0.3313333333333333,11.125113947672604,27.96337550074848,67.41719625450264
FCCD_k9_nc3_rf1_ra1,0.01,0.3303636363636364,7.823611247063988,49.60904448340307,82.72219259573266
FCCD_k10_nc3_rf1_ra1,0.01,0.32954545454545453,5.577085275870484,77.35962237959257,102.74554064752488
RCCD_k3_nc3_rf1_ra1,0.01,0.15397056274847715,11.702606533010059,1.1522646117028275,0.6626157605026525
RCCD_k4_nc3_rf1_ra1,0.01,0.27399999999999997,21.033408167237997,1.0103809530190804,0.5774034089916095
RCCD_k5_nc3_rf1_ra1,0.01,0.5055088297594875,39.326575329200956,0.8067929359174544,0.4453071964516189
RCCD_k6_nc3_rf1_ra1,0.01,0.6339285714285716,45.91428314835067,0.8760286798603774,0.5960439998810091
RCCD_k7_nc3_rf1_ra1,0.01,0.8664977552738294,41.258786658449786,4.286107998872959,16.066366669199535
RCCD_k8_nc3_rf1_ra1,0.01,1.2913333333333332,37.67020228556794,6.934121109467384,15.003499701257372
RCCD_k9_nc3_rf1_ra1,0.01,2.0735079101751728,37.261839131613286,7.852846847893828,13.257630762128207
RCCD_k10_nc3_rf1_ra1,0.01,3.5234848484848498,40.918389049875906,7.270726337776248,9.402611605291634
SCCD_k3_nc3_rf1_ra1,0.01,0.161,12.130565806523107,1.1272977826153205,0.6498385290910473
SCCD_k4_nc3_rf1_ra1,0.01,0.27399999999999997,21.033408167237997,1.0103809530190804,0.5766982527796403
SCCD_k5_nc3_rf1_ra1,0.01,0.46904761904761916,37.04011847165739,0.8463043878841658,0.5181462037451592
SCCD_k6_nc3_rf1_ra1,0.01,0.5053571428571428,39.97181195393439,0.9938705143467308,0.615531192906366
SCCD_k7_nc3_rf1_ra1,0.01,0.5425000000000001,31.670282146165718,6.5673437082315544,24.784998038624128
SCCD_k8_nc3_rf1_ra1,0.01,0.5802222222222223,23.89783104801329,14.819707829709744,36.855965062314525
SCCD_k9_nc3_rf1_ra1,0.01,0.6183636363636363,18.01398573737874,25.226806182220688,43.06045359979615
SCCD_k10_nc3_rf1_ra1,0.01,0.6568181818181821,13.813900692140692,37.38746375237141,50.14036985885369
FCCD_k3_nc5_rf1_ra1,0.01,0.10300000000000001,7.384219690574858,1.8457681997517936,3.2177065482601
FCCD_k4_nc5_rf1_ra1,0.01,0.17933333333333334,11.857445990318267,2.1175961448060474,5.469911705908857
FCCD_k5_nc5_rf1_ra1,0.01,0.33666666666666667,20.461991442114574,2.2767986141585577,7.389924894995321
FCCD_k6_nc5_rf1_ra1,0.01,0.3346428571428572,21.17664208042996,2.872205622367778,10.151123603803697
FCCD_k7_nc5_rf1_ra1,0.01,0.3330555555555556,15.79066895300236,12.372419952756493,47.05916652991346
FCCD_k8_nc5_rf1_ra1,0.01,0.3317777777777778,11.158177364917453,27.922085853560702,63.636517255983954
FCCD_k9_nc5_rf1_ra1,0.01,0.3307272727272727,7.8415933379102185,49.551990982740435,77.27820501076363
FCCD_k10_nc5_rf1_ra1,0.01,0.32984848484848484,5.58733905177117,77.28688957499796,102.19762243851122
RCCD_k3_nc5_rf1_ra1,0.01,0.15597056274847712,12.284384454187554,0.9916565310018018,0.6604025140179738
RCCD_k4_nc5_rf1_ra1,0.01,0.2753333333333334,21.703116072904496,0.8704107891383224,0.576849544147731
RCCD_k5_nc5_rf1_ra1,0.01,0.5064612107118684,40.14131725179935,0.6954064629595563,0.44600087781986886
RCCD_k6_nc5_rf1_ra1,0.01,0.6346428571428573,46.520012781177925,0.7989855707173017,0.5861176349388834
RCCD_k7_nc5_rf1_ra1,0.01,0.867053310829385,41.573234243115806,4.243596415173494,17.15602536502194
RCCD_k8_nc5_rf1_ra1,0.01,1.2917777777777777,37.83009615609518,6.91336779221846,16.737544180306323
RCCD_k9_nc5_rf1_ra1,0.01,2.073871546538809,37.35317313316364,7.842604695183648,12.902302515522898
RCCD_k10_nc5_rf1_ra1,0.01,3.52378787878788,40.97985715904069,7.265365766050477,9.940319982252106
SCCD_k3_nc5_rf1_ra1,0.01,0.163,12.734306319733768,0.9682385507333738,0.6457779609592301
SCCD_k4_nc5_rf1_ra1,0.01,0.2753333333333334,21.703116072904496,0.8704107891383224,0.5772274584458644
SCCD_k5_nc5_rf1_ra1,0.01,0.4700000000000001,37.835663114531485,0.725232979580385,0.5305950694187419
SCCD_k6_nc5_rf1_ra1,0.01,0.5060714285714285,40.60999431340266,0.8775882144056718,0.6153655335804921
SCCD_k7_nc5_rf1_ra1,0.01,0.5430555555555556,32.06281552855379,6.4493425369810575,23.627626652432397
SCCD_k8_nc5_rf1_ra1,0.01,0.5806666666666668,24.13436540136986,14.700191288542767,33.49243768963541
SCCD_k9_nc5_rf1_ra1,0.01,0.6187272727272728,18.15950242982027,25.106576699665247,40.84630143136931
SCCD_k10_nc5_rf1_ra1,0.01,0.6571212121212123,13.906577835418112,37.26734287826329,51.39254700456568
FCCD_k3_nc7_rf1_ra1,0.01,0.105,7.561278826696965,1.8052714883303498,3.227508276410075
FCCD_k4_nc7_rf1_ra1,0.01,0.18066666666666667,12.010278828202125,2.09339860237654,5.492924629353735
FCCD_k5_nc7_rf1_ra1,0.01,0.3376190476190476,20.61806233594638,2.2609422911524897,7.778495314938239
FCCD_k6_nc7_rf1_ra1,0.01,0.33535714285714285,21.281904532828282,2.8604410501123483,11.323648474656435
FCCD_k7_nc7_rf1_ra1,0.01,0.33361111111111114,15.846752906414915,12.348338510358479,42.51773450185401
FCCD_k8_nc7_rf1_ra1,0.01,0.3322222222222222,11.188076869686146,27.88259616101628,63.88389478453078
FCCD_k9_nc7_rf1_ra1,0.01,0.3310909090909091,7.858101793510649,49.49627359491135,80.81313554253542
FCCD_k10_nc7_rf1_ra1,0.01,0.33015151515151514,5.596870296062762,77.21518668754983,101.64463966337622
RCCD_k3_nc7_rf1_ra1,0.01,0.15797056274847715,12.691565739113589,0.9200124295217291,0.6621209973751371
RCCD_k4_nc7_rf1_ra1,0.01,0.27666666666666667,22.169591746373428,0.806700018941424,0.5770827580450708
RCCD_k5_nc7_rf1_ra1,0.01,0.5074135916642495,40.71939692763283,0.6417194801850247,0.4455726538964117
RCCD_k6_nc7_rf1_ra1,0.01,0.635357142857143,46.96754445575459,0.7581178324035127,0.5887307276096866
RCCD_k7_nc7_rf1_ra1,0.01,0.8676088663849406,41.822621870150904,4.216545689702874,16.358699573146563
RCCD_k8_nc7_rf1_ra1,0.01,1.2922222222222224,37.96561348071333,6.898053384461659,16.68902530597991
RCCD_k9_nc7_rf1_ra1,0.01,2.0742351829024455,37.43426817725773,7.834334958454656,13.261098604444353
RCCD_k10_nc7_rf1_ra1,0.01,3.52409090909091,41.03609301789591,7.260812277216842,9.537856008255778
SCCD_k3_nc7_rf1_ra1,0.01,0.165,13.156687107143561,0.8973468205548464,0.64649366419036
SCCD_k4_nc7_rf1_ra1,0.01,0.27666666666666667,22.169591746373428,0.806700018941424,0.577195983566509
SCCD_k5_nc7_rf1_ra1,0.01,0.470952380952381,38.39418058017606,0.668208329194262,0.5224795427109603
SCCD_k6_nc7_rf1_ra1,0.01,0.5067857142857143,41.05686485621481,0.8225976418668428,0.6158643355755725
SCCD_k7_nc7_rf1_ra1,0.01,0.5436111111111112,32.33828320958236,6.390330551120768,23.60613946262803
SCCD_k8_nc7_rf1_ra1,0.01,0.5811111111111112,24.300881262290808,14.637648201951144,33.05597825430804
SCCD_k9_nc7_rf1_ra1,0.01,0.619090909090909,18.262290720669032,25.041510732854533,42.483194389115
SCCD_k10_nc7_rf1_ra1,0.01,0.6574242424242425,13.97226121793896,37.2007318162812,48.8400373363221
FCCD_k3_nc10_rf1_ra1,0.01,0.10800000000000001,7.773591423568395,1.768007630113895,3.06253222568812
FCCD_k4_nc10_rf1_ra1,0.01,0.18266666666666667,12.199265189420931,2.0690878959045462,5.25178215200035
FCCD_k5_nc10_rf1_ra1,0.01,0.33904761904761904,20.816145956379053,2.243950736458366,7.79351565102298
FCCD_k6_nc10_rf1_ra1,0.01,0.33642857142857147,21.417997194002123,2.8472598983566013,11.164034474793414
FCCD_k7_nc10_rf1_ra1,0.01,0.33444444444444443,15.920798279059444,12.315393198423418,47.95646655458334
FCCD_k8_nc10_rf1_ra1,0.01,0.3328888888888889,11.228286791967752,27.82573767440743,65.11132700848007
FCCD_k9_nc10_rf1_ra1,0.01,0.3316363636363637,7.880653423111151,49.414544775261746,84.60575099727942
FCCD_k10_nc10_rf1_ra1,0.01,0.3306060606060606,5.610062151832045,77.10911286816145,106.10270389745195
RCCD_k3_nc10_rf1_ra1,0.01,0.16097056274847713,13.143495360316129,0.8650467903068347,0.6626269303928936
RCCD_k4_nc10_rf1_ra1,0.01,0.2786666666666667,22.683848556886158,0.7573165114649546,0.5765831713406415
RCCD_k5_nc10_rf1_ra1,0.01,0.5088421630928209,41.36227662612626,0.5987377615632875,0.4457421137436032
RCCD_k6_nc10_rf1_ra1,0.01,0.6364285714285716,47.47756683072331,0.7234207041148952,0.5880373439426989
RCCD_k7_nc10_rf1_ra1,0.01,0.8684421997182739,42.121505456427265,4.189845041180311,18.873035116219565
RCCD_k8_nc10_rf1_ra1,0.01,1.292888888888889,38.13696040571875,6.881004752757135,15.354656127722855
RCCD_k9_nc10_rf1_ra1,0.01,2.0747806374479,37.54118702258201,7.824407449814449,12.966842153519991
RCCD_k10_nc10_rf1_ra1,0.01,3.5245454545454558,41.11243021765335,7.2550980289816245,9.292097766256598
SCCD_k3_nc10_rf1_ra1,0.01,0.168,13.625364968425453,0.8429857541797764,0.6468559836391873
SCCD_k4_nc10_rf1_ra1,0.01,0.2786666666666667,22.683848556886158,0.7573165114649546,0.5774491502007968
SCCD_k5_nc10_rf1_ra1,0.01,0.4723809523809524,39.011397939164134,0.623160091092203,0.5192732688594449
SCCD_k6_nc10_rf1_ra1,0.01,0.5078571428571429,41.5493583242912,0.7790553656164604,0.6156750709505524
SCCD_k7_nc10_rf1_ra1,0.01,0.5444444444444445,32.642614406365375,6.339519430253426,25.713078972755476
SCCD_k8_nc10_rf1_ra1,0.01,0.581777777777778,24.485425884316147,14.580476235373265,35.4377545438674
SCCD_k9_nc10_rf1_ra1,0.01,0.6196363636363637,18.37657024909917,24.97961117293078,45.220406572129136
SCCD_k10_nc10_rf1_ra1,0.01,0.657878787878788,14.04550429274556,37.135661491225825,50.0097330027023
FCCD_k3_nc1_rf2_ra1,0.01,0.179,10.87260964995938,1.6521776009573235,2.9180187902377015
FCCD_k4_nc1_rf2_ra1,0.01,0.33666666666666667,19.025109972791554,1.810718084583187,5.0434218042508245
FCCD_k5_nc1_rf2_ra1,0.01,0.6547619047619049,34.67855211751326,1.8878347326965927,7.039935846399436
FCCD_k6_nc1_rf2_ra1,0.01,0.6532142857142857,36.69943591631034,2.325925671979294,9.013775261679488
FCCD_k7_nc1_rf2_ra1,0.01,0.6519444444444444,27.772857492975454,7.322607809909864,23.783762480323404
FCCD_k8_nc1_rf2_ra1,0.01,0.6508888888888889,19.84744034542401,15.387568219032929,34.279580284089036
FCCD_k9_nc1_rf2_ra1,0.01,0.65,14.074884960563109,26.5237292438537,42.45749680347294
FCCD_k10_nc1_rf2_ra1,0.01,0.6492424242424243,10.104514994486951,40.735405239322084,56.91856073140643
RCCD_k3_nc1_rf2_ra1,0.01,0.2319705627484772,15.859325540627536,1.4719366819079567,0.7473639714563388
RCCD_k4_nc1_rf2_ra1,0.01,0.43266666666666664,31.230766776693816,1.1931898677224004,0.6405093626650008
RCCD_k5_nc1_rf2_ra1,0.01,0.8245564488071065,62.307333697865246,0.8445182517530896,0.4522253243541095
RCCD_k6_nc1_rf2_ra1,0.01,0.9532142857142859,74.32009193500691,0.7163200202667738,0.3186591404388068
RCCD_k7_nc1_rf2_ra1,0.01,1.185942199718274,65.72511491746029,3.0815803289507016,10.759307144471151
RCCD_k8_nc1_rf2_ra1,0.01,1.610888888888889,57.460886716641696,5.412144556572218,12.711191626112992
RCCD_k9_nc1_rf2_ra1,0.01,2.393144273811536,53.470824991153656,6.6301034461920425,11.20836336599802
RCCD_k10_nc1_rf2_ra1,0.01,3.843181818181819,54.93646816451114,6.516765077920246,8.757257968330046
SCCD_k3_nc1_rf2_ra1,0.01,0.239,16.353773453447992,1.4539121305990512,0.7522405474266309
SCCD_k4_nc1_rf2_ra1,0.01,0.43266666666666664,31.230766776693816,1.1931898677224004,0.6383985910019612
SCCD_k5_nc1_rf2_ra1,0.01,0.7880952380952383,58.85397783729934,0.9190702103538442,0.5043128805198953
SCCD_k6_nc1_rf2_ra1,0.01,0.8246428571428571,64.95370052430152,0.9747153598422184,0.47353165775678785
SCCD_k7_nc1_rf2_ra1,0.01,0.8619444444444444,51.41923399745991,4.461879144775822,17.518941168381023
SCCD_k8_nc1_rf2_ra1,0.01,0.8997777777777779,38.38028807363926,9.856823973927693,23.33744483595512
SCCD_k9_nc1_rf2_ra1,0.01,0.938,28.433987533992457,16.91455898083421,28.247593012120014
SCCD_k10_nc1_rf2_ra1,0.01,0.9765151515151517,21.343760848208106,25.429274677578643,33.244118662734124
FCCD_k3_nc3_rf2_ra1,0.01,0.18100000000000002,11.344829631816872,1.5258567980373239,2.9346646238225995
FCCD_k4_nc3_rf2_ra1,0.01,0.33799999999999997,19.404276492960726,1.7546853355851746,4.905444697549157
FCCD_k5_nc3_rf2_ra1,0.01,0.6557142857142857,35.04571458551723,1.858056764694255,7.054617805902706
FCCD_k6_nc3_rf2_ra1,0.01,0.6539285714285714,36.940093414841385,2.3060334392325976,9.334622110979835
FCCD_k7_nc3_rf2_ra1,0.01,0.6525,27.895272629356366,7.304495799112411,26.392768157175205
FCCD_k8_nc3_rf2_ra1,0.01,0.6513333333333334,19.909687137189447,15.36854775431102,34.00642976928259
FCCD_k9_nc3_rf2_ra1,0.01,0.6503636363636364,14.107711761742957,26.502558297056204,42.24154858573049
FCCD_k10_nc3_rf2_ra1,0.01,0.6495454545454545,10.122664641374396,40.71154056382028,55.17795645945864
RCCD_k3_nc3_rf2_ra1,0.01,0.23397056274847716,17.389851382160213,0.8634660552597397,0.5431614071854727
RCCD_k4_nc3_rf2_ra1,0.01,0.434,33.01445367668902,0.7351523853343013,0.47685304993398736
RCCD_k5_nc3_rf2_ra1,0.01,0.8255088297594876,64.30728372065069,0.5728897362921299,0.362222953550457
RCCD_k6_nc3_rf2_ra1,0.01,0.9539285714285716,75.65695687904508,0.5707572686350167,0.31817337724108374
RCCD_k7_nc3_rf2_ra1,0.01,1.1864977552738294,66.2800443962945,3.029918365812365,10.960912544041573
RCCD_k8_nc3_rf2_ra1,0.01,1.6113333333333333,57.68273521605666,5.395085153419386,13.304339608287448
RCCD_k9_nc3_rf2_ra1,0.01,2.3935079101751726,53.57384123865704,6.62356906243475,10.915343976853013
RCCD_k10_nc3_rf2_ra1,0.01,3.84348484848485,54.99561468159067,6.51383331963415,8.419417113058378
SCCD_k3_nc3_rf2_ra1,0.01,0.24100000000000002,17.9382455308039,0.8450947347961596,0.5050574411182228
SCCD_k4_nc3_rf2_ra1,0.01,0.434,33.01445367668902,0.7351523853343013,0.47406915091797336
SCCD_k5_nc3_rf2_ra1,0.01,0.7890476190476191,60.8710563005704,0.6065056681562149,0.4392721734619316
SCCD_k6_nc3_rf2_ra1,0.01,0.8253571428571429,66.60588187790361,0.6745991588600919,0.46624226460290985
SCCD_k7_nc3_rf2_ra1,0.01,0.8625,52.42776594816921,4.170720337967644,18.117836054058962
SCCD_k8_nc3_rf2_ra1,0.01,0.9002222222222223,38.97712632249284,9.573766856626335,22.094725219141914
SCCD_k9_nc3_rf2_ra1,0.01,0.9383636363636364,28.792344469322142,16.639181624944857,28.139684572042945
SCCD_k10_nc3_rf2_ra1,0.01,0.976818181818182,21.565704633010366,25.161321197494246,35.47881049275239
FCCD_k3_nc5_rf2_ra1,0.01,0.18300000000000002,11.688815821091818,1.4638389905343296,2.9270226790102605
FCCD_k4_nc5_rf2_ra1,0.01,0.3393333333333333,19.702746999319796,1.7210956238197879,4.87816221844338
FCCD_k5_nc5_rf2_ra1,0.01,0.6566666666666667,35.35000761476481,1.8379055536309201,6.8267101444198754
FCCD_k6_nc5_rf2_ra1,0.01,0.6546428571428571,37.14527405175132,2.2916579536633517,10.075903535945235
FCCD_k7_nc5_rf2_ra1,0.01,0.6530555555555556,28.002150241068392,7.289822933198898,21.7960720128177
FCCD_k8_nc5_rf2_ra1,0.01,0.6517777777777778,19.965081958050536,15.35181116460472,33.627499583169914
FCCD_k9_nc5_rf2_ra1,0.01,0.6507272727272728,14.137382919620974,26.48298051561211,44.818935814590084
FCCD_k10_nc5_rf2_ra1,0.01,0.6498484848484849,10.13928068881622,40.68883170379881,55.10247870374076
RCCD_k3_nc5_rf2_ra1,0.01,0.23597056274847716,18.230225795586104,0.7120833606755353,0.543221927834089
RCCD_k4_nc5_rf2_ra1,0.01,0.43533333333333335,34.01638599589447,0.6078614204899084,0.47684811644734215
RCCD_k5_nc5_rf2_ra1,0.01,0.8264612107118685,65.53003750483045,0.47863649759409455,0.3591948137849971
RCCD_k6_nc5_rf2_ra1,0.01,0.9546428571428573,76.55822689702629,0.5073001490025865,0.3182151605837568
RCCD_k7_nc5_rf2_ra1,0.01,1.187053310829385,66.70985362168484,2.9990870013740345,10.940533626734712
RCCD_k8_nc5_rf2_ra1,0.01,1.6117777777777778,57.87324377347182,5.382289056371973,12.922699387320323
RCCD_k9_nc5_rf2_ra1,0.01,2.3938715465388087,53.667580680872945,6.618033951515129,10.843942008011002
RCCD_k10_nc5_rf2_ra1,0.01,3.84378787878788,55.05110262994633,6.511206750942758,8.957578231295457
SCCD_k3_nc5_rf2_ra1,0.01,0.24300000000000002,18.80669639176483,0.6942895832646486,0.5030043197020844
SCCD_k4_nc5_rf2_ra1,0.01,0.43533333333333335,34.01638599589447,0.6078614204899084,0.4782634725060585
SCCD_k5_nc5_rf2_ra1,0.01,0.7900000000000001,62.072504964105256,0.5042680380641101,0.4490502531368492
SCCD_k6_nc5_rf2_ra1,0.01,0.8260714285714287,67.58597258989167,0.5758661580431848,0.46174248290434966
SCCD_k7_nc5_rf2_ra1,0.01,0.8630555555555556,53.02670967132533,4.072680424883422,16.574199612075663
SCCD_k8_nc5_rf2_ra1,0.01,0.9006666666666668,39.332677464525815,9.476132768635575,21.232765152553302
SCCD_k9_nc5_rf2_ra1,0.01,0.9387272727272727,29.006710425227947,16.54202365732665,30.1294409332653
SCCD_k10_nc5_rf2_ra1,0.01,0.9771212121212124,21.699090019907572,25.064818459903734,34.32423698904514
FCCD_k3_nc7_rf2_ra1,0.01,0.185,11.961671501632685,1.4267682950300629,2.896233484208665
FCCD_k4_nc7_rf2_ra1,0.01,0.34066666666666673,19.949784698786786,1.6985899754954346,5.071316822285171
FCCD_k5_nc7_rf2_ra1,0.01,0.6576190476190477,35.610310845482196,1.8232985480816102,6.469050399997649
FCCD_k6_nc7_rf2_ra1,0.01,0.655357142857143,37.32430933894286,2.280737436583669,9.509057862581795
FCCD_k7_nc7_rf2_ra1,0.01,0.6536111111111111,28.097120045401297,7.277444220044348,26.0214253931144
FCCD_k8_nc7_rf2_ra1,0.01,0.6522222222222223,20.01506302513373,15.336674533061213,34.93564202849578
FCCD_k9_nc7_rf2_ra1,0.01,0.651090909090909,14.16449939202997,26.464563294117305,47.125973506878694
FCCD_k10_nc7_rf2_ra1,0.01,0.6501515151515151,10.154630308056166,40.666992106261425,53.31751610317315
RCCD_k3_nc7_rf2_ra1,0.01,0.23797056274847717,18.82272002939125,0.64334693943155,0.5454360202864987
RCCD_k4_nc7_rf2_ra1,0.01,0.43666666666666665,34.72386608709096,0.5480976355653887,0.4849368416940509
RCCD_k5_nc7_rf2_ra1,0.01,0.8274135916642494,66.41854315639965,0.4307804857934575,0.35878785547422815
RCCD_k6_nc7_rf2_ra1,0.01,0.9553571428571431,77.24124467278483,0.4717613973878493,0.3177180605290949
RCCD_k7_nc7_rf2_ra1,0.01,1.1876088663849407,67.06135422113121,2.9783980199398545,11.298135197650572
RCCD_k8_nc7_rf2_ra1,0.01,1.6122222222222222,58.040347813258954,5.37222677191239,12.547903980570089
RCCD_k9_nc7_rf2_ra1,0.01,2.3942351829024453,53.753623046534436,6.613251921466264,11.199230578600943
RCCD_k10_nc7_rf2_ra1,0.01,3.84409090909091,55.103373196410466,6.5088314865245955,8.642234963331864
SCCD_k3_nc7_rf2_ra1,0.01,0.245,19.41862945650513,0.6259037350775589,0.5019015208979433
SCCD_k4_nc7_rf2_ra1,0.01,0.43666666666666665,34.72386608709096,0.5480976355653887,0.4846748077968061
SCCD_k5_nc7_rf2_ra1,0.01,0.7909523809523811,62.93657617854285,0.4535055158154693,0.4391607369633196
SCCD_k6_nc7_rf2_ra1,0.01,0.8267857142857143,68.28860104402601,0.5267393967825196,0.4668259457766137
SCCD_k7_nc7_rf2_ra1,0.01,0.8636111111111111,53.45633025151955,4.022636785974669,18.231788374151037
SCCD_k8_nc7_rf2_ra1,0.01,0.9011111111111112,39.58814107996253,9.425058847104667,24.132454399404317
SCCD_k9_nc7_rf2_ra1,0.01,0.9390909090909091,29.161067944345433,16.490116856036202,27.038491247751683
SCCD_k10_nc7_rf2_ra1,0.01,0.9774242424242425,21.795365155659187,25.012355843760396,33.65022090626465
FCCD_k3_nc10_rf2_ra1,0.01,0.188,12.290073414469207,1.3923652745558268,2.9334328903121847
FCCD_k4_nc10_rf2_ra1,0.01,0.3426666666666667,20.25639038992585,1.6758212026372832,4.79225701756854
FCCD_k5_nc10_rf2_ra1,0.01,0.659047619047619,35.942168133890945,1.80754010721472,6.837292839575178
FCCD_k6_nc10_rf2_ra1,0.01,0.6564285714285714,37.55655745666997,2.268454965013545,9.979259489340734
FCCD_k7_nc10_rf2_ra1,0.01,0.6544444444444445,28.22248515116052,7.261747139519034,23.127199463079656
FCCD_k8_nc10_rf2_ra1,0.01,0.652888888888889,20.082054696592387,15.316060484408787,35.08658975313028
FCCD_k9_nc10_rf2_ra1,0.01,0.6516363636363636,14.201324733336957,26.43850926872497,41.71411864438096
FCCD_k10_nc10_rf2_ra1,0.01,0.6506060606060606,10.175711087103348,40.63544572614128,53.09906082079942
RCCD_k3_nc10_rf2_ra1,0.01,0.24097056274847717,19.482819363632938,0.5901382615350153,0.5414059346990776
RCCD_k4_nc10_rf2_ra1,0.01,0.4386666666666667,35.50986222838614,0.5009708828323645,0.4692968352702167
RCCD_k5_nc10_rf2_ra1,0.01,0.8288421630928209,67.4211789173545,0.39125503348317103,0.37427693490835195
RCCD_k6_nc10_rf2_ra1,0.01,0.9564285714285715,78.03296484111029,0.4404951184244341,0.31811615699430945
RCCD_k7_nc10_rf2_ra1,0.01,1.188442199718274,67.49264291869045,2.9573224680540644,12.706427732404627
RCCD_k8_nc10_rf2_ra1,0.01,1.612888888888889,58.258152558899525,5.360440338440131,13.105871101095753
RCCD_k9_nc10_rf2_ra1,0.01,2.3947806374478997,53.87082024904259,6.607129598614469,10.867550899064202
RCCD_k10_nc10_rf2_ra1,0.01,3.8445454545454556,55.17653000677453,6.505650603905735,8.796477823721244
SCCD_k3_nc10_rf2_ra1,0.01,0.24800000000000003,20.10014226914352,0.5730058358071419,0.5058118843367782
SCCD_k4_nc10_rf2_ra1,0.01,0.4386666666666667,35.50986222838614,0.5009708828323645,0.47726021781152933
SCCD_k5_nc10_rf2_ra1,0.01,0.7923809523809525,63.90538072806514,0.4121456353319321,0.45025475205114557
SCCD_k6_nc10_rf2_ra1,0.01,0.827857142857143,69.07400180419567,0.48666119212290665,0.45426909094218154
SCCD_k7_nc10_rf2_ra1,0.01,0.8644444444444445,53.9369462429261,3.9802174039224307,15.926274432827052
SCCD_k8_nc10_rf2_ra1,0.01,0.9017777777777779,39.87442293557756,9.380257144526547,24.254111694804834
SCCD_k9_nc10_rf2_ra1,0.01,0.9396363636363637,29.33440335394513,16.443319210024175,27.395233683251718
SCCD_k10_nc10_rf2_ra1,0.01,0.977878787878788,21.90370736704769,24.96404462931274,33.84392635235418
FCCD_k3_nc1_rf3_ra1,0.01,0.259,14.412992501618547,1.4830673406057262,2.7296613336004265
FCCD_k4_nc1_rf3_ra1,0.01,0.49666666666666665,25.871624839979045,1.61756344966003,4.344266096230698
FCCD_k5_nc1_rf3_ra1,0.01,0.9747619047619048,48.25226721182966,1.6414017350607224,5.7402554012973885
FCCD_k6_nc1_rf3_ra1,0.01,0.9732142857142857,51.457626892210904,2.0109076974684594,8.913121852217373
FCCD_k7_nc1_rf3_ra1,0.01,0.9719444444444445,39.17320956681104,5.440679437814839,17.20650501680873
FCCD_k8_nc1_rf3_ra1,0.01,0.9708888888888889,28.132802229796535,10.92570012466067,23.516369221545908
FCCD_k9_nc1_rf3_ra1,0.01,0.97,20.03379966659088,18.465419926976622,33.52298938594962
FCCD_k10_nc1_rf3_ra1,0.01,0.9692424242424242,14.434045988441598,28.06100150176583,37.538794750540724
RCCD_k3_nc1_rf3_ra1,0.01,0.3119705627484772,20.48818837920727,1.2907464785062706,0.6893659183085933
RCCD_k4_nc1_rf3_ra1,0.01,0.5926666666666667,41.44371342131465,1.0081048315286787,0.5702433813134544
RCCD_k5_nc1_rf3_ra1,0.01,1.1445564488071065,84.31278394290194,0.6861646750820561,0.3598055754845802
RCCD_k6_nc1_rf3_ra1,0.01,1.2732142857142859,100.83951942293454,0.5709334115105923,0.2768149138983402
RCCD_k7_nc1_rf3_ra1,0.01,1.5059421997182738,88.18588378273354,2.4147486564782246,9.579616346902807
RCCD_k8_nc1_rf3_ra1,0.01,1.930888888888889,75.29078642027635,4.471396021785949,10.12909835675052
RCCD_k9_nc1_rf3_ra1,0.01,2.7131442738115363,67.65510887013741,5.7909278450426145,10.191794002133156
RCCD_k10_nc1_rf3_ra1,0.01,4.163181818181819,66.7260455138435,5.962899255032191,8.015386027805953
SCCD_k3_nc1_rf3_ra1,0.01,0.319,21.07835136737964,1.2766070717417122,0.6947825148010657
SCCD_k4_nc1_rf3_ra1,0.01,0.5926666666666667,41.44371342131465,1.0081048315286787,0.5563552424092291
SCCD_k5_nc1_rf3_ra1,0.01,1.108095238095238,79.8521947051782,0.744637134708138,0.41215606338424793
SCCD_k6_nc1_rf3_ra1,0.01,1.144642857142857,88.69264725179383,0.7786544884896434,0.42896144253714896
SCCD_k7_nc1_rf3_ra1,0.01,1.1819444444444445,70.112488169888465,3.318846252177646,13.115651578627011
SCCD_k8_nc1_rf3_ra1,0.01,1.2197777777777778,52.07227798194758,7.326876075428198,17.05064525469773
SCCD_k9_nc1_rf3_ra1,0.01,1.258,38.28649199669274,12.662005684987513,21.335942520285947
SCCD_k10_nc1_rf3_ra1,0.01,1.2965151515151518,28.471189875537313,19.20085663487574,25.344873395338674
FCCD_k3_nc3_rf3_ra1,0.01,0.261,15.019927876798667,1.3657225731231413,2.7582183895447914
FCCD_k4_nc3_rf3_ra1,0.01,0.498,26.370341798487136,1.5654384619095831,4.388177624369024
FCCD_k5_nc3_rf3_ra1,0.01,0.9757142857142858,48.74126792495857,1.614216517295727,6.056603828101937
FCCD_k6_nc3_rf3_ra1,0.01,0.9739285714285714,51.783229695779504,1.9924658175986716,8.802025647402289
FCCD_k7_nc3_rf3_ra1,0.01,0.9725,39.339913077028896,5.425623844193644,17.477759809106647
FCCD_k8_nc3_rf3_ra1,0.01,0.9713333333333334,28.217722396197885,10.911903475808302,23.06703124248382
FCCD_k9_nc3_rf3_ra1,0.01,0.9703636363636363,20.078521696175677,18.45179196864414,30.043407285058276
FCCD_k10_nc3_rf3_ra1,0.01,0.9695454545454546,14.458684824032012,28.046970615403524,38.97611859379779
RCCD_k3_nc3_rf3_ra1,0.01,0.3139705627484772,22.361167028682637,0.7468259064598111,0.4935592672939999
RCCD_k4_nc3_rf3_ra1,0.01,0.594,43.61477685043554,0.6243283408225845,0.4380574752019789
RCCD_k5_nc3_rf3_ra1,0.01,1.1455088297594875,86.6939828717643,0.47636741178067354,0.34228174862784155
RCCD_k6_nc3_rf3_ra1,0.01,1.2739285714285715,102.46026702835407,0.45441499727437384,0.27722691291836893
RCCD_k7_nc3_rf3_ra1,0.01,1.5064977552738297,88.84625492413946,2.373980321383918,8.938296618932036
RCCD_k8_nc3_rf3_ra1,0.01,1.9313333333333333,75.53946661385726,4.458846581395699,9.862614277763559
RCCD_k9_nc3_rf3_ra1,0.01,2.713507910175173,67.76149437168534,5.786450572619763,9.083394935878607
RCCD_k10_nc3_rf3_ra1,0.01,4.16348484848485,66.78230090454838,5.960990028202784,8.236847241651756
SCCD_k3_nc3_rf3_ra1,0.01,0.321,23.01364748483037,0.7308343378867461,0.45066016115923135
SCCD_k4_nc3_rf3_ra1,0.01,0.594,43.61477685043554,0.6243283408225845,0.4472593794290883
SCCD_k5_nc3_rf3_ra1,0.01,1.109047619047619,82.24617590230324,0.5067236573011523,0.4121217341309012
SCCD_k6_nc3_rf3_ra1,0.01,1.145357142857143,90.6754988130192,0.548212933946787,0.4235919976413418
SCCD_k7_nc3_rf3_ra1,0.01,1.1825,71.32523827856741,3.0941813742424955,11.475740622586601
SCCD_k8_nc3_rf3_ra1,0.01,1.2202222222222223,52.7883933542692,7.107564171443681,15.56448090876544
SCCD_k9_nc3_rf3_ra1,0.01,1.2583636363636364,38.71427344052162,12.447825194661673,21.75321758313067
SCCD_k10_nc3_rf3_ra1,0.01,1.296818181818182,28.734248119434554,18.9916664887536,27.157317842794832
FCCD_k3_nc5_rf3_ra1,0.01,0.263,15.465462653829675,1.307062738366315,2.7729288963816128
FCCD_k4_nc5_rf3_ra1,0.01,0.4993333333333333,26.7655213764215,1.533748497383691,4.67001583797646
FCCD_k5_nc5_rf3_ra1,0.01,0.9766666666666667,49.149395452220894,1.5955623687660985,5.722534424578325
FCCD_k6_nc5_rf3_ra1,0.01,0.9746428571428571,52.062184787848146,1.9790200420699637,8.81439791461909
FCCD_k7_nc5_rf3_ra1,0.01,0.9730555555555556,39.4858544030372,5.4137264656936175,16.567983995869216
FCCD_k8_nc5_rf3_ra1,0.01,0.9717777777777777,28.293371489575023,10.900223393480434,24.473254223833113
FCCD_k9_nc5_rf3_ra1,0.01,0.9707272727272728,20.118931150872974,18.439649101144486,28.888627455943308
FCCD_k10_nc5_rf3_ra1,0.01,0.9698484848484848,14.481210600065149,28.034020847089277,38.00407171539902
RCCD_k3_nc5_rf3_ra1,0.01,0.3159705627484772,23.41351440991136,0.6034099513466,0.48699344446666637
RCCD_k4_nc5_rf3_ra1,0.01,0.5953333333333334,44.87973386436297,0.50803259627165,0.4340738660628066
RCCD_k5_nc5_rf3_ra1,0.01,1.1464612107118686,88.2212245503898,0.395325376970775,0.32482968512869886
RCCD_k6_nc5_rf3_ra1,0.01,1.2746428571428574,103.592279808054,0.3995810432221646,0.27467447129937383
RCCD_k7_nc5_rf3_ra1,0.01,1.507053310829385,89.3709484142791,2.3484255352726975,9.043037872349775
RCCD_k8_nc5_rf3_ra1,0.01,1.9317777777777778,75.75742842053572,4.44907783183497,10.357852163951343
RCCD_k9_nc5_rf3_ra1,0.01,2.713871546538809,67.85995050102792,5.78253252704418,9.22827169870471
RCCD_k10_nc5_rf3_ra1,0.01,4.16378787878788,66.83581930434495,5.959229174078424,7.8443332795676834
SCCD_k3_nc5_rf3_ra1,0.01,0.32299999999999995,24.098953236119232,0.5875970989470952,0.4544967932241578
SCCD_k4_nc5_rf3_ra1,0.01,0.5953333333333334,44.87973386436297,0.50803259627165,0.4438327731834012
SCCD_k5_nc5_rf3_ra1,0.01,1.11,83.74839844641855,0.41919798094600286,0.42461240427214214
SCCD_k6_nc5_rf3_ra1,0.01,1.1460714285714286,91.91327734992478,0.4632942422016619,0.4293271017616002
SCCD_k7_nc5_rf3_ra1,0.01,1.1830555555555555,72.08183708283136,3.010291309099727,13.917181237377372
SCCD_k8_nc5_rf3_ra1,0.01,1.2206666666666666,53.23578490615351,7.024437705577709,15.90483270955641
SCCD_k9_nc5_rf3_ra1,0.01,1.2587272727272727,38.982206530044564,12.36541472330063,20.78886461681163
SCCD_k10_nc5_rf3_ra1,0.01,1.2971212121212126,28.89953524698043,18.910007986876206,25.18394776418997
FCCD_k3_nc7_rf3_ra1,0.01,0.265,15.820270379556653,1.2716786517122054,2.694305385902489
FCCD_k4_nc7_rf3_ra1,0.01,0.5006666666666667,27.093931097845285,1.5123413442954703,4.838853635497796
FCCD_k5_nc7_rf3_ra1,0.01,0.9776190476190476,49.50021051152666,1.5819200744610582,5.873752902248387
FCCD_k6_nc7_rf3_ra1,0.01,0.9753571428571429,52.306449761003755,1.968747148267528,8.086061285254836
FCCD_k7_nc7_rf3_ra1,0.01,0.9736111111111112,39.61577620553247,5.40395628970303,16.134023081068623
FCCD_k8_nc7_rf3_ra1,0.01,0.9722222222222223,28.361657219954253,10.89003567959626,22.41157206581779
FCCD_k9_nc7_rf3_ra1,0.01,0.9710909090909091,20.15583479944774,18.428592356468982,29.44109977036242
FCCD_k10_nc7_rf3_ra1,0.01,0.9701515151515152,14.501985526966607,28.021885724537995,37.712910680486885
RCCD_k3_nc7_rf3_ra1,0.01,0.3179705627484772,24.160847894636685,0.5371647389930954,0.4893061955191615
RCCD_k4_nc7_rf3_ra1,0.01,0.5966666666666667,45.78445765786296,0.4518412480821945,0.4396769105316377
RCCD_k5_nc7_rf3_ra1,0.01,1.1474135916642494,89.35358364268288,0.3523407158672401,0.3474905738791701
RCCD_k6_nc7_rf3_ra1,0.01,1.275357142857143,104.4654232401893,0.3676998778726334,0.2764174958426646
RCCD_k7_nc7_rf3_ra1,0.01,1.5076088663849407,89.80696224294229,2.3307971238649827,10.133932631986562
RCCD_k8_nc7_rf3_ra1,0.01,1.9322222222222223,75.95157885138738,4.441196857837064,11.212525677940103
RCCD_k9_nc7_rf3_ra1,0.01,2.7142351829024456,67.95161322427181,5.779056963081255,9.719826381092043
RCCD_k10_nc7_rf3_ra1,0.01,4.16409090909091,66.88686495208299,5.957595590077726,7.897522050378964
SCCD_k3_nc7_rf3_ra1,0.01,0.325,24.869197688381206,0.5215293013409297,0.45338077510333513
SCCD_k4_nc7_rf3_ra1,0.01,0.5966666666666667,45.78445765786296,0.4518412480821945,0.43933166708446447
SCCD_k5_nc7_rf3_ra1,0.01,1.1109523809523811,84.85175386286723,0.3737105386830727,0.40747075848523223
SCCD_k6_nc7_rf3_ra1,0.01,1.1467857142857143,92.81914168246398,0.4191316939156544,0.4388855368698485
SCCD_k7_nc7_rf3_ra1,0.01,1.1836111111111112,72.63535111749614,2.9660187519126464,12.65433833343355
SCCD_k8_nc7_rf3_ra1,0.01,1.2211111111111113,53.56335231050184,6.979890862305519,16.174086551711213
SCCD_k9_nc7_rf3_ra1,0.01,1.259090909090909,39.17865531847344,12.32062199582995,21.812048722382876
SCCD_k10_nc7_rf3_ra1,0.01,1.2974242424242428,29.020931900456873,18.86506550295653,26.000725009092243
FCCD_k3_nc10_rf3_ra1,0.01,0.268,16.24847358796817,1.2386443317278526,2.723675978222664
FCCD_k4_nc10_rf3_ra1,0.01,0.5026666666666667,27.502827130880945,1.490559840172352,4.838198279935598
FCCD_k5_nc10_rf3_ra1,0.01,0.97904761904761906,49.94931718946721,1.5671046806589353,5.861668857385076
FCCD_k6_nc10_rf3_ra1,0.01,0.9764285714285714,52.624313008061684,1.9571450083765427,8.307720708835477
FCCD_k7_nc10_rf3_ra1,0.01,0.9744444444444444,39.78753339747752,5.391984167289707,17.249089925095632
FCCD_k8_nc10_rf3_ra1,0.01,0.9728888888888889,28.453181297191566,10.876714030937572,24.1312385665519
FCCD_k9_nc10_rf3_ra1,0.01,0.9716363636363636,20.205887560340308,18.413481831436624,31.524120963504807
FCCD_k10_nc10_rf3_ra1,0.01,0.9706060606060607,14.530452246976017,28.004820230427143,40.260763397716424
RCCD_k3_nc10_rf3_ra1,0.01,0.3209705627484772,24.99682550453213,0.48540015167560047,0.49185285266116546
RCCD_k4_nc10_rf3_ra1,0.01,0.5986666666666667,46.797232946225044,0.40679149206777293,0.42882560459766267
RCCD_k5_nc10_rf3_ra1,0.01,1.148842163092821,90.64804651403855,0.31585276476568375,0.3324387638687927
RCCD_k6_nc10_rf3_ra1,0.01,1.2764285714285715,105.49008340735476,0.3389210230094854,0.2754838996093076
RCCD_k7_nc10_rf3_ra1,0.01,1.508442199718274,90.34887850819305,2.3125162408175792,9.87001195179058
RCCD_k8_nc10_rf3_ra1,0.01,1.9328888888888889,76.20829447029321,4.431772497558032,11.056930699201233
RCCD_k9_nc10_rf3_ra1,0.01,2.7147806374479,68.07830701652924,5.7744903251844155,9.662714965773358
RCCD_k10_nc10_rf3_ra1,0.01,4.164545454545456,66.95928662188425,5.95534688153485,7.960713353041012
SCCD_k3_nc10_rf3_ra1,0.01,0.32799999999999996,25.73046362417747,0.4699464936583885,0.44184218051739366
SCCD_k4_nc10_rf3_ra1,0.01,0.5986666666666667,46.797232946225044,0.40679149206777293,0.4367568941698203
SCCD_k5_nc10_rf3_ra1,0.01,1.1123809523809525,86.10535559935617,0.3355938262143864,0.39834524392174653
SCCD_k6_nc10_rf3_ra1,0.01,1.147857142857143,93.84498173644255,0.3821096571471931,0.4282544788806288
SCCD_k7_nc10_rf3_ra1,0.01,1.1844444444444444,73.26213875628619,2.9280799849650725,13.342290948470872
SCCD_k8_nc10_rf3_ra1,0.01,1.2217777777777779,53.934626454427644,6.94088054528953,15.975244124702451
SCCD_k9_nc10_rf3_ra1,0.01,1.2596363636363637,39.40162169439284,12.280647623949719,20.344533021964445
SCCD_k10_nc10_rf3_ra1,0.01,1.297878787878788,29.158930504656357,18.82431967522885,25.637462708991233
FCCD_k3_nc1_rf1_ra2,0.01,0.11699999999999999,8.742525535496268,1.4073608766100771,1.7975214607715073
FCCD_k4_nc1_rf1_ra2,0.01,0.19266666666666665,13.944393771113496,1.4369695161853002,2.9309237513986246
FCCD_k5_nc1_rf1_ra2,0.01,0.34904761904761905,23.55588323931221,1.4615782700713988,4.169026637578414
FCCD_k6_nc1_rf1_ra2,0.01,0.34607142857142853,24.19156300743836,1.8521019857481416,5.947723431407392
FCCD_k7_nc1_rf1_ra2,0.01,0.34361111111111114,17.92436024980591,10.873835841391772,43.211417953182625
FCCD_k8_nc1_rf1_ra2,0.01,0.3415555555555556,12.588264362325326,25.809327455365658,62.6879989053484
FCCD_k9_nc1_rf1_ra2,0.01,0.33981818181818185,8.795664987833517,46.716006595963414,82.12172660695407
FCCD_k10_nc1_rf1_ra2,0.01,0.3383333333333334,6.233595790898069,73.63950696127283,98.64443686625626
RCCD_k3_nc1_rf1_ra2,0.01,0.22294112549695427,14.138785686691222,1.6247919978615446,0.7536898557388688
RCCD_k4_nc1_rf1_ra2,0.01,0.3846666666666667,25.247460690438974,1.387368555106851,0.6494410628665773
RCCD_k5_nc1_rf1_ra2,0.01,0.6886367071380226,46.71563628983283,1.0191989130390184,0.4778870100539832
RCCD_k6_nc1_rf1_ra2,0.01,0.9460714285714289,55.54262973572399,0.9194691914458568,0.5494763419586683
RCCD_k7_nc1_rf1_ra2,0.01,1.41160662165877,52.466487534280304,2.909137819484736,11.502343141997079
RCCD_k8_nc1_rf1_ra2,0.01,2.2615555555555558,50.954319838944144,4.213584451290129,9.657794617201299
RCCD_k9_nc1_rf1_ra2,0.01,3.8261067294412543,53.88477620036501,4.471684465103451,6.748192251329236
RCCD_k10_nc1_rf1_ra2,0.01,6.726212121212123,63.10191255504415,3.9656865531522043,5.0282365561426685
SCCD_k3_nc1_rf1_ra2,0.01,0.237,14.733525197813822,1.5956677778623582,0.7562082314577547
SCCD_k4_nc1_rf1_ra2,0.01,0.3846666666666667,25.247460690438974,1.387368555106851,0.6463313769036244
SCCD_k5_nc1_rf1_ra2,0.01,0.6157142857142859,43.49249795388401,1.1349026172006105,0.5481190444881486
SCCD_k6_nc1_rf1_ra2,0.01,0.6889285714285714,47.014631017542186,1.2487458346347589,0.5682029086698855
SCCD_k7_nc1_rf1_ra2,0.01,0.7636111111111114,38.211825183028125,5.190980036023459,18.74298400432096
SCCD_k8_nc1_rf1_ra2,0.01,0.8393333333333335,29.7740700513824,10.761159982669124,21.548382028056793
SCCD_k9_nc1_rf1_ra2,0.01,0.9158181818181818,23.252785143086076,17.521893322841464,29.562352697347574
SCCD_k10_nc1_rf1_ra2,0.01,0.9928787878787881,18.49730968023768,25.172576840775903,32.09636555795437
FCCD_k3_nc3_rf1_ra2,0.01,0.11900000000000001,9.009721564514642,1.3375506281512402,1.7842962883008964
FCCD_k4_nc3_rf1_ra2,0.01,0.19399999999999998,14.121039769886124,1.4131256428898356,3.055159712899102
FCCD_k5_nc3_rf1_ra2,0.01,0.35000000000000003,23.70850595046813,1.4501692102177213,4.15019026647967
FCCD_k6_nc3_rf1_ra2,0.01,0.3467857142857143,24.285165022821932,1.8450353751191177,5.931085607428055
FCCD_k7_nc3_rf1_ra2,0.01,0.3441666666666667,17.971489952961207,10.85495282054782,39.62073147422074
FCCD_k8_nc3_rf1_ra2,0.01,0.342,12.612603294106833,25.775430310535675,65.97115819730803
FCCD_k9_nc3_rf1_ra2,0.01,0.34018181818181814,8.808900826024688,46.666205149662794,76.95757859399049
FCCD_k10_nc3_rf1_ra2,0.01,0.3386363636363637,6.24120300282947,73.57397847709714,99.26848943999966
RCCD_k3_nc3_rf1_ra2,0.01,0.22494112549695428,15.508710869914456,1.0057547775842566,0.5669011789503148
RCCD_k4_nc3_rf1_ra2,0.01,0.386,26.730121100997323,0.9025957868829351,0.5100312854105096
RCCD_k5_nc3_rf1_ra2,0.01,0.6895890880904036,48.2826140279763,0.7252247603603185,0.4091476934839558
RCCD_k6_nc3_rf1_ra2,0.01,0.9467857142857146,56.514146896588635,0.7848850392131517,0.5461246609119333
RCCD_k7_nc3_rf1_ra2,0.01,1.4121621772143258,52.905230402058926,2.860047934508137,9.42623480594237
RCCD_k8_nc3_rf1_ra2,0.01,2.262,51.16789247449431,4.194684329099492,9.808791252888655
RCCD_k9_nc3_rf1_ra2,0.01,3.8264703658048904,54.008397233268724,4.463366807912559,6.715150139415882
RCCD_k10_nc3_rf1_ra2,0.01,6.726515151515153,63.186879354381404,3.9616335675058614,5.0669040207082565
SCCD_k3_nc3_rf1_ra2,0.01,0.239,16.163459118628797,0.9851507689403927,0.5556017874146155
SCCD_k4_nc3_rf1_ra2,0.01,0.386,26.730121100997323,0.9025957868829351,0.5153352862226761
SCCD_k5_nc3_rf1_ra2,0.01,0.6166666666666668,45.10902384453996,0.765838409618845,0.4134126027892803
SCCD_k6_nc3_rf1_ra2,0.01,0.6896428571428571,48.285514482163244,0.9087145633934803,0.5693301743114749
SCCD_k7_nc3_rf1_ra2,0.01,0.7641666666666669,38.99386393215833,4.8729927807762214,19.6079688541261
SCCD_k8_nc3_rf1_ra2,0.01,0.8397777777777781,30.248961396381222,10.462736458965395,25.98925104139225
SCCD_k9_nc3_rf1_ra2,0.01,0.9161818181818182,23.548518756127788,17.241257706947653,28.33797816760896
SCCD_k10_nc3_rf1_ra2,0.01,0.9931818181818184,18.68843579430611,24.908252172029364,34.371671397961364
FCCD_k3_nc5_rf1_ra2,0.01,0.121,9.221205415549749,1.2962471315678303,1.7371621814686955
FCCD_k4_nc5_rf1_ra2,0.01,0.19533333333333336,14.271781849810205,1.3961538636967132,3.0264337577508686
FCCD_k5_nc5_rf1_ra2,0.01,0.35095238095238096,23.84403064156528,1.4412601514078034,4.427031091332407
FCCD_k6_nc5_rf1_ra2,0.01,0.34750000000000003,24.370142190553622,1.8392320586117767,6.162214854820436
FCCD_k7_nc5_rf1_ra2,0.01,0.3447222222222222,18.015134478892893,10.836834097595926,45.72224101304885
FCCD_k8_nc5_rf1_ra2,0.01,0.3424444444444445,12.635497405280404,25.74205746466647,62.58504031454122
FCCD_k9_nc5_rf1_ra2,0.01,0.34054545454545454,8.82150322839723,46.61679832126443,77.18697636771513
FCCD_k10_nc5_rf1_ra2,0.01,0.33893939393939393,6.2485145501273855,73.50876712734032,102.23893696432282
RCCD_k3_nc5_rf1_ra2,0.01,0.22694112549695425,16.259930747412515,0.8523206866783757,0.5673798219626947
RCCD_k4_nc5_rf1_ra2,0.01,0.38733333333333336,27.55311890088632,0.7716898385458284,0.5120603472940303
RCCD_k5_nc5_rf1_ra2,0.01,0.6905414690427846,49.22431060529056,0.6271330527662609,0.40651702974486575
RCCD_k6_nc5_rf1_ra2,0.01,0.9475000000000003,57.17527540616023,0.7250300859408497,0.5416845337372298
RCCD_k7_nc5_rf1_ra2,0.01,1.4127177327698812,53.24573906320337,2.8307420454823102,10.243389640289546
RCCD_k8_nc5_rf1_ra2,0.01,2.2624444444444443,51.34886362484841,4.181074589249912,9.140818944720088
RCCD_k9_nc5_rf1_ra2,0.01,3.826834002168527,54.1187365854846,4.456712956275848,6.586551487341034
RCCD_k10_nc5_rf1_ra2,0.01,6.726818181818183,63.265189963026366,3.9581829040764265,4.9205015569057595
SCCD_k3_nc5_rf1_ra2,0.01,0.24100000000000002,16.94697695687786,0.834112289443134,0.5549460700202019
SCCD_k4_nc5_rf1_ra2,0.01,0.38733333333333336,27.55311890088632,0.7716898385458284,0.5135946602762348
SCCD_k5_nc5_rf1_ra2,0.01,0.6176190476190477,46.04006580717362,0.654062832734955,0.41802254096939867
SCCD_k6_nc5_rf1_ra2,0.01,0.6903571428571429,49.02057207146914,0.8030679508572538,0.5633356191711014
SCCD_k7_nc5_rf1_ra2,0.01,0.7647222222222223,39.45033310080812,4.769673690785971,21.459510796443368
SCCD_k8_nc5_rf1_ra2,0.01,0.8402222222222224,30.52904059108813,10.361755897122444,23.24656209111313
SCCD_k9_nc5_rf1_ra2,0.01,0.9165454545454546,23.724813052347617,17.142863977672913,28.538173828312424
SCCD_k10_nc5_rf1_ra2,0.01,0.9934848484848487,18.80359092967482,24.812652225293842,31.758157130605547
FCCD_k3_nc7_rf1_ra2,0.01,0.12300000000000001,9.39711573581568,1.2688861430394887,1.7400027432571368
FCCD_k4_nc7_rf1_ra2,0.01,0.19666666666666668,14.403496558588817,1.383431470151343,2.9077832607481526
FCCD_k5_nc7_rf1_ra2,0.01,0.3519047619047619,23.966008832499366,1.4340978264536541,4.266538304055757
FCCD_k6_nc7_rf1_ra2,0.01,0.3482142857142857,24.4479908299563,1.834372701250493,6.201908731788837
FCCD_k7_nc7_rf1_ra2,0.01,0.3452777777777778,18.055811850599653,10.819323226002751,40.97670951598677
FCCD_k8_nc7_rf1_ra2,0.01,0.3428888888888889,12.657134308526588,25.70912382791544,58.07701811319927
FCCD_k9_nc7_rf1_ra2,0.01,0.34090909090909094,8.833545168414384,46.56773603679708,79.84512736530043
FCCD_k10_nc7_rf1_ra2,0.01,0.33924242424242423,6.255561029676706,73.44384158110691,98.83238965934305
RCCD_k3_nc7_rf1_ra2,0.01,0.22894112549695428,16.789462097971768,0.7827027682783452,0.5635947568820405
RCCD_k4_nc7_rf1_ra2,0.01,0.38866666666666666,28.132012756155664,0.7107742860025918,0.5094917918477991
RCCD_k5_nc7_rf1_ra2,0.01,0.6914938499951656,49.903974229733066,0.5780643540463117,0.4103256602669423
RCCD_k6_nc7_rf1_ra2,0.01,0.948214285714286,57.678642333810735,0.6911850894543857,0.5441517754463782
RCCD_k7_nc7_rf1_ra2,0.01,1.4132732883254369,53.52454890783393,2.8111220905534218,9.362029602665062
RCCD_k8_nc7_rf1_ra2,0.01,2.262888888888889,51.506032069557065,4.1707413430566636,8.99847457095489
RCCD_k9_nc7_rf1_ra2,0.01,3.827197638532163,54.218424255113305,4.451249665548981,6.818660751155847
RCCD_k10_nc7_rf1_ra2,0.01,6.727121212121215,63.33783100570055,3.9552047552060245,5.090957111770812
SCCD_k3_nc7_rf1_ra2,0.01,0.24300000000000002,17.499129112974675,0.7656186154481878,0.5521353048080528
SCCD_k4_nc7_rf1_ra2,0.01,0.38866666666666666,28.132012756155664,0.7107742860025918,0.5139135274480171
SCCD_k5_nc7_rf1_ra2,0.01,0.6185714285714287,46.70133550022878,0.6000648044160647,0.41660496184692086
SCCD_k6_nc7_rf1_ra2,0.01,0.6910714285714287,49.54255364877103,0.7515739807799457,0.5743000479435567
SCCD_k7_nc7_rf1_ra2,0.01,0.7652777777777778,39.775666121019874,4.717404947528755,20.813831978795292
SCCD_k8_nc7_rf1_ra2,0.01,0.8406666666666669,30.72954051066202,10.309088566741192,24.804424441877657
SCCD_k9_nc7_rf1_ra2,0.01,0.9169090909090909,23.85159969003652,17.09032468488545,27.31292085021548
SCCD_k10_nc7_rf1_ra2,0.01,0.9937878787878791,18.88678818983093,24.76067057099742,34.42933400467602
FCCD_k3_nc10_rf1_ra2,0.01,0.126,9.616628721334646,1.2415753867161052,1.756107397204916
FCCD_k4_nc10_rf1_ra2,0.01,0.19866666666666669,14.574701507414272,1.3693364094677614,3.0555498329134947
FCCD_k5_nc10_rf1_ra2,0.01,0.3533333333333334,24.128951826830143,1.4256289341051644,4.085423262625766
FCCD_k6_nc10_rf1_ra2,0.01,0.3492857142857143,24.55381200154713,1.8283902004893642,5.915115655968057
FCCD_k7_nc10_rf1_ra2,0.01,0.34611111111111115,18.112139034516115,10.793954907559016,44.66779644004475
FCCD_k8_nc10_rf1_ra2,0.01,0.34355555555555556,12.687560003238024,25.66040912654387,59.888075092554814
FCCD_k9_nc10_rf1_ra2,0.01,0.3414545454545455,8.850688001365386,46.49470458069702,76.93638247103077
FCCD_k10_nc10_rf1_ra2,0.01,0.3396969696969697,6.2656897336927875,73.34693502498509,100.34587801910436
RCCD_k3_nc10_rf1_ra2,0.01,0.23194112549695425,17.37946221045315,0.7288049296464213,0.5691743566792024
RCCD_k4_nc10_rf1_ra2,0.01,0.3906666666666667,28.773788259295408,0.6629722605353168,0.5129240749475092
RCCD_k5_nc10_rf1_ra2,0.01,0.692922421423737,50.66775852084561,0.5379012593308268,0.40785141111494283
RCCD_k6_nc10_rf1_ra2,0.01,0.9492857142857146,58.264056284447165,0.6612116850334869,0.5431039222286203
RCCD_k7_nc10_rf1_ra2,0.01,1.41410662165877,53.86696809574359,2.791237793443034,10.277122430585202
RCCD_k8_nc10_rf1_ra2,0.01,2.2635555555555555,51.708997158203,4.159092874547027,9.583309010599894
RCCD_k9_nc10_rf1_ra2,0.01,3.827743093077618,54.35204303067844,4.444638509690579,7.046022806267136
RCCD_k10_nc10_rf1_ra2,0.01,6.72757575757576,63.43783000114151,3.9514224084476526,5.055845922794108
SCCD_k3_nc10_rf1_ra2,0.01,0.24600000000000002,18.11422770782298,0.7126073229733841,0.5587753399926421
SCCD_k4_nc10_rf1_ra2,0.01,0.3906666666666667,28.773788259295408,0.6629722605353168,0.5115848164930695
SCCD_k5_nc10_rf1_ra2,0.01,0.6200000000000001,47.437162929253105,0.556776676271518,0.4144794152028604
SCCD_k6_nc10_rf1_ra2,0.01,0.6921428571428571,50.1226863467187,0.710075568239965,0.5690283649472299
SCCD_k7_nc10_rf1_ra2,0.01,0.7661111111111113,40.13826230826435,4.673096193507898,18.445905828409476
SCCD_k8_nc10_rf1_ra2,0.01,0.8413333333333336,30.95376818118184,10.262737650896739,24.5324727106476
SCCD_k9_nc10_rf1_ra2,0.01,0.9174545454545455,23.993882370986807,17.042870765525315,28.495116776280298
SCCD_k10_nc10_rf1_ra2,0.01,0.9942424242424245,18.980466259305164,24.712873333336685,34.66927679744424
FCCD_k3_nc1_rf2_ra2,0.01,0.197,13.491435685323037,1.0615065508360755,1.5994874174386495
FCCD_k4_nc1_rf2_ra2,0.01,0.3526666666666667,22.724963363448577,1.1195225039976913,2.606899209822929
FCCD_k5_nc1_rf2_ra2,0.01,0.669047619047619,39.98234812830701,1.1715681873731985,3.893884089486772
FCCD_k6_nc1_rf2_ra2,0.01,0.6660714285714286,41.745230752610006,1.458217873338774,5.531516552696873
FCCD_k7_nc1_rf2_ra2,0.01,0.6636111111111112,31.270259641830364,6.218977989507146,21.53215045016333
FCCD_k8_nc1_rf2_ra2,0.01,0.6615555555555556,22.1559661487214,14.009360620837313,31.24770492339495
FCCD_k9_nc1_rf2_ra2,0.01,0.6598181818181819,15.597014746417141,24.841494249832028,44.220347886025685
FCCD_k10_nc1_rf2_ra2,0.01,0.6583333333333333,11.126019397509292,38.7262379832593,51.75626280286999
RCCD_k3_nc1_rf2_ra2,0.01,0.30294112549695434,20.134826890469057,1.3076848264489846,0.6919956873655844
RCCD_k4_nc1_rf2_ra2,0.01,0.5446666666666667,38.36473332557415,1.0614420965704543,0.5852049683883945
RCCD_k5_nc1_rf2_ra2,0.01,1.0086367071380227,74.58626167385775,0.729562167217964,0.37750046198756776
RCCD_k6_nc1_rf2_ra2,0.01,1.266071428571429,89.22081089722145,0.5935510267836307,0.2958855715061136
RCCD_k7_nc1_rf2_ra2,0.01,1.73160662165877,81.38894854607732,2.1984985060950426,7.55145714897966
RCCD_k8_nc1_rf2_ra2,0.01,2.5815555555555556,74.83639331776412,3.48730998657443,7.838688779949087
RCCD_k9_nc1_rf2_ra2,0.01,4.146106729441255,74.256853213906,3.934982301104289,6.522952367019468
RCCD_k10_nc1_rf2_ra2,0.01,7.046212121212124,81.6649225540139,3.6394959421572026,4.636320620130558
SCCD_k3_nc1_rf2_ra2,0.01,0.317,20.86017563644681,1.2924413365452183,0.7007673263535857
SCCD_k4_nc1_rf2_ra2,0.01,0.5446666666666667,38.36473332557415,1.0614420965704543,0.5767466027209254
SCCD_k5_nc1_rf2_ra2,0.01,0.9357142857142858,69.9268158461277,0.8198395857182434,0.4505610356670843
SCCD_k6_nc1_rf2_ra2,0.01,1.0089285714285714,76.60654396078526,0.8701898099622568,0.4101633680043279
SCCD_k7_nc1_rf2_ra2,0.01,1.0836111111111113,61.300990199295484,3.6398406763336144,13.138592353798266
SCCD_k8_nc1_rf2_ra2,0.01,1.1593333333333335,46.57726739984093,7.750630514566362,16.487642012011758
SCCD_k9_nc1_rf2_ra2,0.01,1.2358181818181817,35.285587336081555,12.939802766204345,20.87464470032977
SCCD_k10_nc1_rf2_ra2,0.01,1.3128787878787882,27.159654835918708,19.00653479322605,25.585415633448825
FCCD_k3_nc3_rf2_ra2,0.01,0.19899999999999998,13.876355456562697,1.004624769132023,1.5989731515031869
FCCD_k4_nc3_rf2_ra2,0.01,0.354,23.00047255909846,1.0983978944636992,2.715040181084597
FCCD_k5_nc3_rf2_ra2,0.01,0.67,40.23190747489273,1.161136299286765,3.845316440662441
FCCD_k6_nc3_rf2_ra2,0.01,0.6667857142857143,41.90183868369502,1.451664450850673,5.2306872024862905
FCCD_k7_nc3_rf2_ra2,0.01,0.6641666666666667,31.34841864453603,6.210712598247384,21.331965808857664
FCCD_k8_nc3_rf2_ra2,0.01,0.662,22.195467146235764,13.997982477500269,31.98618497815866
FCCD_k9_nc3_rf2_ra2,0.01,0.6601818181818182,15.617897592091282,24.826494213293696,40.32268580752346
FCCD_k10_nc3_rf2_ra2,0.01,0.6586363636363636,11.137657978531344,38.707515158465874,52.89070420151194
RCCD_k3_nc3_rf2_ra2,0.01,0.30494112549695435,21.977269058629354,0.7591651474341645,0.33135769776626006
RCCD_k4_nc3_rf2_ra2,0.01,0.546,40.42555045344522,0.6575170542594432,0.288420180296572
RCCD_k5_nc3_rf2_ra2,0.01,1.0095890880904037,76.74266063847647,0.5109837002593722,0.22300110564354558
RCCD_k6_nc3_rf2_ra2,0.01,1.2667857142857146,90.51356414498842,0.500411021053335,0.2980067113697395
RCCD_k7_nc3_rf2_ra2,0.01,1.7321621772143256,81.90639170998016,2.169734376746209,8.432279955841517
RCCD_k8_nc3_rf2_ra2,0.01,2.582,75.05568828987975,3.4778252590085867,7.494701199180123
RCCD_k9_nc3_rf2_ra2,0.01,4.14647036580489,74.36962871272672,3.9311917758728874,6.714026411570105
RCCD_k10_nc3_rf2_ra2,0.01,7.046515151515154,81.73639355262739,3.6377184057009457,4.800943143778447
SCCD_k3_nc3_rf2_ra2,0.01,0.319,22.778018492353315,0.7452652767323085,0.3239924126933702
SCCD_k4_nc3_rf2_ra2,0.01,0.546,40.42555045344522,0.6575170542594432,0.28863231827037666
SCCD_k5_nc3_rf2_ra2,0.01,0.9366666666666668,72.17453060356634,0.545661493255971,0.2624424024319153
SCCD_k6_nc3_rf2_ra2,0.01,1.009642857142857,78.41169415535464,0.6136295817255635,0.30633787434553983
SCCD_k7_nc3_rf2_ra2,0.01,1.084166666666667,62.4011622482279,3.3975141740914663,12.352075169491185
SCCD_k8_nc3_rf2_ra2,0.01,1.159777777777778,47.23208254537126,7.521138021737413,18.114483693154362
SCCD_k9_nc3_rf2_ra2,0.01,1.2361818181818183,35.68296329368746,12.722112156822707,21.541874714054284
SCCD_k10_nc3_rf2_ra2,0.01,1.3131818181818184,27.409188217157563,18.79978663725073,24.98788338331262
FCCD_k3_nc5_rf2_ra2,0.01,0.201,14.18495234239886,0.9699495830747954,1.6097234016625181
FCCD_k4_nc5_rf2_ra2,0.01,0.35533333333333333,23.236910861237444,1.0831712971482153,2.8479930619413114
FCCD_k5_nc5_rf2_ra2,0.01,0.6709523809523811,40.454324660265485,1.1529275841615154,3.6988049887162653
FCCD_k6_nc5_rf2_ra2,0.01,0.6675,42.044349634608906,1.4462577858719123,5.499456477117529
FCCD_k7_nc5_rf2_ra2,0.01,0.6647222222222223,31.42076427793023,6.20311553592632,25.920490156302115
FCCD_k8_nc5_rf2_ra2,0.01,0.6624444444444444,22.23251972053214,13.987029675274467,32.18083039634073
FCCD_k9_nc5_rf2_ra2,0.01,0.6605454545454544,15.637693093093942,24.81178370641423,43.0323988294004
FCCD_k10_nc5_rf2_ra2,0.01,0.6589393939393939,11.148783495478703,38.689000087682764,52.28162369143183
RCCD_k3_nc5_rf2_ra2,0.01,0.30694112549695435,23.01206964477904,0.6146782488820736,0.33099508605505856
RCCD_k4_nc5_rf2_ra2,0.01,0.5473333333333333,41.61381827974167,0.5380862104536815,0.2886893322034653
RCCD_k5_nc5_rf2_ra2,0.01,1.0105414690427845,78.11410499022432,0.4281253296174798,0.222969088319051
RCCD_k6_nc5_rf2_ra2,0.01,1.2675000000000003,91.44431473002518,0.453636548320126,0.29613178509804355
RCCD_k7_nc5_rf2_ra2,0.01,1.7327177327698813,82.33074482643852,2.150493182868666,9.311229288712166
RCCD_k8_nc5_rf2_ra2,0.01,2.5824444444444445,75.25052796711445,3.4702875523052854,7.843441936623736
RCCD_k9_nc5_rf2_ra2,0.01,4.146834002168527,74.47414584965777,3.927908412833486,6.455090488666748
RCCD_k10_nc5_rf2_ra2,0.01,7.046818181818184,81.80416261226627,3.63611110133184,5.059007267878792
SCCD_k3_nc5_rf2_ra2,0.01,0.321,23.852970088752215,0.6018563555143914,0.3245187605989895
SCCD_k4_nc5_rf2_ra2,0.01,0.5473333333333333,41.61381827974167,0.5380862104536815,0.28828138324972796
SCCD_k5_nc5_rf2_ra2,0.01,0.9376190476190478,73.54793854328418,0.45064660758067265,0.2653622675479405
SCCD_k6_nc5_rf2_ra2,0.01,1.010357142857143,79.5159486148777,0.5232370610500772,0.3077942691545297
SCCD_k7_nc5_rf2_ra2,0.01,1.0847222222222224,63.07795469001287,3.3096788728584547,12.781707051494628
SCCD_k8_nc5_rf2_ra2,0.01,1.1602222222222225,47.63781296146671,7.4355978934735045,17.083425402424627
SCCD_k9_nc5_rf2_ra2,0.01,1.2365454545454546,35.93113296566251,12.63882621260526,19.844159190742875
SCCD_k10_nc5_rf2_ra2,0.01,1.3134848484848487,27.56630284259721,18.718764736650193,24.469000083671794
FCCD_k3_nc7_rf2_ra2,0.01,0.203,14.44365342146307,0.9465582545754645,1.5694462775152875
FCCD_k4_nc7_rf2_ra2,0.01,0.35666666666666663,23.444333495338938,1.0716550423405677,2.586388806909216
FCCD_k5_nc7_rf2_ra2,0.01,0.6719047619047619,40.65508014488053,1.1462897770202753,4.1059416595177405
FCCD_k6_nc7_rf2_ra2,0.01,0.6682142857142858,42.17515200459754,1.4417144577429584,5.569629228381714
FCCD_k7_nc7_rf2_ra2,0.01,0.6652777777777777,31.488143493551963,6.196045695772792,21.032045559891646
FCCD_k8_nc7_rf2_ra2,0.01,0.662888888888889,22.267436418811922,13.976424626264274,32.0310510655763
FCCD_k9_nc7_rf2_ra2,0.01,0.660909090909091,15.656524680531787,24.797316731717718,42.21401542614488
FCCD_k10_nc7_rf2_ra2,0.01,0.6592424242424242,11.159448361651098,38.67066384860435,52.358605229092795
RCCD_k3_nc7_rf2_ra2,0.01,0.30894112549695435,23.746861673960666,0.5479573240036304,0.3313023732509855
RCCD_k4_nc7_rf2_ra2,0.01,0.5486666666666666,42.4605202332753,0.48086099155016593,0.2883205546362619
RCCD_k5_nc7_rf2_ra2,0.01,1.0114938499951656,79.1272294141329,0.38452580776658923,0.22300832537160148
RCCD_k6_nc7_rf2_ra2,0.01,1.268214285714286,92.17384792917608,0.42550536867736116,0.2974344407555265
RCCD_k7_nc7_rf2_ra2,0.01,1.733273288325437,82.69086727778321,2.1366490522006694,9.231683984543302
RCCD_k8_nc7_rf2_ra2,0.01,2.582888888888889,75.42592331202276,3.464123930918776,8.289316016509941
RCCD_k9_nc7_rf2_ra2,0.01,4.147197638532163,74.57156014409371,3.9250286807119217,6.2929675326271655
RCCD_k10_nc7_rf2_ra2,0.01,7.047121212121215,81.8686039438737,3.634648697965826,4.707039554652283
SCCD_k3_nc7_rf2_ra2,0.01,0.32299999999999995,24.615750674888172,0.5357349206781419,0.3233010516521307
SCCD_k4_nc7_rf2_ra2,0.01,0.5486666666666666,42.4605202332753,0.48086099155016593,0.28840293132454925
SCCD_k5_nc7_rf2_ra2,0.01,0.9385714285714286,74.54565571268814,0.40242837174371016,0.2600097360387549
SCCD_k6_nc7_rf2_ra2,0.01,1.0110714285714286,80.31732549791451,0.4770670739664036,0.3072053129955361
SCCD_k7_nc7_rf2_ra2,0.01,1.0852777777777778,63.57022006962803,3.2638073119611293,13.529761323487138
SCCD_k8_nc7_rf2_ra2,0.01,1.160666666666667,47.93387037611216,7.389992951715928,17.42233380874556
SCCD_k9_nc7_rf2_ra2,0.01,1.236909090909091,36.11287599544444,12.593627359728925,19.950656684395927
SCCD_k10_nc7_rf2_ra2,0.01,1.3137878787878792,27.68179698263665,18.67412966227711,24.528511283606974
FCCD_k3_nc10_rf2_ra2,0.01,0.20600000000000002,14.76843938114972,0.9228840998758968,1.6139224283856612
FCCD_k4_nc10_rf2_ra2,0.01,0.3586666666666667,23.714891980636533,1.058798072403024,2.657844475633011
FCCD_k5_nc10_rf2_ra2,0.01,0.6733333333333333,40.92398288422915,1.1383993070792788,3.7264345207822767
FCCD_k6_nc10_rf2_ra2,0.01,0.6692857142857144,42.35328416085994,1.4361028111838885,6.061587469635689
FCCD_k7_nc10_rf2_ra2,0.01,0.6661111111111112,31.581337906004695,6.186209976378273,23.88546495043746
FCCD_k8_nc10_rf2_ra2,0.01,0.6635555555555556,22.316354729834956,13.96104292678023,31.52132722260511
FCCD_k9_nc10_rf2_ra2,0.01,0.6614545454545454,15.683186675820439,24.77599549137021,41.19264735304866
FCCD_k10_nc10_rf2_ra2,0.01,0.6596969696969697,11.174678103542321,38.64344478749916,52.36159761298528
RCCD_k3_nc10_rf2_ra2,0.01,0.31194112549695435,24.568768908375098,0.49582826550090103,0.33138391048537386
RCCD_k4_nc10_rf2_ra2,0.01,0.5506666666666667,43.406232145809,0.4352053945691611,0.28871711747435197
RCCD_k5_nc10_rf2_ra2,0.01,1.012922421423737,80.28263450359874,0.34770323147977783,0.2228300118248276
RCCD_k6_nc10_rf2_ra2,0.01,1.2692857142857146,93.04002556235582,0.39949278535865096,0.29564630431803757
RCCD_k7_nc10_rf2_ra2,0.01,1.73410662165877,83.14646848623165,2.121798207586747,7.1999196800418765
RCCD_k8_nc10_rf2_ra2,0.01,2.5835555555555554,75.66019231219047,3.456683896109222,7.539450832808988
RCCD_k9_nc10_rf2_ra2,0.01,4.147743093077618,74.70634626632729,3.921302347591818,6.188730390097689
RCCD_k10_nc10_rf2_ra2,0.01,7.04757575757576,81.9597143180815,3.6326828830252325,4.779416660346262
SCCD_k3_nc10_rf2_ra2,0.01,0.326,25.468612639467516,0.484119275366687,0.3222611790544912
SCCD_k4_nc10_rf2_ra2,0.01,0.5506666666666667,43.406232145809,0.4352053945691611,0.28798211737000573
SCCD_k5_nc10_rf2_ra2,0.01,0.9400000000000002,75.67132622906298,0.3626164897901928,0.26019738036677653
SCCD_k6_nc10_rf2_ra2,0.01,1.012142857142857,81.21998862680533,0.43879410720283574,0.3088880559849326
SCCD_k7_nc10_rf2_ra2,0.01,1.0861111111111112,64.12563105710763,3.2246712684905012,14.543165511259472
SCCD_k8_nc10_rf2_ra2,0.01,1.1613333333333336,48.26873080273978,7.350095644271343,17.17096839052487
SCCD_k9_nc10_rf2_ra2,0.01,1.2374545454545456,36.319004859640565,12.55328834983259,21.240615795264407
SCCD_k10_nc10_rf2_ra2,0.01,1.3142424242424247,27.81315567083619,18.633671439131692,25.342319228730023
FCCD_k3_nc1_rf3_ra2,0.01,0.277,17.63428688932123,0.9283776277718174,1.5253486219093864
FCCD_k4_nc1_rf3_ra2,0.01,0.5126666666666667,30.53958439343852,0.9919626459124463,2.6903187408682445
FCCD_k5_nc1_rf3_ra2,0.01,0.989047619047619,54.95053449016668,1.03784668234864,3.434312335890465
FCCD_k6_nc1_rf3_ra2,0.01,0.9860714285714286,57.882479909045635,1.281526728092392,5.212659924057554
FCCD_k7_nc1_rf3_ra2,0.01,0.9836111111111112,43.6373534241008,4.54598082176267,18.974679691765655
FCCD_k8_nc1_rf3_ra2,0.01,0.9815555555555555,31.08203180564782,9.847436148722663,21.786578487770807
FCCD_k9_nc1_rf3_ra2,0.01,0.9798181818181818,21.978654506449796,17.189799238287677,28.840508320261144
FCCD_k10_nc1_rf3_ra2,0.01,0.9783333333333333,15.738978158007246,26.577374556802376,33.780247692738016
RCCD_k3_nc1_rf3_ra2,0.01,0.38294112549695436,25.389321383017226,1.1495514573686263,0.6479761018712052
RCCD_k4_nc1_rf3_ra2,0.01,0.7046666666666667,50.00840527136808,0.8993118761488,0.5271441498805227
RCCD_k5_nc1_rf3_ra2,0.01,1.3286367071380227,99.61175411374897,0.5938605045109142,0.32665671055080714
RCCD_k6_nc1_rf3_ra2,0.01,1.586071428571429,119.43651598259267,0.4657292310324921,0.20698037005578665
RCCD_k7_nc1_rf3_ra2,0.01,2.05160662165877,107.11018463263403,1.8103917685715833,7.506143522041114
RCCD_k8_nc1_rf3_ra2,0.01,2.901555555555556,95.60635459263561,3.03904024524161,6.846848381563405
RCCD_k9_nc1_rf3_ra2,0.01,4.466106729441255,91.37159058948338,3.5877024300713405,5.843648151168488
RCCD_k10_nc1_rf3_ra2,0.01,7.366212121212124,96.62618961779951,3.428623640439437,4.519115680758235
SCCD_k3_nc1_rf3_ra2,0.01,0.397,26.22236742475532,1.1400870903181084,0.6518693384094109
SCCD_k4_nc1_rf3_ra2,0.01,0.7046666666666667,50.00840527136808,0.8993118761488,0.525881605726977
SCCD_k5_nc1_rf3_ra2,0.01,1.2557142857142858,93.73463911787482,0.6651341650159243,0.38194929670573696
SCCD_k6_nc1_rf3_ra2,0.01,1.3289285714285715,103.37683655893451,0.6966341402723221,0.33813933870109303
SCCD_k7_nc1_rf3_ra2,0.01,1.4036111111111111,82.24998854925374,2.8329600935289623,9.07624912418722
SCCD_k8_nc1_rf3_ra2,0.01,1.4793333333333336,61.839837314757744,6.087780910675197,14.28150453453375
SCCD_k9_nc1_rf3_ra2,0.01,1.555818181818182,46.2176680769375,10.287750136926947,18.390348085052292
SCCD_k10_nc1_rf3_ra2,0.01,1.632878787878788,35.03295981180921,15.29246994477989,19.681818707362794
FCCD_k3_nc3_rf3_ra2,0.01,0.27899999999999997,18.12076286493318,0.876440813719923,1.5329275253818488
FCCD_k4_nc3_rf3_ra2,0.01,0.514,30.90015530267795,0.9721477846951063,2.5577662245890163
FCCD_k5_nc3_rf3_ra2,0.01,0.99,55.28380800950433,1.0280489934713168,3.478721307651791
FCCD_k6_nc3_rf3_ra2,0.01,0.9867857142857144,58.09466009241416,1.2753023046529637,5.386223343329655
FCCD_k7_nc3_rf3_ra2,0.01,0.9841666666666667,43.74339682476077,4.539969831195365,16.478206223653498
FCCD_k8_nc3_rf3_ra2,0.01,0.9820000000000001,31.13538002107582,9.840614565704058,22.386291290934512
FCCD_k9_nc3_rf3_ra2,0.01,0.9801818181818182,22.006622853363762,17.18173021101804,27.631512267370663
FCCD_k10_nc3_rf3_ra2,0.01,0.9786363636363636,15.754401736516055,26.56789383060477,36.68876682512051
RCCD_k3_nc3_rf3_ra2,0.01,0.3849411254969543,27.59454761526233,0.6573661116194046,0.2915456348791868
RCCD_k4_nc3_rf3_ra2,0.01,0.706,52.485578635356966,0.5569092567154911,0.2557393417698754
RCCD_k5_nc3_rf3_ra2,0.01,1.3295890880904038,102.16534109741801,0.42202225978234004,0.20010847858118394
RCCD_k6_nc3_rf3_ra2,0.01,1.5867857142857147,120.97156553894088,0.3920683385778211,0.20621821140497032
RCCD_k7_nc3_rf3_ra2,0.01,2.052162177214326,107.69480852601029,1.7890304923179978,6.440099158364197
RCCD_k8_nc3_rf3_ra2,0.01,2.902,95.83571918650289,3.032580814899961,7.174895357074099
RCCD_k9_nc3_rf3_ra2,0.01,4.4664703658048905,91.480627491118085,3.5852846760705948,5.984131537780034
RCCD_k10_nc3_rf3_ra2,0.01,7.366515151515154,96.69102392507466,3.4275363565713355,4.471486220306206
SCCD_k3_nc3_rf3_ra2,0.01,0.399,28.513787677110347,0.6464071429963111,0.2817475196979923
SCCD_k4_nc3_rf3_ra2,0.01,0.706,52.485578635356966,0.5569092567154911,0.2580160806687182
SCCD_k5_nc3_rf3_ra2,0.01,1.2566666666666668,96.39215554402301,0.45272006868053705,0.2347825833153231
SCCD_k6_nc3_rf3_ra2,0.01,1.3296428571428573,105.53823354050117,0.49558630862385805,0.2527815618573474
SCCD_k7_nc3_rf3_ra2,0.01,1.4041666666666666,83.56584155139475,2.6414794225696183,9.306605205243013
SCCD_k8_nc3_rf3_ra2,0.01,1.4797777777777779,62.617926396713955,5.9050980698227695,13.516147308502752
SCCD_k9_nc3_rf3_ra2,0.01,1.5561818181818183,46.68516815208132,10.113275228283317,17.32569253289497
SCCD_k10_nc3_rf3_ra2,0.01,1.6331818181818185,35.3230063533775,15.125698184823555,20.143407988598966
FCCD_k3_nc5_rf3_ra2,0.01,0.281,18.5131737514651,0.8443260439121474,1.4933845797948762
FCCD_k4_nc5_rf3_ra2,0.01,0.5153333333333333,31.210659690219984,0.9577570138929591,2.6630324435402404
FCCD_k5_nc5_rf3_ra2,0.01,0.990952380952381,55.581694534081,1.0202938326846618,3.5667827818562556
FCCD_k6_nc5_rf3_ra2,0.01,0.9875,58.28810067792527,1.2701488920002082,5.1019837647479855
FCCD_k7_nc5_rf3_ra2,0.01,0.9847222222222223,43.84160413010462,4.534585993798609,15.453370369967198
FCCD_k8_nc5_rf3_ra2,0.01,0.9824444444444445,31.18539229022147,9.834190891953837,22.242038170264244
FCCD_k9_nc5_rf3_ra2,0.01,0.9805454545454545,22.03309689635325,17.173929514138056,27.697604036895616
FCCD_k10_nc5_rf3_ra2,0.01,0.9789393939393939,15.769115197082918,26.558602901748927,35.04623440017405
RCCD_k3_nc5_rf3_ra2,0.01,0.38694112549695436,28.860113830775887,0.5205346684220481,0.29446160509267993
RCCD_k4_nc5_rf3_ra2,0.01,0.7073333333333334,53.96206086929728,0.44747787262991134,0.2537205527636775
RCCD_k5_nc5_rf3_ra2,0.01,1.3305414690427848,103.85924863467338,0.3504993067038957,0.19345306558145936
RCCD_k6_nc5_rf3_ra2,0.01,1.5875000000000004,122.1128448241219,0.3524493950659798,0.206234630487135
RCCD_k7_nc5_rf3_ra2,0.01,2.052717732769881,108.18672524962973,1.7739802357743881,7.269312693315024
RCCD_k8_nc5_rf3_ra2,0.01,2.902444444444445,96.04373484580945,3.0272292880619562,7.373093931662003
RCCD_k9_nc5_rf3_ra2,0.01,4.466834002168527,91.58332309265451,3.583118338859425,6.317062402504011
RCCD_k10_nc5_rf3_ra2,0.01,7.366818181818184,96.7532742368722,3.4265264679743974,4.469109907157529
SCCD_k3_nc5_rf3_ra2,0.01,0.401,29.825486782481423,0.5100121836286068,0.2729162355446213
SCCD_k4_nc5_rf3_ra2,0.01,0.7073333333333334,53.96206086929728,0.44747787262991134,0.2611974703255906
SCCD_k5_nc5_rf3_ra2,0.01,1.2576190476190476,98.0941867092006,0.3709231273957494,0.23304685586044846
SCCD_k6_nc5_rf3_ra2,0.01,1.3303571428571428,106.92140003593221,0.4173345452335202,0.24978652855915895
SCCD_k7_nc5_rf3_ra2,0.01,1.4047222222222222,84.41072562176124,2.565482949557914,9.39712514461854
SCCD_k8_nc5_rf3_ra2,0.01,1.4802222222222223,63.12004762388337,5.831105410948957,13.55523748536891
SCCD_k9_nc5_rf3_ra2,0.01,1.5565454545454547,46.98864729232774,10.041193580530763,16.233534380315565
SCCD_k10_nc5_rf3_ra2,0.01,1.6334848484848488,35.51248869890431,15.055487895671494,19.328515986495137
FCCD_k3_nc7_rf3_ra2,0.01,0.28300000000000003,18.843397658233407,0.8224675508347062,1.4863553894489756
FCCD_k4_nc7_rf3_ra2,0.01,0.5166666666666666,31.483738286275024,0.9468136697561182,2.591108893887448
FCCD_k5_nc7_rf3_ra2,0.01,0.991904761904762,55.85118124157301,1.0139944334761815,3.8152556805097806
FCCD_k6_nc7_rf3_ra2,0.01,0.9882142857142857,58.465918691716134,1.2658063935089097,4.9864738150550805
FCCD_k7_nc7_rf3_ra2,0.01,0.9852777777777777,43.93309928521559,4.5296980418298185,17.063601480095105
FCCD_k8_nc7_rf3_ra2,0.01,0.9828888888888889,31.23248873018454,9.828092237140085,23.04401961393701
FCCD_k9_nc7_rf3_ra2,0.01,0.980909090909091,22.058244252063737,17.166353614532696,27.67481561498524
FCCD_k10_nc7_rf3_ra2,0.01,0.9792424242424242,15.783190314186589,26.54947423992541,37.309358623208624
RCCD_k3_nc7_rf3_ra2,0.01,0.38894112549695437,29.76516839928813,0.4562827309799112,0.2953328992694499
RCCD_k4_nc7_rf3_ra2,0.01,0.7086666666666667,55.026985236123295,0.3936011213172567,0.24854359072791085
RCCD_k5_nc7_rf3_ra2,0.01,1.3314938499951654,105.13447217794949,0.31129559774927407,0.19691851662601462
RCCD_k6_nc7_rf3_ra2,0.01,1.5882142857142862,123.02355136159748,0.3277030891483974,0.20701281318542866
RCCD_k7_nc7_rf3_ra2,0.01,2.0532732883254368,108.6117325879461,1.762764210625157,6.882007709795362
RCCD_k8_nc7_rf3_ra2,0.01,2.902888888888889,96.23411808158497,3.0227063514319847,6.960500523911106
RCCD_k9_nc7_rf3_ra2,0.01,4.467197638532163,91.68039431810557,3.581161655108194,5.881101434622131
RCCD_k10_nc7_rf3_ra2,0.01,7.367121212121215,96.81314481514583,3.4255849173416415,4.502551112931468
SCCD_k3_nc7_rf3_ra2,0.01,0.40299999999999997,30.76270908974191,0.44609257497399857,0.2722076831851786
SCCD_k4_nc7_rf3_ra2,0.01,0.7086666666666667,55.026985236123295,0.3936011213172567,0.2557200244602643
SCCD_k5_nc7_rf3_ra2,0.01,1.2585714285714287,99.35533177860823,0.32759594600280834,0.2269386945616701
SCCD_k6_nc7_rf3_ra2,0.01,1.3310714285714287,107.94459494640093,0.37569555758036,0.25089547466630946
SCCD_k7_nc7_rf3_ra2,0.01,1.4052777777777778,85.03654009240664,2.524428652721004,11.262881138991041
SCCD_k8_nc7_rf3_ra2,0.01,1.480666666666667,63.492846242051044,5.790527470850164,13.794279762515634
SCCD_k9_nc7_rf3_ra2,0.01,1.556909090909091,47.21460818654835,10.001115688243749,16.485464562830337
SCCD_k10_nc7_rf3_ra2,0.01,1.633787878787879,35.65400862012719,15.015968754190846,20.329832617688883
FCCD_k3_nc10_rf3_ra2,0.01,0.28600000000000003,19.259238302801872,0.800188041799615,1.5088955260181243
FCCD_k4_nc10_rf3_ra2,0.01,0.5186666666666667,31.840732804788058,0.934537984911186,2.6352249598004507
FCCD_k5_nc10_rf3_ra2,0.01,0.9933333333333333,56.21294139284252,1.0064749783365583,3.661182839375523
FCCD_k6_nc10_rf3_ra2,0.01,0.9892857142857143,58.70844855168604,1.2604289728151645,5.228245485262148
FCCD_k7_nc10_rf3_ra2,0.01,0.9861111111111112,44.05967231791799,4.523090592308572,13.94820190665604
FCCD_k8_nc10_rf3_ra2,0.01,0.9835555555555555,31.298405132797946,9.81943466198806,23.613117098531596
FCCD_k9_nc10_rf3_ra2,0.01,0.9814545454545455,22.09377988160882,17.155337779592088,26.605478116885227
FCCD_k10_nc10_rf3_ra2,0.01,0.9796969696969697,15.803238036895468,26.536037778238004,35.345513238130955
RCCD_k3_nc10_rf3_ra2,0.01,0.3919411254969543,30.78162264812996,0.4056114591485049,0.2969588237517204
RCCD_k4_nc10_rf3_ra2,0.01,0.7106666666666667,56.22516659122417,0.349925569291279,0.2531400735672236
RCCD_k5_nc10_rf3_ra2,0.01,1.3329224214237372,106.60711087542369,0.277297615151622,0.19871258777324957
RCCD_k6_nc10_rf3_ra2,0.01,1.5892857142857149,124.11940243135828,0.30417459553337783,0.2064321922047253
RCCD_k7_nc10_rf3_ra2,0.01,2.0541066216587702,109.157931146936,1.7503777260713185,7.163195692912053
RCCD_k8_nc10_rf3_ra2,0.01,2.9035555555555557,96.49262541864982,3.0170697687766976,6.938202570725369
RCCD_k9_nc10_rf3_ra2,0.01,4.467743093077618,91.81674568010006,3.578549393522585,5.974698520429042
RCCD_k10_nc10_rf3_ra2,0.01,7.36757575757576,96.89887889511462,3.4242841983488495,4.420925790154926
SCCD_k3_nc10_rf3_ra2,0.01,0.406,31.814731538722768,0.3957410442009562,0.27444892049891473
SCCD_k4_nc10_rf3_ra2,0.01,0.7106666666666667,56.22516659122417,0.349925569291279,0.25591015018525193
SCCD_k5_nc10_rf3_ra2,0.01,1.26,100.79638846426901,0.2908489091370099,0.23055816279219657
SCCD_k6_nc10_rf3_ra2,0.01,1.3321428571428573,109.11142490676094,0.34027681058619413,0.25456174292057776
SCCD_k7_nc10_rf3_ra2,0.01,1.406111111111111,85.75086832413693,2.488838819021504,10.877533826781862
SCCD_k8_nc10_rf3_ra2,0.01,1.4813333333333336,63.919142432326446,5.7547119003302525,13.423279485010394
SCCD_k9_nc10_rf3_ra2,0.01,1.5574545454545454,47.47356278730109,9.965190856104888,16.373684178891583
SCCD_k10_nc10_rf3_ra2,0.01,1.6342424242424247,35.81657436207448,14.980086659567071,21.219599052202657
FCCD_k3_nc1_rf1_ra3,0.01,0.135,10.2772642748925,1.1563252354293725,1.2739591703084336
FCCD_k4_nc1_rf1_ra3,0.01,0.20866666666666667,15.86006373913911,1.1498762819814292,2.0529123197187458
FCCD_k5_nc1_rf1_ra3,0.01,0.36333333333333334,26.119223694828744,1.1370927615570627,2.995155203818345
FCCD_k6_nc1_rf1_ra3,0.01,0.3589285714285715,26.55716145260626,1.4588197717037115,3.9986022807266566
FCCD_k7_nc1_rf1_ra3,0.01,0.3552777777777778,19.56413557735728,10.12308162795392,43.64573655821224
FCCD_k8_nc1_rf1_ra3,0.01,0.3522222222222222,13.677399419644022,24.564050103960223,62.31032861736898
FCCD_k9_nc1_rf1_ra3,0.01,0.34963636363636363,9.519716886952535,44.867902800528825,79.23057148123415
FCCD_k10_nc1_rf1_ra3,0.01,0.3474242424242424,6.723625137273087,71.1017211523544,95.9419152408741
RCCD_k3_nc1_rf1_ra3,0.01,0.29391168824543135,17.150338195102652,1.49254145206461,0.7019718540778528
RCCD_k4_nc1_rf1_ra3,0.01,0.49666666666666665,29.751772409168897,1.2702409438805247,0.5956979911410604
RCCD_k5_nc1_rf1_ra3,0.01,0.8727169654689388,53.73648320333591,0.9221595378816333,0.4116687346154628
RCCD_k6_nc1_rf1_ra3,0.01,1.2589285714285718,63.88192380409271,0.8379341355267527,0.525426588078959
RCCD_k7_nc1_rf1_ra3,0.01,1.9572710435992664,61.873722504474124,2.2573608301535675,7.464152181776494
RCCD_k8_nc1_rf1_ra3,0.01,3.2322222222222226,62.15987161940259,3.102186017594914,6.485245629191672
RCCD_k9_nc1_rf1_ra3,0.01,5.579069185070973,68.19052788326478,3.195315497740473,4.7618947382643215
RCCD_k10_nc1_rf1_ra3,0.01,9.929242424242426,82.66208240570998,2.7776844612209555,3.4156012254312276
SCCD_k3_nc1_rf1_ra3,0.01,0.315,17.93098124131816,1.4617497092127487,0.7009929861670114
SCCD_k4_nc1_rf1_ra3,0.01,0.49666666666666665,29.751772409168897,1.2702409438805247,0.597111528043163
SCCD_k5_nc1_rf1_ra3,0.01,0.7633333333333334,49.73734186726739,1.0405482635188021,0.49555942351034404
SCCD_k6_nc1_rf1_ra3,0.01,0.8732142857142857,53.43256475848606,1.1465678901123144,0.5415241099596031
SCCD_k7_nc1_rf1_ra3,0.01,0.9852777777777779,44.04485730851107,4.198724518701022,15.00291170162303
SCCD_k8_nc1_rf1_ra3,0.01,1.0988888888888892,34.99699699660318,8.396627378361542,19.23649171149829
SCCD_k9_nc1_rf1_ra3,0.01,1.2136363636363636,27.939956180568757,13.386082719717749,21.341224714446874
SCCD_k10_nc1_rf1_ra3,0.01,1.3292424242424248,22.73689236131953,18.937615814119113,25.0514321599145
FCCD_k3_nc3_rf1_ra3,0.01,0.13699999999999998,10.521865224072807,1.1111088758366896,1.2748812925631572
FCCD_k4_nc3_rf1_ra3,0.01,0.21,16.007076000003813,1.1366508895451373,1.9875489687692756
FCCD_k5_nc3_rf1_ra3,0.01,0.3642857142857143,26.239586327464675,1.1312322820532408,2.907195889444892
FCCD_k6_nc3_rf1_ra3,0.01,0.35964285714285715,26.629377027438107,1.45528378451082,4.219311314364209
FCCD_k7_nc3_rf1_ra3,0.01,0.3558333333333334,19.600702393628016,10.10754399540236,39.93769414354333
FCCD_k8_nc3_rf1_ra3,0.01,0.3526666666666667,13.696596020124014,24.533748530198814,57.202612185706016
FCCD_k9_nc3_rf1_ra3,0.01,0.35000000000000003,9.530378986985234,44.82207311771809,74.93723747981693
FCCD_k10_nc3_rf1_ra3,0.01,0.3477272727272727,6.729889373362089,71.0405443012998,98.84034470661496
RCCD_k3_nc3_rf1_ra3,0.01,0.2959116882454314,18.730203773032922,0.93242814971839,0.5194041056145698
RCCD_k4_nc3_rf1_ra3,0.01,0.498,31.39211543413621,0.8444447996447368,0.47845182131409536
RCCD_k5_nc3_rf1_ra3,0.01,0.8736693464213197,55.38455734081296,0.6782041511636848,0.38640356002107745
RCCD_k6_nc3_rf1_ra3,0.01,1.2596428571428575,64.86849259859186,0.7338894938920113,0.5148105751100215
RCCD_k7_nc3_rf1_ra3,0.01,1.9578265991548223,62.32659654474679,2.2201482711479836,7.979774090997175
RCCD_k8_nc3_rf1_ra3,0.01,3.232666666666667,62.38875180279307,3.0878079515384127,6.6688905282248765
RCCD_k9_nc3_rf1_ra3,0.01,5.579432821434609,68.3276211994137,3.189022828203882,4.8858472146971845
RCCD_k10_nc3_rf1_ra3,0.01,9.929545454545458,82.75803136586033,2.7747063816855513,3.3715406552010583
SCCD_k3_nc3_rf1_ra3,0.01,0.317,19.58234587766315,0.9131128260248754,0.5053837237402207
SCCD_k4_nc3_rf1_ra3,0.01,0.498,31.39211543413621,0.8444447996447368,0.4804158055570747
SCCD_k5_nc3_rf1_ra3,0.01,0.7642857142857145,51.46145185968802,0.7207471526821805,0.39443430982611477
SCCD_k6_nc3_rf1_ra3,0.01,0.8739285714285714,54.76405522970925,0.8589960189903236,0.5365353950468167
SCCD_k7_nc3_rf1_ra3,0.01,0.9858333333333335,44.8664076552109,3.9364640101210013,13.268601646205838
SCCD_k8_nc3_rf1_ra3,0.01,1.0993333333333335,35.500302690183766,8.15618918764566,17.696862700035524
SCCD_k9_nc3_rf1_ra3,0.01,1.2140000000000002,28.257152960278283,13.164789236653707,21.686498511544876
SCCD_k10_nc3_rf1_ra3,0.01,1.329545454545455,22.944639813700398,18.733264737033654,24.551300331775852
FCCD_k3_nc5_rf1_ra3,0.01,0.139,10.72469731235759,1.08139176834325,1.2945084686986716
FCCD_k4_nc5_rf1_ra3,0.01,0.21133333333333335,16.13765933173306,1.126394746007663,1.9857568945309083
FCCD_k5_nc5_rf1_ra3,0.01,0.36523809523809525,26.350042946833234,1.1263327468788495,2.9450339091488305
FCCD_k6_nc5_rf1_ra3,0.01,0.3603571428571429,26.69679384278546,1.4522108560655236,4.481663217972157
FCCD_k7_nc5_rf1_ra3,0.01,0.35638888888888887,19.635381816443804,10.092302435973744,38.56905267157538
FCCD_k8_nc5_rf1_ra3,0.01,0.3531111111111111,13.715025709843614,24.503673183538872,58.4646770501918
FCCD_k9_nc5_rf1_ra3,0.01,0.3503636363636364,9.540710084489136,44.77643584057514,76.54724899707817
FCCD_k10_nc5_rf1_ra3,0.01,0.3480303030303031,6.736001068106715,70.97954050036047,95.92102378247333
RCCD_k3_nc5_rf1_ra3,0.01,0.2979116882454314,19.61549625172274,0.7858207097757456,0.5187403909342314
RCCD_k4_nc5_rf1_ra3,0.01,0.4993333333333333,32.32790907835516,0.7217312911001703,0.4809932896869245
RCCD_k5_nc5_rf1_ra3,0.01,0.8746217273737007,56.41018761374882,0.5901356596366534,0.3821588355745832
RCCD_k6_nc5_rf1_ra3,0.01,1.2603571428571432,65.56607935841535,0.6836359886709464,0.5219537068174891
RCCD_k7_nc5_rf1_ra3,0.01,1.9583821547103777,62.68806673259347,2.196687438143501,7.4440198918492655
RCCD_k8_nc5_rf1_ra3,0.01,3.2331111111111115,62.586256755543026,3.077118205439486,6.45440418710777
RCCD_k9_nc5_rf1_ra3,0.01,5.5797964577982455,68.45156919989513,3.183877736218433,4.75008753759536
RCCD_k10_nc5_rf1_ra3,0.01,9.929848484848488,82.84739567292056,2.772123014575107,3.514478105255226
SCCD_k3_nc5_rf1_ra3,0.01,0.319,20.507767948497396,0.7694749105734965,0.5089470711705714
SCCD_k4_nc5_rf1_ra3,0.01,0.4993333333333333,32.32790907835516,0.7217312911001703,0.4789703974578532
SCCD_k5_nc5_rf1_ra3,0.01,0.7652380952380954,52.48382331845952,0.6172207090257571,0.39139565786445124
SCCD_k6_nc5_rf1_ra3,0.01,0.87464285714285706,55.5607643501833,0.7625707976606589,0.5446123990545471
SCCD_k7_nc5_rf1_ra3,0.01,0.986388888888889,45.36434885780805,3.8443487860864156,13.872451360775964
SCCD_k8_nc5_rf1_ra3,0.01,1.099777777777778,35.80952159398876,8.068100502401334,17.722318277125726
SCCD_k9_nc5_rf1_ra3,0.01,1.2143636363636363,28.454680507050035,13.080608303557584,21.26439124688461
SCCD_k10_nc5_rf1_ra3,0.01,1.329848484848485,23.075718481734828,18.652869473801562,25.265780508747287
FCCD_k3_nc7_rf1_ra3,0.01,0.141,10.898559541813183,1.060341219142027,1.2699688557084434
FCCD_k4_nc7_rf1_ra3,0.01,0.21266666666666667,16.25525056648397,1.118199889486339,2.1519615938665217
FCCD_k5_nc7_rf1_ra3,0.01,0.36619047619047623,26.452149954099777,1.1221719992974861,2.8930063629277436
FCCD_k6_nc7_rf1_ra3,0.01,0.36107142857142854,26.76002818729123,1.4495132601993248,3.95448215808392
FCCD_k7_nc7_rf1_ra3,0.01,0.35694444444444445,19.668378217912252,10.077315926501917,40.60390023232589
FCCD_k8_nc7_rf1_ra3,0.01,0.35355555555555557,13.73276015369322,24.473802435387487,55.206860299597196
FCCD_k9_nc7_rf1_ra3,0.01,0.3507272727272727,9.550737358256198,44.73097849886976,73.67169567287466
FCCD_k10_nc7_rf1_ra3,0.01,0.3483333333333334,6.741971386995437,70.91870204714678,93.85952130346939
RCCD_k3_nc7_rf1_ra3,0.01,0.2999116882454314,20.24380957692479,0.7182232271866843,0.5034055676069548
RCCD_k4_nc7_rf1_ra3,0.01,0.5006666666666667,32.99230809797867,0.6634245346498144,0.4800599190807992
RCCD_k5_nc7_rf1_ra3,0.01,0.8755741083260816,57.160950258043975,0.5447128418708134,0.38403782465053526
RCCD_k6_nc7_rf1_ra3,0.01,1.2610714285714288,66.10764701432954,0.6540243455406896,0.5247332688693918
RCCD_k7_nc7_rf1_ra3,0.01,1.958937710265933,62.98932464816867,2.1804792511772817,7.575400187069641
RCCD_k8_nc7_rf1_ra3,0.01,3.2335555555555557,62.76008422153899,3.0688315681045086,5.936658127342197
RCCD_k9_nc7_rf1_ra3,0.01,5.580160094161881,68.56471442853157,3.1795848741181234,4.876983489466602
RCCD_k10_nc7_rf1_ra3,0.01,9.930151515151518,82.93103609144674,2.7698589875294664,3.46498891210199
SCCD_k3_nc7_rf1_ra3,0.01,0.321,21.16456619193499,0.7032416369390829,0.5091749958367972
SCCD_k4_nc7_rf1_ra3,0.01,0.5006666666666667,32.99230809797867,0.6634245346498144,0.4814465575938003
SCCD_k5_nc7_rf1_ra3,0.01,0.7661904761904763,53.21789246486917,0.5660112885935782,0.3922419327910237
SCCD_k6_nc7_rf1_ra3,0.01,0.875357142857143,56.13390657278745,0.7142469214622645,0.5446337728490712
SCCD_k7_nc7_rf1_ra3,0.01,0.9869444444444446,45.724394267895654,3.796735917367681,12.793509773081006
SCCD_k8_nc7_rf1_ra3,0.01,1.1002222222222224,36.03439395909992,8.021367736673463,20.18195113586105
SCCD_k9_nc7_rf1_ra3,0.01,1.2147272727272727,28.59917273535649,13.03499155389408,21.825005750456338
SCCD_k10_nc7_rf1_ra3,0.01,1.3301515151515153,23.17216016521994,18.608535685223167,24.504533149323827
FCCD_k3_nc10_rf1_ra3,0.01,0.14400000000000002,11.120965180923676,1.0381671997147226,1.281439858515764
FCCD_k4_nc10_rf1_ra3,0.01,0.21466666666666664,16.412459539979494,1.1085765656061222,2.0825295775005883
FCCD_k5_nc10_rf1_ra3,0.01,0.3676190476190476,26.592240831756907,1.1169812025310588,3.2373431538974087
FCCD_k6_nc10_rf1_ra3,0.01,0.36214285714285716,26.848116238083705,1.446028530589446,3.9906692922458706
FCCD_k7_nc10_rf1_ra3,0.01,0.3577777777777778,19.71508788990622,10.055244511495733,45.65229111308917
FCCD_k8_nc10_rf1_ra3,0.01,0.35422222222222227,13.75819166479499,24.429341705463482,62.052382562497826
FCCD_k9_nc10_rf1_ra3,0.01,0.35127272727272724,9.565260213228443,44.66310718519423,78.01556319811424
FCCD_k10_nc10_rf1_ra3,0.01,0.34878787878787876,6.750683320570874,70.82774006532098,93.28656367079708
RCCD_k3_nc10_rf1_ra3,0.01,0.3029116882454314,20.946575502429496,0.6654236183944708,0.5172043822437326
RCCD_k4_nc10_rf1_ra3,0.01,0.5026666666666667,33.732917261455086,0.6171215911358192,0.4840888179216949
RCCD_k5_nc10_rf1_ra3,0.01,0.8770026797546531,58.01217853692234,0.5068281609525122,0.3846773648875576
RCCD_k6_nc10_rf1_ra3,0.01,1.2621428571428575,66.74623351609202,0.6270383153343573,0.5244009821458939
RCCD_k7_nc10_rf1_ra3,0.01,1.9597710435992666,63.36465351714566,2.163701018462202,6.732274311048894
RCCD_k8_nc10_rf1_ra3,0.01,3.2342222222222223,62.98729469256265,3.059347501543607,6.489244794331765
RCCD_k9_nc10_rf1_ra3,0.01,5.5807055487073365,68.71792697736102,3.1743184225626577,4.977274364123577
RCCD_k10_nc10_rf1_ra3,0.01,9.930606060606063,83.04726584576355,2.7669399431174226,3.3241880319839407
SCCD_k3_nc10_rf1_ra3,0.01,0.324,21.899183262307385,0.6515052270654471,0.5054408118072179
SCCD_k4_nc10_rf1_ra3,0.01,0.5026666666666667,33.732917261455086,0.6171215911358192,0.4767671793325083
SCCD_k5_nc10_rf1_ra3,0.01,0.7676190476190478,54.040154417881745,0.5243790365662775,0.39405232098573534
SCCD_k6_nc10_rf1_ra3,0.01,0.8764285714285714,56.77600300453488,0.6746491574896284,0.5430785596991313
SCCD_k7_nc10_rf1_ra3,0.01,0.9877777777777779,46.1291748338544,3.756258447175138,15.129146879204173
SCCD_k8_nc10_rf1_ra3,0.01,1.100888888888889,36.28822994198129,7.980502676922124,18.324717958270696
SCCD_k9_nc10_rf1_ra3,0.01,1.2152727272727273,28.762947292633473,12.994273037823781,22.467443114671198
SCCD_k10_nc10_rf1_ra3,0.01,1.330606060606061,23.281912312409926,18.568357276435506,25.04232134074949
FCCD_k3_nc1_rf2_ra3,0.01,0.215,15.547696217382683,0.837471564388839,1.1201617926056848
FCCD_k4_nc1_rf2_ra3,0.01,0.3686666666666667,25.48759266872536,0.8598870107093706,1.9205789217936744
FCCD_k5_nc1_rf2_ra3,0.01,0.6833333333333333,43.86417543959518,0.8863384813387818,2.6616673088685436
FCCD_k6_nc1_rf2_ra3,0.01,0.6789285714285714,45.38877229350292,1.1131202516230005,4.273143468267512
FCCD_k7_nc1_rf2_ra3,0.01,0.6752777777777778,33.78864853349389,5.734108742565316,20.689930468536954
FCCD_k8_nc1_rf2_ra3,0.01,0.6722222222222223,23.818078162843456,13.347988219566954,34.517858905398725
FCCD_k9_nc1_rf2_ra3,0.01,0.6696363636363637,16.694055232907512,23.975305159110547,39.424727847592045
FCCD_k10_nc1_rf2_ra3,0.01,0.6674242424242425,11.863324035534083,37.63298707613167,53.7243443706722
RCCD_k3_nc1_rf2_ra3,0.01,0.3739116882454314,23.718439445058294,1.2050323791552378,0.6463940542722876
RCCD_k4_nc1_rf2_ra3,0.01,0.6566666666666667,44.08393756011577,0.9756974717261937,0.5423975273959671
RCCD_k5_nc1_rf2_ra3,0.01,1.192716965468939,84.03944229392275,0.6588523007133422,0.33888478155667545
RCCD_k6_nc1_rf2_ra3,0.01,1.5789285714285717,100.65589698475323,0.531617000071542,0.2873785671419236
RCCD_k7_nc1_rf2_ra3,0.01,2.2772710435992667,93.84425161176785,1.743343825841177,6.94173139926668
RCCD_k8_nc1_rf2_ra3,0.01,3.5522222222222224,89.13256914112993,2.6119250130758322,5.464010322787491
RCCD_k9_nc1_rf2_ra3,0.01,5.8990691850709736,91.84931895350782,2.8358929214812862,4.69309123583824
RCCD_k10_nc1_rf2_ra3,0.01,10.249242424242427,104.87750021772149,2.5546441641886495,3.2084857823938506
SCCD_k3_nc1_rf2_ra3,0.01,0.395,24.65253946594893,1.1887100353140416,0.6518965331571632
SCCD_k4_nc1_rf2_ra3,0.01,0.6566666666666667,44.08393756011577,0.9756974717261937,0.5263629788865941
SCCD_k5_nc1_rf2_ra3,0.01,1.0833333333333333,78.36717124389453,0.7562854544542935,0.38877112721782453
SCCD_k6_nc1_rf2_ra3,0.01,1.1932142857142858,85.43564048801613,0.8015862013111766,0.38489302211858817
SCCD_k7_nc1_rf2_ra3,0.01,1.3052777777777778,69.0494610591327,3.096666705329699,10.512328652124467
SCCD_k8_nc1_rf2_ra3,0.01,1.418888888888889,53.25037995625665,6.411488442049023,15.441689104570873
SCCD_k9_nc1_rf2_ra3,0.01,1.5336363636363637,41.05846251323654,10.502742133634323,18.563799941742595
SCCD_k10_nc1_rf2_ra3,0.01,1.6492424242424246,32.20913064550071,15.195673777645874,20.445191098823646
FCCD_k3_nc3_rf2_ra3,0.01,0.217,15.884691824481775,0.8033243204895504,1.135872982737644
FCCD_k4_nc3_rf2_ra3,0.01,0.37,25.711730586129722,0.8485642953073204,1.9369115625384026
FCCD_k5_nc3_rf2_ra3,0.01,0.6842857142857143,44.059124118225306,0.8810074686262717,2.767552769743341
FCCD_k6_nc3_rf2_ra3,0.01,0.6796428571428571,45.50848138977588,1.1098600257512907,3.9895685174022146
FCCD_k7_nc3_rf2_ra3,0.01,0.6758333333333333,33.84818376778222,5.728265677388648,20.36197381774262
FCCD_k8_nc3_rf2_ra3,0.01,0.6726666666666666,23.848319361727523,13.338552363092903,31.87671636154679
FCCD_k9_nc3_rf2_ra3,0.01,0.67,16.710205801122687,23.96196309363118,40.625978724000426
FCCD_k10_nc3_rf2_ra3,0.01,0.6677272727272727,11.872441332421795,37.61574257063006,51.77658633261257
RCCD_k3_nc3_rf2_ra3,0.01,0.3759116882454315,25.785363046036338,0.7067793587202006,0.29951784821968863
RCCD_k4_nc3_rf2_ra3,0.01,0.658,46.319873865094166,0.6164794620421413,0.2707698428815939
RCCD_k5_nc3_rf2_ra3,0.01,1.1936693464213197,86.26731059968091,0.4761247548529852,0.21185585530852832
RCCD_k6_nc3_rf2_ra3,0.01,1.5796428571428576,101.92150824956194,0.46203933338082404,0.2884081258541924
RCCD_k7_nc3_rf2_ra3,0.01,2.2778265991548223,94.35388724519449,1.7225859421865597,6.271107075101071
RCCD_k8_nc3_rf2_ra3,0.01,3.5526666666666666,89.35887708490033,2.6049436497745786,5.87130701761981
RCCD_k9_nc3_rf2_ra3,0.01,5.899432821434609,91.97216144526128,2.8330363135244676,4.575336401003055
RCCD_k10_nc3_rf2_ra3,0.01,10.249545454545457,104.9586474988075,2.5532924873972394,3.370617009225361
SCCD_k3_nc3_rf2_ra3,0.01,0.397,26.80971244941035,0.6938199133806553,0.2970297022772058
SCCD_k4_nc3_rf2_ra3,0.01,0.658,46.319873865094166,0.6164794620421413,0.26787606234508177
SCCD_k5_nc3_rf2_ra3,0.01,1.0842857142857143,80.73956435405383,0.5136440593571556,0.2201520736557254
SCCD_k6_nc3_rf2_ra3,0.01,1.1939285714285715,87.31150233777213,0.5795115223923367,0.29567957010323914
SCCD_k7_nc3_rf2_ra3,0.01,1.3058333333333334,70.1922286768081,2.891476127993414,11.521264357469706
SCCD_k8_nc3_rf2_ra3,0.01,1.4193333333333338,53.933950698185065,6.221176262307412,14.977431607288459
SCCD_k9_nc3_rf2_ra3,0.01,1.534,41.47673875809375,10.325723319901792,17.03528937776872
SCCD_k10_nc3_rf2_ra3,0.01,1.649545454545455,32.47447121809616,15.030616067952277,20.03430580611561
FCCD_k3_nc5_rf2_ra3,0.01,0.219,16.168190061530467,0.7801296852309735,1.107679772055419
FCCD_k4_nc5_rf2_ra3,0.01,0.37133333333333335,25.911846148399825,0.839683190022946,1.9014825709764986
FCCD_k5_nc5_rf2_ra3,0.01,0.6852380952380952,44.238483210808226,0.8765263263439845,2.84886169600938
FCCD_k6_nc5_rf2_ra3,0.01,0.6803571428571429,45.620413085260445,1.1070176169473651,4.010464508502383
FCCD_k7_nc5_rf2_ra3,0.01,0.6763888888888888,33.904600459642054,5.722661981357109,21.342414519902192
FCCD_k8_nc5_rf2_ra3,0.01,0.6731111111111112,23.87727450321481,13.329269524988664,33.07819444197256
FCCD_k9_nc5_rf2_ra3,0.01,0.6703636363636364,16.72579458129327,23.948727402667068,38.49890890779082
FCCD_k10_nc5_rf2_ra3,0.01,0.668030303030303,11.881297066992168,37.59857694336504,52.12666108746662
RCCD_k3_nc5_rf2_ra3,0.01,0.3779116882454314,26.97011699233474,0.5687044934912253,0.30305525836954117
RCCD_k4_nc5_rf2_ra3,0.01,0.6593333333333334,47.64005128870369,0.504189308478655,0.2679985215112565
RCCD_k5_nc5_rf2_ra3,0.01,1.1946217273737008,87.72846581883472,0.40196020087819867,0.21324434699664419
RCCD_k6_nc5_rf2_ra3,0.01,1.580357142857143,102.86783112814064,0.4241655924877296,0.28266490162404
RCCD_k7_nc5_rf2_ra3,0.01,2.278382154710378,94.78302495747404,1.7079564452339613,5.7011345066754755
RCCD_k8_nc5_rf2_ra3,0.01,3.5531111111111113,89.56291174955071,2.5992553256959225,5.621542541817922
RCCD_k9_nc5_rf2_ra3,0.01,5.899796457798245,92.08696058988694,2.8305325163295794,4.43405054156509
RCCD_k10_nc5_rf2_ra3,0.01,10.249848484848487,105.0360259433559,2.552060676888882,3.1916126340554545
SCCD_k3_nc5_rf2_ra3,0.01,0.399,28.044058108018884,0.5572567349561603,0.29428162176694095
SCCD_k4_nc5_rf2_ra3,0.01,0.6593333333333334,47.64005128870369,0.504189308478655,0.26776996825556176
SCCD_k5_nc5_rf2_ra3,0.01,1.0852380952380951,82.22283810262448,0.4251031080365476,0.21516152594930607
SCCD_k6_nc5_rf2_ra3,0.01,1.1946428571428571,88.490551240294,0.49643376255263527,0.29244647591123124
SCCD_k7_nc5_rf2_ra3,0.01,1.3063888888888888,70.91703697699353,2.8121357273401584,9.942948452499937
SCCD_k8_nc5_rf2_ra3,0.01,1.4197777777777778,54.37195868585669,6.145215851458366,15.483613015294837
SCCD_k9_nc5_rf2_ra3,0.01,1.5343636363636364,41.74760074145078,10.252953032963825,16.158822618821514
SCCD_k10_nc5_rf2_ra3,0.01,1.6498484848484851,32.64811518356732,14.960890284247599,19.91977351246157
FCCD_k3_nc7_rf2_ra3,0.01,0.22100000000000003,16.41356862075947,0.7633304838774497,1.1181406103774751
FCCD_k4_nc7_rf2_ra3,0.01,0.37266666666666665,26.092767966345555,0.8325245222922024,1.7991833182517858
FCCD_k5_nc7_rf2_ra3,0.01,0.6861904761904762,44.40463263784592,0.8727038992467044,2.8134811941299787
FCCD_k6_nc7_rf2_ra3,0.01,0.6810714285714287,45.72554238631631,1.1045156884358804,4.048172859357042
FCCD_k7_nc7_rf2_ra3,0.01,0.6769444444444445,33.95822962491615,5.7172610119838305,23.22598832333711
FCCD_k8_nc7_rf2_ra3,0.01,0.6735555555555556,23.905061811584474,13.320120273266783,29.782367388895786
FCCD_k9_nc7_rf2_ra3,0.01,0.6707272727272728,16.74086708596976,23.93558687772425,39.06458823571666
FCCD_k10_nc7_rf2_ra3,0.01,0.6683333333333333,11.889910172918093,37.581483295814564,50.64272969502701
RCCD_k3_nc7_rf2_ra3,0.01,0.3799116882454315,27.817084828539024,0.5039304551505588,0.3032992067978666
RCCD_k4_nc7_rf2_ra3,0.01,0.6606666666666666,48.58890764224123,0.4493401794159092,0.26797589074020434
RCCD_k5_nc7_rf2_ra3,0.01,1.1955741083260816,88.82273847677068,0.36176614295487086,0.212507148427345
RCCD_k6_nc7_rf2_ra3,0.01,1.581071428571429,103.62546732106486,0.40034664737766007,0.28391504483196806
RCCD_k7_nc7_rf2_ra3,0.01,2.278937710265933,95.1539857617252,1.6970580391493777,6.4234808834791615
RCCD_k8_nc7_rf2_ra3,0.01,3.5535555555555556,89.74874349113765,2.5945186099506308,5.841380622979883
RCCD_k9_nc7_rf2_ra3,0.01,5.9001600941618815,92.19472704642594,2.8283166011474803,4.421927854521778
RCCD_k10_nc7_rf2_ra3,0.01,10.250151515151517,105.10997759174414,2.550932674400024,3.2373825708966217
SCCD_k3_nc7_rf2_ra3,0.01,0.401,28.925948080911606,0.4932782962954649,0.2984448793443332
SCCD_k4_nc7_rf2_ra3,0.01,0.6606666666666666,48.58890764224123,0.4493401794159092,0.2692857521719564
SCCD_k5_nc7_rf2_ra3,0.01,1.0861904761904762,83.31060890184605,0.3792403844864847,0.21623259470324566
SCCD_k6_nc7_rf2_ra3,0.01,1.195357142857143,89.3559733043224,0.4529592832667459,0.29446061997129264
SCCD_k7_nc7_rf2_ra3,0.01,1.3069444444444447,71.45104914736098,2.7697126168777877,10.183755303271091
SCCD_k8_nc7_rf2_ra3,0.01,1.4202222222222225,54.69614762214993,6.1037842462938565,14.133257874358488
SCCD_k9_nc7_rf2_ra3,0.01,1.5347272727272727,41.949059551960005,10.212563330909312,16.2402640481564
SCCD_k10_nc7_rf2_ra3,0.01,1.6501515151515154,32.77790819946189,14.92159745969498,19.43951025402066
FCCD_k3_nc10_rf2_ra3,0.01,0.22399999999999998,16.73004773625857,0.745304618292833,1.122428554034772
FCCD_k4_nc10_rf2_ra3,0.01,0.3746666666666667,26.335555714348168,0.8240487558357387,1.918306685674941
FCCD_k5_nc10_rf2_ra3,0.01,0.6876190476190476,44.63307480957042,0.8679140167430444,2.5786732439812443
FCCD_k6_nc10_rf2_ra3,0.01,0.682142857142857,45.87219769565355,1.101275015322189,3.915572637626525
FCCD_k7_nc10_rf2_ra3,0.01,0.6777777777777777,34.03404960875492,5.709477006507707,19.89261395372025
FCCD_k8_nc10_rf2_ra3,0.01,0.6742222222222222,23.944773869567882,13.306612479263228,29.74783884558841
FCCD_k9_nc10_rf2_ra3,0.01,0.6712727272727272,16.76259446224805,23.91603416569864,39.03703793106961
FCCD_k10_nc10_rf2_ra3,0.01,0.6687878787878788,11.90241149095046,37.55596499570119,51.50505511029982
RCCD_k3_nc10_rf2_ra3,0.01,0.3829116882454314,28.768168755560517,0.4528701519576906,0.30072173070561653
RCCD_k4_nc10_rf2_ra3,0.01,0.6626666666666666,49.65425545973344,0.40508316610723916,0.270437357631628
RCCD_k5_nc10_rf2_ra3,0.01,1.1970026797546531,90.08201546605969,0.327167325867281,0.21259854966562886
RCCD_k6_nc10_rf2_ra3,0.01,1.5821428571428575,104.53946023891426,0.3775823624324712,0.2843603545081986
RCCD_k7_nc10_rf2_ra3,0.01,2.2797710435992666,95.63094381555409,1.685035874350695,6.893590604381586
RCCD_k8_nc10_rf2_ra3,0.01,3.554222222222222,89.9998211502183,2.5887122568417245,5.85277044488206
RCCD_k9_nc10_rf2_ra3,0.01,5.900705548707337,92.3449691325761,2.825426381271977,4.491920546850541
RCCD_k10_nc10_rf2_ra3,0.01,10.250606060606062,105.2151200350446,2.549406799250223,3.208667803161215
SCCD_k3_nc10_rf2_ra3,0.01,0.40399999999999997,29.91588435662701,0.44288414265721177,0.2974680506813589
SCCD_k4_nc10_rf2_ra3,0.01,0.6626666666666666,49.65425545973344,0.40508316610723916,0.26913112991680094
SCCD_k5_nc10_rf2_ra3,0.01,1.0876190476190477,84.54528902924724,0.3408890823041723,0.21531780265412673
SCCD_k6_nc10_rf2_ra3,0.01,1.1964285714285714,90.33789420001092,0.4163705784630073,0.2938279411261606
SCCD_k7_nc10_rf2_ra3,0.01,1.3077777777777777,72.05849785412582,2.7331305886154307,10.497368308845212
SCCD_k8_nc10_rf2_ra3,0.01,1.420888888888889,55.06612407260445,6.067295678929293,14.3349857596418
SCCD_k9_nc10_rf2_ra3,0.01,1.5352727272727273,42.179778517672915,10.176379313648663,17.12772044144586
SCCD_k10_nc10_rf2_ra3,0.01,1.6506060606060609,32.92708009099847,14.885909513165632,20.798970780509087
FCCD_k3_nc1_rf3_ra3,0.01,0.295,20.125037220409396,0.7164939871429399,1.046164026111015
FCCD_k4_nc1_rf3_ra3,0.01,0.5286666666666667,34.011341220401775,0.7492460952198033,1.7889576316734737
FCCD_k5_nc1_rf3_ra3,0.01,1.0033333333333334,59.906414031894826,0.7823928831428523,2.570456998270378
FCCD_k6_nc1_rf3_ra3,0.01,0.9989285714285714,62.576323251099346,0.9729656839879373,4.117803406375778
FCCD_k7_nc1_rf3_ra3,0.01,0.9952777777777777,46.88489403232625,4.146955543286782,15.52814527441311
FCCD_k8_nc1_rf3_ra3,0.01,0.9922222222222223,33.22367810562577,9.340870079685553,23.080763074777046
FCCD_k9_nc1_rf3_ra3,0.01,0.9896363636363638,23.390127810156795,16.56268421596267,26.698415819882758
FCCD_k10_nc1_rf3_ra3,0.01,0.9874242424242425,16.68603834641599,25.81958737719064,36.23669603568465
RCCD_k3_nc1_rf3_ra3,0.01,0.45391168824543143,29.410924486694412,1.062389607285548,0.6058541642887982
RCCD_k4_nc1_rf3_ra3,0.01,0.8166666666666668,56.704047938497354,0.8303247552329613,0.4774846901585153
RCCD_k5_nc1_rf3_ra3,0.01,1.5127169654689387,111.10000926750422,0.5375356762894172,0.3042836738686499
RCCD_k6_nc1_rf3_ra3,0.01,1.8989285714285717,133.4195554282629,0.41257271745883484,0.1986520611970091
RCCD_k7_nc1_rf3_ra3,0.01,2.597271043599267,121.93568209269027,1.4698348186902757,5.391355093043918
RCCD_k8_nc1_rf3_ra3,0.01,3.8722222222222222,112.1955025331761,2.3260922837329328,5.350442745590331
RCCD_k9_nc1_rf3_ra3,0.01,6.219069185070973,111.35573564856796,2.6237817528432164,4.265344075818658
RCCD_k10_nc1_rf3_ra3,0.01,10.569242424242427,122.47893142365986,2.426540572455335,3.231467661634867
SCCD_k3_nc1_rf3_ra3,0.01,0.47500000000000003,30.464104133826467,1.0529178568024495,0.6100833486255651
SCCD_k4_nc1_rf3_ra3,0.01,0.8166666666666668,56.704047938497354,0.8303247552329613,0.4824232481780484
SCCD_k5_nc1_rf3_ra3,0.01,1.4033333333333335,104.03960206646735,0.6167814878249398,0.3593775566362163
SCCD_k6_nc1_rf3_ra3,0.01,1.5132142857142858,114.22924920632742,0.6447330614159353,0.32445707898842796
SCCD_k7_nc1_rf3_ra3,0.01,1.6252777777777778,91.53962754045894,2.486286829183813,8.86355303106008
SCCD_k8_nc1_rf3_ra3,0.01,1.7388888888888892,69.6227992241848,5.222438239330925,10.61850996905313
SCCD_k9_nc1_rf3_ra3,0.01,1.8536363636363637,52.78215326126494,8.677946673958715,14.822239976649303
SCCD_k10_nc1_rf3_ra3,0.01,1.9692424242424247,40.64847843758381,12.718877357638263,16.15473227310075
FCCD_k3_nc3_rf3_ra3,0.01,0.297,20.543821580842337,0.6860886477444383,1.0775525452225467
FCCD_k4_nc3_rf3_ra3,0.01,0.53,34.3026449420028,0.738683364166244,1.811008273596531
FCCD_k5_nc3_rf3_ra3,0.01,1.0042857142857142,60.16641449472136,0.7773469245435122,2.6295355509651954
FCCD_k6_nc3_rf3_ra3,0.01,0.99964285714285706,62.73821139285822,0.9698503391816822,3.845697879092911
FCCD_k7_nc3_rf3_ra3,0.01,0.9958333333333333,46.965190662723316,4.143167352719561,15.725805188551375
FCCD_k8_nc3_rf3_ra3,0.01,0.9926666666666667,33.264067328177774,9.335741757610554,20.54462164010342
FCCD_k9_nc3_rf3_ra3,0.01,0.99,23.41140107836297,16.55596980120629,27.77547077497296
FCCD_k10_nc3_rf3_ra3,0.01,0.9877272727272727,16.697859664810437,25.81123235690987,37.17268588248257
RCCD_k3_nc3_rf3_ra3,0.01,0.4559116882454315,31.84790058263109,0.613715231594787,0.2727379285510022
RCCD_k4_nc3_rf3_ra3,0.01,0.818,59.36868075330959,0.5227304903343111,0.24648024985567416
RCCD_k5_nc3_rf3_ra3,0.01,1.5136693464213198,113.72370005821891,0.392347476643072,0.18315451374096953
RCCD_k6_nc3_rf3_ra3,0.01,1.8996428571428576,134.89420175308163,0.35848806859201243,0.19797217286205407
RCCD_k7_nc3_rf3_ra3,0.01,2.597826599154822,122.49275940359676,1.4550149923796176,5.402481884807979
RCCD_k8_nc3_rf3_ra3,0.01,3.8726666666666665,112.42422736706715,2.3215178676938977,5.336407642023168
RCCD_k9_nc3_rf3_ra3,0.01,6.2194328214346095,111.47153452215755,2.622010563951017,4.239437049793898
RCCD_k10_nc3_rf3_ra3,0.01,10.569545454545457,122.5517199421124,2.4257227250640376,3.209948470074408
SCCD_k3_nc3_rf3_ra3,0.01,0.47700000000000004,33.004459425262006,0.6038833289803424,0.27293318773666003
SCCD_k4_nc3_rf3_ra3,0.01,0.818,59.36868075330959,0.5227304903343111,0.24613791245966996
SCCD_k5_nc3_rf3_ra3,0.01,1.4042857142857141,106.8378270828513,0.42588638981679294,0.20698427384906876
SCCD_k6_nc3_rf3_ra3,0.01,1.5139285714285715,116.4727585191277,0.46767861219127405,0.205261156162027
SCCD_k7_nc3_rf3_ra3,0.01,1.6258333333333335,92.90223959390794,2.320980761755811,8.32991290963964
SCCD_k8_nc3_rf3_ra3,0.01,1.7393333333333336,70.43046989887283,5.06769956151755,11.590483548670353
SCCD_k9_nc3_rf3_ra3,0.01,1.854,53.270128550273824,8.532808019762427,13.933213853917469
SCCD_k10_nc3_rf3_ra3,0.01,1.969545454545455,40.95352811494526,12.582502550361095,16.583585412531313
FCCD_k3_nc5_rf3_ra3,0.01,0.299,20.898231103168456,0.6651501359923854,1.0846891023736398
FCCD_k4_nc5_rf3_ra3,0.01,0.5313333333333333,34.56339401298273,0.7303512948722508,1.8288575485755152
FCCD_k5_nc5_rf3_ra3,0.01,1.0052380952380953,60.406035215463554,0.7730901711617446,2.57320389109797
FCCD_k6_nc5_rf3_ra3,0.01,1.000357142857143,62.889744753859986,0.9671284799814848,3.6982981915845805
FCCD_k7_nc5_rf3_ra3,0.01,0.9963888888888889,47.04128182341207,4.139602927225221,16.20337022085245
FCCD_k8_nc5_rf3_ra3,0.01,0.9931111111111112,33.30270503301671,9.33075322585498,21.67059955200549
FCCD_k9_nc5_rf3_ra3,0.01,0.9903636363636363,23.431903106750415,16.549349159339226,28.125268642604937
FCCD_k10_nc5_rf3_ra3,0.01,0.988030303030303,16.709319508185068,25.80294383065656,35.359724823432366
RCCD_k3_nc5_rf3_ra3,0.01,0.45791168824543144,33.27346547337579,0.4829480218613307,0.2208323881639504
RCCD_k4_nc5_rf3_ra3,0.01,0.8193333333333334,60.99024315325096,0.4195629676745414,0.19215985101550764
RCCD_k5_nc5_rf3_ra3,0.01,1.5146217273737006,115.51153769275199,0.328236189522692,0.14857101730864217
RCCD_k6_nc5_rf3_ra3,0.01,1.900357142857143,136.03146506002508,0.3270501176894356,0.19788185860345614
RCCD_k7_nc5_rf3_ra3,0.01,2.598382154710378,122.97389300808138,1.4440118317286141,5.8546969635228425
RCCD_k8_nc5_rf3_ra3,0.01,3.8731111111111116,112.63455384228514,2.3176350869685254,5.016442122386898
RCCD_k9_nc5_rf3_ra3,0.01,6.219796457798245,111.58138083678693,2.6204083491029007,4.3645807975152
RCCD_k10_nc5_rf3_ra3,0.01,10.569848484848487,122.62190192539214,2.424959634999446,3.05481611739781
SCCD_k3_nc5_rf3_ra3,0.01,0.479,34.48665237401874,0.47383591883357495,0.2150277290076721
SCCD_k4_nc5_rf3_ra3,0.01,0.8193333333333334,60.99024315325096,0.4195629676745414,0.1923753281049222
SCCD_k5_nc5_rf3_ra3,0.01,1.4052380952380952,108.66371623971001,0.3492672958279028,0.17415105412433304
SCCD_k6_nc5_rf3_ra3,0.01,1.5146428571428572,117.94075155390742,0.3953306321633836,0.20496542611061597
SCCD_k7_nc5_rf3_ra3,0.01,1.6263888888888889,93.79958879476953,2.2517487770391167,10.122843765362502
SCCD_k8_nc5_rf3_ra3,0.01,1.7397777777777779,70.9665256380645,5.001276749407464,11.162852339312435
SCCD_k9_nc5_rf3_ra3,0.01,1.8543636363636364,53.59672655343948,8.469016972475309,14.59196078438012
SCCD_k10_nc5_rf3_ra3,0.01,1.969848484848485,41.159450811274134,12.52121110813069,16.04809839582109
FCCD_k3_nc7_rf3_ra3,0.01,0.30100000000000005,21.206251904553778,0.6498398927550677,1.0537935465390127
FCCD_k4_nc7_rf3_ra3,0.01,0.5326666666666666,34.799606232698196,0.7236053131300157,1.8777497267689445
FCCD_k5_nc7_rf3_ra3,0.01,1.0061904761904763,60.628327628647504,0.7694483750457746,2.655635006829658
FCCD_k6_nc7_rf3_ra3,0.01,1.0010714285714286,63.03220103383447,0.9647283784531689,3.7489440554545577
FCCD_k7_nc7_rf3_ra3,0.01,0.9969444444444444,47.11360800839651,4.136227887151994,17.023192195365706
FCCD_k8_nc7_rf3_ra3,0.01,0.9935555555555555,33.33975041594309,9.325886103893069,23.09413534572021
FCCD_k9_nc7_rf3_ra3,0.01,0.9907272727272728,23.451695763918035,16.542811625785895,26.79079917795456
FCCD_k10_nc7_rf3_ra3,0.01,0.9883333333333333,16.72044381639799,25.79471520599684,35.36820639638804
RCCD_k3_nc7_rf3_ra3,0.01,0.45991168824543144,34.299700020691276,0.4205910940006245,0.22103173072474788
RCCD_k4_nc7_rf3_ra3,0.01,0.8206666666666667,62.16922591094843,0.36785731093530666,0.19243746324064334
RCCD_k5_nc7_rf3_ra3,0.01,1.5155741083260816,116.87486800687783,0.2921115792818118,0.1485093223169875
RCCD_k6_nc7_rf3_ra3,0.01,1.901071428571429,136.95888412346022,0.30649692087363845,0.19828192281916676
RCCD_k7_nc7_rf3_ra3,0.01,2.5989377102659335,123.3976071274579,1.4354995395899093,5.436648360360687
RCCD_k8_nc7_rf3_ra3,0.01,3.8735555555555554,112.82927947874191,2.3142907224569247,4.990690974913494
RCCD_k9_nc7_rf3_ra3,0.01,6.220160094161882,111.6858714211093,2.618950128682732,4.522744544322529
RCCD_k10_nc7_rf3_ra3,0.01,10.570151515151517,122.68966235442359,2.4242455365084483,3.2228196950066237
SCCD_k3_nc7_rf3_ra3,0.01,0.48100000000000004,35.55266475644487,0.4119525515654769,0.21551654123787317
SCCD_k4_nc7_rf3_ra3,0.01,0.8206666666666667,62.16922591094843,0.36785731093530666,0.19222430204875932
SCCD_k5_nc7_rf3_ra3,0.01,1.4061904761904762,110.02792691004942,0.30794836193588127,0.1752136332890696
SCCD_k6_nc7_rf3_ra3,0.01,1.5153571428571428,119.03763433588453,0.3560033335750796,0.20467206155887804
SCCD_k7_nc7_rf3_ra3,0.01,1.6269444444444445,94.47193458783214,2.2135015298949883,9.144829780226491
SCCD_k8_nc7_rf3_ra3,0.01,1.7402222222222223,71.36964588347098,4.963998310441008,11.946956703680085
SCCD_k9_nc7_rf3_ra3,0.01,1.8547272727272728,53.84333720151406,8.43269360053817,14.047766652255238
SCCD_k10_nc7_rf3_ra3,0.01,1.9701515151515154,41.315603039945024,12.48585109257555,16.265759579617487
FCCD_k3_nc10_rf3_ra3,0.01,0.304,21.604938654090564,0.6332769087335443,1.050350910907439
FCCD_k4_nc10_rf3_ra3,0.01,0.5346666666666667,35.11720192825278,0.71558425883781,1.7170043764736633
FCCD_k5_nc10_rf3_ra3,0.01,1.0076190476190476,60.934413712729125,0.7648712471926873,2.6561811800414397
FCCD_k6_nc10_rf3_ra3,0.01,1.002142857142857,63.23112236636591,0.9616139375225868,3.672892809465539
FCCD_k7_nc10_rf3_ra3,0.01,0.9977777777777778,47.215842194201606,4.131461438935785,16.039839349231343
FCCD_k8_nc10_rf3_ra3,0.01,0.9942222222222222,33.39263074028073,9.318780459733759,20.397849688689192
FCCD_k9_nc10_rf3_ra3,0.01,0.9912727272727273,23.480172620862884,16.53314174942175,28.507448784838875
FCCD_k10_nc10_rf3_ra3,0.01,0.9887878787878788,16.73655133560399,25.782472347629792,33.42920205668121
RCCD_k3_nc10_rf3_ra3,0.01,0.46291168824543144,35.45673635712419,0.37097818558166784,0.22104458684819786
RCCD_k4_nc10_rf3_ra3,0.01,0.8226666666666667,63.50232601994235,0.32548997943786534,0.1923461349177436
RCCD_k5_nc10_rf3_ra3,0.01,1.517002679754653,118.46314918846191,0.260199271113475,0.14850268894115703
RCCD_k6_nc10_rf3_ra3,0.01,1.9021428571428576,138.0938811988983,0.28625902387081226,0.19652987898370633
RCCD_k7_nc10_rf3_ra3,0.01,2.599771043599267,123.95172431591654,1.4257888598791124,5.007987603812185
RCCD_k8_nc10_rf3_ra3,0.01,3.8742222222222225,113.09681175521438,2.31004881510902,5.3704527072688935
RCCD_k9_nc10_rf3_ra3,0.01,6.220705548707336,111.8336638758023,2.616989428616997,4.087303136484161
RCCD_k10_nc10_rf3_ra3,0.01,10.570606060606062,122.78712095531678,2.4232555279663854,3.202893791457613
SCCD_k3_nc10_rf3_ra3,0.01,0.484,36.75387171275656,0.36277655064961756,0.21602181866320358
SCCD_k4_nc10_rf3_ra3,0.01,0.8226666666666667,63.50232601994235,0.32548997943786534,0.19220727493484502
SCCD_k5_nc10_rf3_ra3,0.01,1.4076190476190475,111.59532911761752,0.27249667976246095,0.17400919899282669
SCCD_k6_nc10_rf3_ra3,0.01,1.5164285714285715,120.29685032496606,0.32208458119153827,0.2047985492278449
SCCD_k7_nc10_rf3_ra3,0.01,1.6277777777777778,95.24521455579173,2.1799268213823386,8.158025610742419
SCCD_k8_nc10_rf3_ra3,0.01,1.7408888888888892,71.83451272632196,4.930730856038634,11.932429467058002
SCCD_k9_nc10_rf3_ra3,0.01,1.8552727272727274,54.128571834068644,8.399814573763988,13.818975018068986
SCCD_k10_nc10_rf3_ra3,0.01,1.970606060606061,41.49677414409796,12.453456211789472,17.134577955778585
